{"!define":{"sap.ui.richtexteditor":{"editorLocation":{"!description":"<strong style=\"color: red;\">Deprecated! <\/strong>Since 1.25.0 The editorLocation is set implicitly when choosing the editorType.<br>Relative or absolute URL where the editor is available. Must be on the same server.\nAny attempts to set this property after the first rendering will not have any effect.","!type":"String","!category":"enum"},"RichTextEditor":"sap.ui.richtexteditor.RichTextEditor_obj","sanitizeValue":{"!description":"Whether to run the HTML sanitizer once the value (HTML markup) is applied or not. To configure allowed URLs please use the whitelist API via jQuery.sap.addUrlWhitelist","!type":"Boolean","!category":"enum"},"visible":{"!description":"Whether the control should be visible on the screen. If set to false, a placeholder is rendered instead of the real control","!type":"Boolean","!category":"enum"},"plugins":{"!description":"An array of plugin configuration objects with the obligatory property \"name\".\nEach object has to contain a property \"name\" which then contains the plugin name/ID.","!type":"[Object]","!category":"enum"},"showGroupInsert":{"!description":"Whether the toolbar button group containing commands like Insert Image and Insert Smiley is available. Changing this after the initial rendering will result in some visible redrawing.","!type":"Boolean","!category":"enum"},"busy":{"!description":"Whether the control is currently in busy state.","!type":"Boolean","!category":"enum"},"editorType":{"!description":"The editor implementation to use.\nValid values are the ones found under sap.ui.richtexteditor.EditorType and any other editor identifier that may be introduced by other groups (hence this is not an enumeration).\nAny attempts to set this property after the first rendering will not have any effect.","!type":"String","!category":"enum"},"showGroupUndo":{"!description":"Whether the toolbar button group containing commands like Undo and Redo is available. Changing this after the initial rendering will result in some visible redrawing.","!type":"Boolean","!category":"enum"},"height":{"!description":"Height of RichTextEditor control in CSS units.","!type":"sap.ui.core.CSSSize","!category":"enum"},"useLegacyTheme":{"!description":"Whether or not to use the legacy theme for the toolbar buttons. If this is set to false, the default theme for the editor will be used (which might change slightly with every update). The legacy theme has the disadvantage that not all functionality has its own icon, so using non default buttons might lead to invisible buttons with the legacy theme - use the default editor theme in this case.","!type":"Boolean","!category":"enum"},"value":{"!description":"An HTML string representing the editor content. Because this is HTML, the value cannot be generically escaped to prevent cross-site scripting, so the application is responsible for doing so.","!type":"String","!category":"enum"},"!category":"namespace","busyIndicatorDelay":{"!description":"The delay in milliseconds, after which the busy indicator will show up for this control.","!type":"Number","!category":"enum"},"showGroupFont":{"!description":"Whether the toolbar button group containing commands like Font, Font Size and Colors is available. Changing this after the initial rendering will result in some visible redrawing.","!type":"Boolean","!category":"enum"},"required":{"!description":"Whether a value is required.","!type":"Boolean","!category":"enum"},"width":{"!description":"Width of RichTextEditor control in CSS units.","!type":"sap.ui.core.CSSSize","!category":"enum"},"EditorType":"sap.ui.richtexteditor.EditorType","showGroupStructure":{"!description":"Whether the toolbar button group containing commands like Bullets and Indentation is available. Changing this after the initial rendering will result in some visible redrawing.","!type":"Boolean","!category":"enum"},"showGroupLink":{"!description":"Whether the toolbar button group containing commands like Create Link and Remove Link is available. Changing this after the initial rendering will result in some visible redrawing.","!type":"Boolean","!category":"enum"},"editable":{"!description":"Whether the editor content can be modified by the user. When set to \"false\" there might not be any editor toolbar.","!type":"Boolean","!category":"enum"},"textDirection":{"!description":"The text direction","!type":"sap.ui.core.TextDirection","!category":"enum"},"showGroupFontStyle":{"!description":"Whether the toolbar button group containing commands like Bold, Italic, Underline and Strikethrough is available. Changing this after the initial rendering will result in some visible redrawing.","!type":"Boolean","!category":"enum"},"showGroupClipboard":{"!description":"Whether the toolbar button group containing commands like Cut, Copy and Paste is available. Changing this after the initial rendering will result in some visible redrawing.","!type":"Boolean","!category":"enum"},"buttonGroups":{"!description":"An array of button configurations. These configurations contain the names of buttons as array in the property \"buttons\" and the name of the group in \"name\", they can also contain the \"row\" where the buttons should be placed, a \"priority\" and whether the buttons are \"visible\". See method addButtonGroup() for more details on the structure of the objects in this array.","!type":"[Object]","!category":"enum"},"!description":"A rich text editor (RTE) control. Requires installation of an additional rich text editor library.","showGroupTextAlign":{"!description":"Whether the toolbar button group containing text alignment commands is available. Changing this after the initial rendering will result in some visible redrawing.","!type":"Boolean","!category":"enum"},"fieldGroupIds":{"!description":"The IDs of a logical field group that this control belongs to. All fields in a logical field group should share the same <code>fieldGroupId<\/code>.\nOnce a logical field group is left, the validateFieldGroup event is raised.","!type":"[String]","!category":"enum"},"wrapping":{"!description":"Whether the text in the editor is wrapped. This does not affect the editor's value, only the representation in the control.","!type":"Boolean","!category":"enum"}},"sap":{"ui":"sap.ui","sap":"sap","!category":"namespace"},"sap.ui":{"!category":"namespace","richtexteditor":"sap.ui.richtexteditor"},"sap.ui.richtexteditor.EditorType":{"TinyMCE4":{"!description":"Uses TinyMCE version 4 as editor","!type":"String","!category":"enum"},"!description":"Determines which editor component should be used for editing the text.","TinyMCE":{"!description":"Uses TinyMCE version 3 as editor (default)","!type":"String","!category":"enum"},"!category":"static class"},"sap.ui.richtexteditor.RichTextEditor":{"getEditorLocation":{"!description":"<strong style=\"color: red;\">Deprecated! <\/strong>Since 1.25.0 The editorLocation is set implicitly when choosing the editorType.<br>Gets current value of property <code>editorLocation<\/code>.\n\nRelative or absolute URL where the editor is available. Must be on the same server.\nAny attempts to set this property after the first rendering will not have any effect.\n\nDefault value is <code>js/tiny_mce/tiny_mce_src.js<\/code>.","!type":"fn() -> String","!category":"function"},"setEditorLocation":{"!description":"<strong style=\"color: red;\">Deprecated! <\/strong>Since 1.25.0 The editorLocation is set implicitly when choosing the editorType.<br>Sets a new value for property <code>editorLocation<\/code>.\n\nRelative or absolute URL where the editor is available. Must be on the same server.\nAny attempts to set this property after the first rendering will not have any effect.\n\nWhen called with a value of <code>null<\/code> or <code>undefined<\/code>, the default value of the property will be restored.\n\nDefault value is <code>js/tiny_mce/tiny_mce_src.js<\/code>.","!type":"fn(sEditorLocation: String) -> sap.ui.richtexteditor.RichTextEditor","!category":"function"},"getShowGroupStructure":{"!description":"Gets current value of property <code>showGroupStructure<\/code>.\n\nWhether the toolbar button group containing commands like Bullets and Indentation is available. Changing this after the initial rendering will result in some visible redrawing.\n\nDefault value is <code>true<\/code>.","!type":"fn() -> Boolean","!category":"function"},"getNativeApi":{"!description":"Returns the current editor's instance.\nCAUTION: using the native editor introduces a dependency to that editor and breaks the wrapping character of the RichTextEditor control, so it should only be done in justified cases.","!type":"fn() -> Object","!category":"function"},"setShowGroupTextAlign":{"!description":"Sets a new value for property <code>showGroupTextAlign<\/code>.\n\nWhether the toolbar button group containing text alignment commands is available. Changing this after the initial rendering will result in some visible redrawing.\n\nWhen called with a value of <code>null<\/code> or <code>undefined<\/code>, the default value of the property will be restored.\n\nDefault value is <code>true<\/code>.","!type":"fn(bShowGroupTextAlign: Boolean) -> sap.ui.richtexteditor.RichTextEditor","!category":"function"},"attachBeforeEditorInit":{"!description":"Attaches event handler <code>fnFunction<\/code> to the 'beforeEditorInit' event of this <code>sap.ui.richtexteditor.RichTextEditor<\/code>.\n\nWhen called, the context of the event handler (its <code>this<\/code>) will be bound to <code>oListener<\/code> if specified\notherwise it will be bound to this <code>sap.ui.richtexteditor.RichTextEditor<\/code> itself.\n\nThis event is fired right before the TinyMCE instance is created and can be used to change the settings object that will be given to TinyMCE. The parameter \"configuration\" is the javascript oject that will be given to TinyMCE upon first instantiation. The configuration parameter contains a map that can be changed in the case of TinyMCE.","!type":"fn(oData?: Object, fnFunction: fn(), oListener?: Object) -> sap.ui.richtexteditor.RichTextEditor","!category":"function"},"setEditable":{"!description":"Sets a new value for property <code>editable<\/code>.\n\nWhether the editor content can be modified by the user. When set to \"false\" there might not be any editor toolbar.\n\nWhen called with a value of <code>null<\/code> or <code>undefined<\/code>, the default value of the property will be restored.\n\nDefault value is <code>true<\/code>.","!type":"fn(bEditable: Boolean) -> sap.ui.richtexteditor.RichTextEditor","!category":"function"},"getWidth":{"!description":"Gets current value of property <code>width<\/code>.\n\nWidth of RichTextEditor control in CSS units.","!type":"fn() -> sap.ui.core.CSSSize","!category":"function"},"setShowGroupClipboard":{"!description":"Sets a new value for property <code>showGroupClipboard<\/code>.\n\nWhether the toolbar button group containing commands like Cut, Copy and Paste is available. Changing this after the initial rendering will result in some visible redrawing.\n\nWhen called with a value of <code>null<\/code> or <code>undefined<\/code>, the default value of the property will be restored.\n\nDefault value is <code>true<\/code>.","!type":"fn(bShowGroupClipboard: Boolean) -> sap.ui.richtexteditor.RichTextEditor","!category":"function"},"attachReady":{"!description":"Attaches event handler <code>fnFunction<\/code> to the 'ready' event of this <code>sap.ui.richtexteditor.RichTextEditor<\/code>.\n\nWhen called, the context of the event handler (its <code>this<\/code>) will be bound to <code>oListener<\/code> if specified\notherwise it will be bound to this <code>sap.ui.richtexteditor.RichTextEditor<\/code> itself.\n\nFired when the used editor is loaded and ready (its HTML is also created).","!type":"fn(oData?: Object, fnFunction: fn(), oListener?: Object) -> sap.ui.richtexteditor.RichTextEditor","!category":"function"},"getWrapping":{"!description":"Gets current value of property <code>wrapping<\/code>.\n\nWhether the text in the editor is wrapped. This does not affect the editor's value, only the representation in the control.\n\nDefault value is <code>true<\/code>.","!type":"fn() -> Boolean","!category":"function"},"getEditable":{"!description":"Gets current value of property <code>editable<\/code>.\n\nWhether the editor content can be modified by the user. When set to \"false\" there might not be any editor toolbar.\n\nDefault value is <code>true<\/code>.","!type":"fn() -> Boolean","!category":"function"},"getRequired":{"!description":"Gets current value of property <code>required<\/code>.\n\nWhether a value is required.\n\nDefault value is <code>false<\/code>.","!type":"fn() -> Boolean","!category":"function"},"getShowGroupLink":{"!description":"Gets current value of property <code>showGroupLink<\/code>.\n\nWhether the toolbar button group containing commands like Create Link and Remove Link is available. Changing this after the initial rendering will result in some visible redrawing.\n\nDefault value is <code>false<\/code>.","!type":"fn() -> Boolean","!category":"function"},"getSanitizeValue":{"!description":"Gets current value of property <code>sanitizeValue<\/code>.\n\nWhether to run the HTML sanitizer once the value (HTML markup) is applied or not. To configure allowed URLs please use the whitelist API via jQuery.sap.addUrlWhitelist\n\nDefault value is <code>true<\/code>.","!type":"fn() -> Boolean","!category":"function"},"getUseLegacyTheme":{"!description":"Gets current value of property <code>useLegacyTheme<\/code>.\n\nWhether or not to use the legacy theme for the toolbar buttons. If this is set to false, the default theme for the editor will be used (which might change slightly with every update). The legacy theme has the disadvantage that not all functionality has its own icon, so using non default buttons might lead to invisible buttons with the legacy theme - use the default editor theme in this case.\n\nDefault value is <code>true<\/code>.","!type":"fn() -> Boolean","!category":"function"},"setPlugins":{"!description":"Sets a new value for property <code>plugins<\/code>.\n\nAn array of plugin configuration objects with the obligatory property \"name\".\nEach object has to contain a property \"name\" which then contains the plugin name/ID.\n\nWhen called with a value of <code>null<\/code> or <code>undefined<\/code>, the default value of the property will be restored.\n\nDefault value is <code>[]<\/code>.","!type":"fn(sPlugins: [Object]) -> sap.ui.richtexteditor.RichTextEditor","!category":"function"},"fireChange":{"!description":"Fires event change to attached listeners.\n\nExpects the following event parameters:\n<ul>\n<li>'newValue' of type <code>string<\/code>The new control value.<\/li>\n<\/ul>","!type":"fn(mArguments?: Map) -> sap.ui.richtexteditor.RichTextEditor","!category":"function"},"setHeight":{"!description":"Sets a new value for property <code>height<\/code>.\n\nHeight of RichTextEditor control in CSS units.\n\nWhen called with a value of <code>null<\/code> or <code>undefined<\/code>, the default value of the property will be restored.","!type":"fn(sHeight: sap.ui.core.CSSSize) -> sap.ui.richtexteditor.RichTextEditor","!category":"function"},"setShowGroupInsert":{"!description":"Sets a new value for property <code>showGroupInsert<\/code>.\n\nWhether the toolbar button group containing commands like Insert Image and Insert Smiley is available. Changing this after the initial rendering will result in some visible redrawing.\n\nWhen called with a value of <code>null<\/code> or <code>undefined<\/code>, the default value of the property will be restored.\n\nDefault value is <code>false<\/code>.","!type":"fn(bShowGroupInsert: Boolean) -> sap.ui.richtexteditor.RichTextEditor","!category":"function"},"getShowGroupFont":{"!description":"Gets current value of property <code>showGroupFont<\/code>.\n\nWhether the toolbar button group containing commands like Font, Font Size and Colors is available. Changing this after the initial rendering will result in some visible redrawing.\n\nDefault value is <code>false<\/code>.","!type":"fn() -> Boolean","!category":"function"},"!proto":"sap.ui.core.Control","getValue":{"!description":"Gets current value of property <code>value<\/code>.\n\nAn HTML string representing the editor content. Because this is HTML, the value cannot be generically escaped to prevent cross-site scripting, so the application is responsible for doing so.\n\nDefault value is <code><\/code>.","!type":"fn() -> String","!category":"function"},"setSanitizeValue":{"!description":"Sets a new value for property <code>sanitizeValue<\/code>.\n\nWhether to run the HTML sanitizer once the value (HTML markup) is applied or not. To configure allowed URLs please use the whitelist API via jQuery.sap.addUrlWhitelist\n\nWhen called with a value of <code>null<\/code> or <code>undefined<\/code>, the default value of the property will be restored.\n\nDefault value is <code>true<\/code>.","!type":"fn(bSanitizeValue: Boolean) -> sap.ui.richtexteditor.RichTextEditor","!category":"function"},"getTextDirection":{"!description":"Gets current value of property <code>textDirection<\/code>.\n\nThe text direction\n\nDefault value is <code>Inherit<\/code>.","!type":"fn() -> sap.ui.core.TextDirection","!category":"function"},"addButtonGroup":{"!description":"Adds a button group to the editor.","!type":"fn(mGroup?: map | String) -> Object","!category":"function"},"setButtonGroups":{"!description":"Sets a new value for property <code>buttonGroups<\/code>.\n\nAn array of button configurations. These configurations contain the names of buttons as array in the property \"buttons\" and the name of the group in \"name\", they can also contain the \"row\" where the buttons should be placed, a \"priority\" and whether the buttons are \"visible\". See method addButtonGroup() for more details on the structure of the objects in this array.\n\nWhen called with a value of <code>null<\/code> or <code>undefined<\/code>, the default value of the property will be restored.\n\nDefault value is <code>[]<\/code>.","!type":"fn(sButtonGroups: [Object]) -> sap.ui.richtexteditor.RichTextEditor","!category":"function"},"setRequired":{"!description":"Sets a new value for property <code>required<\/code>.\n\nWhether a value is required.\n\nWhen called with a value of <code>null<\/code> or <code>undefined<\/code>, the default value of the property will be restored.\n\nDefault value is <code>false<\/code>.","!type":"fn(bRequired: Boolean) -> sap.ui.richtexteditor.RichTextEditor","!category":"function"},"getHeight":{"!description":"Gets current value of property <code>height<\/code>.\n\nHeight of RichTextEditor control in CSS units.","!type":"fn() -> sap.ui.core.CSSSize","!category":"function"},"setWrapping":{"!description":"Sets a new value for property <code>wrapping<\/code>.\n\nWhether the text in the editor is wrapped. This does not affect the editor's value, only the representation in the control.\n\nWhen called with a value of <code>null<\/code> or <code>undefined<\/code>, the default value of the property will be restored.\n\nDefault value is <code>true<\/code>.","!type":"fn(bWrapping: Boolean) -> sap.ui.richtexteditor.RichTextEditor","!category":"function"},"fireReady":{"!description":"Fires event ready to attached listeners.","!type":"fn(mArguments?: Map) -> sap.ui.richtexteditor.RichTextEditor","!category":"function"},"detachBeforeEditorInit":{"!description":"Detaches event handler <code>fnFunction<\/code> from the 'beforeEditorInit' event of this <code>sap.ui.richtexteditor.RichTextEditor<\/code>.\n\nThe passed function and listener object must match the ones used for event registration.","!type":"fn(fnFunction: fn(), oListener: Object) -> sap.ui.richtexteditor.RichTextEditor","!category":"function"},"setShowGroupFontStyle":{"!description":"Sets a new value for property <code>showGroupFontStyle<\/code>.\n\nWhether the toolbar button group containing commands like Bold, Italic, Underline and Strikethrough is available. Changing this after the initial rendering will result in some visible redrawing.\n\nWhen called with a value of <code>null<\/code> or <code>undefined<\/code>, the default value of the property will be restored.\n\nDefault value is <code>true<\/code>.","!type":"fn(bShowGroupFontStyle: Boolean) -> sap.ui.richtexteditor.RichTextEditor","!category":"function"},"detachReady":{"!description":"Detaches event handler <code>fnFunction<\/code> from the 'ready' event of this <code>sap.ui.richtexteditor.RichTextEditor<\/code>.\n\nThe passed function and listener object must match the ones used for event registration.","!type":"fn(fnFunction: fn(), oListener: Object) -> sap.ui.richtexteditor.RichTextEditor","!category":"function"},"setShowGroupStructure":{"!description":"Sets a new value for property <code>showGroupStructure<\/code>.\n\nWhether the toolbar button group containing commands like Bullets and Indentation is available. Changing this after the initial rendering will result in some visible redrawing.\n\nWhen called with a value of <code>null<\/code> or <code>undefined<\/code>, the default value of the property will be restored.\n\nDefault value is <code>true<\/code>.","!type":"fn(bShowGroupStructure: Boolean) -> sap.ui.richtexteditor.RichTextEditor","!category":"function"},"!category":"class","fireBeforeEditorInit":{"!description":"Fires event beforeEditorInit to attached listeners.","!type":"fn(mArguments?: Map) -> sap.ui.richtexteditor.RichTextEditor","!category":"function"},"setEditorType":{"!description":"Switches the editor type and sets the default settings for the editor.\nAll plugins and button groups should be set after this has been invoked","!type":"fn(sEditorType?: String) -> Object","!category":"function"},"setShowGroupFont":{"!description":"Sets a new value for property <code>showGroupFont<\/code>.\n\nWhether the toolbar button group containing commands like Font, Font Size and Colors is available. Changing this after the initial rendering will result in some visible redrawing.\n\nWhen called with a value of <code>null<\/code> or <code>undefined<\/code>, the default value of the property will be restored.\n\nDefault value is <code>false<\/code>.","!type":"fn(bShowGroupFont: Boolean) -> sap.ui.richtexteditor.RichTextEditor","!category":"function"},"setWidth":{"!description":"Sets a new value for property <code>width<\/code>.\n\nWidth of RichTextEditor control in CSS units.\n\nWhen called with a value of <code>null<\/code> or <code>undefined<\/code>, the default value of the property will be restored.","!type":"fn(sWidth: sap.ui.core.CSSSize) -> sap.ui.richtexteditor.RichTextEditor","!category":"function"},"getEditorType":{"!description":"Gets current value of property <code>editorType<\/code>.\n\nThe editor implementation to use.\nValid values are the ones found under sap.ui.richtexteditor.EditorType and any other editor identifier that may be introduced by other groups (hence this is not an enumeration).\nAny attempts to set this property after the first rendering will not have any effect.\n\nDefault value is <code>TinyMCE<\/code>.","!type":"fn() -> String","!category":"function"},"getShowGroupFontStyle":{"!description":"Gets current value of property <code>showGroupFontStyle<\/code>.\n\nWhether the toolbar button group containing commands like Bold, Italic, Underline and Strikethrough is available. Changing this after the initial rendering will result in some visible redrawing.\n\nDefault value is <code>true<\/code>.","!type":"fn() -> Boolean","!category":"function"},"getShowGroupInsert":{"!description":"Gets current value of property <code>showGroupInsert<\/code>.\n\nWhether the toolbar button group containing commands like Insert Image and Insert Smiley is available. Changing this after the initial rendering will result in some visible redrawing.\n\nDefault value is <code>false<\/code>.","!type":"fn() -> Boolean","!category":"function"},"setTextDirection":{"!description":"Sets a new value for property <code>textDirection<\/code>.\n\nThe text direction\n\nWhen called with a value of <code>null<\/code> or <code>undefined<\/code>, the default value of the property will be restored.\n\nDefault value is <code>Inherit<\/code>.","!type":"fn(sTextDirection: sap.ui.core.TextDirection) -> sap.ui.richtexteditor.RichTextEditor","!category":"function"},"addPlugin":{"!description":"Allows to add plugins (that must already be installed on the server) to the\nRichtextEditor.","!type":"fn(mPlugin?: map | String) -> Object","!category":"function"},"setValue":{"!description":"Sets a new value for property <code>value<\/code>.\n\nAn HTML string representing the editor content. Because this is HTML, the value cannot be generically escaped to prevent cross-site scripting, so the application is responsible for doing so.\n\nWhen called with a value of <code>null<\/code> or <code>undefined<\/code>, the default value of the property will be restored.\n\nDefault value is <code><\/code>.","!type":"fn(sValue: String) -> sap.ui.richtexteditor.RichTextEditor","!category":"function"},"detachChange":{"!description":"Detaches event handler <code>fnFunction<\/code> from the 'change' event of this <code>sap.ui.richtexteditor.RichTextEditor<\/code>.\n\nThe passed function and listener object must match the ones used for event registration.","!type":"fn(fnFunction: fn(), oListener: Object) -> sap.ui.richtexteditor.RichTextEditor","!category":"function"},"getShowGroupUndo":{"!description":"Gets current value of property <code>showGroupUndo<\/code>.\n\nWhether the toolbar button group containing commands like Undo and Redo is available. Changing this after the initial rendering will result in some visible redrawing.\n\nDefault value is <code>false<\/code>.","!type":"fn() -> Boolean","!category":"function"},"getPlugins":{"!description":"Gets current value of property <code>plugins<\/code>.\n\nAn array of plugin configuration objects with the obligatory property \"name\".\nEach object has to contain a property \"name\" which then contains the plugin name/ID.\n\nDefault value is <code>[]<\/code>.","!type":"fn() -> [Object]","!category":"function"},"!description":"The RichTextEditor-Control is used to enter formatted text.","getShowGroupTextAlign":{"!description":"Gets current value of property <code>showGroupTextAlign<\/code>.\n\nWhether the toolbar button group containing text alignment commands is available. Changing this after the initial rendering will result in some visible redrawing.\n\nDefault value is <code>true<\/code>.","!type":"fn() -> Boolean","!category":"function"},"getButtonGroups":{"!description":"Gets current value of property <code>buttonGroups<\/code>.\n\nAn array of button configurations. These configurations contain the names of buttons as array in the property \"buttons\" and the name of the group in \"name\", they can also contain the \"row\" where the buttons should be placed, a \"priority\" and whether the buttons are \"visible\". See method addButtonGroup() for more details on the structure of the objects in this array.\n\nDefault value is <code>[]<\/code>.","!type":"fn() -> [Object]","!category":"function"},"setUseLegacyTheme":{"!description":"Allows to opt out of the legacy theme that is applied to keep the old button look. In case\nbutons are used that are not in the legacy theme, this can be disabled in order to show\nthe button correctly.","!type":"fn(bUseLegacyTheme?: Boolean) -> Object","!category":"function"},"setShowGroupLink":{"!description":"Sets a new value for property <code>showGroupLink<\/code>.\n\nWhether the toolbar button group containing commands like Create Link and Remove Link is available. Changing this after the initial rendering will result in some visible redrawing.\n\nWhen called with a value of <code>null<\/code> or <code>undefined<\/code>, the default value of the property will be restored.\n\nDefault value is <code>false<\/code>.","!type":"fn(bShowGroupLink: Boolean) -> sap.ui.richtexteditor.RichTextEditor","!category":"function"},"attachChange":{"!description":"Attaches event handler <code>fnFunction<\/code> to the 'change' event of this <code>sap.ui.richtexteditor.RichTextEditor<\/code>.\n\nWhen called, the context of the event handler (its <code>this<\/code>) will be bound to <code>oListener<\/code> if specified\notherwise it will be bound to this <code>sap.ui.richtexteditor.RichTextEditor<\/code> itself.\n\nEvent is fired when the text in the field has changed AND the focus leaves the editor or when the Enter key is pressed.","!type":"fn(oData?: Object, fnFunction: fn(), oListener?: Object) -> sap.ui.richtexteditor.RichTextEditor","!category":"function"},"getShowGroupClipboard":{"!description":"Gets current value of property <code>showGroupClipboard<\/code>.\n\nWhether the toolbar button group containing commands like Cut, Copy and Paste is available. Changing this after the initial rendering will result in some visible redrawing.\n\nDefault value is <code>true<\/code>.","!type":"fn() -> Boolean","!category":"function"},"setShowGroupUndo":{"!description":"Sets a new value for property <code>showGroupUndo<\/code>.\n\nWhether the toolbar button group containing commands like Undo and Redo is available. Changing this after the initial rendering will result in some visible redrawing.\n\nWhen called with a value of <code>null<\/code> or <code>undefined<\/code>, the default value of the property will be restored.\n\nDefault value is <code>false<\/code>.","!type":"fn(bShowGroupUndo: Boolean) -> sap.ui.richtexteditor.RichTextEditor","!category":"function"},"getMetadata":{"!description":"Returns a metadata object for class sap.ui.richtexteditor.RichTextEditor.","!type":"fn() -> sap.ui.base.Metadata","!category":"function"}},"sap.ui.richtexteditor.RichTextEditor_obj":{"extend":{"!description":"Creates a new subclass of class sap.ui.richtexteditor.RichTextEditor with name <code>sClassName<\/code>\nand enriches it with the information contained in <code>oClassInfo<\/code>.\n\n<code>oClassInfo<\/code> might contain the same kind of information as described in {@link sap.ui.core.Control.extend}.","!type":"fn(sClassName: String, oClassInfo?: Object, FNMetaImpl?: fn())","!category":"function"},"!type":"fn(sId: String, mSettings: Object)","prototype":"sap.ui.richtexteditor.RichTextEditor"}},"!name":"sap.ui.richtexteditor"}