{"!define":{"sap":{"ui":"sap.ui","sap":"sap","!category":"namespace"},"sap.ui.suite.VerticalProgressIndicator_obj":{"extend":{"!description":"Creates a new subclass of class sap.ui.suite.VerticalProgressIndicator with name <code>sClassName<\/code>\nand enriches it with the information contained in <code>oClassInfo<\/code>.\n\n<code>oClassInfo<\/code> might contain the same kind of information as described in {@link sap.ui.core.Control.extend}.","!type":"fn(sClassName: String, oClassInfo?: Object, FNMetaImpl?: fn())","!category":"function"},"!type":"fn(sId: String, mSettings: Object)","prototype":"sap.ui.suite.VerticalProgressIndicator"},"sap.ui":{"!category":"namespace","suite":"sap.ui.suite"},"sap.ui.suite.TaskCircle_obj":{"extend":{"!description":"Creates a new subclass of class sap.ui.suite.TaskCircle with name <code>sClassName<\/code>\nand enriches it with the information contained in <code>oClassInfo<\/code>.\n\n<code>oClassInfo<\/code> might contain the same kind of information as described in {@link sap.ui.core.Control.extend}.","!type":"fn(sClassName: String, oClassInfo?: Object, FNMetaImpl?: fn())","!category":"function"},"!type":"fn(sId: String, mSettings: Object)","prototype":"sap.ui.suite.TaskCircle"},"sap.ui.suite.TaskCircleColor":{"Red":{"!description":"Red","!type":"String","!category":"enum"},"!description":"Defined color values for the Task Circle Control","Green":{"!description":"Green","!type":"String","!category":"enum"},"Yellow":{"!description":"Yellow","!type":"String","!category":"enum"},"!category":"static class","Gray":{"!description":"Default value","!type":"String","!category":"enum"}},"sap.ui.suite":{"TaskCircleColor":"sap.ui.suite.TaskCircleColor","visible":{"!description":"Whether the control should be visible on the screen. If set to false, a placeholder is rendered instead of the real control","!type":"Boolean","!category":"enum"},"percentage":{"!description":"The numerical value between 0 and 100 which determines the height of the vertical bar. Values higher than 100 will be displayed as 100%, values lower than zero will be displayed as 0%.","!type":"Number","!category":"enum"},"minValue":{"!description":"Lower limit of the displayed values. Default is 0.","!type":"Number","!category":"enum"},"busy":{"!description":"Whether the control is currently in busy state.","!type":"Boolean","!category":"enum"},"TaskCircle":"sap.ui.suite.TaskCircle_obj","!description":"Suite controls library.","color":{"!description":"Color of the circle. The default color is red.","!type":"sap.ui.suite.TaskCircleColor","!category":"enum"},"!category":"namespace","value":{"!description":"Current value of the task circle to be displayed. In dependency of the parameters maxValue and minValue it controls the size of the circle.","!type":"Number","!category":"enum"},"busyIndicatorDelay":{"!description":"The delay in milliseconds, after which the busy indicator will show up for this control.","!type":"Number","!category":"enum"},"fieldGroupIds":{"!description":"The IDs of a logical field group that this control belongs to. All fields in a logical field group should share the same <code>fieldGroupId<\/code>.\nOnce a logical field group is left, the validateFieldGroup event is raised.","!type":"[String]","!category":"enum"},"VerticalProgressIndicator":"sap.ui.suite.VerticalProgressIndicator_obj","maxValue":{"!description":"Upper limit of the displayed values. Default is 100.","!type":"Number","!category":"enum"}},"sap.ui.suite.VerticalProgressIndicator":{"removeAriaLabelledBy":{"!description":"Removes an ariaLabelledBy from the association named <code>ariaLabelledBy<\/code>.","!type":"fn(vAriaLabelledBy: Number | String | sap.ui.core.Control) -> sap.ui.core.Control","!category":"function"},"firePress":{"!description":"Fires event press to attached listeners.","!type":"fn(mArguments?: Map) -> sap.ui.suite.VerticalProgressIndicator","!category":"function"},"removeAllAriaLabelledBy":{"!description":"Removes all the controls in the association named <code>ariaLabelledBy<\/code>.","!type":"fn() -> [sap.ui.core.Control]","!category":"function"},"removeAriaDescribedBy":{"!description":"Removes an ariaDescribedBy from the association named <code>ariaDescribedBy<\/code>.","!type":"fn(vAriaDescribedBy: Number | String | sap.ui.core.Control) -> sap.ui.core.Control","!category":"function"},"attachPress":{"!description":"Attaches event handler <code>fnFunction<\/code> to the 'press' event of this <code>sap.ui.suite.VerticalProgressIndicator<\/code>.\n\nWhen called, the context of the event handler (its <code>this<\/code>) will be bound to <code>oListener<\/code> if specified\notherwise it will be bound to this <code>sap.ui.suite.VerticalProgressIndicator<\/code> itself.\n\nEvent is fired when the user clicks the control.","!type":"fn(oData?: Object, fnFunction: fn(), oListener?: Object) -> sap.ui.suite.VerticalProgressIndicator","!category":"function"},"getAriaDescribedBy":{"!description":"Returns array of IDs of the elements which are the current targets of the <code>ariaDescribedBy<\/code> association.\n\nAssociation to controls / ids which describe this control (see WAI-ARIA attribute aria-describedby).","!type":"fn() -> [sap.ui.core.Control]","!category":"function"},"!description":"<strong style=\"color: red;\">Experimental! <\/strong>","addAriaLabelledBy":{"!description":"Adds some ariaLabelledBy into the association named <code>ariaLabelledBy<\/code>.","!type":"fn(vAriaLabelledBy: String | sap.ui.core.Control) -> sap.ui.suite.VerticalProgressIndicator","!category":"function"},"getPercentage":{"!description":"Gets current value of property <code>percentage<\/code>.\n\nThe numerical value between 0 and 100 which determines the height of the vertical bar. Values higher than 100 will be displayed as 100%, values lower than zero will be displayed as 0%.","!type":"fn() -> Number","!category":"function"},"addAriaDescribedBy":{"!description":"Adds some ariaDescribedBy into the association named <code>ariaDescribedBy<\/code>.","!type":"fn(vAriaDescribedBy: String | sap.ui.core.Control) -> sap.ui.suite.VerticalProgressIndicator","!category":"function"},"!category":"class","setPercentage":{"!description":"Property setter for the Percentage, which determines the height of the vertical bar.\nValues higher than 100 will be displayed as 100%, values lower than zero will be displayed as 0%. \nA new rendering is not necessary, only the bar will be moved","!type":"fn(iPercentage: Number) -> sap.ui.suite.VerticalProgressIndicator","!category":"function"},"focus":{"!description":"Puts the focus to the control.","!type":"fn()","!category":"function"},"removeAllAriaDescribedBy":{"!description":"Removes all the controls in the association named <code>ariaDescribedBy<\/code>.","!type":"fn() -> [sap.ui.core.Control]","!category":"function"},"getAriaLabelledBy":{"!description":"Returns array of IDs of the elements which are the current targets of the <code>ariaLabelledBy<\/code> association.\n\nAssociation to controls / ids which label this control (see WAI-ARIA attribute aria-labelledby).","!type":"fn() -> [sap.ui.core.Control]","!category":"function"},"detachPress":{"!description":"Detaches event handler <code>fnFunction<\/code> from the 'press' event of this <code>sap.ui.suite.VerticalProgressIndicator<\/code>.\n\nThe passed function and listener object must match the ones used for event registration.","!type":"fn(fnFunction: fn(), oListener: Object) -> sap.ui.suite.VerticalProgressIndicator","!category":"function"},"!proto":"sap.ui.core.Control","getMetadata":{"!description":"Returns a metadata object for class sap.ui.suite.VerticalProgressIndicator.","!type":"fn() -> sap.ui.base.Metadata","!category":"function"}},"sap.ui.suite.TaskCircle":{"getValue":{"!description":"Gets current value of property <code>value<\/code>.\n\nCurrent value of the task circle to be displayed. In dependency of the parameters maxValue and minValue it controls the size of the circle.\n\nDefault value is <code>0<\/code>.","!type":"fn() -> Number","!category":"function"},"getMinValue":{"!description":"Gets current value of property <code>minValue<\/code>.\n\nLower limit of the displayed values. Default is 0.\n\nDefault value is <code>0<\/code>.","!type":"fn() -> Number","!category":"function"},"getColor":{"!description":"Gets current value of property <code>color<\/code>.\n\nColor of the circle. The default color is red.\n\nDefault value is <code>Gray<\/code>.","!type":"fn() -> sap.ui.suite.TaskCircleColor","!category":"function"},"removeAriaLabelledBy":{"!description":"Removes an ariaLabelledBy from the association named <code>ariaLabelledBy<\/code>.","!type":"fn(vAriaLabelledBy: Number | String | sap.ui.core.Control) -> sap.ui.core.Control","!category":"function"},"firePress":{"!description":"Fires event press to attached listeners.","!type":"fn(mArguments?: Map) -> sap.ui.suite.TaskCircle","!category":"function"},"getMaxValue":{"!description":"Gets current value of property <code>maxValue<\/code>.\n\nUpper limit of the displayed values. Default is 100.\n\nDefault value is <code>100<\/code>.","!type":"fn() -> Number","!category":"function"},"removeAllAriaLabelledBy":{"!description":"Removes all the controls in the association named <code>ariaLabelledBy<\/code>.","!type":"fn() -> [sap.ui.core.Control]","!category":"function"},"setValue":{"!description":"Sets a new value for property <code>value<\/code>.\n\nCurrent value of the task circle to be displayed. In dependency of the parameters maxValue and minValue it controls the size of the circle.\n\nWhen called with a value of <code>null<\/code> or <code>undefined<\/code>, the default value of the property will be restored.\n\nDefault value is <code>0<\/code>.","!type":"fn(iValue: Number) -> sap.ui.suite.TaskCircle","!category":"function"},"removeAriaDescribedBy":{"!description":"Removes an ariaDescribedBy from the association named <code>ariaDescribedBy<\/code>.","!type":"fn(vAriaDescribedBy: Number | String | sap.ui.core.Control) -> sap.ui.core.Control","!category":"function"},"attachPress":{"!description":"Attaches event handler <code>fnFunction<\/code> to the 'press' event of this <code>sap.ui.suite.TaskCircle<\/code>.\n\nWhen called, the context of the event handler (its <code>this<\/code>) will be bound to <code>oListener<\/code> if specified\notherwise it will be bound to this <code>sap.ui.suite.TaskCircle<\/code> itself.\n\nEvent is fired when the user clicks the control.","!type":"fn(oData?: Object, fnFunction: fn(), oListener?: Object) -> sap.ui.suite.TaskCircle","!category":"function"},"setColor":{"!description":"Sets a new value for property <code>color<\/code>.\n\nColor of the circle. The default color is red.\n\nWhen called with a value of <code>null<\/code> or <code>undefined<\/code>, the default value of the property will be restored.\n\nDefault value is <code>Gray<\/code>.","!type":"fn(sColor: sap.ui.suite.TaskCircleColor) -> sap.ui.suite.TaskCircle","!category":"function"},"getAriaDescribedBy":{"!description":"Returns array of IDs of the elements which are the current targets of the <code>ariaDescribedBy<\/code> association.\n\nAssociation to controls / ids which describe this control (see WAI-ARIA attribute aria-describedby).","!type":"fn() -> [sap.ui.core.Control]","!category":"function"},"!description":"<strong style=\"color: red;\">Experimental! <\/strong>","addAriaLabelledBy":{"!description":"Adds some ariaLabelledBy into the association named <code>ariaLabelledBy<\/code>.","!type":"fn(vAriaLabelledBy: String | sap.ui.core.Control) -> sap.ui.suite.TaskCircle","!category":"function"},"addAriaDescribedBy":{"!description":"Adds some ariaDescribedBy into the association named <code>ariaDescribedBy<\/code>.","!type":"fn(vAriaDescribedBy: String | sap.ui.core.Control) -> sap.ui.suite.TaskCircle","!category":"function"},"setMinValue":{"!description":"Sets a new value for property <code>minValue<\/code>.\n\nLower limit of the displayed values. Default is 0.\n\nWhen called with a value of <code>null<\/code> or <code>undefined<\/code>, the default value of the property will be restored.\n\nDefault value is <code>0<\/code>.","!type":"fn(iMinValue: Number) -> sap.ui.suite.TaskCircle","!category":"function"},"!category":"class","setMaxValue":{"!description":"Sets a new value for property <code>maxValue<\/code>.\n\nUpper limit of the displayed values. Default is 100.\n\nWhen called with a value of <code>null<\/code> or <code>undefined<\/code>, the default value of the property will be restored.\n\nDefault value is <code>100<\/code>.","!type":"fn(iMaxValue: Number) -> sap.ui.suite.TaskCircle","!category":"function"},"focus":{"!description":"Puts the focus to the control.","!type":"fn()","!category":"function"},"removeAllAriaDescribedBy":{"!description":"Removes all the controls in the association named <code>ariaDescribedBy<\/code>.","!type":"fn() -> [sap.ui.core.Control]","!category":"function"},"getAriaLabelledBy":{"!description":"Returns array of IDs of the elements which are the current targets of the <code>ariaLabelledBy<\/code> association.\n\nAssociation to controls / ids which label this control (see WAI-ARIA attribute aria-labelledby).","!type":"fn() -> [sap.ui.core.Control]","!category":"function"},"detachPress":{"!description":"Detaches event handler <code>fnFunction<\/code> from the 'press' event of this <code>sap.ui.suite.TaskCircle<\/code>.\n\nThe passed function and listener object must match the ones used for event registration.","!type":"fn(fnFunction: fn(), oListener: Object) -> sap.ui.suite.TaskCircle","!category":"function"},"getMetadata":{"!description":"Returns a metadata object for class sap.ui.suite.TaskCircle.","!type":"fn() -> sap.ui.base.Metadata","!category":"function"},"!proto":"sap.ui.core.Control"}},"!name":"sap.ui.suite"}