{"!define":{"sap":{"ui":"sap.ui","sap":"sap","!category":"namespace"},"sap.ui.dt.SelectionMode":{"Multi":{"!description":"Select multiple overlays at a time.","!type":"String","!category":"enum"},"!description":"Selection mode of the tree","!category":"static class","Single":{"!description":"Select one overlay at a time.","!type":"String","!category":"enum"}},"sap.ui":{"dt":"sap.ui.dt","!category":"namespace"},"sap.ui.dt":{"!category":"namespace","SelectionMode":"sap.ui.dt.SelectionMode"}},"!name":"sap.ui.dt"}