{"!define":{"sap.ui.generic.app.AppComponent_obj":{"extend":{"!description":"Creates a new subclass of class sap.ui.generic.app.AppComponent with name <code>sClassName<\/code>\nand enriches it with the information contained in <code>oClassInfo<\/code>.\n\n<code>oClassInfo<\/code> might contain the same kind of information as described in {@link sap.ui.core.UIComponent.extend}.","!type":"fn(sClassName: String, oClassInfo?: Object, FNMetaImpl?: fn())","!category":"function"},"!type":"fn()","prototype":"sap.ui.generic.app.AppComponent"},"sap.ui.generic.app.navigation.NavigationController_obj":{"extend":{"!description":"Creates a new subclass of class sap.ui.generic.app.navigation.NavigationController with name <code>sClassName<\/code>\nand enriches it with the information contained in <code>oClassInfo<\/code>.\n\n<code>oClassInfo<\/code> might contain the same kind of information as described in {@link sap.ui.base.Object.extend}.","!type":"fn(sClassName: String, oClassInfo?: Object, FNMetaImpl?: fn())","!category":"function"},"!type":"fn(oComponent: sap.ui.generic.app.AppComponent)","prototype":"sap.ui.generic.app.navigation.NavigationController"},"sap.ui.generic.app.transaction.DraftController":{"activateDraftEntity":{"!description":"Submits changes to the back-end and activates a draft entity in the back-end.","!type":"fn(oContext: sap.ui.model.Context) -> Promise","!category":"function"},"getDraftContext":{"!description":"Returns the current draft context instance. If no instance exists, it is created lazily.","!type":"fn() -> sap.ui.generic.app.transaction.DraftContext","!category":"function"},"isActiveEntity":{"!description":"Checks whether an entity set is active. The entity set name is derived from the given binding context","!type":"fn(oContext: sap.ui.model.Context) -> Boolean","!category":"function"},"hasActiveEntity":{"!description":"Checks whether an entity has an active entity associated.","!type":"fn(oContext: sap.ui.model.Context) -> Boolean","!category":"function"},"createEditDraftEntity":{"!description":"Creates an edit draft in the back-end. Additionally, possible changes that have been collected on the client are sent to the back-end.","!type":"fn(oContext: sap.ui.model.Context) -> Promise","!category":"function"},"destroy":{"!description":"Frees all resources claimed during the life-time of this instance.","!type":"fn()","!category":"function"},"saveAndPrepareDraftEntity":{"!description":"Submits changes to the back-end and prepares a draft entity in the back-end for later activation by invoking the preparation action.","!type":"fn(oContext: sap.ui.model.Context, mParameters: map) -> Promise","!category":"function"},"!description":"Gives access to runtime draft handling for applications. Assuming state-less communication, each single data modification request (or\n       change set in an OData $batch request) is a \"mini-transaction\", which saves data to the database. The class implements the transactional\n       interaction patterns specified for OData services that support draft documents and provides methods for draft-specific actions, for\n       example validate, prepare, activate. \n\n       Additionally, it handles transactional request processing, ensures concurrency control and correct\n       ETag handling. It provides access to the simple interaction patterns of runtime handling for drafts according to the draft\n       specification. These can be combined as required by client applications. Additionally, error handling is provided to notify client\n       implementations of error situations. The event <code>fatalError<\/code> is thrown, if fatal errors occur during execution of OData\n       requests.","prepareDraftEntity":{"!description":"Submits changes to the back-end and prepares an existing draft entity in the back-end for later activation by invoking the preparation action.","!type":"fn(oContext: sap.ui.model.Context) -> Promise","!category":"function"},"createNewDraftEntity":{"!description":"Creates a new edit draft on the client and sends it to the back-end. Additionally, possible changes that have been collected on the client are\nsent to the back-end.","!type":"fn(sEntitySet: String, sPath: String) -> Promise","!category":"function"},"validateDraftEntity":{"!description":"Submits changes to the back-end and prepares an existing draft entity in the back-end for later activation by invoking the validation action.","!type":"fn(oContext: sap.ui.model.Context) -> Promise","!category":"function"},"!category":"class","getDraftForActiveEntity":{"!description":"Retrieves a possibly existing draft entity for the given active entity using the binding context of the active entity from the back-end.","!type":"fn(oContext: sap.ui.model.Context) -> Promise","!category":"function"},"!proto":"sap.ui.base.Object","getMetadata":{"!description":"Returns a metadata object for class sap.ui.generic.app.transaction.DraftController.","!type":"fn() -> sap.ui.base.Metadata","!category":"function"}},"sap.ui.generic.app.transaction":{"TransactionController":"sap.ui.generic.app.transaction.TransactionController_obj","DraftContext":"sap.ui.generic.app.transaction.DraftContext_obj","!category":"namespace","DraftController":"sap.ui.generic.app.transaction.DraftController_obj"},"sap.ui.generic.app.transaction.TransactionController_obj":{"extend":{"!description":"Creates a new subclass of class sap.ui.generic.app.transaction.TransactionController with name <code>sClassName<\/code>\nand enriches it with the information contained in <code>oClassInfo<\/code>.\n\n<code>oClassInfo<\/code> might contain the same kind of information as described in {@link sap.ui.base.Object.extend Object.extend}.","!type":"fn(sClassName: String, oClassInfo?: Object, FNMetaImpl?: fn())","!category":"function"},"!type":"fn(oModel: sap.ui.model.odata.ODataModel, oQueue: sap.ui.generic.app.util.Queue, mParams: map)","prototype":"sap.ui.generic.app.transaction.TransactionController"},"sap.ui.generic.app":{"AppComponent":"sap.ui.generic.app.AppComponent_obj","!description":"SAPUI5 library with ...","transaction":"sap.ui.generic.app.transaction","navigation":"sap.ui.generic.app.navigation","!category":"namespace"},"sap.ui.generic.app.transaction.TransactionController":{"destroy":{"!description":"Frees all resources claimed during the life-time of this instance.","!type":"fn()","!category":"function"},"!description":"Assuming state-less communication, each single data modification request (or change set in an OData $batch request) is a\n       \"mini-transaction\", which saves data to the database. The class allows you to submit changes, invoke actions, OData CRUD operations in general,\n       and trigger client-side validations. It ensures concurrency control and correct ETag handling.\n\n       The class gives access to runtime draft handling for applications. Additionally error handling capabilities are provided to notify client \n       implementations of error situations. The event <code>fatalError<\/code> is thrown, if fatal errors occur during execution of OData requests.","editEntity":{"!description":"Prepares an entity for editing. If the entity is active and draft enabled, a new draft document is created. If not, the control is\nautomatically returned to the caller of the method by returning a resolved promise.","!type":"fn(oContext: sap.ui.model.Context) -> Promise","!category":"function"},"deleteEntity":{"!description":"Submits changes to the back-end and deletes an entity in the back-end. This entity can be either a draft entity or an active entity.","!type":"fn(oContext: sap.ui.model.Context, mParameters: map) -> Promise","!category":"function"},"invokeAction":{"!description":"Invokes an action with the given name and submits changes to the back-end.","!type":"fn(sFunctionName: String, oContext: sap.ui.model.Context, mParameters: map) -> Promise","!category":"function"},"!category":"class","resetChanges":{"!description":"Resets changes that have been tracked by the current instance of <code>sap.ui.model.odata.v2.ODatatModel<\/code>. These changes have been\ncreated by invoking the <code>setProperty<\/code> method of <code>sap.ui.model.odata.v2.ODatatModel<\/code>.","!type":"fn()","!category":"function"},"getDraftController":{"!description":"Returns the current draft controller instance.","!type":"fn() -> sap.ui.generic.app.transaction.DraftController","!category":"function"},"getMetadata":{"!description":"Returns a metadata object for class sap.ui.generic.app.transaction.TransactionController.","!type":"fn() -> sap.ui.base.Metadata","!category":"function"},"!proto":"sap.ui.base.Object"},"sap.ui.generic.app.transaction.DraftContext":{"getSemanticKey":{"!description":"Returns the semantic keys for a given entity set.","!type":"fn(sEntitySet: String) -> Array","!category":"function"},"hasDraftValidationFunction":{"!description":"Checks whether an entity set has a draft validation function. The entity set name is derived from the given binding context.","!type":"fn(oContext: sap.ui.model.Context) -> Boolean","!category":"function"},"hasSiblingEntity":{"!description":"Checks whether a sibling entity for a given entity set is available.","!type":"fn(sEntitySet: String) -> Boolean","!category":"function"},"hasDraftAdministrativeData":{"!description":"Checks whether administrative data for a given draft is available.","!type":"fn(sEntitySet: String) -> Boolean","!category":"function"},"hasDraftPreparationAction":{"!description":"Checks whether an entity set has a draft preparation action. The entity set name is derived from the given binding context.","!type":"fn(oContext: sap.ui.model.Context) -> Boolean","!category":"function"},"hasDraftRoot":{"!description":"Checks whether an entity set is draft root. The entity set name is derived from the given binding context.","!type":"fn(oContext: sap.ui.model.Context) -> Boolean","!category":"function"},"checkUpdateOnChange":{"!description":"<strong style=\"color: red;\">Deprecated! <\/strong>Since 1.32.0 undefined<br>Checks whether an OData property is annotated with UpdateOnChange. The method is used in context of a validation success event.","!type":"fn(sEntitySet: String, sProperty: String) -> Boolean","!category":"function"},"destroy":{"!description":"Frees all resources claimed during the life-time of this instance.","!type":"fn()","!category":"function"},"hasDraft":{"!description":"Checks whether an entity set is draft-enabled. The entity set name is derived from the given binding context","!type":"fn(oContext: sap.ui.model.Context) -> Boolean","!category":"function"},"getODataDraftFunctionImportName":{"!description":"Returns the name of the function import to be used.","!type":"fn(oContext: sap.ui.model.Context, sDraftFunctionImport: String) -> String","!category":"function"},"isDraftRoot":{"!description":"Checks whether a given entity set is a draft root.","!type":"fn(sEntitySet: String) -> Boolean","!category":"function"},"!description":"The class provides access to information on draft handling that is available in the\n       OData service's metadata as it interprets draft-specific annotations.","!category":"class","isSemanticKey":{"!description":"Checks whether a given key is a semantic key.","!type":"fn(sEntitySet: String, oKeys: oKeys) -> Boolean","!category":"function"},"isTechnicalKey":{"!description":"Checks whether a given key is a technical key.","!type":"fn(sEntitySet: String, oKeys: oKeys) -> Boolean","!category":"function"},"isDraftEnabled":{"!description":"Checks whether a given entity set is draft-enabled.","!type":"fn(sEntitySet: String) -> Boolean","!category":"function"},"!proto":"sap.ui.base.Object","getMetadata":{"!description":"Returns a metadata object for class sap.ui.generic.app.transaction.DraftContext.","!type":"fn() -> sap.ui.base.Metadata","!category":"function"}},"sap.ui.generic.app.navigation.NavigationController":{"destroy":{"!description":"Cleans up the resources.","!type":"fn()","!category":"function"},"getNavContainer":{"!description":"Returns the NavContainer instance used in the application.","!type":"fn() -> sap.m.NavContainer","!category":"function"},"!description":"The NavigationController class creates and initializes a new navigation controller with the given\n       {@link sap.ui.generic.app.AppComponent AppComponent}.","getViews":{"!description":"Returns a map of views currently existing in the navigation controller.","!type":"fn() -> Object","!category":"function"},"navigateToMessagePage":{"!description":"Navigates to the message page and shows the specified content.","!type":"fn(mParameters: Object)","!category":"function"},"navigateToContext":{"!description":"Navigates to the specified context.","!type":"fn(oTargetContext: Object, sNavigationProperty: String, bReplace: Boolean)","!category":"function"},"!category":"class","navigateToRoot":{"!description":"Navigates to the root view.","!type":"fn(bReplace: Boolean)","!category":"function"},"navigateBack":{"!description":"Navigates back to the previous view.","!type":"fn(bReplace: Boolean)","!category":"function"},"getMetadata":{"!description":"Returns a metadata object for class sap.ui.generic.app.navigation.NavigationController.","!type":"fn() -> sap.ui.base.Metadata","!category":"function"},"!proto":"sap.ui.base.Object"},"sap":{"ui":"sap.ui","sap":"sap","!category":"namespace"},"sap.ui":{"generic":"sap.ui.generic","!category":"namespace"},"sap.ui.generic.app.transaction.DraftContext_obj":{"extend":{"!description":"Creates a new subclass of class sap.ui.generic.app.transaction.DraftContext with name <code>sClassName<\/code>\nand enriches it with the information contained in <code>oClassInfo<\/code>.\n\n<code>oClassInfo<\/code> might contain the same kind of information as described in {@link sap.ui.base.Object.extend Object.extend}.","!type":"fn(sClassName: String, oClassInfo?: Object, FNMetaImpl?: fn())","!category":"function"},"!type":"fn(oModel: sap.ui.model.odata.ODataModel)","prototype":"sap.ui.generic.app.transaction.DraftContext"},"sap.ui.generic.app.navigation":{"NavigationController":"sap.ui.generic.app.navigation.NavigationController_obj","!category":"namespace"},"sap.ui.generic":{"app":"sap.ui.generic.app","!category":"namespace"},"sap.ui.generic.app.transaction.DraftController_obj":{"extend":{"!description":"Creates a new subclass of class sap.ui.generic.app.transaction.DraftController with name <code>sClassName<\/code>\nand enriches it with the information contained in <code>oClassInfo<\/code>.\n\n<code>oClassInfo<\/code> might contain the same kind of information as described in {@link sap.ui.base.Object.extend Object.extend}.","!type":"fn(sClassName: String, oClassInfo?: Object, FNMetaImpl?: fn())","!category":"function"},"!type":"fn(oModel: sap.ui.model.odata.ODataModel, oQueue: sap.ui.generic.app.util.Queue)","prototype":"sap.ui.generic.app.transaction.DraftController"},"sap.ui.generic.app.AppComponent":{"getConfig":{"!description":"Returns the application configuration metadata that has been created and/or specified in the app descriptor.","!type":"fn() -> Object","!category":"function"},"!description":"The AppComponent class creates and initializes a new application component. It boots up the SmartTemplate application, creates the\n       {@link sap.ui.generic.app.navigation.NavigationController NavigationController}, {@link sap.ui.generic.app.transaction.TransactionController TransactionController} and\n       {@link sap.m.NavContainer NavContainer}, which embeds Smart Template components defined in the app descriptor.","createContent":{"!description":"Creates the content of the component.","!type":"fn() -> Object","!category":"function"},"!category":"class","init":{"!description":"Initializes the AppComponent instance after creation.","!type":"fn()","!category":"function"},"getNavigationController":{"!description":"Returns the reference to the navigation controller instance that has been created by AppComponent.","!type":"fn() -> sap.ui.generic.app.navigation.NavigationController","!category":"function"},"getTransactionController":{"!description":"Returns the reference to the transaction controller instance that has been created by AppComponent.","!type":"fn() -> sap.ui.generic.app.transaction.TransactionController","!category":"function"},"exit":{"!description":"Cleans up the component instance before destruction.","!type":"fn()","!category":"function"},"getMetadata":{"!description":"Returns a metadata object for class sap.ui.generic.app.AppComponent.","!type":"fn() -> sap.ui.base.Metadata","!category":"function"},"!proto":"sap.ui.core.UIComponent"}},"!name":"sap.ui.generic.app"}