{"!define":{"sap":{"sap":"sap","ndc":"sap.ndc","!category":"namespace"},"sap.ndc.BarcodeScanner":{"!description":"TODO: description\n\nAs <code>BarcodeScanner<\/code> is a static class, a <code>jQuery.sap.require(\"sap.ndc.BarcodeScanner\");<\/code>\nstatement must be explicitly executed before the class can be used. Example:\t *\n<pre>\njQuery.sap.require(\"sap.ndc.BarcodeScanner\");\nsap.ndc.BarcodeScanner.scan(\n    function (oResult) { / * process scan result * / },\n    function (oError) { / * handle scan error * / },\n    function (oResult) { / * handle input dialog change * / }\n);\n<\/pre>","getStatusModel":{"!description":"Returns the status model of the BarcodeScanner. It is a JSON model which contains a single boolean property\n'<code>available<\/code>' indicating whether or not the bar code scanner feature is available. It can be used\nto bind to the <code>visible<\/code> property of UI controls which have to be hidden in case the feature is unavailable.","!type":"fn() -> sap.ui.model.json.JSONModel","!category":"function"},"!category":"namespace","scan":{"!description":"Starts the bar code scanning process either showing the live input from the camera or displaying a dialog\nto enter the value directly if the bar code scanning feature is not available.\n\n<pre>\nsap.ndc.BarcodeScanner.scan(fnSuccess, fnFail, fnLiveUpdate)\n<\/pre>\n\nThe bar code scanning is done asynchronously. When it is triggered, this function returns without waiting for\nthe scanning process to finish. The applications have to provide callback functions to react to the events of\na successful scanning, an error during scanning, and the live input on the dialog.\n\n<code>fnSuccess<\/code> is passed an object with text, format and cancelled properties. Text is the text representation\nof the bar code data, format is the type of the bar code detected, and cancelled is whether or not the user cancelled\nthe scan. <code>fnError<\/code> is given the error, <code>fnLiveUpdate<\/code> is passed the new value entered in the\ndialog's input field. An example:\n\n<pre>\nsap.ndc.BarcodeScanner.scan(\n   function (mResult) {\n      alert(\"We got a bar code\\n\" + \n            \"Result: \" + mResult.text + \"\\n\" +\n            \"Format: \" + mResult.format + \"\\n\" +\n            \"Cancelled: \" + mResult.cancelled);\n   },\n   function (Error) {\n      alert(\"Scanning failed: \" + Error);\n   },\n   function (mParams) {\n      alert(\"Value entered: \" + mParams.newValue);\n   }\n);\n<\/pre>","!type":"fn(fnSuccess?: fn(), fnFail?: fn(), fnLiveUpdate?: fn())","!category":"function"},"closeScanDialog":{"!description":"Closes the bar code input dialog. It can be used to close the dialog before the user presses the OK or the Cancel button\n(e.g. in the fnLiveUpdate callback function of the {@link sap.ndc.BarcodeScanner.scan} method.)","!type":"fn()","!category":"function"}},"sap.ndc":{"!description":"SAPUI5 library with controls with native device capabilities.","visible":{"!description":"The invisible bar code scanner button is not rendered regardless of the availability of the native scan feature.","!type":"Boolean","!category":"enum"},"BarcodeScanner":"sap.ndc.BarcodeScanner","provideFallback":{"!description":"If set to true, the button remains visible if the scanner is not available and triggers a dialog to enter bar code.","!type":"Boolean","!category":"enum"},"width":{"!description":"Defines the width of the scanner button.","!type":"sap.ui.core.CSSSize","!category":"enum"},"!category":"namespace","busy":{"!description":"Whether the control is currently in busy state.","!type":"Boolean","!category":"enum"},"fieldGroupIds":{"!description":"The IDs of a logical field group that this control belongs to. All fields in a logical field group should share the same <code>fieldGroupId<\/code>.\nOnce a logical field group is left, the validateFieldGroup event is raised.","!type":"[String]","!category":"enum"},"busyIndicatorDelay":{"!description":"The delay in milliseconds, after which the busy indicator will show up for this control.","!type":"Number","!category":"enum"},"BarcodeScannerButton":"sap.ndc.BarcodeScannerButton_obj"},"sap.ndc.BarcodeScannerButton_obj":{"extend":{"!description":"Creates a new subclass of class sap.ndc.BarcodeScannerButton with name <code>sClassName<\/code>\nand enriches it with the information contained in <code>oClassInfo<\/code>.\n\n<code>oClassInfo<\/code> might contain the same kind of information as described in {@link sap.ui.core.Control.extend}.","!type":"fn(sClassName: String, oClassInfo?: Object, FNMetaImpl?: fn())","!category":"function"},"!type":"fn(sId: String, mSettings: Object)","prototype":"sap.ndc.BarcodeScannerButton"},"sap.ndc.BarcodeScannerButton":{"fireScanFail":{"!description":"Fires event scanFail to attached listeners.","!type":"fn(mArguments?: Map) -> sap.ndc.BarcodeScannerButton","!category":"function"},"setProvideFallback":{"!description":"Sets a new value for property <code>provideFallback<\/code>.\n\nIf set to true, the button remains visible if the scanner is not available and triggers a dialog to enter bar code.\n\nWhen called with a value of <code>null<\/code> or <code>undefined<\/code>, the default value of the property will be restored.\n\nDefault value is <code>true<\/code>.","!type":"fn(bProvideFallback: Boolean) -> sap.ndc.BarcodeScannerButton","!category":"function"},"attachInputLiveUpdate":{"!description":"Attaches event handler <code>fnFunction<\/code> to the 'inputLiveUpdate' event of this <code>sap.ndc.BarcodeScannerButton<\/code>.\n\nWhen called, the context of the event handler (its <code>this<\/code>) will be bound to <code>oListener<\/code> if specified\notherwise it will be bound to this <code>sap.ndc.BarcodeScannerButton<\/code> itself.\n\nEvent is fired when the text in the dialog's input field is changed.","!type":"fn(oData?: Object, fnFunction: fn(), oListener?: Object) -> sap.ndc.BarcodeScannerButton","!category":"function"},"setVisible":{"!description":"Sets a new value for property <code>visible<\/code>.\n\nThe invisible bar code scanner button is not rendered regardless of the availability of the native scan feature.\n\nWhen called with a value of <code>null<\/code> or <code>undefined<\/code>, the default value of the property will be restored.\n\nDefault value is <code>true<\/code>.","!type":"fn(bVisible: Boolean) -> sap.ndc.BarcodeScannerButton","!category":"function"},"fireInputLiveUpdate":{"!description":"Fires event inputLiveUpdate to attached listeners.\n\nExpects the following event parameters:\n<ul>\n<li>'newValue' of type <code>string<\/code>The new value of the input field.<\/li>\n<\/ul>","!type":"fn(mArguments?: Map) -> sap.ndc.BarcodeScannerButton","!category":"function"},"detachInputLiveUpdate":{"!description":"Detaches event handler <code>fnFunction<\/code> from the 'inputLiveUpdate' event of this <code>sap.ndc.BarcodeScannerButton<\/code>.\n\nThe passed function and listener object must match the ones used for event registration.","!type":"fn(fnFunction: fn(), oListener: Object) -> sap.ndc.BarcodeScannerButton","!category":"function"},"getProvideFallback":{"!description":"Gets current value of property <code>provideFallback<\/code>.\n\nIf set to true, the button remains visible if the scanner is not available and triggers a dialog to enter bar code.\n\nDefault value is <code>true<\/code>.","!type":"fn() -> Boolean","!category":"function"},"detachScanSuccess":{"!description":"Detaches event handler <code>fnFunction<\/code> from the 'scanSuccess' event of this <code>sap.ndc.BarcodeScannerButton<\/code>.\n\nThe passed function and listener object must match the ones used for event registration.","!type":"fn(fnFunction: fn(), oListener: Object) -> sap.ndc.BarcodeScannerButton","!category":"function"},"getVisible":{"!description":"Gets current value of property <code>visible<\/code>.\n\nThe invisible bar code scanner button is not rendered regardless of the availability of the native scan feature.\n\nDefault value is <code>true<\/code>.","!type":"fn() -> Boolean","!category":"function"},"!description":"A button control (displaying a bar code icon) to start the bar code scanning process. If the native scanning feature is\nnot available, the button is either hidden or it provides a fallback by opening a dialog with an input field where the bar code can\nbe entered manually.","attachScanSuccess":{"!description":"Attaches event handler <code>fnFunction<\/code> to the 'scanSuccess' event of this <code>sap.ndc.BarcodeScannerButton<\/code>.\n\nWhen called, the context of the event handler (its <code>this<\/code>) will be bound to <code>oListener<\/code> if specified\notherwise it will be bound to this <code>sap.ndc.BarcodeScannerButton<\/code> itself.\n\nEvent is fired when the scanning is finished or cancelled","!type":"fn(oData?: Object, fnFunction: fn(), oListener?: Object) -> sap.ndc.BarcodeScannerButton","!category":"function"},"detachScanFail":{"!description":"Detaches event handler <code>fnFunction<\/code> from the 'scanFail' event of this <code>sap.ndc.BarcodeScannerButton<\/code>.\n\nThe passed function and listener object must match the ones used for event registration.","!type":"fn(fnFunction: fn(), oListener: Object) -> sap.ndc.BarcodeScannerButton","!category":"function"},"!category":"class","getWidth":{"!description":"Gets current value of property <code>width<\/code>.\n\nDefines the width of the scanner button.","!type":"fn() -> sap.ui.core.CSSSize","!category":"function"},"setWidth":{"!description":"Sets a new value for property <code>width<\/code>.\n\nDefines the width of the scanner button.\n\nWhen called with a value of <code>null<\/code> or <code>undefined<\/code>, the default value of the property will be restored.","!type":"fn(sWidth: sap.ui.core.CSSSize) -> sap.ndc.BarcodeScannerButton","!category":"function"},"attachScanFail":{"!description":"Attaches event handler <code>fnFunction<\/code> to the 'scanFail' event of this <code>sap.ndc.BarcodeScannerButton<\/code>.\n\nWhen called, the context of the event handler (its <code>this<\/code>) will be bound to <code>oListener<\/code> if specified\notherwise it will be bound to this <code>sap.ndc.BarcodeScannerButton<\/code> itself.\n\nEvent is fired when the native scanning process is failed.","!type":"fn(oData?: Object, fnFunction: fn(), oListener?: Object) -> sap.ndc.BarcodeScannerButton","!category":"function"},"fireScanSuccess":{"!description":"Fires event scanSuccess to attached listeners.\n\nExpects the following event parameters:\n<ul>\n<li>'text' of type <code>string<\/code>The the text representation of the bar code data.<\/li>\n<li>'format' of type <code>string<\/code>The type of the bar code detected.<\/li>\n<li>'cancelled' of type <code>boolean<\/code>Indicates whether or not the user cancelled the scan.<\/li>\n<\/ul>","!type":"fn(mArguments?: Map) -> sap.ndc.BarcodeScannerButton","!category":"function"},"!proto":"sap.ui.core.Control","getMetadata":{"!description":"Returns a metadata object for class sap.ndc.BarcodeScannerButton.","!type":"fn() -> sap.ui.base.Metadata","!category":"function"}}},"!name":"sap.ndc"}