{"!define":{"sap":{"ui":"sap.ui","sap":"sap","!category":"namespace"},"sap.ui.generic.template.BaseViewController":{"deleteEntity":{"!description":"Deletes current OData entity. The entity can either be a non-draft document or a draft document. *","!type":"fn(bDeleteDraftForActiveEntity: Boolean) -> Promise","!category":"function"},"activateDraftEntity":{"!description":"Activates a draft OData entity. Only the root entity can be activated.","!type":"fn() -> Promise","!category":"function"},"callAction":{"!description":"Calls OData function import action.","!type":"fn(sFunctionImportPath: String | Object, oCurrentContext: Object, sFunctionImportLabel: String)","!category":"function"},"getDraftController":{"!description":"Gets draft controller.","!type":"fn() -> sap.ui.generic.app.transaction.DraftController","!category":"function"},"getTransactionController":{"!description":"Gets transaction controller.","!type":"fn() -> sap.ui.generic.app.transaction.TransactionController","!category":"function"},"getDraftContext":{"!description":"Gets draft context.","!type":"fn() -> sap.ui.generic.app.transaction.DraftContext","!category":"function"},"saveEntity":{"!description":"Saves current OData entity. The entity can either be a non-draft document or a draft document.","!type":"fn() -> Promise","!category":"function"},"getContext":{"!description":"Gets binding context of base view.","!type":"fn() -> Object","!category":"function"},"navigateFromListItem":{"!description":"Triggers navigation from a given list item.","!type":"fn(oSelectedListItem: sap.ui.core.Control | Object, oTable: Object)","!category":"function"},"prepareDraftEntity":{"!description":"Prepares a draft OData entity. The entity can either be a draft root or a draft item.","!type":"fn() -> Promise","!category":"function"},"!description":"The BaseViewController controller provides a generic API for integration with the view controller and other re-use functions required in\n       the controllers for smart templates. The BaseViewController is enabled for handling non-draft as well as draft documents. The provided\n       generic API is based on OData model entities.","editEntity":{"!description":"Prepares current OData entity for editing. The entity can either be a non-draft document or draft root.","!type":"fn() -> Promise","!category":"function"},"modifyEntity":{"!description":"Modifies current OData entity. The entity can either be a non-draft document or a draft document.","!type":"fn(sValue: String) -> Promise","!category":"function"},"getComponent":{"!description":"Gets component of base view.","!type":"fn() -> sap.ui.core.UIComponent","!category":"function"},"searchOnTable":{"!description":"Executes a table search for provided term.","!type":"fn(oTable: sap.ui.table.Table | sap.m.Table, sQuery: String)","!category":"function"},"validateDraftEntity":{"!description":"Validates a draft OData entity. The entity can either be a draft root or a draft item.","!type":"fn() -> Promise","!category":"function"},"!category":"class","getComponentContainer":{"!description":"Gets component container.","!type":"fn() -> sap.ui.core.ComponentContainer","!category":"function"},"getNavigationController":{"!description":"Gets navigation controller.","!type":"fn() -> sap.ui.generic.app.navigation.NavigationController","!category":"function"},"!proto":"sap.ui.core.mvc.Controller","getMetadata":{"!description":"Returns a metadata object for class sap.ui.generic.template.BaseViewController.","!type":"fn() -> sap.ui.base.Metadata","!category":"function"}},"sap.ui":{"generic":"sap.ui.generic","!category":"namespace"},"sap.ui.generic.template.BaseViewController_obj":{"extend":{"!description":"Creates a new subclass of class sap.ui.generic.template.BaseViewController with name <code>sClassName<\/code>\nand enriches it with the information contained in <code>oClassInfo<\/code>.\n\n<code>oClassInfo<\/code> might contain the same kind of information as described in {@link sap.ui.core.mvc.Controller.extend}.","!type":"fn(sClassName: String, oClassInfo?: Object, FNMetaImpl?: fn())","!category":"function"},"!type":"fn(sId: String, mSettings: Object)","prototype":"sap.ui.generic.template.BaseViewController"},"sap.ui.generic.template":{"isRefreshRequired":{"!description":"Refresh required when the component is activated","!type":"Boolean","!category":"enum"},"!description":"SAPUI5 library with ...","navigationProperty":{"!description":"Navigation property of the current component","!type":"String","!category":"enum"},"entitySet":{"!description":"Entity Set","!type":"String","!category":"enum"},"preventBinding":{"!description":"Prevent binding done in the navigation controller when the component is activated/created.","!type":"Boolean","!category":"enum"},"TemplateComponent":"sap.ui.generic.template.TemplateComponent_obj","!category":"namespace","BaseViewController":"sap.ui.generic.template.BaseViewController_obj","appComponent":{"!description":"Instance of AppComponent","!type":"Object","!category":"enum"},"templateName":{"!description":"Name of template","!type":"String","!category":"enum"}},"sap.ui.generic":{"template":"sap.ui.generic.template","!category":"namespace"},"sap.ui.generic.template.TemplateComponent":{"getNavigationProperty":{"!description":"Gets current value of property <code>navigationProperty<\/code>.\n\nNavigation property of the current component","!type":"fn() -> String","!category":"function"},"getIsRefreshRequired":{"!description":"Gets current value of property <code>isRefreshRequired<\/code>.\n\nRefresh required when the component is activated\n\nDefault value is <code>false<\/code>.","!type":"fn() -> Boolean","!category":"function"},"onDeactivate":{"!description":"Method called if this component is deactivated.","!type":"fn()","!category":"function"},"setTemplateName":{"!description":"Sets a new value for property <code>templateName<\/code>.\n\nName of template\n\nWhen called with a value of <code>null<\/code> or <code>undefined<\/code>, the default value of the property will be restored.","!type":"fn(sTemplateName: String) -> sap.ui.generic.template.TemplateComponent","!category":"function"},"getAppComponent":{"!description":"Gets current value of property <code>appComponent<\/code>.\n\nInstance of AppComponent","!type":"fn() -> Object","!category":"function"},"setPreventBinding":{"!description":"Sets a new value for property <code>preventBinding<\/code>.\n\nPrevent binding done in the navigation controller when the component is activated/created.\n\nWhen called with a value of <code>null<\/code> or <code>undefined<\/code>, the default value of the property will be restored.\n\nDefault value is <code>false<\/code>.","!type":"fn(bPreventBinding: Boolean) -> sap.ui.generic.template.TemplateComponent","!category":"function"},"getEntitySet":{"!description":"Gets current value of property <code>entitySet<\/code>.\n\nEntity Set","!type":"fn() -> String","!category":"function"},"setAppComponent":{"!description":"Sets a new value for property <code>appComponent<\/code>.\n\nInstance of AppComponent\n\nWhen called with a value of <code>null<\/code> or <code>undefined<\/code>, the default value of the property will be restored.","!type":"fn(oAppComponent: Object) -> sap.ui.generic.template.TemplateComponent","!category":"function"},"setIsRefreshRequired":{"!description":"Sets a new value for property <code>isRefreshRequired<\/code>.\n\nRefresh required when the component is activated\n\nWhen called with a value of <code>null<\/code> or <code>undefined<\/code>, the default value of the property will be restored.\n\nDefault value is <code>false<\/code>.","!type":"fn(bIsRefreshRequired: Boolean) -> sap.ui.generic.template.TemplateComponent","!category":"function"},"setNavigationProperty":{"!description":"Sets a new value for property <code>navigationProperty<\/code>.\n\nNavigation property of the current component\n\nWhen called with a value of <code>null<\/code> or <code>undefined<\/code>, the default value of the property will be restored.","!type":"fn(sNavigationProperty: String) -> sap.ui.generic.template.TemplateComponent","!category":"function"},"!description":"Creates and initializes a new Smart Template component with the given <code>sId<\/code> and settings.","!category":"class","onActivate":{"!description":"Method called if this component is activated. <b>Note<\/b>: This method is not called if the component is newly created. Example code:\n\n<pre><code>\nif (this.getIsRefreshRequired()) {\n\tsap.ui.generic.template.TemplateComponent.prototype.onActivate.apply(this, arguments);\n\t// do refresh\n}\n<\/code><\/pre>","!type":"fn()","!category":"function"},"setEntitySet":{"!description":"Sets a new value for property <code>entitySet<\/code>.\n\nEntity Set\n\nWhen called with a value of <code>null<\/code> or <code>undefined<\/code>, the default value of the property will be restored.","!type":"fn(sEntitySet: String) -> sap.ui.generic.template.TemplateComponent","!category":"function"},"getTemplateName":{"!description":"Gets current value of property <code>templateName<\/code>.\n\nName of template","!type":"fn() -> String","!category":"function"},"!proto":"sap.ui.core.UIComponent","getMetadata":{"!description":"Returns a metadata object for class sap.ui.generic.template.TemplateComponent.","!type":"fn() -> sap.ui.base.Metadata","!category":"function"},"getPreventBinding":{"!description":"Gets current value of property <code>preventBinding<\/code>.\n\nPrevent binding done in the navigation controller when the component is activated/created.\n\nDefault value is <code>false<\/code>.","!type":"fn() -> Boolean","!category":"function"}},"sap.ui.generic.template.TemplateComponent_obj":{"extend":{"!description":"Creates a new subclass of class sap.ui.generic.template.TemplateComponent with name <code>sClassName<\/code>\nand enriches it with the information contained in <code>oClassInfo<\/code>.\n\n<code>oClassInfo<\/code> might contain the same kind of information as described in {@link sap.ui.core.UIComponent.extend}.","!type":"fn(sClassName: String, oClassInfo?: Object, FNMetaImpl?: fn())","!category":"function"},"!type":"fn(sId: String, mSettings: Object)","prototype":"sap.ui.generic.template.TemplateComponent"}},"!name":"sap.ui.generic.template"}