{"!define":{"sap.uxap.HierarchicalSelect":{"!description":"A select that display items on 2 level of hierarchy.\nIf a provided item has a custom data named \"secondLevel\", then it will be displayed as a second level, otherwise it would be displayed as a first level.","getUpperCase":{"!description":"Gets current value of property <code>upperCase<\/code>.\n\nDetermines whether the HierarchicalSelect items are displayed in upper case.\n\nDefault value is <code>false<\/code>.","!type":"fn() -> Boolean","!category":"function"},"!category":"class","setUpperCase":{"!description":"Sets a new value for property <code>upperCase<\/code>.\n\nDetermines whether the HierarchicalSelect items are displayed in upper case.\n\nWhen called with a value of <code>null<\/code> or <code>undefined<\/code>, the default value of the property will be restored.\n\nDefault value is <code>false<\/code>.","!type":"fn(bUpperCase: Boolean) -> sap.uxap.HierarchicalSelect","!category":"function"},"getMetadata":{"!description":"Returns a metadata object for class sap.uxap.HierarchicalSelect.","!type":"fn() -> sap.ui.base.Metadata","!category":"function"},"!proto":"sap.m.Select"},"sap.uxap.ObjectPageSubSection":{"destroyMoreBlocks":{"!description":"Destroys all the moreBlocks in the aggregation\nnamed <code>moreBlocks<\/code>.","!type":"fn() -> sap.uxap.ObjectPageSubSection","!category":"function"},"removeAllActions":{"!description":"Removes all the controls in the aggregation named <code>actions<\/code>.\n\nAdditionally, it unregisters them from the hosting UIArea.","!type":"fn() -> [sap.ui.core.Control]","!category":"function"},"!category":"class","indexOfMoreBlock":{"!description":"Checks for the provided <code>sap.ui.core.Control<\/code> in the aggregation named <code>moreBlocks<\/code>.\nand returns its index if found or -1 otherwise.","!type":"fn(oMoreBlock: sap.ui.core.Control) -> Number","!category":"function"},"removeBlock":{"!description":"Removes a block from the aggregation named <code>blocks<\/code>.","!type":"fn(vBlock: Number | String | sap.ui.core.Control) -> sap.ui.core.Control","!category":"function"},"indexOfAction":{"!description":"Checks for the provided <code>sap.ui.core.Control<\/code> in the aggregation named <code>actions<\/code>.\nand returns its index if found or -1 otherwise.","!type":"fn(oAction: sap.ui.core.Control) -> Number","!category":"function"},"destroyBlocks":{"!description":"Destroys all the blocks in the aggregation\nnamed <code>blocks<\/code>.","!type":"fn() -> sap.uxap.ObjectPageSubSection","!category":"function"},"indexOfBlock":{"!description":"Checks for the provided <code>sap.ui.core.Control<\/code> in the aggregation named <code>blocks<\/code>.\nand returns its index if found or -1 otherwise.","!type":"fn(oBlock: sap.ui.core.Control) -> Number","!category":"function"},"removeAllBlocks":{"!description":"Removes all the controls in the aggregation named <code>blocks<\/code>.\n\nAdditionally, it unregisters them from the hosting UIArea.","!type":"fn() -> [sap.ui.core.Control]","!category":"function"},"getMoreBlocks":{"!description":"Gets content of aggregation <code>moreBlocks<\/code>.\n\nAdditional controls to display when the Show more / See all / (...) button is pressed","!type":"fn() -> [sap.ui.core.Control]","!category":"function"},"getActions":{"!description":"Gets content of aggregation <code>actions<\/code>.\n\nActions available for this Subsection","!type":"fn() -> [sap.ui.core.Control]","!category":"function"},"getBlocks":{"!description":"Gets content of aggregation <code>blocks<\/code>.\n\nControls to be displayed in the subsection","!type":"fn() -> [sap.ui.core.Control]","!category":"function"},"setMode":{"!description":"Sets a new value for property <code>mode<\/code>.\n\nA mode property that will be passed to the controls in the blocks and moreBlocks aggregations. Only relevant if these aggregations use Object page blocks.\n\nWhen called with a value of <code>null<\/code> or <code>undefined<\/code>, the default value of the property will be restored.\n\nDefault value is <code>Collapsed<\/code>.","!type":"fn(sMode: sap.uxap.ObjectPageSubSectionMode) -> sap.uxap.ObjectPageSubSection","!category":"function"},"insertAction":{"!description":"Inserts a action into the aggregation named <code>actions<\/code>.","!type":"fn(oAction: sap.ui.core.Control, iIndex: Number) -> sap.uxap.ObjectPageSubSection","!category":"function"},"getTitleUppercase":{"!description":"Gets current value of property <code>titleUppercase<\/code>.\n\nDetermines whether the Subsection title is displayed in upper case.\n\nDefault value is <code>false<\/code>.","!type":"fn() -> Boolean","!category":"function"},"setTitleUppercase":{"!description":"Sets a new value for property <code>titleUppercase<\/code>.\n\nDetermines whether the Subsection title is displayed in upper case.\n\nWhen called with a value of <code>null<\/code> or <code>undefined<\/code>, the default value of the property will be restored.\n\nDefault value is <code>false<\/code>.","!type":"fn(bTitleUppercase: Boolean) -> sap.uxap.ObjectPageSubSection","!category":"function"},"removeMoreBlock":{"!description":"Removes a moreBlock from the aggregation named <code>moreBlocks<\/code>.","!type":"fn(vMoreBlock: Number | String | sap.ui.core.Control) -> sap.ui.core.Control","!category":"function"},"!description":"\nAn ObjectPageSubSection is the second-level information container of an Object page and may only be used within an Object page section.\nSubsections may display primary information in the so called blocks aggregation (always visible)\nand not-so-important information in the moreBlocks aggregation, whose content is initially hidden, but may be accessed via a See more (...) button.\nDisclaimer: This control is intended to be used only as part of the Object page layout","destroyActions":{"!description":"Destroys all the actions in the aggregation\nnamed <code>actions<\/code>.","!type":"fn() -> sap.uxap.ObjectPageSubSection","!category":"function"},"removeAllMoreBlocks":{"!description":"Removes all the controls in the aggregation named <code>moreBlocks<\/code>.\n\nAdditionally, it unregisters them from the hosting UIArea.","!type":"fn() -> [sap.ui.core.Control]","!category":"function"},"addBlock":{"!description":"Adds some block into the aggregation named <code>blocks<\/code>.","!type":"fn(oBlock: sap.ui.core.Control) -> sap.uxap.ObjectPageSubSection","!category":"function"},"getMode":{"!description":"Gets current value of property <code>mode<\/code>.\n\nA mode property that will be passed to the controls in the blocks and moreBlocks aggregations. Only relevant if these aggregations use Object page blocks.\n\nDefault value is <code>Collapsed<\/code>.","!type":"fn() -> sap.uxap.ObjectPageSubSectionMode","!category":"function"},"addMoreBlock":{"!description":"Adds some moreBlock into the aggregation named <code>moreBlocks<\/code>.","!type":"fn(oMoreBlock: sap.ui.core.Control) -> sap.uxap.ObjectPageSubSection","!category":"function"},"insertBlock":{"!description":"Inserts a block into the aggregation named <code>blocks<\/code>.","!type":"fn(oBlock: sap.ui.core.Control, iIndex: Number) -> sap.uxap.ObjectPageSubSection","!category":"function"},"addAction":{"!description":"Adds some action into the aggregation named <code>actions<\/code>.","!type":"fn(oAction: sap.ui.core.Control) -> sap.uxap.ObjectPageSubSection","!category":"function"},"removeAction":{"!description":"Removes a action from the aggregation named <code>actions<\/code>.","!type":"fn(vAction: Number | String | sap.ui.core.Control) -> sap.ui.core.Control","!category":"function"},"insertMoreBlock":{"!description":"Inserts a moreBlock into the aggregation named <code>moreBlocks<\/code>.","!type":"fn(oMoreBlock: sap.ui.core.Control, iIndex: Number) -> sap.uxap.ObjectPageSubSection","!category":"function"},"getMetadata":{"!description":"Returns a metadata object for class sap.uxap.ObjectPageSubSection.","!type":"fn() -> sap.ui.base.Metadata","!category":"function"},"!proto":"sap.uxap.ObjectPageSectionBase"},"sap.uxap.AnchorBar_obj":{"extend":{"!description":"Creates a new subclass of class sap.uxap.AnchorBar with name <code>sClassName<\/code>\nand enriches it with the information contained in <code>oClassInfo<\/code>.\n\n<code>oClassInfo<\/code> might contain the same kind of information as described in {@link sap.m.Toolbar.extend}.","!type":"fn(sClassName: String, oClassInfo?: Object, FNMetaImpl?: fn())","!category":"function"},"!type":"fn(sId: String, mSettings: Object)","prototype":"sap.uxap.AnchorBar"},"sap.uxap.ObjectPageSection":{"getSelectedSubSection":{"!description":"ID of the element which is the current target of the <code>selectedSubSection<\/code> association, or <code>null<\/code>.\n\nThe most recently selected Subsection by the user.","!type":"fn() -> sap.uxap.ObjectPageSubSection","!category":"function"},"destroySubSections":{"!description":"Destroys all the subSections in the aggregation\nnamed <code>subSections<\/code>.","!type":"fn() -> sap.uxap.ObjectPageSection","!category":"function"},"insertSubSection":{"!description":"Inserts a subSection into the aggregation named <code>subSections<\/code>.","!type":"fn(oSubSection: sap.uxap.ObjectPageSubSection, iIndex: Number) -> sap.uxap.ObjectPageSection","!category":"function"},"getSubSections":{"!description":"Gets content of aggregation <code>subSections<\/code>.\n\nThe list of Subsections.","!type":"fn() -> [sap.uxap.ObjectPageSubSection]","!category":"function"},"setShowTitle":{"!description":"Sets a new value for property <code>showTitle<\/code>.\n\nDetermines whether to display the Section title or not.\n\nWhen called with a value of <code>null<\/code> or <code>undefined<\/code>, the default value of the property will be restored.\n\nDefault value is <code>true<\/code>.","!type":"fn(bShowTitle: Boolean) -> sap.uxap.ObjectPageSection","!category":"function"},"getTitleUppercase":{"!description":"Gets current value of property <code>titleUppercase<\/code>.\n\nDetermines whether the Section title is displayed in upper case.\n\nDefault value is <code>true<\/code>.","!type":"fn() -> Boolean","!category":"function"},"removeAllSubSections":{"!description":"Removes all the controls in the aggregation named <code>subSections<\/code>.\n\nAdditionally, it unregisters them from the hosting UIArea.","!type":"fn() -> [sap.uxap.ObjectPageSubSection]","!category":"function"},"setTitleUppercase":{"!description":"Sets a new value for property <code>titleUppercase<\/code>.\n\nDetermines whether the Section title is displayed in upper case.\n\nWhen called with a value of <code>null<\/code> or <code>undefined<\/code>, the default value of the property will be restored.\n\nDefault value is <code>true<\/code>.","!type":"fn(bTitleUppercase: Boolean) -> sap.uxap.ObjectPageSection","!category":"function"},"removeSubSection":{"!description":"Removes a subSection from the aggregation named <code>subSections<\/code>.","!type":"fn(vSubSection: Number | String | sap.uxap.ObjectPageSubSection) -> sap.uxap.ObjectPageSubSection","!category":"function"},"!description":"\nAn ObjectPageSection is the top-level information container of an Object page. Its purpose is to aggregate Subsections.\nDisclaimer: This control is intended to be used only as part of the Object page layout","setSelectedSubSection":{"!description":"Sets the associated <code>selectedSubSection<\/code>.","!type":"fn(oSelectedSubSection: sap.uxap.ObjectPageSubSection) -> sap.uxap.ObjectPageSection","!category":"function"},"!category":"class","getShowTitle":{"!description":"Gets current value of property <code>showTitle<\/code>.\n\nDetermines whether to display the Section title or not.\n\nDefault value is <code>true<\/code>.","!type":"fn() -> Boolean","!category":"function"},"indexOfSubSection":{"!description":"Checks for the provided <code>sap.uxap.ObjectPageSubSection<\/code> in the aggregation named <code>subSections<\/code>.\nand returns its index if found or -1 otherwise.","!type":"fn(oSubSection: sap.uxap.ObjectPageSubSection) -> Number","!category":"function"},"addSubSection":{"!description":"Adds some subSection into the aggregation named <code>subSections<\/code>.","!type":"fn(oSubSection: sap.uxap.ObjectPageSubSection) -> sap.uxap.ObjectPageSection","!category":"function"},"!proto":"sap.uxap.ObjectPageSectionBase","getMetadata":{"!description":"Returns a metadata object for class sap.uxap.ObjectPageSection.","!type":"fn() -> sap.ui.base.Metadata","!category":"function"}},"sap.uxap.ObjectPageSubSectionLayout":{"TitleOnLeft":{"!description":"TitleOnLeft: title and actions on the left, inside the block area.","!type":"String","!category":"enum"},"!description":"Used by the ObjectPagSubSection control to define which layout to apply.","!category":"static class","TitleOnTop":{"!description":"TitleOnTop: title and actions on top of the block area.","!type":"String","!category":"enum"}},"sap.uxap.ObjectPageHeaderContent_obj":{"extend":{"!description":"Creates a new subclass of class sap.uxap.ObjectPageHeaderContent with name <code>sClassName<\/code>\nand enriches it with the information contained in <code>oClassInfo<\/code>.\n\n<code>oClassInfo<\/code> might contain the same kind of information as described in {@link sap.ui.core.Control.extend}.","!type":"fn(sClassName: String, oClassInfo?: Object, FNMetaImpl?: fn())","!category":"function"},"!type":"fn(sId: String, mSettings: Object)","prototype":"sap.uxap.ObjectPageHeaderContent"},"sap.uxap.ObjectPageHeaderLayoutData":{"setVisibleM":{"!description":"Sets a new value for property <code>visibleM<\/code>.\n\nIf this property is set the control will be visible (or not) in a medium sized layout.\n\nWhen called with a value of <code>null<\/code> or <code>undefined<\/code>, the default value of the property will be restored.\n\nDefault value is <code>true<\/code>.","!type":"fn(bVisibleM: Boolean) -> sap.uxap.ObjectPageHeaderLayoutData","!category":"function"},"getShowSeparatorAfter":{"!description":"Gets current value of property <code>showSeparatorAfter<\/code>.\n\nIf this property is set the control will display a separator after it.\n\nDefault value is <code>false<\/code>.","!type":"fn() -> Boolean","!category":"function"},"setVisibleL":{"!description":"Sets a new value for property <code>visibleL<\/code>.\n\nIf this property is set the control will be visible (or not) in a large sized layout.\n\nWhen called with a value of <code>null<\/code> or <code>undefined<\/code>, the default value of the property will be restored.\n\nDefault value is <code>true<\/code>.","!type":"fn(bVisibleL: Boolean) -> sap.uxap.ObjectPageHeaderLayoutData","!category":"function"},"getVisibleL":{"!description":"Gets current value of property <code>visibleL<\/code>.\n\nIf this property is set the control will be visible (or not) in a large sized layout.\n\nDefault value is <code>true<\/code>.","!type":"fn() -> Boolean","!category":"function"},"getShowSeparatorBefore":{"!description":"Gets current value of property <code>showSeparatorBefore<\/code>.\n\nIf this property is set the control will display a separator before it.\n\nDefault value is <code>false<\/code>.","!type":"fn() -> Boolean","!category":"function"},"getVisibleM":{"!description":"Gets current value of property <code>visibleM<\/code>.\n\nIf this property is set the control will be visible (or not) in a medium sized layout.\n\nDefault value is <code>true<\/code>.","!type":"fn() -> Boolean","!category":"function"},"!description":"This is a LayoutData Element that can be added to a control if this control is used within an ObjectPage headerContent aggregation","setShowSeparatorAfter":{"!description":"Sets a new value for property <code>showSeparatorAfter<\/code>.\n\nIf this property is set the control will display a separator after it.\n\nWhen called with a value of <code>null<\/code> or <code>undefined<\/code>, the default value of the property will be restored.\n\nDefault value is <code>false<\/code>.","!type":"fn(bShowSeparatorAfter: Boolean) -> sap.uxap.ObjectPageHeaderLayoutData","!category":"function"},"getVisibleS":{"!description":"Gets current value of property <code>visibleS<\/code>.\n\nIf this property is set the control will be visible (or not) in a small sized layout.\n\nDefault value is <code>true<\/code>.","!type":"fn() -> Boolean","!category":"function"},"!category":"class","getWidth":{"!description":"Gets current value of property <code>width<\/code>.\n\nIf this property is set the control will take the provided size.\n\nDefault value is <code>auto<\/code>.","!type":"fn() -> sap.ui.core.CSSSize","!category":"function"},"setVisibleS":{"!description":"Sets a new value for property <code>visibleS<\/code>.\n\nIf this property is set the control will be visible (or not) in a small sized layout.\n\nWhen called with a value of <code>null<\/code> or <code>undefined<\/code>, the default value of the property will be restored.\n\nDefault value is <code>true<\/code>.","!type":"fn(bVisibleS: Boolean) -> sap.uxap.ObjectPageHeaderLayoutData","!category":"function"},"setWidth":{"!description":"Sets a new value for property <code>width<\/code>.\n\nIf this property is set the control will take the provided size.\n\nWhen called with a value of <code>null<\/code> or <code>undefined<\/code>, the default value of the property will be restored.\n\nDefault value is <code>auto<\/code>.","!type":"fn(sWidth: sap.ui.core.CSSSize) -> sap.uxap.ObjectPageHeaderLayoutData","!category":"function"},"!proto":"sap.ui.core.LayoutData","getMetadata":{"!description":"Returns a metadata object for class sap.uxap.ObjectPageHeaderLayoutData.","!type":"fn() -> sap.ui.base.Metadata","!category":"function"},"setShowSeparatorBefore":{"!description":"Sets a new value for property <code>showSeparatorBefore<\/code>.\n\nIf this property is set the control will display a separator before it.\n\nWhen called with a value of <code>null<\/code> or <code>undefined<\/code>, the default value of the property will be restored.\n\nDefault value is <code>false<\/code>.","!type":"fn(bShowSeparatorBefore: Boolean) -> sap.uxap.ObjectPageHeaderLayoutData","!category":"function"}},"sap.uxap.HierarchicalSelect_obj":{"extend":{"!description":"Creates a new subclass of class sap.uxap.HierarchicalSelect with name <code>sClassName<\/code>\nand enriches it with the information contained in <code>oClassInfo<\/code>.\n\n<code>oClassInfo<\/code> might contain the same kind of information as described in {@link sap.m.Select.extend}.","!type":"fn(sClassName: String, oClassInfo?: Object, FNMetaImpl?: fn())","!category":"function"},"!type":"fn(sId: String, mSettings: Object)","prototype":"sap.uxap.HierarchicalSelect"},"sap.uxap.ObjectPageHeaderPictureShape":{"!description":"Used by the ObjectPageHeader control to define which shape to use for the image.","Square":{"!description":"Square shape for the images in the ObjectPageHeader.","!type":"String","!category":"enum"},"!category":"static class","Circle":{"!description":"Circle shape for the images in the ObjectPageHeader.","!type":"String","!category":"enum"}},"sap.uxap.ObjectPageHeaderContent":{"addContent":{"!description":"Adds some content into the aggregation named <code>content<\/code>.","!type":"fn(oContent: sap.ui.core.Control) -> sap.uxap.ObjectPageHeaderContent","!category":"function"},"getContent":{"!description":"Gets content of aggregation <code>content<\/code>.\n\nThe list of Objects of type sap.ui.core.Control.","!type":"fn() -> [sap.ui.core.Control]","!category":"function"},"removeAllContent":{"!description":"Removes all the controls in the aggregation named <code>content<\/code>.\n\nAdditionally, it unregisters them from the hosting UIArea.","!type":"fn() -> [sap.ui.core.Control]","!category":"function"},"indexOfContent":{"!description":"Checks for the provided <code>sap.ui.core.Control<\/code> in the aggregation named <code>content<\/code>.\nand returns its index if found or -1 otherwise.","!type":"fn(oContent: sap.ui.core.Control) -> Number","!category":"function"},"removeContent":{"!description":"Removes a content from the aggregation named <code>content<\/code>.","!type":"fn(vContent: Number | String | sap.ui.core.Control) -> sap.ui.core.Control","!category":"function"},"destroyContent":{"!description":"Destroys all the content in the aggregation\nnamed <code>content<\/code>.","!type":"fn() -> sap.uxap.ObjectPageHeaderContent","!category":"function"},"setContentDesign":{"!description":"Sets a new value for property <code>contentDesign<\/code>.\n\nDetermines the design of the header - Light or Dark\n\nWhen called with a value of <code>null<\/code> or <code>undefined<\/code>, the default value of the property will be restored.\n\nDefault value is <code>Light<\/code>.","!type":"fn(sContentDesign: sap.uxap.ObjectPageHeaderDesign) -> sap.uxap.ObjectPageHeaderContent","!category":"function"},"!description":"ObjectPageHeaderContent represents the dynamic part of an Object page header. May contain any control.\nUnlike the Object page header title, the Object page header content is part of the scrolling area of the Object page.\nThis enables it to hold any amount of information and still be usable on a mobile device.","insertContent":{"!description":"Inserts a content into the aggregation named <code>content<\/code>.","!type":"fn(oContent: sap.ui.core.Control, iIndex: Number) -> sap.uxap.ObjectPageHeaderContent","!category":"function"},"!category":"class","!proto":"sap.ui.core.Control","getContentDesign":{"!description":"Gets current value of property <code>contentDesign<\/code>.\n\nDetermines the design of the header - Light or Dark\n\nDefault value is <code>Light<\/code>.","!type":"fn() -> sap.uxap.ObjectPageHeaderDesign","!category":"function"},"getMetadata":{"!description":"Returns a metadata object for class sap.uxap.ObjectPageHeaderContent.","!type":"fn() -> sap.ui.base.Metadata","!category":"function"}},"sap.uxap.ObjectPageSectionBase_obj":{"extend":{"!description":"Creates a new subclass of class sap.uxap.ObjectPageSectionBase with name <code>sClassName<\/code>\nand enriches it with the information contained in <code>oClassInfo<\/code>.\n\n<code>oClassInfo<\/code> might contain the same kind of information as described in {@link sap.ui.core.Control.extend}.","!type":"fn(sClassName: String, oClassInfo?: Object, FNMetaImpl?: fn())","!category":"function"},"!type":"fn(sId: String, mSettings: Object)","prototype":"sap.uxap.ObjectPageSectionBase"},"sap.uxap.ObjectPageSubSectionMode":{"!description":"Used by the ObjectPageLayout control to define which layout to use (either Collapsed or Expanded).","Collapsed":{"!description":"Collapsed mode of display of the ObjectPageLayout.","!type":"String","!category":"enum"},"!category":"static class","Expanded":{"!description":"Expanded mode of displaying the ObjectPageLayout.","!type":"String","!category":"enum"}},"sap.uxap.ModelMapping":{"setExternalModelName":{"!description":"Sets a new value for property <code>externalModelName<\/code>.\n\n\n\nWhen called with a value of <code>null<\/code> or <code>undefined<\/code>, the default value of the property will be restored.","!type":"fn(sExternalModelName: String) -> sap.uxap.ModelMapping","!category":"function"},"!description":"\nDefine the entity that will be passed to the ObjectPageLayout.","getExternalModelName":{"!description":"Gets current value of property <code>externalModelName<\/code>.","!type":"fn() -> String","!category":"function"},"!category":"class","setInternalModelName":{"!description":"Sets a new value for property <code>internalModelName<\/code>.\n\n\n\nWhen called with a value of <code>null<\/code> or <code>undefined<\/code>, the default value of the property will be restored.\n\nDefault value is <code>Model<\/code>.","!type":"fn(sInternalModelName: String) -> sap.uxap.ModelMapping","!category":"function"},"getInternalModelName":{"!description":"Gets current value of property <code>internalModelName<\/code>.\n\n\n\nDefault value is <code>Model<\/code>.","!type":"fn() -> String","!category":"function"},"setExternalPath":{"!description":"Sets a new value for property <code>externalPath<\/code>.\n\n\n\nWhen called with a value of <code>null<\/code> or <code>undefined<\/code>, the default value of the property will be restored.","!type":"fn(sExternalPath: String) -> sap.uxap.ModelMapping","!category":"function"},"getMetadata":{"!description":"Returns a metadata object for class sap.uxap.ModelMapping.","!type":"fn() -> sap.ui.base.Metadata","!category":"function"},"getExternalPath":{"!description":"Gets current value of property <code>externalPath<\/code>.","!type":"fn() -> String","!category":"function"},"!proto":"sap.ui.core.Element"},"sap.uxap.Importance":{"Medium":{"!type":"String","!category":"enum"},"Low":{"!type":"String","!category":"enum"},"!description":"Used by the ObjectSectionBase control to define the importance of the content contained in it.","!category":"static class","High":{"!type":"String","!category":"enum"}},"sap.uxap":{"showSeparatorBefore":{"!description":"If this property is set the control will display a separator before it.","!type":"Boolean","!category":"enum"},"ObjectPageHeader":"sap.uxap.ObjectPageHeader_obj","autoAdjustWidth":{"!description":"Indicates whether the width of the input field is determined by the selected item's content.","!type":"Boolean","!category":"enum"},"ObjectPageSubSectionMode":"sap.uxap.ObjectPageSubSectionMode","useIconTabBar":{"!description":"Use sap.m.IconTabBar instead of the default Anchor bar","!type":"Boolean","!category":"enum"},"visible":{"!description":"Invisible ObjectPageSectionBase are not rendered","!type":"Boolean","!category":"enum"},"titleUppercase":{"!description":"Determines whether the Subsection title is displayed in upper case.","!type":"Boolean","!category":"enum"},"objectSubtitle":{"!description":"The description of the object","!type":"String","!category":"enum"},"busy":{"!description":"Whether the control is currently in busy state.","!type":"Boolean","!category":"enum"},"ObjectPageConfigurationMode":"sap.uxap.ObjectPageConfigurationMode","type":{"!description":"Type of a button (e.g. Default, Accept, Reject, Back, etc.)","!type":"sap.m.ButtonType","!category":"enum"},"isObjectIconAlwaysVisible":{"!description":"Determines whether the icon should always be visible or if it should be visible only when scrolling.","!type":"Boolean","!category":"enum"},"useTwoColumnsForLargeScreen":{"!description":"Determines whether the to use two column layout for the L screen size.","!type":"Boolean","!category":"enum"},"ObjectPageHeaderContent":"sap.uxap.ObjectPageHeaderContent_obj","externalModelName":{"!type":"String","!category":"enum"},"height":{"!type":"sap.ui.core.CSSSize","!category":"enum"},"selectedKey":{"!description":"Key of the selected item. If the key has no corresponding aggregated item, no changes will be made.<br>\n<b>Note:<\/b> If duplicate keys exist, the first item matching the key is selected.","!type":"String","!category":"enum"},"objectImageURI":{"!description":"The URL of the image, representing the business object","!type":"String","!category":"enum"},"visibleL":{"!description":"If this property is set the control will be visible (or not) in a large sized layout.","!type":"Boolean","!category":"enum"},"visibleM":{"!description":"If this property is set the control will be visible (or not) in a medium sized layout.","!type":"Boolean","!category":"enum"},"ModelMapping":"sap.uxap.ModelMapping_obj","maxWidth":{"!description":"Sets the maximum width of the control.<br>\n\n<b>Note:<\/b> This property is ignored if the <code>autoAdjustWidth<\/code> property is set to <code>true<\/code>.","!type":"sap.ui.core.CSSSize","!category":"enum"},"busyIndicatorDelay":{"!description":"The delay in milliseconds, after which the busy indicator will show up for this control.","!type":"Number","!category":"enum"},"showTitle":{"!description":"Determines whether to display the Section title or not.","!type":"Boolean","!category":"enum"},"markFlagged":{"!description":"Set the flagged state to true or false. The showMarkers property must be true for this property to take effect.","!type":"Boolean","!category":"enum"},"ObjectPageHeaderLayoutData":"sap.uxap.ObjectPageHeaderLayoutData_obj","enabled":{"!description":"Boolean property to enable the control (default is true). Buttons that are disabled have other colors than enabled ones, depending on custom settings","!type":"Boolean","!category":"enum"},"text":{"!description":"Button text","!type":"String","!category":"enum"},"iconDensityAware":{"!description":"By default, this is set to true but then one or more requests are sent trying to get the density perfect version of image if this version of image doesn't exist on the server.\n\nIf only one version of image is provided, set this value to false to avoid the attempt of fetching density perfect image.","!type":"Boolean","!category":"enum"},"upperCase":{"!description":"Determines whether the HierarchicalSelect items are displayed in upper case.","!type":"Boolean","!category":"enum"},"width":{"!description":"If this property is set the control will take the provided size.","!type":"sap.ui.core.CSSSize","!category":"enum"},"showHeaderContent":{"!description":"Determines the visibility of the Header content (headerContent aggregation).","!type":"Boolean","!category":"enum"},"showTitleInHeaderContent":{"!description":"Determines whether the title, image, markers and selectTitleArrow are shown in the Header content area.","!type":"Boolean","!category":"enum"},"visibleS":{"!description":"If this property is set the control will be visible (or not) in a small sized layout.","!type":"Boolean","!category":"enum"},"textDirection":{"!description":"This property specifies the element's text directionality with enumerated options. By default, the control inherits text direction from the DOM.","!type":"sap.ui.core.TextDirection","!category":"enum"},"hideText":{"!description":"Hide the button text when rendered into the headerTitle part of the ObjectPageLayout.\nThis is useful if you want to display icons only in the headerTitle part but still want to display text + icon in the actionSheet that appears when not enough space is available on the screen for displaying all actions.","!type":"Boolean","!category":"enum"},"importance":{"!description":"Determines whether the section will be hidden on low resolutions.","!type":"sap.uxap.Importance","!category":"enum"},"showAnchorBarPopover":{"!description":"Determines whether to show a Popover with Subsection links when clicking on Section links in the Anchor bar.","!type":"Boolean","!category":"enum"},"active":{"!description":"Indicates that the whole toolbar is clickable. The Press event is fired only if Active is set to true.\nNote: This property should be used when there are no interactive controls inside the toolbar and the toolbar itself is meant to be interactive.","!type":"Boolean","!category":"enum"},"subSectionLayout":{"!description":"Determines whether Subsection titles are displayed on top or to the left of the Subsection content.","!type":"sap.uxap.ObjectPageSubSectionLayout","!category":"enum"},"objectImageDensityAware":{"!description":"The value of densityAware for the image, supplied via the objectImageURI property.\nSee sap.m.Image for more details on densityAware.","!type":"Boolean","!category":"enum"},"ObjectPageSection":"sap.uxap.ObjectPageSection_obj","ObjectPageHeaderDesign":"sap.uxap.ObjectPageHeaderDesign","BreadCrumbs":"sap.uxap.BreadCrumbs_obj","activeIcon":{"!description":"The source property of an alternative icon for the active (depressed) state of the button.\nBoth active and default icon properties should be defined and have the same type: image or icon font.\nIf the <code>icon<\/code> property is not set or has a different type, the active icon is not displayed.","!type":"sap.ui.core.URI","!category":"enum"},"markLocked":{"!description":"Set the locked state of the objectPageHeader.","!type":"Boolean","!category":"enum"},"hideIcon":{"!description":"Hide the button icon when rendered into the headerTitle part of the ObjectPageLayout.\nThis is useful if you want to display texts only in the headerTitle part but still want to display text + icon in the actionSheet that appears when not enough space is available on the screen for displaying all actions.","!type":"Boolean","!category":"enum"},"externalPath":{"!type":"String","!category":"enum"},"ObjectPageHeaderActionButton":"sap.uxap.ObjectPageHeaderActionButton_obj","HierarchicalSelect":"sap.uxap.HierarchicalSelect_obj","objectImageShape":{"!description":"Determines whether the picture should be displayed in a square or with a circle-shaped mask.","!type":"sap.uxap.ObjectPageHeaderPictureShape","!category":"enum"},"ObjectPageSubSection":"sap.uxap.ObjectPageSubSection_obj","AnchorBar":"sap.uxap.AnchorBar_obj","mode":{"!description":"A mode property that will be passed to the controls in the blocks and moreBlocks aggregations. Only relevant if these aggregations use Object page blocks.","!type":"sap.uxap.ObjectPageSubSectionMode","!category":"enum"},"BlockBaseColumnLayout":"sap.uxap.BlockBaseColumnLayout","showAnchorBar":{"!description":"Determines whether the Navigation bar (Anchor bar) is displayed.","!type":"Boolean","!category":"enum"},"isObjectSubtitleAlwaysVisible":{"!description":"Determines whether the subtitle should always be visible or if it should be visible only when scrolling.","!type":"Boolean","!category":"enum"},"title":{"!description":"Section Title","!type":"String","!category":"enum"},"showOnlyHighImportance":{"!description":"Determines whether sections and subsections with importance Low and Medium are hidden even on large screens","!type":"Boolean","!category":"enum"},"showSeparatorAfter":{"!description":"If this property is set the control will display a separator after it.","!type":"Boolean","!category":"enum"},"showCurrentLocation":{"!description":"Sets the visibility of the current/last element in the BreadCrumbs path.","!type":"Boolean","!category":"enum"},"showPopover":{"!description":"Determines whether to show a Popover with Subsection links when clicking on Section links in the Anchor bar.","!type":"Boolean","!category":"enum"},"name":{"!description":"The name to be used in the HTML code (for example, for HTML forms that send data to the server via submit).","!type":"String","!category":"enum"},"!category":"namespace","ObjectPageSubSectionLayout":"sap.uxap.ObjectPageSubSectionLayout","textAlign":{"!description":"Sets the horizontal alignment of the text within the input field.","!type":"sap.ui.core.TextAlign","!category":"enum"},"Importance":"sap.uxap.Importance","ObjectPageSectionBase":"sap.uxap.ObjectPageSectionBase_obj","iconFirst":{"!description":"If set to true (default), the display sequence is 1. icon 2. control text","!type":"Boolean","!category":"enum"},"showTitleSelector":{"!description":"When set to true, the selector arrow icon/image is shown and can be pressed.","!type":"Boolean","!category":"enum"},"icon":{"!description":"Icon to be displayed as graphical element within the button. This can be an image or an icon from the icon font.","!type":"sap.ui.core.URI","!category":"enum"},"ObjectPageLayout":"sap.uxap.ObjectPageLayout_obj","isObjectTitleAlwaysVisible":{"!description":"Determines whether the title should always be visible or if it should be visible only when scrolling.","!type":"Boolean","!category":"enum"},"showMarkers":{"!description":"Indicates if object page header title supports showing markers such as flagged and favorite.","!type":"Boolean","!category":"enum"},"contentDesign":{"!description":"Determines the design of the header - Light or Dark","!type":"sap.uxap.ObjectPageHeaderDesign","!category":"enum"},"headerDesign":{"!description":"Determines the design of the header - Light or Dark","!type":"sap.uxap.ObjectPageHeaderDesign","!category":"enum"},"!description":"SAP UxAP","ObjectPageHeaderPictureShape":"sap.uxap.ObjectPageHeaderPictureShape","objectTitle":{"!description":"The title of the object","!type":"String","!category":"enum"},"markFavorite":{"!description":"Set the favorite state to true or false. The showMarkers property must be true for this property to take effect.","!type":"Boolean","!category":"enum"},"upperCaseAnchorBar":{"!description":"Determines whether the Anchor bar items are displayed in upper case.","!type":"Boolean","!category":"enum"},"fieldGroupIds":{"!description":"The IDs of a logical field group that this control belongs to. All fields in a logical field group should share the same <code>fieldGroupId<\/code>.\nOnce a logical field group is left, the validateFieldGroup event is raised.","!type":"[String]","!category":"enum"},"selectedItemId":{"!description":"ID of the selected item. If the ID has no corresponding aggregated item, no changes will be made.","!type":"String","!category":"enum"},"internalModelName":{"!type":"String","!category":"enum"},"enableLazyLoading":{"!description":"Enable lazy loading for the Object page Subsections.","!type":"Boolean","!category":"enum"},"showPlaceholder":{"!description":"Enables support of a placeholder image in case no image is specified or the URL of the provided image is invalid.","!type":"Boolean","!category":"enum"},"isActionAreaAlwaysVisible":{"!description":"Determines whether the action buttons should always be visible or if they should be visible only when scrolling.","!type":"Boolean","!category":"enum"},"design":{"!description":"Defines the toolbar design.\nNote: Design settings are theme-dependent. They also determine the default height of the toolbar.","!type":"sap.m.ToolbarDesign","!category":"enum"},"objectImageAlt":{"!description":"The text to be used for the Alt attribute of the image, supplied via the objectImageURI property","!type":"String","!category":"enum"}},"sap.uxap.ObjectPageLayout":{"setShowAnchorBarPopover":{"!description":"Sets a new value for property <code>showAnchorBarPopover<\/code>.\n\nDetermines whether to show a Popover with Subsection links when clicking on Section links in the Anchor bar.\n\nWhen called with a value of <code>null<\/code> or <code>undefined<\/code>, the default value of the property will be restored.\n\nDefault value is <code>true<\/code>.","!type":"fn(bShowAnchorBarPopover: Boolean) -> sap.uxap.ObjectPageLayout","!category":"function"},"getShowTitleInHeaderContent":{"!description":"Gets current value of property <code>showTitleInHeaderContent<\/code>.\n\nDetermines whether the title, image, markers and selectTitleArrow are shown in the Header content area.\n\nDefault value is <code>false<\/code>.","!type":"fn() -> Boolean","!category":"function"},"insertSection":{"!description":"Inserts a section into the aggregation named <code>sections<\/code>.","!type":"fn(oSection: sap.uxap.ObjectPageSection, iIndex: Number) -> sap.uxap.ObjectPageLayout","!category":"function"},"removeSection":{"!description":"Removes a section from the aggregation named <code>sections<\/code>.","!type":"fn(vSection: Number | String | sap.uxap.ObjectPageSection) -> sap.uxap.ObjectPageSection","!category":"function"},"getShowOnlyHighImportance":{"!description":"Gets current value of property <code>showOnlyHighImportance<\/code>.\n\nDetermines whether sections and subsections with importance Low and Medium are hidden even on large screens\n\nDefault value is <code>false<\/code>.","!type":"fn() -> Boolean","!category":"function"},"setShowOnlyHighImportance":{"!description":"Sets a new value for property <code>showOnlyHighImportance<\/code>.\n\nDetermines whether sections and subsections with importance Low and Medium are hidden even on large screens\n\nWhen called with a value of <code>null<\/code> or <code>undefined<\/code>, the default value of the property will be restored.\n\nDefault value is <code>false<\/code>.","!type":"fn(bShowOnlyHighImportance: Boolean) -> sap.uxap.ObjectPageLayout","!category":"function"},"getHeaderTitle":{"!description":"Gets content of aggregation <code>headerTitle<\/code>.\n\nObject page header title - the upper, always static, part of the Object page header.","!type":"fn() -> sap.uxap.ObjectPageHeader","!category":"function"},"getHeight":{"!description":"Gets current value of property <code>height<\/code>.\n\n\n\nDefault value is <code>100%<\/code>.","!type":"fn() -> sap.ui.core.CSSSize","!category":"function"},"indexOfSection":{"!description":"Checks for the provided <code>sap.uxap.ObjectPageSection<\/code> in the aggregation named <code>sections<\/code>.\nand returns its index if found or -1 otherwise.","!type":"fn(oSection: sap.uxap.ObjectPageSection) -> Number","!category":"function"},"getShowAnchorBarPopover":{"!description":"Gets current value of property <code>showAnchorBarPopover<\/code>.\n\nDetermines whether to show a Popover with Subsection links when clicking on Section links in the Anchor bar.\n\nDefault value is <code>true<\/code>.","!type":"fn() -> Boolean","!category":"function"},"setEnableLazyLoading":{"!description":"Sets a new value for property <code>enableLazyLoading<\/code>.\n\nEnable lazy loading for the Object page Subsections.\n\nWhen called with a value of <code>null<\/code> or <code>undefined<\/code>, the default value of the property will be restored.\n\nDefault value is <code>false<\/code>.","!type":"fn(bEnableLazyLoading: Boolean) -> sap.uxap.ObjectPageLayout","!category":"function"},"getSubSectionLayout":{"!description":"Gets current value of property <code>subSectionLayout<\/code>.\n\nDetermines whether Subsection titles are displayed on top or to the left of the Subsection content.\n\nDefault value is <code>TitleOnTop<\/code>.","!type":"fn() -> sap.uxap.ObjectPageSubSectionLayout","!category":"function"},"insertHeaderContent":{"!description":"Inserts a headerContent into the aggregation named <code>headerContent<\/code>.","!type":"fn(oHeaderContent: sap.ui.core.Control, iIndex: Number) -> sap.uxap.ObjectPageLayout","!category":"function"},"destroyHeaderContent":{"!description":"Destroys all the headerContent in the aggregation\nnamed <code>headerContent<\/code>.","!type":"fn() -> sap.uxap.ObjectPageLayout","!category":"function"},"addSection":{"!description":"Adds some section into the aggregation named <code>sections<\/code>.","!type":"fn(oSection: sap.uxap.ObjectPageSection) -> sap.uxap.ObjectPageLayout","!category":"function"},"!category":"class","addHeaderContent":{"!description":"Adds some headerContent into the aggregation named <code>headerContent<\/code>.","!type":"fn(oHeaderContent: sap.ui.core.Control) -> sap.uxap.ObjectPageLayout","!category":"function"},"getUseTwoColumnsForLargeScreen":{"!description":"Gets current value of property <code>useTwoColumnsForLargeScreen<\/code>.\n\nDetermines whether the to use two column layout for the L screen size.\n\nDefault value is <code>false<\/code>.","!type":"fn() -> Boolean","!category":"function"},"destroySections":{"!description":"Destroys all the sections in the aggregation\nnamed <code>sections<\/code>.","!type":"fn() -> sap.uxap.ObjectPageLayout","!category":"function"},"fireToggleAnchorBar":{"!description":"Fires event toggleAnchorBar to attached listeners.\n\nExpects the following event parameters:\n<ul>\n<li>'fixed' of type <code>boolean<\/code>False indicates that the Anchor bar has just detached from the Header and became part of the scrolling area. True means that the Anchor bar has just snapped to the Header.<\/li>\n<\/ul>","!type":"fn(mArguments?: Map) -> sap.uxap.ObjectPageLayout","!category":"function"},"setHeaderTitle":{"!description":"Sets the aggregated <code>headerTitle<\/code>.","!type":"fn(oHeaderTitle: sap.uxap.ObjectPageHeader) -> sap.uxap.ObjectPageLayout","!category":"function"},"getShowAnchorBar":{"!description":"Gets current value of property <code>showAnchorBar<\/code>.\n\nDetermines whether the Navigation bar (Anchor bar) is displayed.\n\nDefault value is <code>true<\/code>.","!type":"fn() -> Boolean","!category":"function"},"getShowHeaderContent":{"!description":"Gets current value of property <code>showHeaderContent<\/code>.\n\nDetermines the visibility of the Header content (headerContent aggregation).\n\nDefault value is <code>true<\/code>.","!type":"fn() -> Boolean","!category":"function"},"getUseIconTabBar":{"!description":"Gets current value of property <code>useIconTabBar<\/code>.\n\nUse sap.m.IconTabBar instead of the default Anchor bar\n\nDefault value is <code>false<\/code>.","!type":"fn() -> Boolean","!category":"function"},"setUseTwoColumnsForLargeScreen":{"!description":"Sets a new value for property <code>useTwoColumnsForLargeScreen<\/code>.\n\nDetermines whether the to use two column layout for the L screen size.\n\nWhen called with a value of <code>null<\/code> or <code>undefined<\/code>, the default value of the property will be restored.\n\nDefault value is <code>false<\/code>.","!type":"fn(bUseTwoColumnsForLargeScreen: Boolean) -> sap.uxap.ObjectPageLayout","!category":"function"},"getEnableLazyLoading":{"!description":"Gets current value of property <code>enableLazyLoading<\/code>.\n\nEnable lazy loading for the Object page Subsections.\n\nDefault value is <code>false<\/code>.","!type":"fn() -> Boolean","!category":"function"},"detachToggleAnchorBar":{"!description":"Detaches event handler <code>fnFunction<\/code> from the 'toggleAnchorBar' event of this <code>sap.uxap.ObjectPageLayout<\/code>.\n\nThe passed function and listener object must match the ones used for event registration.","!type":"fn(fnFunction: fn(), oListener: Object) -> sap.uxap.ObjectPageLayout","!category":"function"},"setSubSectionLayout":{"!description":"Sets a new value for property <code>subSectionLayout<\/code>.\n\nDetermines whether Subsection titles are displayed on top or to the left of the Subsection content.\n\nWhen called with a value of <code>null<\/code> or <code>undefined<\/code>, the default value of the property will be restored.\n\nDefault value is <code>TitleOnTop<\/code>.","!type":"fn(sSubSectionLayout: sap.uxap.ObjectPageSubSectionLayout) -> sap.uxap.ObjectPageLayout","!category":"function"},"removeAllHeaderContent":{"!description":"Removes all the controls in the aggregation named <code>headerContent<\/code>.\n\nAdditionally, it unregisters them from the hosting UIArea.","!type":"fn() -> [sap.ui.core.Control]","!category":"function"},"setShowAnchorBar":{"!description":"Sets a new value for property <code>showAnchorBar<\/code>.\n\nDetermines whether the Navigation bar (Anchor bar) is displayed.\n\nWhen called with a value of <code>null<\/code> or <code>undefined<\/code>, the default value of the property will be restored.\n\nDefault value is <code>true<\/code>.","!type":"fn(bShowAnchorBar: Boolean) -> sap.uxap.ObjectPageLayout","!category":"function"},"destroyHeaderTitle":{"!description":"Destroys the headerTitle in the aggregation\nnamed <code>headerTitle<\/code>.","!type":"fn() -> sap.uxap.ObjectPageLayout","!category":"function"},"getScrollingSectionId":{"!description":"Returns the UI5 ID of the Section that is currently being scrolled.","!type":"fn() -> String","!category":"function"},"indexOfHeaderContent":{"!description":"Checks for the provided <code>sap.ui.core.Control<\/code> in the aggregation named <code>headerContent<\/code>.\nand returns its index if found or -1 otherwise.","!type":"fn(oHeaderContent: sap.ui.core.Control) -> Number","!category":"function"},"!description":"An ObjectPageLayout is the layout control, used to put together all parts of an Object page - Header, Navigation bar and Sections/Subsections.","attachToggleAnchorBar":{"!description":"Attaches event handler <code>fnFunction<\/code> to the 'toggleAnchorBar' event of this <code>sap.uxap.ObjectPageLayout<\/code>.\n\nWhen called, the context of the event handler (its <code>this<\/code>) will be bound to <code>oListener<\/code> if specified\notherwise it will be bound to this <code>sap.uxap.ObjectPageLayout<\/code> itself.\n\nThe event is fired when the Anchor bar is switched from moving to fixed or the other way round.","!type":"fn(oData?: Object, fnFunction: fn(), oListener?: Object) -> sap.uxap.ObjectPageLayout","!category":"function"},"setUpperCaseAnchorBar":{"!description":"Sets a new value for property <code>upperCaseAnchorBar<\/code>.\n\nDetermines whether the Anchor bar items are displayed in upper case.\n\nWhen called with a value of <code>null<\/code> or <code>undefined<\/code>, the default value of the property will be restored.\n\nDefault value is <code>true<\/code>.","!type":"fn(bUpperCaseAnchorBar: Boolean) -> sap.uxap.ObjectPageLayout","!category":"function"},"getSections":{"!description":"Gets content of aggregation <code>sections<\/code>.\n\nThe sections that make up the Object page content area.","!type":"fn() -> [sap.uxap.ObjectPageSection]","!category":"function"},"setHeight":{"!description":"Sets a new value for property <code>height<\/code>.\n\n\n\nWhen called with a value of <code>null<\/code> or <code>undefined<\/code>, the default value of the property will be restored.\n\nDefault value is <code>100%<\/code>.","!type":"fn(sHeight: sap.ui.core.CSSSize) -> sap.uxap.ObjectPageLayout","!category":"function"},"getUpperCaseAnchorBar":{"!description":"Gets current value of property <code>upperCaseAnchorBar<\/code>.\n\nDetermines whether the Anchor bar items are displayed in upper case.\n\nDefault value is <code>true<\/code>.","!type":"fn() -> Boolean","!category":"function"},"removeHeaderContent":{"!description":"Removes a headerContent from the aggregation named <code>headerContent<\/code>.","!type":"fn(vHeaderContent: Number | String | sap.ui.core.Control) -> sap.ui.core.Control","!category":"function"},"removeAllSections":{"!description":"Removes all the controls in the aggregation named <code>sections<\/code>.\n\nAdditionally, it unregisters them from the hosting UIArea.","!type":"fn() -> [sap.uxap.ObjectPageSection]","!category":"function"},"setShowTitleInHeaderContent":{"!description":"Sets a new value for property <code>showTitleInHeaderContent<\/code>.\n\nDetermines whether the title, image, markers and selectTitleArrow are shown in the Header content area.\n\nWhen called with a value of <code>null<\/code> or <code>undefined<\/code>, the default value of the property will be restored.\n\nDefault value is <code>false<\/code>.","!type":"fn(bShowTitleInHeaderContent: Boolean) -> sap.uxap.ObjectPageLayout","!category":"function"},"!proto":"sap.ui.core.Control","getMetadata":{"!description":"Returns a metadata object for class sap.uxap.ObjectPageLayout.","!type":"fn() -> sap.ui.base.Metadata","!category":"function"}},"sap.uxap.ObjectPageHeaderActionButton":{"!description":"\nButton that can be used in the ObjectPageHeader action aggregation.","setHideText":{"!description":"Sets a new value for property <code>hideText<\/code>.\n\nHide the button text when rendered into the headerTitle part of the ObjectPageLayout.\nThis is useful if you want to display icons only in the headerTitle part but still want to display text + icon in the actionSheet that appears when not enough space is available on the screen for displaying all actions.\n\nWhen called with a value of <code>null<\/code> or <code>undefined<\/code>, the default value of the property will be restored.\n\nDefault value is <code>true<\/code>.","!type":"fn(bHideText: Boolean) -> sap.uxap.ObjectPageHeaderActionButton","!category":"function"},"!category":"class","getHideText":{"!description":"Gets current value of property <code>hideText<\/code>.\n\nHide the button text when rendered into the headerTitle part of the ObjectPageLayout.\nThis is useful if you want to display icons only in the headerTitle part but still want to display text + icon in the actionSheet that appears when not enough space is available on the screen for displaying all actions.\n\nDefault value is <code>true<\/code>.","!type":"fn() -> Boolean","!category":"function"},"setHideIcon":{"!description":"Sets a new value for property <code>hideIcon<\/code>.\n\nHide the button icon when rendered into the headerTitle part of the ObjectPageLayout.\nThis is useful if you want to display texts only in the headerTitle part but still want to display text + icon in the actionSheet that appears when not enough space is available on the screen for displaying all actions.\n\nWhen called with a value of <code>null<\/code> or <code>undefined<\/code>, the default value of the property will be restored.\n\nDefault value is <code>false<\/code>.","!type":"fn(bHideIcon: Boolean) -> sap.uxap.ObjectPageHeaderActionButton","!category":"function"},"getHideIcon":{"!description":"Gets current value of property <code>hideIcon<\/code>.\n\nHide the button icon when rendered into the headerTitle part of the ObjectPageLayout.\nThis is useful if you want to display texts only in the headerTitle part but still want to display text + icon in the actionSheet that appears when not enough space is available on the screen for displaying all actions.\n\nDefault value is <code>false<\/code>.","!type":"fn() -> Boolean","!category":"function"},"getMetadata":{"!description":"Returns a metadata object for class sap.uxap.ObjectPageHeaderActionButton.","!type":"fn() -> sap.ui.base.Metadata","!category":"function"},"!proto":"sap.m.Button"},"sap.uxap.ObjectPageHeader":{"removeAllBreadCrumbsLinks":{"!description":"Removes all the controls in the aggregation named <code>breadCrumbsLinks<\/code>.\n\nAdditionally, it unregisters them from the hosting UIArea.","!type":"fn() -> [sap.m.Link]","!category":"function"},"detachTitleSelectorPress":{"!description":"Detaches event handler <code>fnFunction<\/code> from the 'titleSelectorPress' event of this <code>sap.uxap.ObjectPageHeader<\/code>.\n\nThe passed function and listener object must match the ones used for event registration.","!type":"fn(fnFunction: fn(), oListener: Object) -> sap.uxap.ObjectPageHeader","!category":"function"},"getMarkFavorite":{"!description":"Gets current value of property <code>markFavorite<\/code>.\n\nSet the favorite state to true or false. The showMarkers property must be true for this property to take effect.\n\nDefault value is <code>false<\/code>.","!type":"fn() -> Boolean","!category":"function"},"destroyBreadCrumbsLinks":{"!description":"Destroys all the breadCrumbsLinks in the aggregation\nnamed <code>breadCrumbsLinks<\/code>.","!type":"fn() -> sap.uxap.ObjectPageHeader","!category":"function"},"setHeaderDesign":{"!description":"Sets a new value for property <code>headerDesign<\/code>.\n\nDetermines the design of the header - Light or Dark\n\nWhen called with a value of <code>null<\/code> or <code>undefined<\/code>, the default value of the property will be restored.\n\nDefault value is <code>Light<\/code>.","!type":"fn(sHeaderDesign: sap.uxap.ObjectPageHeaderDesign) -> sap.uxap.ObjectPageHeader","!category":"function"},"getIsObjectSubtitleAlwaysVisible":{"!description":"Gets current value of property <code>isObjectSubtitleAlwaysVisible<\/code>.\n\nDetermines whether the subtitle should always be visible or if it should be visible only when scrolling.\n\nDefault value is <code>true<\/code>.","!type":"fn() -> Boolean","!category":"function"},"setObjectImageAlt":{"!description":"Sets a new value for property <code>objectImageAlt<\/code>.\n\nThe text to be used for the Alt attribute of the image, supplied via the objectImageURI property\n\nWhen called with a value of <code>null<\/code> or <code>undefined<\/code>, the default value of the property will be restored.\n\nDefault value is <code><\/code>.","!type":"fn(sObjectImageAlt: String) -> sap.uxap.ObjectPageHeader","!category":"function"},"getObjectImageDensityAware":{"!description":"Gets current value of property <code>objectImageDensityAware<\/code>.\n\nThe value of densityAware for the image, supplied via the objectImageURI property.\nSee sap.m.Image for more details on densityAware.\n\nDefault value is <code>false<\/code>.","!type":"fn() -> Boolean","!category":"function"},"setIsObjectSubtitleAlwaysVisible":{"!description":"Sets a new value for property <code>isObjectSubtitleAlwaysVisible<\/code>.\n\nDetermines whether the subtitle should always be visible or if it should be visible only when scrolling.\n\nWhen called with a value of <code>null<\/code> or <code>undefined<\/code>, the default value of the property will be restored.\n\nDefault value is <code>true<\/code>.","!type":"fn(bIsObjectSubtitleAlwaysVisible: Boolean) -> sap.uxap.ObjectPageHeader","!category":"function"},"getMarkFlagged":{"!description":"Gets current value of property <code>markFlagged<\/code>.\n\nSet the flagged state to true or false. The showMarkers property must be true for this property to take effect.\n\nDefault value is <code>false<\/code>.","!type":"fn() -> Boolean","!category":"function"},"setObjectImageShape":{"!description":"Sets a new value for property <code>objectImageShape<\/code>.\n\nDetermines whether the picture should be displayed in a square or with a circle-shaped mask.\n\nWhen called with a value of <code>null<\/code> or <code>undefined<\/code>, the default value of the property will be restored.\n\nDefault value is <code>Square<\/code>.","!type":"fn(sObjectImageShape: sap.uxap.ObjectPageHeaderPictureShape) -> sap.uxap.ObjectPageHeader","!category":"function"},"destroyNavigationBar":{"!description":"Destroys the navigationBar in the aggregation\nnamed <code>navigationBar<\/code>.","!type":"fn() -> sap.uxap.ObjectPageHeader","!category":"function"},"setNavigationBar":{"!description":"Sets the aggregated <code>navigationBar<\/code>.","!type":"fn(oNavigationBar: sap.m.Bar) -> sap.uxap.ObjectPageHeader","!category":"function"},"getIsActionAreaAlwaysVisible":{"!description":"Gets current value of property <code>isActionAreaAlwaysVisible<\/code>.\n\nDetermines whether the action buttons should always be visible or if they should be visible only when scrolling.\n\nDefault value is <code>true<\/code>.","!type":"fn() -> Boolean","!category":"function"},"getActions":{"!description":"Gets content of aggregation <code>actions<\/code>.\n\n\nList of actions that will be displayed in the header.\nYou can use ObjectPageHeaderActionButton controls to achieve a different visual representation of the action buttons in the action bar and the action sheet (overflow menu).\nYou can use ObjectPageHeaderLayoutData to display a visual separator.","!type":"fn() -> [sap.ui.core.Control]","!category":"function"},"insertAction":{"!description":"Inserts a action into the aggregation named <code>actions<\/code>.","!type":"fn(oAction: sap.ui.core.Control, iIndex: Number) -> sap.uxap.ObjectPageHeader","!category":"function"},"detachMarkLockedPress":{"!description":"Detaches event handler <code>fnFunction<\/code> from the 'markLockedPress' event of this <code>sap.uxap.ObjectPageHeader<\/code>.\n\nThe passed function and listener object must match the ones used for event registration.","!type":"fn(fnFunction: fn(), oListener: Object) -> sap.uxap.ObjectPageHeader","!category":"function"},"setShowTitleSelector":{"!description":"Sets a new value for property <code>showTitleSelector<\/code>.\n\nWhen set to true, the selector arrow icon/image is shown and can be pressed.\n\nWhen called with a value of <code>null<\/code> or <code>undefined<\/code>, the default value of the property will be restored.\n\nDefault value is <code>false<\/code>.","!type":"fn(bShowTitleSelector: Boolean) -> sap.uxap.ObjectPageHeader","!category":"function"},"destroyActions":{"!description":"Destroys all the actions in the aggregation\nnamed <code>actions<\/code>.","!type":"fn() -> sap.uxap.ObjectPageHeader","!category":"function"},"setIsObjectIconAlwaysVisible":{"!description":"Sets a new value for property <code>isObjectIconAlwaysVisible<\/code>.\n\nDetermines whether the icon should always be visible or if it should be visible only when scrolling.\n\nWhen called with a value of <code>null<\/code> or <code>undefined<\/code>, the default value of the property will be restored.\n\nDefault value is <code>false<\/code>.","!type":"fn(bIsObjectIconAlwaysVisible: Boolean) -> sap.uxap.ObjectPageHeader","!category":"function"},"!proto":"sap.ui.core.Control","setMarkLocked":{"!description":"Sets a new value for property <code>markLocked<\/code>.\n\nSet the locked state of the objectPageHeader.\n\nWhen called with a value of <code>null<\/code> or <code>undefined<\/code>, the default value of the property will be restored.\n\nDefault value is <code>false<\/code>.","!type":"fn(bMarkLocked: Boolean) -> sap.uxap.ObjectPageHeader","!category":"function"},"setObjectImageDensityAware":{"!description":"Sets a new value for property <code>objectImageDensityAware<\/code>.\n\nThe value of densityAware for the image, supplied via the objectImageURI property.\nSee sap.m.Image for more details on densityAware.\n\nWhen called with a value of <code>null<\/code> or <code>undefined<\/code>, the default value of the property will be restored.\n\nDefault value is <code>false<\/code>.","!type":"fn(bObjectImageDensityAware: Boolean) -> sap.uxap.ObjectPageHeader","!category":"function"},"getBreadCrumbsLinks":{"!description":"Gets content of aggregation <code>breadCrumbsLinks<\/code>.\n\n\nA list of all the active link elements in the BreadCrumbs control.","!type":"fn() -> [sap.m.Link]","!category":"function"},"setMarkFavorite":{"!description":"Sets a new value for property <code>markFavorite<\/code>.\n\nSet the favorite state to true or false. The showMarkers property must be true for this property to take effect.\n\nWhen called with a value of <code>null<\/code> or <code>undefined<\/code>, the default value of the property will be restored.\n\nDefault value is <code>false<\/code>.","!type":"fn(bMarkFavorite: Boolean) -> sap.uxap.ObjectPageHeader","!category":"function"},"setObjectImageURI":{"!description":"Sets a new value for property <code>objectImageURI<\/code>.\n\nThe URL of the image, representing the business object\n\nWhen called with a value of <code>null<\/code> or <code>undefined<\/code>, the default value of the property will be restored.","!type":"fn(sObjectImageURI: String) -> sap.uxap.ObjectPageHeader","!category":"function"},"getHeaderDesign":{"!description":"Gets current value of property <code>headerDesign<\/code>.\n\nDetermines the design of the header - Light or Dark\n\nDefault value is <code>Light<\/code>.","!type":"fn() -> sap.uxap.ObjectPageHeaderDesign","!category":"function"},"removeAllActions":{"!description":"Removes all the controls in the aggregation named <code>actions<\/code>.\n\nAdditionally, it unregisters them from the hosting UIArea.","!type":"fn() -> [sap.ui.core.Control]","!category":"function"},"removeBreadCrumbLink":{"!description":"Removes a breadCrumbLink from the aggregation named <code>breadCrumbsLinks<\/code>.","!type":"fn(vBreadCrumbLink: Number | String | sap.m.Link) -> sap.m.Link","!category":"function"},"!category":"class","getObjectImageAlt":{"!description":"Gets current value of property <code>objectImageAlt<\/code>.\n\nThe text to be used for the Alt attribute of the image, supplied via the objectImageURI property\n\nDefault value is <code><\/code>.","!type":"fn() -> String","!category":"function"},"setIsActionAreaAlwaysVisible":{"!description":"Sets a new value for property <code>isActionAreaAlwaysVisible<\/code>.\n\nDetermines whether the action buttons should always be visible or if they should be visible only when scrolling.\n\nWhen called with a value of <code>null<\/code> or <code>undefined<\/code>, the default value of the property will be restored.\n\nDefault value is <code>true<\/code>.","!type":"fn(bIsActionAreaAlwaysVisible: Boolean) -> sap.uxap.ObjectPageHeader","!category":"function"},"setIsObjectTitleAlwaysVisible":{"!description":"Sets a new value for property <code>isObjectTitleAlwaysVisible<\/code>.\n\nDetermines whether the title should always be visible or if it should be visible only when scrolling.\n\nWhen called with a value of <code>null<\/code> or <code>undefined<\/code>, the default value of the property will be restored.\n\nDefault value is <code>true<\/code>.","!type":"fn(bIsObjectTitleAlwaysVisible: Boolean) -> sap.uxap.ObjectPageHeader","!category":"function"},"indexOfAction":{"!description":"Checks for the provided <code>sap.ui.core.Control<\/code> in the aggregation named <code>actions<\/code>.\nand returns its index if found or -1 otherwise.","!type":"fn(oAction: sap.ui.core.Control) -> Number","!category":"function"},"getObjectImageShape":{"!description":"Gets current value of property <code>objectImageShape<\/code>.\n\nDetermines whether the picture should be displayed in a square or with a circle-shaped mask.\n\nDefault value is <code>Square<\/code>.","!type":"fn() -> sap.uxap.ObjectPageHeaderPictureShape","!category":"function"},"getObjectTitle":{"!description":"Gets current value of property <code>objectTitle<\/code>.\n\nThe title of the object","!type":"fn() -> String","!category":"function"},"setMarkFlagged":{"!description":"Sets a new value for property <code>markFlagged<\/code>.\n\nSet the flagged state to true or false. The showMarkers property must be true for this property to take effect.\n\nWhen called with a value of <code>null<\/code> or <code>undefined<\/code>, the default value of the property will be restored.\n\nDefault value is <code>false<\/code>.","!type":"fn(bMarkFlagged: Boolean) -> sap.uxap.ObjectPageHeader","!category":"function"},"getShowTitleSelector":{"!description":"Gets current value of property <code>showTitleSelector<\/code>.\n\nWhen set to true, the selector arrow icon/image is shown and can be pressed.\n\nDefault value is <code>false<\/code>.","!type":"fn() -> Boolean","!category":"function"},"attachTitleSelectorPress":{"!description":"Attaches event handler <code>fnFunction<\/code> to the 'titleSelectorPress' event of this <code>sap.uxap.ObjectPageHeader<\/code>.\n\nWhen called, the context of the event handler (its <code>this<\/code>) will be bound to <code>oListener<\/code> if specified\notherwise it will be bound to this <code>sap.uxap.ObjectPageHeader<\/code> itself.\n\nThe event is fired when the objectPage header title selector (down-arrow) is pressed","!type":"fn(oData?: Object, fnFunction: fn(), oListener?: Object) -> sap.uxap.ObjectPageHeader","!category":"function"},"getObjectImageURI":{"!description":"Gets current value of property <code>objectImageURI<\/code>.\n\nThe URL of the image, representing the business object","!type":"fn() -> String","!category":"function"},"attachMarkLockedPress":{"!description":"Attaches event handler <code>fnFunction<\/code> to the 'markLockedPress' event of this <code>sap.uxap.ObjectPageHeader<\/code>.\n\nWhen called, the context of the event handler (its <code>this<\/code>) will be bound to <code>oListener<\/code> if specified\notherwise it will be bound to this <code>sap.uxap.ObjectPageHeader<\/code> itself.\n\nThe event is fired when the Locked button is pressed","!type":"fn(oData?: Object, fnFunction: fn(), oListener?: Object) -> sap.uxap.ObjectPageHeader","!category":"function"},"getNavigationBar":{"!description":"Gets content of aggregation <code>navigationBar<\/code>.\n\n\nAn instance of sap.uxap.AnchorBar to be embedded in the header","!type":"fn() -> sap.m.Bar","!category":"function"},"insertBreadCrumbLink":{"!description":"Inserts a breadCrumbLink into the aggregation named <code>breadCrumbsLinks<\/code>.","!type":"fn(oBreadCrumbLink: sap.m.Link, iIndex: Number) -> sap.uxap.ObjectPageHeader","!category":"function"},"!description":"ObjectPageHeader represents the static part of an Object page header.\nTypically used to display the basic information about a business object, such as title/description/picture, as well as a list of common actions.","addBreadCrumbLink":{"!description":"Adds some breadCrumbLink into the aggregation named <code>breadCrumbsLinks<\/code>.","!type":"fn(oBreadCrumbLink: sap.m.Link) -> sap.uxap.ObjectPageHeader","!category":"function"},"indexOfBreadCrumbLink":{"!description":"Checks for the provided <code>sap.m.Link<\/code> in the aggregation named <code>breadCrumbsLinks<\/code>.\nand returns its index if found or -1 otherwise.","!type":"fn(oBreadCrumbLink: sap.m.Link) -> Number","!category":"function"},"getShowMarkers":{"!description":"Gets current value of property <code>showMarkers<\/code>.\n\nIndicates if object page header title supports showing markers such as flagged and favorite.\n\nDefault value is <code>false<\/code>.","!type":"fn() -> Boolean","!category":"function"},"getIsObjectTitleAlwaysVisible":{"!description":"Gets current value of property <code>isObjectTitleAlwaysVisible<\/code>.\n\nDetermines whether the title should always be visible or if it should be visible only when scrolling.\n\nDefault value is <code>true<\/code>.","!type":"fn() -> Boolean","!category":"function"},"fireMarkLockedPress":{"!description":"Fires event markLockedPress to attached listeners.\n\nExpects the following event parameters:\n<ul>\n<li>'domRef' of type <code>string<\/code>Dom reference of the lock item's icon to be used for positioning.<\/li>\n<\/ul>","!type":"fn(mArguments?: Map) -> sap.uxap.ObjectPageHeader","!category":"function"},"setShowPlaceholder":{"!description":"Sets a new value for property <code>showPlaceholder<\/code>.\n\nEnables support of a placeholder image in case no image is specified or the URL of the provided image is invalid.\n\nWhen called with a value of <code>null<\/code> or <code>undefined<\/code>, the default value of the property will be restored.\n\nDefault value is <code>false<\/code>.","!type":"fn(bShowPlaceholder: Boolean) -> sap.uxap.ObjectPageHeader","!category":"function"},"fireTitleSelectorPress":{"!description":"Fires event titleSelectorPress to attached listeners.\n\nExpects the following event parameters:\n<ul>\n<li>'domRef' of type <code>string<\/code>Dom reference of the title item's icon to be used for positioning.<\/li>\n<\/ul>","!type":"fn(mArguments?: Map) -> sap.uxap.ObjectPageHeader","!category":"function"},"setShowMarkers":{"!description":"Sets a new value for property <code>showMarkers<\/code>.\n\nIndicates if object page header title supports showing markers such as flagged and favorite.\n\nWhen called with a value of <code>null<\/code> or <code>undefined<\/code>, the default value of the property will be restored.\n\nDefault value is <code>false<\/code>.","!type":"fn(bShowMarkers: Boolean) -> sap.uxap.ObjectPageHeader","!category":"function"},"getMarkLocked":{"!description":"Gets current value of property <code>markLocked<\/code>.\n\nSet the locked state of the objectPageHeader.\n\nDefault value is <code>false<\/code>.","!type":"fn() -> Boolean","!category":"function"},"addAction":{"!description":"Adds some action into the aggregation named <code>actions<\/code>.","!type":"fn(oAction: sap.ui.core.Control) -> sap.uxap.ObjectPageHeader","!category":"function"},"getIsObjectIconAlwaysVisible":{"!description":"Gets current value of property <code>isObjectIconAlwaysVisible<\/code>.\n\nDetermines whether the icon should always be visible or if it should be visible only when scrolling.\n\nDefault value is <code>false<\/code>.","!type":"fn() -> Boolean","!category":"function"},"getObjectSubtitle":{"!description":"Gets current value of property <code>objectSubtitle<\/code>.\n\nThe description of the object","!type":"fn() -> String","!category":"function"},"removeAction":{"!description":"Removes a action from the aggregation named <code>actions<\/code>.","!type":"fn(vAction: Number | String | sap.ui.core.Control) -> sap.ui.core.Control","!category":"function"},"setObjectSubtitle":{"!description":"Sets a new value for property <code>objectSubtitle<\/code>.\n\nThe description of the object\n\nWhen called with a value of <code>null<\/code> or <code>undefined<\/code>, the default value of the property will be restored.","!type":"fn(sObjectSubtitle: String) -> sap.uxap.ObjectPageHeader","!category":"function"},"getMetadata":{"!description":"Returns a metadata object for class sap.uxap.ObjectPageHeader.","!type":"fn() -> sap.ui.base.Metadata","!category":"function"},"getShowPlaceholder":{"!description":"Gets current value of property <code>showPlaceholder<\/code>.\n\nEnables support of a placeholder image in case no image is specified or the URL of the provided image is invalid.\n\nDefault value is <code>false<\/code>.","!type":"fn() -> Boolean","!category":"function"}},"sap.uxap.ObjectPageSubSection_obj":{"extend":{"!description":"Creates a new subclass of class sap.uxap.ObjectPageSubSection with name <code>sClassName<\/code>\nand enriches it with the information contained in <code>oClassInfo<\/code>.\n\n<code>oClassInfo<\/code> might contain the same kind of information as described in {@link sap.uxap.ObjectPageSectionBase.extend}.","!type":"fn(sClassName: String, oClassInfo?: Object, FNMetaImpl?: fn())","!category":"function"},"!type":"fn(sId: String, mSettings: Object)","prototype":"sap.uxap.ObjectPageSubSection"},"sap.uxap.ObjectPageHeaderDesign":{"!description":"Used by the ObjectPageHeader control to define which design to use.","Dark":{"!description":"Dark theme for the ObjectPageHeader.","!type":"String","!category":"enum"},"!category":"static class","Light":{"!description":"Light theme for the ObjectPageHeader.","!type":"String","!category":"enum"}},"sap.uxap.ObjectPageConfigurationMode":{"!description":"Used by the sap.uxap.component.Component how to initialize the ObjectPageLayout sections and subsections.","JsonModel":{"!type":"String","!category":"enum"},"JsonURL":{"!type":"String","!category":"enum"},"!category":"static class"},"sap.uxap.ObjectPageHeaderActionButton_obj":{"extend":{"!description":"Creates a new subclass of class sap.uxap.ObjectPageHeaderActionButton with name <code>sClassName<\/code>\nand enriches it with the information contained in <code>oClassInfo<\/code>.\n\n<code>oClassInfo<\/code> might contain the same kind of information as described in {@link sap.m.Button.extend}.","!type":"fn(sClassName: String, oClassInfo?: Object, FNMetaImpl?: fn())","!category":"function"},"!type":"fn(sId: String, mSettings: Object)","prototype":"sap.uxap.ObjectPageHeaderActionButton"},"sap.uxap.BlockBaseColumnLayout":{"!description":"Used by the BlockBase control to define how many columns should it be assigned by the objectPageSubSection.\n    The allowed values can be auto (subsection assigned a number of columns based on the parent objectPageLayout subsectionLayout property), 1, 2 or 3\n    (This may not be a valid value for some subSectionLayout, for example asking for 3 columns in a 2 column layout would raise warnings).","!category":"namespace"},"sap":{"sap":"sap","uxap":"sap.uxap","!category":"namespace"},"sap.uxap.BreadCrumbs":{"removeAllLinks":{"!description":"Removes all the controls in the aggregation named <code>links<\/code>.\n\nAdditionally, it unregisters them from the hosting UIArea.","!type":"fn() -> [sap.m.Link]","!category":"function"},"destroyLinks":{"!description":"Destroys all the links in the aggregation\nnamed <code>links<\/code>.","!type":"fn() -> sap.uxap.BreadCrumbs","!category":"function"},"indexOfLink":{"!description":"Checks for the provided <code>sap.m.Link<\/code> in the aggregation named <code>links<\/code>.\nand returns its index if found or -1 otherwise.","!type":"fn(oLink: sap.m.Link) -> Number","!category":"function"},"destroyCurrentLocation":{"!description":"Destroys the currentLocation in the aggregation\nnamed <code>currentLocation<\/code>.","!type":"fn() -> sap.uxap.BreadCrumbs","!category":"function"},"getShowCurrentLocation":{"!description":"Gets current value of property <code>showCurrentLocation<\/code>.\n\nSets the visibility of the current/last element in the BreadCrumbs path.\n\nDefault value is <code>true<\/code>.","!type":"fn() -> Boolean","!category":"function"},"getLinks":{"!description":"Gets content of aggregation <code>links<\/code>.\n\nA list of all the active link elements in the BreadCrumbs control.","!type":"fn() -> [sap.m.Link]","!category":"function"},"!description":"\nThe BreadCrumbs control represents the navigation steps up to the current location in the application and allows\nthe user to quickly navigate to a previous location on the path that got him to the current location.\nIt has two main modes of operation. One is a trail of links followed by separators (when there's enough space\nfor the control to fit on one line), and the other is a dropdown list with the links (when the trail of links\nwouldn't fit on one line).","setShowCurrentLocation":{"!description":"Sets a new value for property <code>showCurrentLocation<\/code>.\n\nSets the visibility of the current/last element in the BreadCrumbs path.\n\nWhen called with a value of <code>null<\/code> or <code>undefined<\/code>, the default value of the property will be restored.\n\nDefault value is <code>true<\/code>.","!type":"fn(bShowCurrentLocation: Boolean) -> sap.uxap.BreadCrumbs","!category":"function"},"addLink":{"!description":"Adds some link into the aggregation named <code>links<\/code>.","!type":"fn(oLink: sap.m.Link) -> sap.uxap.BreadCrumbs","!category":"function"},"setCurrentLocation":{"!description":"Sets the aggregated <code>currentLocation<\/code>.","!type":"fn(oCurrentLocation: sap.m.Text) -> sap.uxap.BreadCrumbs","!category":"function"},"removeLink":{"!description":"Removes a link from the aggregation named <code>links<\/code>.","!type":"fn(vLink: Number | String | sap.m.Link) -> sap.m.Link","!category":"function"},"!category":"class","getCurrentLocation":{"!description":"Gets content of aggregation <code>currentLocation<\/code>.\n\nThe current/last element in the BreadCrumbs path.","!type":"fn() -> sap.m.Text","!category":"function"},"insertLink":{"!description":"Inserts a link into the aggregation named <code>links<\/code>.","!type":"fn(oLink: sap.m.Link, iIndex: Number) -> sap.uxap.BreadCrumbs","!category":"function"},"!proto":"sap.ui.core.Control","getMetadata":{"!description":"Returns a metadata object for class sap.uxap.BreadCrumbs.","!type":"fn() -> sap.ui.base.Metadata","!category":"function"}},"sap.uxap.ModelMapping_obj":{"extend":{"!description":"Creates a new subclass of class sap.uxap.ModelMapping with name <code>sClassName<\/code>\nand enriches it with the information contained in <code>oClassInfo<\/code>.\n\n<code>oClassInfo<\/code> might contain the same kind of information as described in {@link sap.ui.core.Element.extend}.","!type":"fn(sClassName: String, oClassInfo?: Object, FNMetaImpl?: fn())","!category":"function"},"!type":"fn(sId: String, mSettings: Object)","prototype":"sap.uxap.ModelMapping"},"sap.uxap.AnchorBar":{"getSelectedButton":{"!description":"ID of the element which is the current target of the <code>selectedButton<\/code> association, or <code>null<\/code>.\n\nThe button that represents the Section being scrolled by the user.","!type":"fn() -> sap.m.Button","!category":"function"},"!description":"Anchor bar is the navigation bar of an Object page. Its purpose is to provide links to all Sections and Subsections. Takes the form of a Select on phone.","setShowPopover":{"!description":"Sets a new value for property <code>showPopover<\/code>.\n\nDetermines whether to show a Popover with Subsection links when clicking on Section links in the Anchor bar.\n\nWhen called with a value of <code>null<\/code> or <code>undefined<\/code>, the default value of the property will be restored.\n\nDefault value is <code>true<\/code>.","!type":"fn(bShowPopover: Boolean) -> sap.uxap.AnchorBar","!category":"function"},"getUpperCase":{"!description":"Gets current value of property <code>upperCase<\/code>.\n\nDetermines whether the Anchor bar items are displayed in upper case.\n\nDefault value is <code>false<\/code>.","!type":"fn() -> Boolean","!category":"function"},"getShowPopover":{"!description":"Gets current value of property <code>showPopover<\/code>.\n\nDetermines whether to show a Popover with Subsection links when clicking on Section links in the Anchor bar.\n\nDefault value is <code>true<\/code>.","!type":"fn() -> Boolean","!category":"function"},"!category":"class","setSelectedButton":{"!description":"Sets the associated <code>selectedButton<\/code>.","!type":"fn(oSelectedButton: sap.m.Button) -> sap.uxap.AnchorBar","!category":"function"},"setUpperCase":{"!description":"Sets a new value for property <code>upperCase<\/code>.\n\nDetermines whether the Anchor bar items are displayed in upper case.\n\nWhen called with a value of <code>null<\/code> or <code>undefined<\/code>, the default value of the property will be restored.\n\nDefault value is <code>false<\/code>.","!type":"fn(bUpperCase: Boolean) -> sap.uxap.AnchorBar","!category":"function"},"getMetadata":{"!description":"Returns a metadata object for class sap.uxap.AnchorBar.","!type":"fn() -> sap.ui.base.Metadata","!category":"function"},"!proto":"sap.m.Toolbar"},"sap.uxap.ObjectPageHeader_obj":{"extend":{"!description":"Creates a new subclass of class sap.uxap.ObjectPageHeader with name <code>sClassName<\/code>\nand enriches it with the information contained in <code>oClassInfo<\/code>.\n\n<code>oClassInfo<\/code> might contain the same kind of information as described in {@link sap.ui.core.Control.extend}.","!type":"fn(sClassName: String, oClassInfo?: Object, FNMetaImpl?: fn())","!category":"function"},"!type":"fn(sId: String, mSettings: Object)","prototype":"sap.uxap.ObjectPageHeader"},"sap.uxap.ObjectPageLayout_obj":{"extend":{"!description":"Creates a new subclass of class sap.uxap.ObjectPageLayout with name <code>sClassName<\/code>\nand enriches it with the information contained in <code>oClassInfo<\/code>.\n\n<code>oClassInfo<\/code> might contain the same kind of information as described in {@link sap.ui.core.Control.extend}.","!type":"fn(sClassName: String, oClassInfo?: Object, FNMetaImpl?: fn())","!category":"function"},"!type":"fn(sId: String, mSettings: Object)","prototype":"sap.uxap.ObjectPageLayout"},"sap.uxap.BreadCrumbs_obj":{"extend":{"!description":"Creates a new subclass of class sap.uxap.BreadCrumbs with name <code>sClassName<\/code>\nand enriches it with the information contained in <code>oClassInfo<\/code>.\n\n<code>oClassInfo<\/code> might contain the same kind of information as described in {@link sap.ui.core.Control.extend}.","!type":"fn(sClassName: String, oClassInfo?: Object, FNMetaImpl?: fn())","!category":"function"},"!type":"fn(sId: String, mSettings: Object)","prototype":"sap.uxap.BreadCrumbs"},"sap.uxap.ObjectPageSection_obj":{"extend":{"!description":"Creates a new subclass of class sap.uxap.ObjectPageSection with name <code>sClassName<\/code>\nand enriches it with the information contained in <code>oClassInfo<\/code>.\n\n<code>oClassInfo<\/code> might contain the same kind of information as described in {@link sap.uxap.ObjectPageSectionBase.extend}.","!type":"fn(sClassName: String, oClassInfo?: Object, FNMetaImpl?: fn())","!category":"function"},"!type":"fn(sId: String, mSettings: Object)","prototype":"sap.uxap.ObjectPageSection"},"sap.uxap.ObjectPageHeaderLayoutData_obj":{"extend":{"!description":"Creates a new subclass of class sap.uxap.ObjectPageHeaderLayoutData with name <code>sClassName<\/code>\nand enriches it with the information contained in <code>oClassInfo<\/code>.\n\n<code>oClassInfo<\/code> might contain the same kind of information as described in {@link sap.ui.core.LayoutData.extend}.","!type":"fn(sClassName: String, oClassInfo?: Object, FNMetaImpl?: fn())","!category":"function"},"!type":"fn(sId: String, mSettings: Object)","prototype":"sap.uxap.ObjectPageHeaderLayoutData"},"sap.uxap.ObjectPageSectionBase":{"setImportance":{"!description":"Sets a new value for property <code>importance<\/code>.\n\nDetermines whether the section will be hidden on low resolutions.\n\nWhen called with a value of <code>null<\/code> or <code>undefined<\/code>, the default value of the property will be restored.\n\nDefault value is <code>library.Importance.High<\/code>.","!type":"fn(sImportance: sap.uxap.Importance) -> sap.uxap.ObjectPageSectionBase","!category":"function"},"setVisible":{"!description":"Sets a new value for property <code>visible<\/code>.\n\nInvisible ObjectPageSectionBase are not rendered\n\nWhen called with a value of <code>null<\/code> or <code>undefined<\/code>, the default value of the property will be restored.\n\nDefault value is <code>true<\/code>.","!type":"fn(bVisible: Boolean) -> sap.uxap.ObjectPageSectionBase","!category":"function"},"connectToModels":{"!description":"Explicitly ask to connect to the UI5 model tree","!type":"fn()","!category":"function"},"setCustomAnchorBarButton":{"!description":"Sets the aggregated <code>customAnchorBarButton<\/code>.","!type":"fn(oCustomAnchorBarButton: sap.m.Button) -> sap.uxap.ObjectPageSectionBase","!category":"function"},"getImportance":{"!description":"Gets current value of property <code>importance<\/code>.\n\nDetermines whether the section will be hidden on low resolutions.\n\nDefault value is <code>library.Importance.High<\/code>.","!type":"fn() -> sap.uxap.Importance","!category":"function"},"getVisible":{"!description":"Gets current value of property <code>visible<\/code>.\n\nInvisible ObjectPageSectionBase are not rendered\n\nDefault value is <code>true<\/code>.","!type":"fn() -> Boolean","!category":"function"},"!description":"An abstract container for object page sections and subSections","getCustomAnchorBarButton":{"!description":"Gets content of aggregation <code>customAnchorBarButton<\/code>.\n\nThe custom button that will provide a link to the section in the ObjectPageLayout anchor bar.\nThis button will be used as a custom template to be into the ObjectPageLayout anchorBar area, therefore property changes happening on this button template after the first rendering won't affect the actual button copy used in the anchorBar.\n\nIf you want to change some of the button properties, you would need to bind them to a model.","!type":"fn() -> sap.m.Button","!category":"function"},"setTitle":{"!description":"Sets a new value for property <code>title<\/code>.\n\nSection Title\n\nWhen called with a value of <code>null<\/code> or <code>undefined<\/code>, the default value of the property will be restored.","!type":"fn(sTitle: String) -> sap.uxap.ObjectPageSectionBase","!category":"function"},"!category":"class","destroyCustomAnchorBarButton":{"!description":"Destroys the customAnchorBarButton in the aggregation\nnamed <code>customAnchorBarButton<\/code>.","!type":"fn() -> sap.uxap.ObjectPageSectionBase","!category":"function"},"getTitle":{"!description":"Gets current value of property <code>title<\/code>.\n\nSection Title","!type":"fn() -> String","!category":"function"},"!proto":"sap.ui.core.Control","getMetadata":{"!description":"Returns a metadata object for class sap.uxap.ObjectPageSectionBase.","!type":"fn() -> sap.ui.base.Metadata","!category":"function"}}},"!name":"sap.uxap"}