{"!define":{"sap":{"ui":"sap.ui","sap":"sap","!category":"namespace"},"sap.ui":{"rta":"sap.ui.rta","!category":"namespace"},"sap.ui.rta":{"RuntimeAuthoring":"sap.ui.rta.RuntimeAuthoring_obj","!description":"SAPUI5 library with RTA controls.","showCreateCustomField":{"!description":"Whether the create custom field button should be shown","!type":"Boolean","!category":"enum"},"!category":"namespace","customFieldUrl":{"!description":"The URL which is called when the custom field dialog is opened","!type":"String","!category":"enum"}},"sap.ui.rta.RuntimeAuthoring":{"stop":{"!description":"Stop Runtime Authoring","!type":"fn()","!category":"function"},"attachStart":{"!description":"Attaches event handler <code>fnFunction<\/code> to the 'start' event of this <code>sap.ui.rta.RuntimeAuthoring<\/code>.\n\nWhen called, the context of the event handler (its <code>this<\/code>) will be bound to <code>oListener<\/code> if specified\notherwise it will be bound to this <code>sap.ui.rta.RuntimeAuthoring<\/code> itself.\n\nFired when the runtime authoring is started","!type":"fn(oData?: Object, fnFunction: fn(), oListener?: Object) -> sap.ui.rta.RuntimeAuthoring","!category":"function"},"fireStart":{"!description":"Fires event start to attached listeners.","!type":"fn(mArguments?: Map) -> sap.ui.rta.RuntimeAuthoring","!category":"function"},"setCustomFieldUrl":{"!description":"Sets a new value for property <code>customFieldUrl<\/code>.\n\nThe URL which is called when the custom field dialog is opened\n\nWhen called with a value of <code>null<\/code> or <code>undefined<\/code>, the default value of the property will be restored.","!type":"fn(sCustomFieldUrl: String) -> sap.ui.rta.RuntimeAuthoring","!category":"function"},"detachStop":{"!description":"Detaches event handler <code>fnFunction<\/code> from the 'stop' event of this <code>sap.ui.rta.RuntimeAuthoring<\/code>.\n\nThe passed function and listener object must match the ones used for event registration.","!type":"fn(fnFunction: fn(), oListener: Object) -> sap.ui.rta.RuntimeAuthoring","!category":"function"},"exit":{"!description":"Exit Runtime Authoring - destroy all controls","!type":"fn()","!category":"function"},"!description":"<strong style=\"color: red;\">Experimental! <\/strong>","start":{"!description":"Start Runtime Authoring","!type":"fn()","!category":"function"},"getCustomFieldUrl":{"!description":"Gets current value of property <code>customFieldUrl<\/code>.\n\nThe URL which is called when the custom field dialog is opened","!type":"fn() -> String","!category":"function"},"getShowCreateCustomField":{"!description":"Gets current value of property <code>showCreateCustomField<\/code>.\n\nWhether the create custom field button should be shown","!type":"fn() -> Boolean","!category":"function"},"!category":"class","detachStart":{"!description":"Detaches event handler <code>fnFunction<\/code> from the 'start' event of this <code>sap.ui.rta.RuntimeAuthoring<\/code>.\n\nThe passed function and listener object must match the ones used for event registration.","!type":"fn(fnFunction: fn(), oListener: Object) -> sap.ui.rta.RuntimeAuthoring","!category":"function"},"setRootControl":{"!description":"Sets the associated <code>rootControl<\/code>.","!type":"fn(oRootControl: sap.ui.core.Control) -> sap.ui.rta.RuntimeAuthoring","!category":"function"},"getRootControl":{"!description":"ID of the element which is the current target of the <code>rootControl<\/code> association, or <code>null<\/code>.\n\nThe root control which the runtime authoring should handle","!type":"fn() -> sap.ui.core.Control","!category":"function"},"setShowCreateCustomField":{"!description":"Sets a new value for property <code>showCreateCustomField<\/code>.\n\nWhether the create custom field button should be shown\n\nWhen called with a value of <code>null<\/code> or <code>undefined<\/code>, the default value of the property will be restored.","!type":"fn(bShowCreateCustomField: Boolean) -> sap.ui.rta.RuntimeAuthoring","!category":"function"},"attachStop":{"!description":"Attaches event handler <code>fnFunction<\/code> to the 'stop' event of this <code>sap.ui.rta.RuntimeAuthoring<\/code>.\n\nWhen called, the context of the event handler (its <code>this<\/code>) will be bound to <code>oListener<\/code> if specified\notherwise it will be bound to this <code>sap.ui.rta.RuntimeAuthoring<\/code> itself.\n\nFired when the runtime authoring is stopped","!type":"fn(oData?: Object, fnFunction: fn(), oListener?: Object) -> sap.ui.rta.RuntimeAuthoring","!category":"function"},"!proto":"sap.ui.core.ManagedObject","fireStop":{"!description":"Fires event stop to attached listeners.","!type":"fn(mArguments?: Map) -> sap.ui.rta.RuntimeAuthoring","!category":"function"},"getMetadata":{"!description":"Returns a metadata object for class sap.ui.rta.RuntimeAuthoring.","!type":"fn() -> sap.ui.base.Metadata","!category":"function"}},"sap.ui.rta.RuntimeAuthoring_obj":{"extend":{"!description":"Creates a new subclass of class sap.ui.rta.RuntimeAuthoring with name <code>sClassName<\/code>\nand enriches it with the information contained in <code>oClassInfo<\/code>.\n\n<code>oClassInfo<\/code> might contain the same kind of information as described in {@link sap.ui.core.ManagedObject.extend}.","!type":"fn(sClassName: String, oClassInfo?: Object, FNMetaImpl?: fn())","!category":"function"},"!type":"fn()","prototype":"sap.ui.rta.RuntimeAuthoring"}},"!name":"sap.ui.rta"}