{"!define":{"sap.me.ProgressIndicator_obj":{"extend":{"!description":"Creates a new subclass of class sap.me.ProgressIndicator with name <code>sClassName<\/code>\nand enriches it with the information contained in <code>oClassInfo<\/code>.\n\n<code>oClassInfo<\/code> might contain the same kind of information as described in {@link sap.ui.core.Control.extend}.","!type":"fn(sClassName: String, oClassInfo?: Object, FNMetaImpl?: fn())","!category":"function"},"!type":"fn(sId: String, mSettings: Object)","prototype":"sap.me.ProgressIndicator"},"sap.me.CalendarEventType":{"!description":"<strong style=\"color: red;\">Experimental! <\/strong>","Type07":{"!description":"Type 07 (deletion requested / your action needed)","!type":"String","!category":"enum"},"Type06":{"!description":"Type 06 (public holiday)","!type":"String","!category":"enum"},"!category":"static class","Type04":{"!description":"Type 04 (open request / manager action needed)","!type":"String","!category":"enum"},"Type00":{"!description":"Type 00 (non-working day (e.g. weekend))","!type":"String","!category":"enum"},"Type10":{"!description":"Type 10 (workday)","!type":"String","!category":"enum"},"Type01":{"!description":"Type 01 (nonattendance / submitted day)","!type":"String","!category":"enum"}},"sap.me.Calendar":{"setDayWidth":{"!description":"Sets a new value for property <code>dayWidth<\/code>.\n\nthe width of a day\n\nWhen called with a value of <code>null<\/code> or <code>undefined<\/code>, the default value of the property will be restored.\n\nDefault value is <code>45<\/code>.","!type":"fn(iDayWidth: Number) -> sap.me.Calendar","!category":"function"},"getDisabledDates":{"!description":"Gets current value of property <code>disabledDates<\/code>.\n\nArray of specific dates (strings or Date objects) that will be disabled/non interactive","!type":"fn() -> Object","!category":"function"},"getEnableMultiselection":{"!description":"Gets current value of property <code>enableMultiselection<\/code>.\n\nto enable multiselection feature\n\nDefault value is <code>false<\/code>.","!type":"fn() -> Boolean","!category":"function"},"getMonths":{"!description":"Gets current value of property <code>months<\/code>.\n\nArray of month names, default value is sap.m.getLocaleData().getMonths(\"abbreviated\")\nCheck sap.ui.core.LocaleData documentation for more info.","!type":"fn() -> Object","!category":"function"},"setDisabledWeekDays":{"!description":"Sets a new value for property <code>disabledWeekDays<\/code>.\n\nArray of weekDays (as integers where 0=Sunday, 1=Monday etc) to be disabled. Interaction will be disabled for these week days.\n\nWhen called with a value of <code>null<\/code> or <code>undefined<\/code>, the default value of the property will be restored.","!type":"fn(oDisabledWeekDays: Object) -> sap.me.Calendar","!category":"function"},"setSelectionMode":{"!description":"Sets a new value for property <code>selectionMode<\/code>.\n\nIndicates the design of the calendar (mainly colors)\n\nWhen called with a value of <code>null<\/code> or <code>undefined<\/code>, the default value of the property will be restored.\n\nDefault value is <code>SINGLE<\/code>.","!type":"fn(sSelectionMode: sap.me.CalendarSelectionMode) -> sap.me.Calendar","!category":"function"},"detachChangeRange":{"!description":"Detaches event handler <code>fnFunction<\/code> from the 'changeRange' event of this <code>sap.me.Calendar<\/code>.\n\nThe passed function and listener object must match the ones used for event registration.","!type":"fn(fnFunction: fn(), oListener: Object) -> sap.me.Calendar","!category":"function"},"setDays":{"!description":"Sets a new value for property <code>days<\/code>.\n\nArray of day names, default value is sap.m.getLocaleData().getDays(\"abbreviated\")\nCheck sap.ui.core.LocaleData documentation for more info.\n\nWhen called with a value of <code>null<\/code> or <code>undefined<\/code>, the default value of the property will be restored.","!type":"fn(oDays: Object) -> sap.me.Calendar","!category":"function"},"detachChangeCurrentDate":{"!description":"Detaches event handler <code>fnFunction<\/code> from the 'changeCurrentDate' event of this <code>sap.me.Calendar<\/code>.\n\nThe passed function and listener object must match the ones used for event registration.","!type":"fn(fnFunction: fn(), oListener: Object) -> sap.me.Calendar","!category":"function"},"getWidth":{"!description":"Gets current value of property <code>width<\/code>.\n\nThe width of the calendar\n\nDefault value is <code>100%<\/code>.","!type":"fn() -> sap.ui.core.CSSSize","!category":"function"},"unselectAllDates":{"!description":"unselect all the dates","!type":"fn()","!category":"function"},"parseDate":{"!description":"Helper function to instantiate a Date from the string(s) provided\nby the getCurrentDate, getSelectedDates methods.\n<B>IMPORTANT:<\/B> The only valid values for the created Date are: year, month, day.\nDisregard any other value: hours, minutes, seconds, milliseconds...","!type":"fn(strDate: String) -> Date","!category":"function"},"fireChangeRange":{"!description":"Fires event changeRange to attached listeners.\n\nExpects the following event parameters:\n<ul>\n<li>'fromDate' of type <code>string<\/code>from date<\/li>\n<li>'toDate' of type <code>string<\/code>to date<\/li>\n<\/ul>","!type":"fn(mArguments?: Map) -> sap.me.Calendar","!category":"function"},"fireChangeCurrentDate":{"!description":"Fires event changeCurrentDate to attached listeners.\n\nExpects the following event parameters:\n<ul>\n<li>'currentDate' of type <code>string<\/code>new date<\/li>\n<\/ul>","!type":"fn(mArguments?: Map) -> sap.me.Calendar","!category":"function"},"getWeeksPerRow":{"!description":"Gets current value of property <code>weeksPerRow<\/code>.\n\nweeks to display in a row\n\nDefault value is <code>1<\/code>.","!type":"fn() -> Number","!category":"function"},"toggleDatesSelection":{"!description":"it toggles the passed dates to selected/unselected","!type":"fn(oADates: Object, bBSelect: Boolean)","!category":"function"},"attachChangeCurrentDate":{"!description":"Attaches event handler <code>fnFunction<\/code> to the 'changeCurrentDate' event of this <code>sap.me.Calendar<\/code>.\n\nWhen called, the context of the event handler (its <code>this<\/code>) will be bound to <code>oListener<\/code> if specified\notherwise it will be bound to this <code>sap.me.Calendar<\/code> itself.\n\nevent fired when tap to next or previous button and currentDate is updated","!type":"fn(oData?: Object, fnFunction: fn(), oListener?: Object) -> sap.me.Calendar","!category":"function"},"setMonthsToDisplay":{"!description":"Sets a new value for property <code>monthsToDisplay<\/code>.\n\nnumber of months in a row.\n\nWhen called with a value of <code>null<\/code> or <code>undefined<\/code>, the default value of the property will be restored.\n\nDefault value is <code>1<\/code>.","!type":"fn(iMonthsToDisplay: Number) -> sap.me.Calendar","!category":"function"},"getVisible":{"!description":"Gets current value of property <code>visible<\/code>.\n\nvisibility of the control\n\nDefault value is <code>true<\/code>.","!type":"fn() -> Boolean","!category":"function"},"getSingleRow":{"!description":"Gets current value of property <code>singleRow<\/code>.\n\nboolean that sets the view to week mode or month mode","!type":"fn() -> Boolean","!category":"function"},"getFirstDayOffset":{"!description":"Gets current value of property <code>firstDayOffset<\/code>.\n\nto offset the first day of the week (0 = sunday)\n\nDefault value is <code>0<\/code>.","!type":"fn() -> Number","!category":"function"},"setDesign":{"!description":"Sets a new value for property <code>design<\/code>.\n\nIndicates the design of the calendar (mainly colors)\n\nWhen called with a value of <code>null<\/code> or <code>undefined<\/code>, the default value of the property will be restored.\n\nDefault value is <code>Approval<\/code>.","!type":"fn(sDesign: sap.me.CalendarDesign) -> sap.me.Calendar","!category":"function"},"!proto":"sap.ui.core.Control","detachTapOnDate":{"!description":"Detaches event handler <code>fnFunction<\/code> from the 'tapOnDate' event of this <code>sap.me.Calendar<\/code>.\n\nThe passed function and listener object must match the ones used for event registration.","!type":"fn(fnFunction: fn(), oListener: Object) -> sap.me.Calendar","!category":"function"},"getDesign":{"!description":"Gets current value of property <code>design<\/code>.\n\nIndicates the design of the calendar (mainly colors)\n\nDefault value is <code>Approval<\/code>.","!type":"fn() -> sap.me.CalendarDesign","!category":"function"},"attachChangeRange":{"!description":"Attaches event handler <code>fnFunction<\/code> to the 'changeRange' event of this <code>sap.me.Calendar<\/code>.\n\nWhen called, the context of the event handler (its <code>this<\/code>) will be bound to <code>oListener<\/code> if specified\notherwise it will be bound to this <code>sap.me.Calendar<\/code> itself.\n\nwhen the range of selected dates changes","!type":"fn(oData?: Object, fnFunction: fn(), oListener?: Object) -> sap.me.Calendar","!category":"function"},"setEnableMultiselection":{"!description":"Sets a new value for property <code>enableMultiselection<\/code>.\n\nto enable multiselection feature\n\nWhen called with a value of <code>null<\/code> or <code>undefined<\/code>, the default value of the property will be restored.\n\nDefault value is <code>false<\/code>.","!type":"fn(bEnableMultiselection: Boolean) -> sap.me.Calendar","!category":"function"},"setHideMonthTitles":{"!description":"Sets a new value for property <code>hideMonthTitles<\/code>.\n\nhides the area of month titles\n\nWhen called with a value of <code>null<\/code> or <code>undefined<\/code>, the default value of the property will be restored.\n\nDefault value is <code>false<\/code>.","!type":"fn(bHideMonthTitles: Boolean) -> sap.me.Calendar","!category":"function"},"getSelectionMode":{"!description":"Gets current value of property <code>selectionMode<\/code>.\n\nIndicates the design of the calendar (mainly colors)\n\nDefault value is <code>SINGLE<\/code>.","!type":"fn() -> sap.me.CalendarSelectionMode","!category":"function"},"setSingleRow":{"!description":"Sets a new value for property <code>singleRow<\/code>.\n\nboolean that sets the view to week mode or month mode\n\nWhen called with a value of <code>null<\/code> or <code>undefined<\/code>, the default value of the property will be restored.","!type":"fn(bSingleRow: Boolean) -> sap.me.Calendar","!category":"function"},"getMonthsPerRow":{"!description":"Gets current value of property <code>monthsPerRow<\/code>.\n\nmonths to display in a row. This sets the width of the whole control in order to contain the desired number of months per row\n\nDefault value is <code>1<\/code>.","!type":"fn() -> Number","!category":"function"},"setMonthsPerRow":{"!description":"Sets a new value for property <code>monthsPerRow<\/code>.\n\nmonths to display in a row. This sets the width of the whole control in order to contain the desired number of months per row\n\nWhen called with a value of <code>null<\/code> or <code>undefined<\/code>, the default value of the property will be restored.\n\nDefault value is <code>1<\/code>.","!type":"fn(iMonthsPerRow: Number) -> sap.me.Calendar","!category":"function"},"getDisabledWeekDays":{"!description":"Gets current value of property <code>disabledWeekDays<\/code>.\n\nArray of weekDays (as integers where 0=Sunday, 1=Monday etc) to be disabled. Interaction will be disabled for these week days.","!type":"fn() -> Object","!category":"function"},"getCurrentDate":{"!description":"Gets current value of property <code>currentDate<\/code>.\n\nthe center date where the month/week will be built around","!type":"fn() -> String","!category":"function"},"getDays":{"!description":"Gets current value of property <code>days<\/code>.\n\nArray of day names, default value is sap.m.getLocaleData().getDays(\"abbreviated\")\nCheck sap.ui.core.LocaleData documentation for more info.","!type":"fn() -> Object","!category":"function"},"toggleDatesRangeSelection":{"!description":"it toggles the selection of the dates within the passed range to selected/unselected","!type":"fn(oODateStart: Object, oODateEnd: Object, bBSelected: Boolean)","!category":"function"},"!category":"class","setDayHeight":{"!description":"Sets a new value for property <code>dayHeight<\/code>.\n\nthe height of a day\n\nWhen called with a value of <code>null<\/code> or <code>undefined<\/code>, the default value of the property will be restored.\n\nDefault value is <code>50<\/code>.","!type":"fn(iDayHeight: Number) -> sap.me.Calendar","!category":"function"},"setWidth":{"!description":"Sets a new value for property <code>width<\/code>.\n\nThe width of the calendar\n\nWhen called with a value of <code>null<\/code> or <code>undefined<\/code>, the default value of the property will be restored.\n\nDefault value is <code>100%<\/code>.","!type":"fn(sWidth: sap.ui.core.CSSSize) -> sap.me.Calendar","!category":"function"},"setHideNavControls":{"!description":"Sets a new value for property <code>hideNavControls<\/code>.\n\nhides the area of navigation controls\n\nWhen called with a value of <code>null<\/code> or <code>undefined<\/code>, the default value of the property will be restored.\n\nDefault value is <code>false<\/code>.","!type":"fn(bHideNavControls: Boolean) -> sap.me.Calendar","!category":"function"},"getHideMonthTitles":{"!description":"Gets current value of property <code>hideMonthTitles<\/code>.\n\nhides the area of month titles\n\nDefault value is <code>false<\/code>.","!type":"fn() -> Boolean","!category":"function"},"getSwipeToNavigate":{"!description":"Gets current value of property <code>swipeToNavigate<\/code>.\n\nWhen enabled, swipe gestures will navigate and not select\n\nDefault value is <code>false<\/code>.","!type":"fn() -> Boolean","!category":"function"},"setMonths":{"!description":"Sets a new value for property <code>months<\/code>.\n\nArray of month names, default value is sap.m.getLocaleData().getMonths(\"abbreviated\")\nCheck sap.ui.core.LocaleData documentation for more info.\n\nWhen called with a value of <code>null<\/code> or <code>undefined<\/code>, the default value of the property will be restored.","!type":"fn(oMonths: Object) -> sap.me.Calendar","!category":"function"},"setVisible":{"!description":"Sets a new value for property <code>visible<\/code>.\n\nvisibility of the control\n\nWhen called with a value of <code>null<\/code> or <code>undefined<\/code>, the default value of the property will be restored.\n\nDefault value is <code>true<\/code>.","!type":"fn(bVisible: Boolean) -> sap.me.Calendar","!category":"function"},"getHideNavControls":{"!description":"Gets current value of property <code>hideNavControls<\/code>.\n\nhides the area of navigation controls\n\nDefault value is <code>false<\/code>.","!type":"fn() -> Boolean","!category":"function"},"fireTapOnDate":{"!description":"Fires event tapOnDate to attached listeners.\n\nExpects the following event parameters:\n<ul>\n<li>'date' of type <code>string<\/code>date tapped<\/li>\n<li>'didSelect' of type <code>boolean<\/code>if day was selected<\/li>\n<\/ul>","!type":"fn(mArguments?: Map) -> sap.me.Calendar","!category":"function"},"getSelectedDates":{"!description":"returns an array of the currently selected dates (dates are strings formatted as Date.toDateString())","!type":"fn() -> Object","!category":"function"},"setSwipeToNavigate":{"!description":"Sets a new value for property <code>swipeToNavigate<\/code>.\n\nWhen enabled, swipe gestures will navigate and not select\n\nWhen called with a value of <code>null<\/code> or <code>undefined<\/code>, the default value of the property will be restored.\n\nDefault value is <code>false<\/code>.","!type":"fn(bSwipeToNavigate: Boolean) -> sap.me.Calendar","!category":"function"},"getMonthsToDisplay":{"!description":"Gets current value of property <code>monthsToDisplay<\/code>.\n\nnumber of months in a row.\n\nDefault value is <code>1<\/code>.","!type":"fn() -> Number","!category":"function"},"setFirstDayOffset":{"!description":"Sets a new value for property <code>firstDayOffset<\/code>.\n\nto offset the first day of the week (0 = sunday)\n\nWhen called with a value of <code>null<\/code> or <code>undefined<\/code>, the default value of the property will be restored.\n\nDefault value is <code>0<\/code>.","!type":"fn(iFirstDayOffset: Number) -> sap.me.Calendar","!category":"function"},"setCurrentDate":{"!description":"Sets the current date of the calendar.","!type":"fn(strDate: String) -> sap.me.Calendar","!category":"function"},"setDisabledDates":{"!description":"Sets a new value for property <code>disabledDates<\/code>.\n\nArray of specific dates (strings or Date objects) that will be disabled/non interactive\n\nWhen called with a value of <code>null<\/code> or <code>undefined<\/code>, the default value of the property will be restored.","!type":"fn(oDisabledDates: Object) -> sap.me.Calendar","!category":"function"},"!description":"<strong style=\"color: red;\">Deprecated! <\/strong>Since 1.26.0 This control was experimental since 1.12. Please use the sap.ui.unified.Calendar instead!<br>This is the Calendar control","getDayWidth":{"!description":"Gets current value of property <code>dayWidth<\/code>.\n\nthe width of a day\n\nDefault value is <code>45<\/code>.","!type":"fn() -> Number","!category":"function"},"attachTapOnDate":{"!description":"Attaches event handler <code>fnFunction<\/code> to the 'tapOnDate' event of this <code>sap.me.Calendar<\/code>.\n\nWhen called, the context of the event handler (its <code>this<\/code>) will be bound to <code>oListener<\/code> if specified\notherwise it will be bound to this <code>sap.me.Calendar<\/code> itself.\n\nevent fired when a date is tapped","!type":"fn(oData?: Object, fnFunction: fn(), oListener?: Object) -> sap.me.Calendar","!category":"function"},"toggleDatesType":{"!description":"Change the type of the given dates","!type":"fn(oADates: Object, oSType: sap.me.CalendarEventType, bBAdd: Boolean)","!category":"function"},"getDayHeight":{"!description":"Gets current value of property <code>dayHeight<\/code>.\n\nthe height of a day\n\nDefault value is <code>50<\/code>.","!type":"fn() -> Number","!category":"function"},"setWeeksPerRow":{"!description":"Sets a new value for property <code>weeksPerRow<\/code>.\n\nweeks to display in a row\n\nWhen called with a value of <code>null<\/code> or <code>undefined<\/code>, the default value of the property will be restored.\n\nDefault value is <code>1<\/code>.","!type":"fn(iWeeksPerRow: Number) -> sap.me.Calendar","!category":"function"},"getMetadata":{"!description":"Returns a metadata object for class sap.me.Calendar.","!type":"fn() -> sap.ui.base.Metadata","!category":"function"}},"sap.me.OverlapCalendarEvent":{"setRow":{"!description":"Sets a new value for property <code>row<\/code>.\n\nId of the row on which to place this event\n\nWhen called with a value of <code>null<\/code> or <code>undefined<\/code>, the default value of the property will be restored.\n\nDefault value is <code>-1<\/code>.","!type":"fn(iRow: Number) -> sap.me.OverlapCalendarEvent","!category":"function"},"getTypeName":{"!description":"Gets current value of property <code>typeName<\/code>.\n\nThe CSS class to use","!type":"fn() -> String","!category":"function"},"bindTypeName":{"!description":"Binds property <code>typeName<\/code> to model data.\n\nSee {@link sap.ui.base.ManagedObject#bindProperty ManagedObject.bindProperty} for a \ndetailed description of the possible properties of <code>oBindingInfo<\/code>","!type":"fn(oBindingInfo: Object) -> sap.me.OverlapCalendarEvent","!category":"function"},"setEndDay":{"!description":"Sets a new value for property <code>endDay<\/code>.\n\nLast day of the event\n\nWhen called with a value of <code>null<\/code> or <code>undefined<\/code>, the default value of the property will be restored.","!type":"fn(sEndDay: String) -> sap.me.OverlapCalendarEvent","!category":"function"},"getEndDay":{"!description":"Gets current value of property <code>endDay<\/code>.\n\nLast day of the event","!type":"fn() -> String","!category":"function"},"unbindName":{"!description":"Unbinds property <code>name<\/code> from model data.","!type":"fn() -> sap.me.OverlapCalendarEvent","!category":"function"},"setStartDay":{"!description":"Sets a new value for property <code>startDay<\/code>.\n\nThe first day of the event\n\nWhen called with a value of <code>null<\/code> or <code>undefined<\/code>, the default value of the property will be restored.","!type":"fn(sStartDay: String) -> sap.me.OverlapCalendarEvent","!category":"function"},"getHalfDay":{"!description":"Gets current value of property <code>halfDay<\/code>.\n\nIs this half a day\n\nDefault value is <code>false<\/code>.","!type":"fn() -> Boolean","!category":"function"},"getType":{"!description":"Gets current value of property <code>type<\/code>.\n\nType of the event. Display in the second label (no overlap)","!type":"fn() -> String","!category":"function"},"!category":"class","bindRelevant":{"!description":"Binds property <code>relevant<\/code> to model data.\n\nSee {@link sap.ui.base.ManagedObject#bindProperty ManagedObject.bindProperty} for a \ndetailed description of the possible properties of <code>oBindingInfo<\/code>","!type":"fn(oBindingInfo: Object) -> sap.me.OverlapCalendarEvent","!category":"function"},"bindHalfDay":{"!description":"Binds property <code>halfDay<\/code> to model data.\n\nSee {@link sap.ui.base.ManagedObject#bindProperty ManagedObject.bindProperty} for a \ndetailed description of the possible properties of <code>oBindingInfo<\/code>","!type":"fn(oBindingInfo: Object) -> sap.me.OverlapCalendarEvent","!category":"function"},"unbindType":{"!description":"Unbinds property <code>type<\/code> from model data.","!type":"fn() -> sap.me.OverlapCalendarEvent","!category":"function"},"getRow":{"!description":"Gets current value of property <code>row<\/code>.\n\nId of the row on which to place this event\n\nDefault value is <code>-1<\/code>.","!type":"fn() -> Number","!category":"function"},"unbindRelevant":{"!description":"Unbinds property <code>relevant<\/code> from model data.","!type":"fn() -> sap.me.OverlapCalendarEvent","!category":"function"},"getRelevant":{"!description":"Gets current value of property <code>relevant<\/code>.\n\nIndicates if this elements is relevant to be consider in the overlap","!type":"fn() -> Boolean","!category":"function"},"getStartDay":{"!description":"Gets current value of property <code>startDay<\/code>.\n\nThe first day of the event","!type":"fn() -> String","!category":"function"},"bindEndDay":{"!description":"Binds property <code>endDay<\/code> to model data.\n\nSee {@link sap.ui.base.ManagedObject#bindProperty ManagedObject.bindProperty} for a \ndetailed description of the possible properties of <code>oBindingInfo<\/code>","!type":"fn(oBindingInfo: Object) -> sap.me.OverlapCalendarEvent","!category":"function"},"setType":{"!description":"Sets a new value for property <code>type<\/code>.\n\nType of the event. Display in the second label (no overlap)\n\nWhen called with a value of <code>null<\/code> or <code>undefined<\/code>, the default value of the property will be restored.","!type":"fn(sType: String) -> sap.me.OverlapCalendarEvent","!category":"function"},"unbindTypeName":{"!description":"Unbinds property <code>typeName<\/code> from model data.","!type":"fn() -> sap.me.OverlapCalendarEvent","!category":"function"},"unbindRow":{"!description":"Unbinds property <code>row<\/code> from model data.","!type":"fn() -> sap.me.OverlapCalendarEvent","!category":"function"},"setTypeName":{"!description":"Sets a new value for property <code>typeName<\/code>.\n\nThe CSS class to use\n\nWhen called with a value of <code>null<\/code> or <code>undefined<\/code>, the default value of the property will be restored.","!type":"fn(sTypeName: String) -> sap.me.OverlapCalendarEvent","!category":"function"},"bindRow":{"!description":"Binds property <code>row<\/code> to model data.\n\nSee {@link sap.ui.base.ManagedObject#bindProperty ManagedObject.bindProperty} for a \ndetailed description of the possible properties of <code>oBindingInfo<\/code>","!type":"fn(oBindingInfo: Object) -> sap.me.OverlapCalendarEvent","!category":"function"},"bindName":{"!description":"Binds property <code>name<\/code> to model data.\n\nSee {@link sap.ui.base.ManagedObject#bindProperty ManagedObject.bindProperty} for a \ndetailed description of the possible properties of <code>oBindingInfo<\/code>","!type":"fn(oBindingInfo: Object) -> sap.me.OverlapCalendarEvent","!category":"function"},"!description":"<strong style=\"color: red;\">Experimental! <\/strong>","bindStartDay":{"!description":"Binds property <code>startDay<\/code> to model data.\n\nSee {@link sap.ui.base.ManagedObject#bindProperty ManagedObject.bindProperty} for a \ndetailed description of the possible properties of <code>oBindingInfo<\/code>","!type":"fn(oBindingInfo: Object) -> sap.me.OverlapCalendarEvent","!category":"function"},"unbindHalfDay":{"!description":"Unbinds property <code>halfDay<\/code> from model data.","!type":"fn() -> sap.me.OverlapCalendarEvent","!category":"function"},"bindType":{"!description":"Binds property <code>type<\/code> to model data.\n\nSee {@link sap.ui.base.ManagedObject#bindProperty ManagedObject.bindProperty} for a \ndetailed description of the possible properties of <code>oBindingInfo<\/code>","!type":"fn(oBindingInfo: Object) -> sap.me.OverlapCalendarEvent","!category":"function"},"getName":{"!description":"Gets current value of property <code>name<\/code>.\n\nName of the row","!type":"fn() -> String","!category":"function"},"unbindStartDay":{"!description":"Unbinds property <code>startDay<\/code> from model data.","!type":"fn() -> sap.me.OverlapCalendarEvent","!category":"function"},"unbindEndDay":{"!description":"Unbinds property <code>endDay<\/code> from model data.","!type":"fn() -> sap.me.OverlapCalendarEvent","!category":"function"},"setName":{"!description":"Sets a new value for property <code>name<\/code>.\n\nName of the row\n\nWhen called with a value of <code>null<\/code> or <code>undefined<\/code>, the default value of the property will be restored.","!type":"fn(sName: String) -> sap.me.OverlapCalendarEvent","!category":"function"},"setRelevant":{"!description":"Sets a new value for property <code>relevant<\/code>.\n\nIndicates if this elements is relevant to be consider in the overlap\n\nWhen called with a value of <code>null<\/code> or <code>undefined<\/code>, the default value of the property will be restored.","!type":"fn(bRelevant: Boolean) -> sap.me.OverlapCalendarEvent","!category":"function"},"setHalfDay":{"!description":"Sets a new value for property <code>halfDay<\/code>.\n\nIs this half a day\n\nWhen called with a value of <code>null<\/code> or <code>undefined<\/code>, the default value of the property will be restored.\n\nDefault value is <code>false<\/code>.","!type":"fn(bHalfDay: Boolean) -> sap.me.OverlapCalendarEvent","!category":"function"},"!proto":"sap.ui.core.Element","getMetadata":{"!description":"Returns a metadata object for class sap.me.OverlapCalendarEvent.","!type":"fn() -> sap.ui.base.Metadata","!category":"function"}},"sap.me.CalendarSelectionMode":{"RANGE":{"!description":"Can select a range of dates","!type":"String","!category":"enum"},"!description":"<strong style=\"color: red;\">Experimental! <\/strong>","SINGLE":{"!description":"Can only select one date","!type":"String","!category":"enum"},"!category":"static class","MULTIPLE":{"!description":"Can select multiple dates and ranges","!type":"String","!category":"enum"}},"sap.me":{"dayHeight":{"!description":"the height of a day","!type":"Number","!category":"enum"},"visible":{"!description":"setter for visible property","!type":"Boolean","!category":"enum"},"hideNavControls":{"!description":"hides the area of navigation controls","!type":"Boolean","!category":"enum"},"legendForType01":{"!description":"legend for type 01","!type":"String","!category":"enum"},"legendForType00":{"!description":"legend for type 00","!type":"String","!category":"enum"},"busy":{"!description":"Whether the control is currently in busy state.","!type":"Boolean","!category":"enum"},"legendWidth":{"!description":"Indicates the legend items width","!type":"sap.ui.core.CSSSize","!category":"enum"},"legendForType04":{"!description":"legend for type 04","!type":"String","!category":"enum"},"type":{"!description":"Type of the event. Display in the second label (no overlap)","!type":"String","!category":"enum"},"legendForType07":{"!description":"legend for type 07","!type":"String","!category":"enum"},"legendForType06":{"!description":"legend for type 06","!type":"String","!category":"enum"},"badgeNotes":{"!description":"The number to display in the badge for the notes tab","!type":"Number","!category":"enum"},"selectionMode":{"!description":"Indicates the design of the calendar (mainly colors)","!type":"sap.me.CalendarSelectionMode","!category":"enum"},"startDay":{"!description":"The first day of the event","!type":"String","!category":"enum"},"legendForSelected00":{"!description":"legend for selected 00","!type":"String","!category":"enum"},"busyIndicatorDelay":{"!description":"The delay in milliseconds, after which the busy indicator will show up for this control.","!type":"Number","!category":"enum"},"CalendarEventType":"sap.me.CalendarEventType","disabledDates":{"!description":"Array of specific dates (strings or Date objects) that will be disabled/non interactive","!type":"Object","!category":"enum"},"enabled":{"!description":"Switches enabled state of the control. Disabled fields have different colors, and cannot be focused.","!type":"Boolean","!category":"enum"},"CalendarDesign":"sap.me.CalendarDesign","width":{"!description":"The width of the control.","!type":"sap.ui.core.CSSSize","!category":"enum"},"disabledWeekDays":{"!description":"Array of weekDays (as integers where 0=Sunday, 1=Monday etc) to be disabled. Interaction will be disabled for these week days.","!type":"Object","!category":"enum"},"badgePeople":{"!description":"The number to display in the badge for the people tab","!type":"Number","!category":"enum"},"OverlapCalendarEvent":"sap.me.OverlapCalendarEvent_obj","displayValue":{"!description":"The text value to be displayed in the bar.","!type":"String","!category":"enum"},"expanded":{"!description":"Indicates if the actual tab is expanded or not","!type":"Boolean","!category":"enum"},"row":{"!description":"Id of the row on which to place this event","!type":"Number","!category":"enum"},"OverlapCalendar":"sap.me.OverlapCalendar_obj","monthsPerRow":{"!description":"months to display in a row. This sets the width of the whole control in order to contain the desired number of months per row","!type":"Number","!category":"enum"},"currentDate":{"!description":"the center date where the month/week will be built around","!type":"String","!category":"enum"},"enableMultiselection":{"!description":"to enable multiselection feature","!type":"Boolean","!category":"enum"},"barColor":{"!description":"The color of the bar. Enumeration sap.ui.core.BarColor provides CRITICAL (yellow), NEGATIVE (red), POSITIVE (green), NEUTRAL (blue) (default value).","!type":"sap.ui.core.BarColor","!category":"enum"},"swipeToNavigate":{"!description":"Use swipe gesture to navigate","!type":"Boolean","!category":"enum"},"expandable":{"!description":"Indicates if the tab can be collapsed and expanded","!type":"Boolean","!category":"enum"},"badgeAttachments":{"!description":"The number to display in the badge for the attachments tab","!type":"Number","!category":"enum"},"singleRow":{"!description":"boolean that sets the view to week mode or month mode","!type":"Boolean","!category":"enum"},"startDate":{"!description":"The first date to display for the calendar","!type":"String","!category":"enum"},"endDay":{"!description":"Last day of the event","!type":"String","!category":"enum"},"percentValue":{"!description":"The numerical value for the displayed length of the progress bar.","!type":"Number","!category":"enum"},"ProgressIndicator":"sap.me.ProgressIndicator_obj","TabContainer":"sap.me.TabContainer_obj","showValue":{"!description":"Specifies whether the current value shall be rendered inside the bar.","!type":"Boolean","!category":"enum"},"legendForToday":{"!description":"legend for today","!type":"String","!category":"enum"},"legendForNormal":{"!description":"legend for normal","!type":"String","!category":"enum"},"selectedTab":{"!description":"Return the index of the selected tab","!type":"Number","!category":"enum"},"name":{"!description":"Name of the row","!type":"String","!category":"enum"},"CalendarLegend":"sap.me.CalendarLegend_obj","weeksPerRow":{"!description":"Number of weeks","!type":"Number","!category":"enum"},"!category":"namespace","dayWidth":{"!description":"the width of a day","!type":"Number","!category":"enum"},"relevant":{"!description":"Indicates if this elements is relevant to be consider in the overlap","!type":"Boolean","!category":"enum"},"hideMonthTitles":{"!description":"hides the area of month titles","!type":"Boolean","!category":"enum"},"monthsToDisplay":{"!description":"number of months in a row.","!type":"Number","!category":"enum"},"legendForSelected":{"!description":"legend for selected","!type":"String","!category":"enum"},"Calendar":"sap.me.Calendar_obj","CalendarSelectionMode":"sap.me.CalendarSelectionMode","firstDayOffset":{"!description":"Indicate how to offset the first day in regards to a Sunday (by default)","!type":"Number","!category":"enum"},"typeName":{"!description":"The CSS class to use","!type":"String","!category":"enum"},"showOverlapIndicator":{"!description":"Do we want to display the overlap indicator","!type":"Boolean","!category":"enum"},"months":{"!description":"Array of month names, default value is sap.m.getLocaleData().getMonths(\"abbreviated\")\nCheck sap.ui.core.LocaleData documentation for more info.","!type":"Object","!category":"enum"},"!description":"SAPUI5 library with controls specialized for mobile devices (extension).","days":{"!description":"Array of day names, default value is sap.m.getLocaleData().getDays(\"abbreviated\")\nCheck sap.ui.core.LocaleData documentation for more info.","!type":"Object","!category":"enum"},"halfDay":{"!description":"Is this half a day","!type":"Boolean","!category":"enum"},"fieldGroupIds":{"!description":"The IDs of a logical field group that this control belongs to. All fields in a logical field group should share the same <code>fieldGroupId<\/code>.\nOnce a logical field group is left, the validateFieldGroup event is raised.","!type":"[String]","!category":"enum"},"badgeInfo":{"!description":"The number to display in the badge for the info tab","!type":"Number","!category":"enum"},"design":{"!description":"design name for the legend","!type":"sap.me.CalendarDesign","!category":"enum"}},"sap.me.Calendar_obj":{"extend":{"!description":"Creates a new subclass of class sap.me.Calendar with name <code>sClassName<\/code>\nand enriches it with the information contained in <code>oClassInfo<\/code>.\n\n<code>oClassInfo<\/code> might contain the same kind of information as described in {@link sap.ui.core.Control.extend}.","!type":"fn(sClassName: String, oClassInfo?: Object, FNMetaImpl?: fn())","!category":"function"},"!type":"fn(sId: String, mSettings: Object)","prototype":"sap.me.Calendar"},"sap.me.CalendarLegend_obj":{"extend":{"!description":"Creates a new subclass of class sap.me.CalendarLegend with name <code>sClassName<\/code>\nand enriches it with the information contained in <code>oClassInfo<\/code>.\n\n<code>oClassInfo<\/code> might contain the same kind of information as described in {@link sap.ui.core.Control.extend}.","!type":"fn(sClassName: String, oClassInfo?: Object, FNMetaImpl?: fn())","!category":"function"},"!type":"fn(sId: String, mSettings: Object)","prototype":"sap.me.CalendarLegend"},"sap.me.OverlapCalendar":{"onAfterRendering":{"!type":"fn()","!category":"function"},"onswipeleft":{"!type":"fn(oEvent: event)","!category":"function"},"onBeforeRendering":{"!type":"fn()","!category":"function"},"destroyCalendarEvents":{"!description":"Destroys all the calendarEvents in the aggregation\nnamed <code>calendarEvents<\/code>.","!type":"fn() -> sap.me.OverlapCalendar","!category":"function"},"attachEndOfData":{"!description":"Attaches event handler <code>fnFunction<\/code> to the 'endOfData' event of this <code>sap.me.OverlapCalendar<\/code>.\n\nWhen called, the context of the event handler (its <code>this<\/code>) will be bound to <code>oListener<\/code> if specified\notherwise it will be bound to this <code>sap.me.OverlapCalendar<\/code> itself.\n\nIndicates that we have reach the last week with data","!type":"fn(oData?: Object, fnFunction: fn(), oListener?: Object) -> sap.me.OverlapCalendar","!category":"function"},"removeAllCalendarEvents":{"!description":"Removes all the controls in the aggregation named <code>calendarEvents<\/code>.\n\nAdditionally, it unregisters them from the hosting UIArea.","!type":"fn() -> [sap.me.OverlapCalendarEvent]","!category":"function"},"removeCalendarEvent":{"!description":"Removes a calendarEvent from the aggregation named <code>calendarEvents<\/code>.","!type":"fn(vCalendarEvent: Number | String | sap.me.OverlapCalendarEvent) -> sap.me.OverlapCalendarEvent","!category":"function"},"getStartDate":{"!description":"Gets current value of property <code>startDate<\/code>.\n\nThe first date to display for the calendar","!type":"fn() -> String","!category":"function"},"!category":"class","getWidth":{"!description":"Gets current value of property <code>width<\/code>.\n\nThe width of the calendar\n\nDefault value is <code>100%<\/code>.","!type":"fn() -> sap.ui.core.CSSSize","!category":"function"},"setWidth":{"!description":"Sets a new value for property <code>width<\/code>.\n\nThe width of the calendar\n\nWhen called with a value of <code>null<\/code> or <code>undefined<\/code>, the default value of the property will be restored.\n\nDefault value is <code>100%<\/code>.","!type":"fn(sWidth: sap.ui.core.CSSSize) -> sap.me.OverlapCalendar","!category":"function"},"addCalendarEvent":{"!description":"Adds some calendarEvent into the aggregation named <code>calendarEvents<\/code>.","!type":"fn(oCalendarEvent: sap.me.OverlapCalendarEvent) -> sap.me.OverlapCalendar","!category":"function"},"getSwipeToNavigate":{"!description":"Gets current value of property <code>swipeToNavigate<\/code>.\n\nUse swipe gesture to navigate\n\nDefault value is <code>true<\/code>.","!type":"fn() -> Boolean","!category":"function"},"getWeeksPerRow":{"!description":"Gets current value of property <code>weeksPerRow<\/code>.\n\nNumber of weeks\n\nDefault value is <code>2<\/code>.","!type":"fn() -> Number","!category":"function"},"getCalendarEvents":{"!description":"Gets content of aggregation <code>calendarEvents<\/code>.\n\nThe list of events to display in the calendar grid","!type":"fn() -> [sap.me.OverlapCalendarEvent]","!category":"function"},"detachChangeDate":{"!description":"Detaches event handler <code>fnFunction<\/code> from the 'changeDate' event of this <code>sap.me.OverlapCalendar<\/code>.\n\nThe passed function and listener object must match the ones used for event registration.","!type":"fn(fnFunction: fn(), oListener: Object) -> sap.me.OverlapCalendar","!category":"function"},"indexOfCalendarEvent":{"!description":"Checks for the provided <code>sap.me.OverlapCalendarEvent<\/code> in the aggregation named <code>calendarEvents<\/code>.\nand returns its index if found or -1 otherwise.","!type":"fn(oCalendarEvent: sap.me.OverlapCalendarEvent) -> Number","!category":"function"},"getShowOverlapIndicator":{"!description":"Gets current value of property <code>showOverlapIndicator<\/code>.\n\nDo we want to display the overlap indicator\n\nDefault value is <code>false<\/code>.","!type":"fn() -> Boolean","!category":"function"},"setVisible":{"!description":"Sets a new value for property <code>visible<\/code>.\n\nIndicates if we should render this component\n\nWhen called with a value of <code>null<\/code> or <code>undefined<\/code>, the default value of the property will be restored.\n\nDefault value is <code>true<\/code>.","!type":"fn(bVisible: Boolean) -> sap.me.OverlapCalendar","!category":"function"},"fireEndOfData":{"!description":"Fires event endOfData to attached listeners.\n\nExpects the following event parameters:\n<ul>\n<li>'before' of type <code>boolean<\/code>Indicates if the data missing are before the start date or at the end<\/li>\n<\/ul>","!type":"fn(mArguments?: Map) -> sap.me.OverlapCalendar","!category":"function"},"fireChangeDate":{"!description":"Fires event changeDate to attached listeners.\n\nExpects the following event parameters:\n<ul>\n<li>'firstDate' of type <code>object<\/code>The first date displayed in the calendar<\/li>\n<li>'lastDate' of type <code>object<\/code>The last date that will be displayed<\/li>\n<\/ul>","!type":"fn(mArguments?: Map) -> sap.me.OverlapCalendar","!category":"function"},"setShowOverlapIndicator":{"!description":"Sets a new value for property <code>showOverlapIndicator<\/code>.\n\nDo we want to display the overlap indicator\n\nWhen called with a value of <code>null<\/code> or <code>undefined<\/code>, the default value of the property will be restored.\n\nDefault value is <code>false<\/code>.","!type":"fn(bShowOverlapIndicator: Boolean) -> sap.me.OverlapCalendar","!category":"function"},"getCalendar":{"!type":"fn() -> sap.me.Calendar","!category":"function"},"setSwipeToNavigate":{"!type":"fn(bSwipe: Boolean)","!category":"function"},"setFirstDayOffset":{"!description":"Sets a new value for property <code>firstDayOffset<\/code>.\n\nIndicate how to offset the first day in regards to a Sunday (by default)\n\nWhen called with a value of <code>null<\/code> or <code>undefined<\/code>, the default value of the property will be restored.\n\nDefault value is <code>0<\/code>.","!type":"fn(iFirstDayOffset: Number) -> sap.me.OverlapCalendar","!category":"function"},"getVisible":{"!description":"Gets current value of property <code>visible<\/code>.\n\nIndicates if we should render this component\n\nDefault value is <code>true<\/code>.","!type":"fn() -> Boolean","!category":"function"},"!description":"<strong style=\"color: red;\">Experimental! <\/strong>","setWeeksPerRow":{"!type":"fn(iWeeksPerRow: Number)","!category":"function"},"detachEndOfData":{"!description":"Detaches event handler <code>fnFunction<\/code> from the 'endOfData' event of this <code>sap.me.OverlapCalendar<\/code>.\n\nThe passed function and listener object must match the ones used for event registration.","!type":"fn(fnFunction: fn(), oListener: Object) -> sap.me.OverlapCalendar","!category":"function"},"getFirstDayOffset":{"!description":"Gets current value of property <code>firstDayOffset<\/code>.\n\nIndicate how to offset the first day in regards to a Sunday (by default)\n\nDefault value is <code>0<\/code>.","!type":"fn() -> Number","!category":"function"},"insertCalendarEvent":{"!description":"Inserts a calendarEvent into the aggregation named <code>calendarEvents<\/code>.","!type":"fn(oCalendarEvent: sap.me.OverlapCalendarEvent, iIndex: Number) -> sap.me.OverlapCalendar","!category":"function"},"setStartDate":{"!type":"fn(sDate: Date)","!category":"function"},"attachChangeDate":{"!description":"Attaches event handler <code>fnFunction<\/code> to the 'changeDate' event of this <code>sap.me.OverlapCalendar<\/code>.\n\nWhen called, the context of the event handler (its <code>this<\/code>) will be bound to <code>oListener<\/code> if specified\notherwise it will be bound to this <code>sap.me.OverlapCalendar<\/code> itself.\n\nTriggered when the displayed dates change","!type":"fn(oData?: Object, fnFunction: fn(), oListener?: Object) -> sap.me.OverlapCalendar","!category":"function"},"onswiperight":{"!type":"fn(oEvent: event)","!category":"function"},"!proto":"sap.ui.core.Control","getMetadata":{"!description":"Returns a metadata object for class sap.me.OverlapCalendar.","!type":"fn() -> sap.ui.base.Metadata","!category":"function"}},"sap.me.ProgressIndicator":{"getEnabled":{"!description":"Gets current value of property <code>enabled<\/code>.\n\nSwitches enabled state of the control. Disabled fields have different colors, and cannot be focused.\n\nDefault value is <code>true<\/code>.","!type":"fn() -> Boolean","!category":"function"},"getPercentValue":{"!description":"Gets current value of property <code>percentValue<\/code>.\n\nThe numerical value for the displayed length of the progress bar.\n\nDefault value is <code>0<\/code>.","!type":"fn() -> Number","!category":"function"},"getBarColor":{"!description":"Gets current value of property <code>barColor<\/code>.\n\nThe color of the bar. Enumeration sap.ui.core.BarColor provides CRITICAL (yellow), NEGATIVE (red), POSITIVE (green), NEUTRAL (blue) (default value).\n\nDefault value is <code>NEUTRAL<\/code>.","!type":"fn() -> sap.ui.core.BarColor","!category":"function"},"setBarColor":{"!description":"Sets a new value for property <code>barColor<\/code>.\n\nThe color of the bar. Enumeration sap.ui.core.BarColor provides CRITICAL (yellow), NEGATIVE (red), POSITIVE (green), NEUTRAL (blue) (default value).\n\nWhen called with a value of <code>null<\/code> or <code>undefined<\/code>, the default value of the property will be restored.\n\nDefault value is <code>NEUTRAL<\/code>.","!type":"fn(sBarColor: sap.ui.core.BarColor) -> sap.me.ProgressIndicator","!category":"function"},"setVisible":{"!description":"Sets a new value for property <code>visible<\/code>.\n\nInvisible controls are not rendered\n\nWhen called with a value of <code>null<\/code> or <code>undefined<\/code>, the default value of the property will be restored.\n\nDefault value is <code>true<\/code>.","!type":"fn(bVisible: Boolean) -> sap.me.ProgressIndicator","!category":"function"},"setDisplayValue":{"!description":"Sets a new value for property <code>displayValue<\/code>.\n\nThe text value to be displayed in the bar.\n\nWhen called with a value of <code>null<\/code> or <code>undefined<\/code>, the default value of the property will be restored.\n\nDefault value is <code>0%<\/code>.","!type":"fn(sDisplayValue: String) -> sap.me.ProgressIndicator","!category":"function"},"setShowValue":{"!description":"Sets a new value for property <code>showValue<\/code>.\n\nSpecifies whether the current value shall be rendered inside the bar.\n\nWhen called with a value of <code>null<\/code> or <code>undefined<\/code>, the default value of the property will be restored.\n\nDefault value is <code>true<\/code>.","!type":"fn(bShowValue: Boolean) -> sap.me.ProgressIndicator","!category":"function"},"getShowValue":{"!description":"Gets current value of property <code>showValue<\/code>.\n\nSpecifies whether the current value shall be rendered inside the bar.\n\nDefault value is <code>true<\/code>.","!type":"fn() -> Boolean","!category":"function"},"getVisible":{"!description":"Gets current value of property <code>visible<\/code>.\n\nInvisible controls are not rendered\n\nDefault value is <code>true<\/code>.","!type":"fn() -> Boolean","!category":"function"},"!description":"<strong style=\"color: red;\">Deprecated! <\/strong>Since 1.14 This control is replaced by sap.m.ProgressIndicator<br>Shows the progress of a process in a graphical way. The indicator can be displayed with or without numerical values.\nThe filling can be displayed in color only, or additionally with the percentage rate. The indicator status can be interactive.","setPercentValue":{"!description":"Property setter for the PercentValue\nA new rendering is not necessary, only the bar has to be moved.","!type":"fn(iPercentValue: undefined) -> sap.me.ProgressIndicator","!category":"function"},"!category":"class","setEnabled":{"!description":"Sets a new value for property <code>enabled<\/code>.\n\nSwitches enabled state of the control. Disabled fields have different colors, and cannot be focused.\n\nWhen called with a value of <code>null<\/code> or <code>undefined<\/code>, the default value of the property will be restored.\n\nDefault value is <code>true<\/code>.","!type":"fn(bEnabled: Boolean) -> sap.me.ProgressIndicator","!category":"function"},"getDisplayValue":{"!description":"Gets current value of property <code>displayValue<\/code>.\n\nThe text value to be displayed in the bar.\n\nDefault value is <code>0%<\/code>.","!type":"fn() -> String","!category":"function"},"getWidth":{"!description":"Gets current value of property <code>width<\/code>.\n\nThe width of the control.\n\nDefault value is <code>100%<\/code>.","!type":"fn() -> sap.ui.core.CSSSize","!category":"function"},"setWidth":{"!description":"Sets a new value for property <code>width<\/code>.\n\nThe width of the control.\n\nWhen called with a value of <code>null<\/code> or <code>undefined<\/code>, the default value of the property will be restored.\n\nDefault value is <code>100%<\/code>.","!type":"fn(sWidth: sap.ui.core.CSSSize) -> sap.me.ProgressIndicator","!category":"function"},"!proto":"sap.ui.core.Control","getMetadata":{"!description":"Returns a metadata object for class sap.me.ProgressIndicator.","!type":"fn() -> sap.ui.base.Metadata","!category":"function"}},"sap":{"sap":"sap","!category":"namespace","me":"sap.me"},"sap.me.CalendarDesign":{"!description":"<strong style=\"color: red;\">Experimental! <\/strong>","Action":{"!description":"Colors match calendar design for Action","!type":"String","!category":"enum"},"!category":"static class","Approval":{"!description":"Colors match calendar design for Approval","!type":"String","!category":"enum"}},"sap.me.CalendarLegend":{"setLegendForType00":{"!description":"Sets a new value for property <code>legendForType00<\/code>.\n\nlegend for type 00\n\nWhen called with a value of <code>null<\/code> or <code>undefined<\/code>, the default value of the property will be restored.","!type":"fn(sLegendForType00: String) -> sap.me.CalendarLegend","!category":"function"},"setLegendForType01":{"!description":"Sets a new value for property <code>legendForType01<\/code>.\n\nlegend for type 01\n\nWhen called with a value of <code>null<\/code> or <code>undefined<\/code>, the default value of the property will be restored.","!type":"fn(sLegendForType01: String) -> sap.me.CalendarLegend","!category":"function"},"getExpanded":{"!description":"Gets current value of property <code>expanded<\/code>.\n\nIndicates if the legend is expanded or not\n\nDefault value is <code>true<\/code>.","!type":"fn() -> Boolean","!category":"function"},"getDesign":{"!description":"Gets current value of property <code>design<\/code>.\n\ndesign name for the legend\n\nDefault value is <code>Approval<\/code>.","!type":"fn() -> sap.me.CalendarDesign","!category":"function"},"setLegendForType04":{"!description":"Sets a new value for property <code>legendForType04<\/code>.\n\nlegend for type 04\n\nWhen called with a value of <code>null<\/code> or <code>undefined<\/code>, the default value of the property will be restored.","!type":"fn(sLegendForType04: String) -> sap.me.CalendarLegend","!category":"function"},"setLegendForType06":{"!description":"Sets a new value for property <code>legendForType06<\/code>.\n\nlegend for type 06\n\nWhen called with a value of <code>null<\/code> or <code>undefined<\/code>, the default value of the property will be restored.","!type":"fn(sLegendForType06: String) -> sap.me.CalendarLegend","!category":"function"},"setLegendForToday":{"!description":"Sets a new value for property <code>legendForToday<\/code>.\n\nlegend for today\n\nWhen called with a value of <code>null<\/code> or <code>undefined<\/code>, the default value of the property will be restored.","!type":"fn(sLegendForToday: String) -> sap.me.CalendarLegend","!category":"function"},"setLegendForType07":{"!description":"Sets a new value for property <code>legendForType07<\/code>.\n\nlegend for type 07\n\nWhen called with a value of <code>null<\/code> or <code>undefined<\/code>, the default value of the property will be restored.","!type":"fn(sLegendForType07: String) -> sap.me.CalendarLegend","!category":"function"},"getLegendForToday":{"!description":"Gets current value of property <code>legendForToday<\/code>.\n\nlegend for today","!type":"fn() -> String","!category":"function"},"getLegendForNormal":{"!description":"Gets current value of property <code>legendForNormal<\/code>.\n\nlegend for normal","!type":"fn() -> String","!category":"function"},"setLegendForSelected00":{"!description":"Sets a new value for property <code>legendForSelected00<\/code>.\n\nlegend for selected 00\n\nWhen called with a value of <code>null<\/code> or <code>undefined<\/code>, the default value of the property will be restored.","!type":"fn(sLegendForSelected00: String) -> sap.me.CalendarLegend","!category":"function"},"setLegendWidth":{"!description":"Sets a new value for property <code>legendWidth<\/code>.\n\nIndicates the legend items width\n\nWhen called with a value of <code>null<\/code> or <code>undefined<\/code>, the default value of the property will be restored.\n\nDefault value is <code>12.5rem<\/code>.","!type":"fn(sLegendWidth: sap.ui.core.CSSSize) -> sap.me.CalendarLegend","!category":"function"},"getLegendForSelected":{"!description":"Gets current value of property <code>legendForSelected<\/code>.\n\nlegend for selected","!type":"fn() -> String","!category":"function"},"!category":"class","getWidth":{"!description":"Gets current value of property <code>width<\/code>.\n\nIndicates the whole component width\n\nDefault value is <code>auto<\/code>.","!type":"fn() -> sap.ui.core.CSSSize","!category":"function"},"setWidth":{"!description":"Sets a new value for property <code>width<\/code>.\n\nIndicates the whole component width\n\nWhen called with a value of <code>null<\/code> or <code>undefined<\/code>, the default value of the property will be restored.\n\nDefault value is <code>auto<\/code>.","!type":"fn(sWidth: sap.ui.core.CSSSize) -> sap.me.CalendarLegend","!category":"function"},"getLegendWidth":{"!description":"Gets current value of property <code>legendWidth<\/code>.\n\nIndicates the legend items width\n\nDefault value is <code>12.5rem<\/code>.","!type":"fn() -> sap.ui.core.CSSSize","!category":"function"},"getLegendForSelected00":{"!description":"Gets current value of property <code>legendForSelected00<\/code>.\n\nlegend for selected 00","!type":"fn() -> String","!category":"function"},"setExpandable":{"!description":"Sets a new value for property <code>expandable<\/code>.\n\nIndicates if the legend can be collapsed and expanded\n\nWhen called with a value of <code>null<\/code> or <code>undefined<\/code>, the default value of the property will be restored.\n\nDefault value is <code>true<\/code>.","!type":"fn(bExpandable: Boolean) -> sap.me.CalendarLegend","!category":"function"},"setVisible":{"!description":"Sets a new value for property <code>visible<\/code>.\n\nIndicates if the legend is visible\n\nWhen called with a value of <code>null<\/code> or <code>undefined<\/code>, the default value of the property will be restored.\n\nDefault value is <code>true<\/code>.","!type":"fn(bVisible: Boolean) -> sap.me.CalendarLegend","!category":"function"},"getExpandable":{"!description":"Gets current value of property <code>expandable<\/code>.\n\nIndicates if the legend can be collapsed and expanded\n\nDefault value is <code>true<\/code>.","!type":"fn() -> Boolean","!category":"function"},"setLegendForSelected":{"!description":"Sets a new value for property <code>legendForSelected<\/code>.\n\nlegend for selected\n\nWhen called with a value of <code>null<\/code> or <code>undefined<\/code>, the default value of the property will be restored.","!type":"fn(sLegendForSelected: String) -> sap.me.CalendarLegend","!category":"function"},"getLegendForType00":{"!description":"Gets current value of property <code>legendForType00<\/code>.\n\nlegend for type 00","!type":"fn() -> String","!category":"function"},"getVisible":{"!description":"Gets current value of property <code>visible<\/code>.\n\nIndicates if the legend is visible\n\nDefault value is <code>true<\/code>.","!type":"fn() -> Boolean","!category":"function"},"getLegendForType01":{"!description":"Gets current value of property <code>legendForType01<\/code>.\n\nlegend for type 01","!type":"fn() -> String","!category":"function"},"!description":"<strong style=\"color: red;\">Experimental! <\/strong>","getLegendForType06":{"!description":"Gets current value of property <code>legendForType06<\/code>.\n\nlegend for type 06","!type":"fn() -> String","!category":"function"},"getLegendForType07":{"!description":"Gets current value of property <code>legendForType07<\/code>.\n\nlegend for type 07","!type":"fn() -> String","!category":"function"},"getLegendForType04":{"!description":"Gets current value of property <code>legendForType04<\/code>.\n\nlegend for type 04","!type":"fn() -> String","!category":"function"},"setExpanded":{"!description":"Sets a new value for property <code>expanded<\/code>.\n\nIndicates if the legend is expanded or not\n\nWhen called with a value of <code>null<\/code> or <code>undefined<\/code>, the default value of the property will be restored.\n\nDefault value is <code>true<\/code>.","!type":"fn(bExpanded: Boolean) -> sap.me.CalendarLegend","!category":"function"},"setLegendForNormal":{"!description":"Sets a new value for property <code>legendForNormal<\/code>.\n\nlegend for normal\n\nWhen called with a value of <code>null<\/code> or <code>undefined<\/code>, the default value of the property will be restored.","!type":"fn(sLegendForNormal: String) -> sap.me.CalendarLegend","!category":"function"},"setDesign":{"!description":"Sets a new value for property <code>design<\/code>.\n\ndesign name for the legend\n\nWhen called with a value of <code>null<\/code> or <code>undefined<\/code>, the default value of the property will be restored.\n\nDefault value is <code>Approval<\/code>.","!type":"fn(sDesign: sap.me.CalendarDesign) -> sap.me.CalendarLegend","!category":"function"},"!proto":"sap.ui.core.Control","getMetadata":{"!description":"Returns a metadata object for class sap.me.CalendarLegend.","!type":"fn() -> sap.ui.base.Metadata","!category":"function"}},"sap.me.TabContainer_obj":{"extend":{"!description":"Creates a new subclass of class sap.me.TabContainer with name <code>sClassName<\/code>\nand enriches it with the information contained in <code>oClassInfo<\/code>.\n\n<code>oClassInfo<\/code> might contain the same kind of information as described in {@link sap.ui.core.Control.extend}.","!type":"fn(sClassName: String, oClassInfo?: Object, FNMetaImpl?: fn())","!category":"function"},"!type":"fn(sId: String, mSettings: Object)","prototype":"sap.me.TabContainer"},"sap.me.OverlapCalendarEvent_obj":{"extend":{"!description":"Creates a new subclass of class sap.me.OverlapCalendarEvent with name <code>sClassName<\/code>\nand enriches it with the information contained in <code>oClassInfo<\/code>.\n\n<code>oClassInfo<\/code> might contain the same kind of information as described in {@link sap.ui.core.Element.extend}.","!type":"fn(sClassName: String, oClassInfo?: Object, FNMetaImpl?: fn())","!category":"function"},"!type":"fn(sId: String, mSettings: Object)","prototype":"sap.me.OverlapCalendarEvent"},"sap.me.TabContainer":{"destroyContentAttachments":{"!description":"Destroys the contentAttachments in the aggregation\nnamed <code>contentAttachments<\/code>.","!type":"fn() -> sap.me.TabContainer","!category":"function"},"fireCollapse":{"!description":"Fires event collapse to attached listeners.","!type":"fn(mArguments?: Map) -> sap.me.TabContainer","!category":"function"},"detachExpand":{"!description":"Detaches event handler <code>fnFunction<\/code> from the 'expand' event of this <code>sap.me.TabContainer<\/code>.\n\nThe passed function and listener object must match the ones used for event registration.","!type":"fn(fnFunction: fn(), oListener: Object) -> sap.me.TabContainer","!category":"function"},"setContentPeople":{"!description":"Sets the aggregated <code>contentPeople<\/code>.","!type":"fn(oContentPeople: sap.ui.core.Control) -> sap.me.TabContainer","!category":"function"},"getExpanded":{"!description":"Gets current value of property <code>expanded<\/code>.\n\nIndicates if the actual tab is expanded or not\n\nDefault value is <code>true<\/code>.","!type":"fn() -> Boolean","!category":"function"},"getContentPeople":{"!description":"Gets content of aggregation <code>contentPeople<\/code>.\n\nThe people tab","!type":"fn() -> sap.ui.core.Control","!category":"function"},"setSelectedTab":{"!description":"Sets a new value for property <code>selectedTab<\/code>.\n\nReturn the index of the selected tab\n\nWhen called with a value of <code>null<\/code> or <code>undefined<\/code>, the default value of the property will be restored.","!type":"fn(iSelectedTab: Number) -> sap.me.TabContainer","!category":"function"},"attachSelect":{"!description":"Attaches event handler <code>fnFunction<\/code> to the 'select' event of this <code>sap.me.TabContainer<\/code>.\n\nWhen called, the context of the event handler (its <code>this<\/code>) will be bound to <code>oListener<\/code> if specified\notherwise it will be bound to this <code>sap.me.TabContainer<\/code> itself.\n\nIndicates that the selected tab has changed","!type":"fn(oData?: Object, fnFunction: fn(), oListener?: Object) -> sap.me.TabContainer","!category":"function"},"destroyContentNotes":{"!description":"Destroys the contentNotes in the aggregation\nnamed <code>contentNotes<\/code>.","!type":"fn() -> sap.me.TabContainer","!category":"function"},"getContentAttachments":{"!description":"Gets content of aggregation <code>contentAttachments<\/code>.\n\nThe attachments tab","!type":"fn() -> sap.ui.core.Control","!category":"function"},"setContentAttachments":{"!description":"Sets the aggregated <code>contentAttachments<\/code>.","!type":"fn(oContentAttachments: sap.ui.core.Control) -> sap.me.TabContainer","!category":"function"},"destroyContentInfo":{"!description":"Destroys the contentInfo in the aggregation\nnamed <code>contentInfo<\/code>.","!type":"fn() -> sap.me.TabContainer","!category":"function"},"getBadgePeople":{"!description":"Gets current value of property <code>badgePeople<\/code>.\n\nThe number to display in the badge for the people tab","!type":"fn() -> Number","!category":"function"},"setBadgeNotes":{"!description":"Sets a new value for property <code>badgeNotes<\/code>.\n\nThe number to display in the badge for the notes tab\n\nWhen called with a value of <code>null<\/code> or <code>undefined<\/code>, the default value of the property will be restored.","!type":"fn(iBadgeNotes: Number) -> sap.me.TabContainer","!category":"function"},"!category":"class","getContentNotes":{"!description":"Gets content of aggregation <code>contentNotes<\/code>.\n\nThe notes tab","!type":"fn() -> sap.ui.core.Control","!category":"function"},"setContentInfo":{"!description":"Sets the aggregated <code>contentInfo<\/code>.","!type":"fn(oContentInfo: sap.ui.core.Control) -> sap.me.TabContainer","!category":"function"},"setBadgePeople":{"!description":"Sets a new value for property <code>badgePeople<\/code>.\n\nThe number to display in the badge for the people tab\n\nWhen called with a value of <code>null<\/code> or <code>undefined<\/code>, the default value of the property will be restored.","!type":"fn(iBadgePeople: Number) -> sap.me.TabContainer","!category":"function"},"setExpandable":{"!description":"Sets a new value for property <code>expandable<\/code>.\n\nIndicates if the tab can be collapsed and expanded\n\nWhen called with a value of <code>null<\/code> or <code>undefined<\/code>, the default value of the property will be restored.\n\nDefault value is <code>true<\/code>.","!type":"fn(bExpandable: Boolean) -> sap.me.TabContainer","!category":"function"},"setBadgeAttachments":{"!description":"Sets a new value for property <code>badgeAttachments<\/code>.\n\nThe number to display in the badge for the attachments tab\n\nWhen called with a value of <code>null<\/code> or <code>undefined<\/code>, the default value of the property will be restored.","!type":"fn(iBadgeAttachments: Number) -> sap.me.TabContainer","!category":"function"},"fireSelect":{"!description":"Fires event select to attached listeners.\n\nListeners may prevent the default action of this event by using the <code>preventDefault<\/code>-method on the event object.","!type":"fn(mArguments?: Map) -> Boolean","!category":"function"},"setContentNotes":{"!description":"Sets the aggregated <code>contentNotes<\/code>.","!type":"fn(oContentNotes: sap.ui.core.Control) -> sap.me.TabContainer","!category":"function"},"getSelectedTab":{"!description":"Gets current value of property <code>selectedTab<\/code>.\n\nReturn the index of the selected tab","!type":"fn() -> Number","!category":"function"},"setVisible":{"!description":"Sets a new value for property <code>visible<\/code>.\n\nsetter for visible property\n\nWhen called with a value of <code>null<\/code> or <code>undefined<\/code>, the default value of the property will be restored.\n\nDefault value is <code>true<\/code>.","!type":"fn(bVisible: Boolean) -> sap.me.TabContainer","!category":"function"},"detachSelect":{"!description":"Detaches event handler <code>fnFunction<\/code> from the 'select' event of this <code>sap.me.TabContainer<\/code>.\n\nThe passed function and listener object must match the ones used for event registration.","!type":"fn(fnFunction: fn(), oListener: Object) -> sap.me.TabContainer","!category":"function"},"attachExpand":{"!description":"Attaches event handler <code>fnFunction<\/code> to the 'expand' event of this <code>sap.me.TabContainer<\/code>.\n\nWhen called, the context of the event handler (its <code>this<\/code>) will be bound to <code>oListener<\/code> if specified\notherwise it will be bound to this <code>sap.me.TabContainer<\/code> itself.\n\nIndicates that the tab will expand","!type":"fn(oData?: Object, fnFunction: fn(), oListener?: Object) -> sap.me.TabContainer","!category":"function"},"getExpandable":{"!description":"Gets current value of property <code>expandable<\/code>.\n\nIndicates if the tab can be collapsed and expanded\n\nDefault value is <code>true<\/code>.","!type":"fn() -> Boolean","!category":"function"},"getVisible":{"!description":"Gets current value of property <code>visible<\/code>.\n\nsetter for visible property\n\nDefault value is <code>true<\/code>.","!type":"fn() -> Boolean","!category":"function"},"attachCollapse":{"!description":"Attaches event handler <code>fnFunction<\/code> to the 'collapse' event of this <code>sap.me.TabContainer<\/code>.\n\nWhen called, the context of the event handler (its <code>this<\/code>) will be bound to <code>oListener<\/code> if specified\notherwise it will be bound to this <code>sap.me.TabContainer<\/code> itself.\n\nIndicates that the tab will collapse","!type":"fn(oData?: Object, fnFunction: fn(), oListener?: Object) -> sap.me.TabContainer","!category":"function"},"!description":"<strong style=\"color: red;\">Deprecated! <\/strong>Since 1.15.0 The functionality of this control is merged with the sap.m.IconTabBar.\nPlease use the sap.m.IconTabBar instead!\nThis control will not be supported anymore.<br>The TabContainer allow to stack 1 to 4 contents in a\nview with corresponding icons","getBadgeNotes":{"!description":"Gets current value of property <code>badgeNotes<\/code>.\n\nThe number to display in the badge for the notes tab","!type":"fn() -> Number","!category":"function"},"detachCollapse":{"!description":"Detaches event handler <code>fnFunction<\/code> from the 'collapse' event of this <code>sap.me.TabContainer<\/code>.\n\nThe passed function and listener object must match the ones used for event registration.","!type":"fn(fnFunction: fn(), oListener: Object) -> sap.me.TabContainer","!category":"function"},"setExpanded":{"!description":"Sets a new value for property <code>expanded<\/code>.\n\nIndicates if the actual tab is expanded or not\n\nWhen called with a value of <code>null<\/code> or <code>undefined<\/code>, the default value of the property will be restored.\n\nDefault value is <code>true<\/code>.","!type":"fn(bExpanded: Boolean) -> sap.me.TabContainer","!category":"function"},"destroyContentPeople":{"!description":"Destroys the contentPeople in the aggregation\nnamed <code>contentPeople<\/code>.","!type":"fn() -> sap.me.TabContainer","!category":"function"},"getBadgeAttachments":{"!description":"Gets current value of property <code>badgeAttachments<\/code>.\n\nThe number to display in the badge for the attachments tab","!type":"fn() -> Number","!category":"function"},"setBadgeInfo":{"!description":"Sets a new value for property <code>badgeInfo<\/code>.\n\nThe number to display in the badge for the info tab\n\nWhen called with a value of <code>null<\/code> or <code>undefined<\/code>, the default value of the property will be restored.","!type":"fn(iBadgeInfo: Number) -> sap.me.TabContainer","!category":"function"},"fireExpand":{"!description":"Fires event expand to attached listeners.","!type":"fn(mArguments?: Map) -> sap.me.TabContainer","!category":"function"},"getBadgeInfo":{"!description":"Gets current value of property <code>badgeInfo<\/code>.\n\nThe number to display in the badge for the info tab","!type":"fn() -> Number","!category":"function"},"getContentInfo":{"!description":"Gets content of aggregation <code>contentInfo<\/code>.\n\nThe info tab","!type":"fn() -> sap.ui.core.Control","!category":"function"},"getMetadata":{"!description":"Returns a metadata object for class sap.me.TabContainer.","!type":"fn() -> sap.ui.base.Metadata","!category":"function"},"!proto":"sap.ui.core.Control"},"sap.me.OverlapCalendar_obj":{"extend":{"!description":"Creates a new subclass of class sap.me.OverlapCalendar with name <code>sClassName<\/code>\nand enriches it with the information contained in <code>oClassInfo<\/code>.\n\n<code>oClassInfo<\/code> might contain the same kind of information as described in {@link sap.ui.core.Control.extend}.","!type":"fn(sClassName: String, oClassInfo?: Object, FNMetaImpl?: fn())","!category":"function"},"!type":"fn(sId: String, mSettings: Object)","prototype":"sap.me.OverlapCalendar"}},"!name":"sap.me"}