{
  "generation": [
    {
      "templateId": "ui5template.basicSAPUI5ApplicationProject",
      "templateVersion": "1.4.0",
      "dateTimeStamp": "Wed, 05 Aug 2015 16:17:03 GMT"
    }
  ],
  "translation": {
    "translationDomain": "",
    "supportedLanguages": "en,fr,de",
    "defaultLanguage": "en",
    "defaultI18NPropertyFile": "i18n.properties",
    "resourceModelName": "i18n"
  },
  "dataBinding": {
    "/view/view1.view.xml": {
      "entitySet": "Entity1_Set"
    }
  },
  "mockpreview": {
    "loadJSONFiles": true
  }
}