{ 
	"!name": "sap.ui.richtexteditor",
	"!define": { 
	"sap.ui.richtexteditor": { 
	"!category": "namespace",
	"!description":"",
			"EditorType": "sap.ui.richtexteditor.EditorType",
		"RichTextEditor": "sap.ui.richtexteditor.RichTextEditor_obj",
		"RichTextEditorRenderer": "sap.ui.richtexteditor.RichTextEditorRenderer"
},

"sap.ui.richtexteditor.RichTextEditor":{
	"!category": "class",
	"!description": "The RichTextEditor-Control is used to enter formatted text.",
	"!proto": "sap.ui.core.Control",
"addButtonGroup": {
	 "!category": "function",
	"!description": "Adds a button group to the editor.",
	"!type": "fn(mGroup?: map|String,mGroup.buttons?: String[],mGroup.name?: String,mGroup.visible?: Boolean,mGroup.row?: Int,mGroup.priority?: Int) -> Object"
	},
"addPlugin": {
	 "!category": "function",
	"!description": "Allows to add plugins (that must already be installed on the server) to theRichtextEditor.",
	"!type": "fn(mPlugin?: map|String) -> Object"
	},
"attachBeforeEditorInit": {
	 "!category": "function",
	"!description": "Attach event handler <code>fnFunction</code> to the 'beforeEditorInit' event of this <code>sap.ui.richtexteditor.RichTextEditor</code>.<br/>.When called, the context of the event handler (its <code>this</code>) will be bound to <code>oListener<code> if specifiedotherwise to this <code>sap.ui.richtexteditor.RichTextEditor</code>.<br/> itself.methods",
	"!type": "fn(oData?: Object,fnFunction: fn(),oListener?: Object) -> sap.ui.richtexteditor.RichTextEditor"
	},
"attachChange": {
	 "!category": "function",
	"!description": "Attach event handler <code>fnFunction</code> to the 'change' event of this <code>sap.ui.richtexteditor.RichTextEditor</code>.<br/>.When called, the context of the event handler (its <code>this</code>) will be bound to <code>oListener<code> if specifiedotherwise to this <code>sap.ui.richtexteditor.RichTextEditor</code>.<br/> itself.methods",
	"!type": "fn(oData?: Object,fnFunction: fn(),oListener?: Object) -> sap.ui.richtexteditor.RichTextEditor"
	},
"attachReady": {
	 "!category": "function",
	"!description": "Attach event handler <code>fnFunction</code> to the 'ready' event of this <code>sap.ui.richtexteditor.RichTextEditor</code>.<br/>.When called, the context of the event handler (its <code>this</code>) will be bound to <code>oListener<code> if specifiedotherwise to this <code>sap.ui.richtexteditor.RichTextEditor</code>.<br/> itself.methods",
	"!type": "fn(oData?: Object,fnFunction: fn(),oListener?: Object) -> sap.ui.richtexteditor.RichTextEditor"
	},
"detachBeforeEditorInit": {
	 "!category": "function",
	"!description": "Detach event handler <code>fnFunction</code> from the 'beforeEditorInit' event of this <code>sap.ui.richtexteditor.RichTextEditor</code>.<br/>The passed function and listener object must match the ones used for event registration.methods",
	"!type": "fn(fnFunction: fn(),oListener: Object) -> sap.ui.richtexteditor.RichTextEditor"
	},
"detachChange": {
	 "!category": "function",
	"!description": "Detach event handler <code>fnFunction</code> from the 'change' event of this <code>sap.ui.richtexteditor.RichTextEditor</code>.<br/>The passed function and listener object must match the ones used for event registration.methods",
	"!type": "fn(fnFunction: fn(),oListener: Object) -> sap.ui.richtexteditor.RichTextEditor"
	},
"detachReady": {
	 "!category": "function",
	"!description": "Detach event handler <code>fnFunction</code> from the 'ready' event of this <code>sap.ui.richtexteditor.RichTextEditor</code>.<br/>The passed function and listener object must match the ones used for event registration.methods",
	"!type": "fn(fnFunction: fn(),oListener: Object) -> sap.ui.richtexteditor.RichTextEditor"
	},
"getButtonGroups": {
	 "!category": "function",
	"!description": "Getter for property <code>buttonGroups</code>.Requirement is that the used theme supports the control.Default value is <code>%s</code>methods",
	"!type": "fn() -> Object[]"
	},
"getEditable": {
	 "!category": "function",
	"!description": "Getter for property <code>editable</code>.Requirement is that the used theme supports the control.Default value is <code>%s</code>methods",
	"!type": "fn() -> Boolean"
	},
"getEditorLocation": {
	 "!category": "function",
	"!description": "Getter for property <code>editorLocation</code>.Requirement is that the used theme supports the control.Default value is <code>%s</code>methods",
	"!type": "fn() -> String"
	},
"getEditorType": {
	 "!category": "function",
	"!description": "Getter for property <code>editorType</code>.Requirement is that the used theme supports the control.Default value is <code>%s</code>methods",
	"!type": "fn() -> String"
	},
"getHeight": {
	 "!category": "function",
	"!description": "Getter for property <code>height</code>.Requirement is that the used theme supports the control.Default value is <code>%s</code>methods",
	"!type": "fn() -> sap.ui.core.CSSSize"
	},
"getNativeApi": {
	 "!category": "function",
	"!description": "",
	"!type": "fn() -> Object"
	},
"getPlugins": {
	 "!category": "function",
	"!description": "Getter for property <code>plugins</code>.Requirement is that the used theme supports the control.Default value is <code>%s</code>methods",
	"!type": "fn() -> Object[]"
	},
"getRequired": {
	 "!category": "function",
	"!description": "Getter for property <code>required</code>.Requirement is that the used theme supports the control.Default value is <code>%s</code>methods",
	"!type": "fn() -> Boolean"
	},
"getSanitizeValue": {
	 "!category": "function",
	"!description": "Getter for property <code>sanitizeValue</code>.Requirement is that the used theme supports the control.Default value is <code>%s</code>methods",
	"!type": "fn() -> Boolean"
	},
"getShowGroupClipboard": {
	 "!category": "function",
	"!description": "Getter for property <code>showGroupClipboard</code>.Requirement is that the used theme supports the control.Default value is <code>%s</code>methods",
	"!type": "fn() -> Boolean"
	},
"getShowGroupFont": {
	 "!category": "function",
	"!description": "Getter for property <code>showGroupFont</code>.Requirement is that the used theme supports the control.Default value is <code>%s</code>methods",
	"!type": "fn() -> Boolean"
	},
"getShowGroupFontStyle": {
	 "!category": "function",
	"!description": "Getter for property <code>showGroupFontStyle</code>.Requirement is that the used theme supports the control.Default value is <code>%s</code>methods",
	"!type": "fn() -> Boolean"
	},
"getShowGroupInsert": {
	 "!category": "function",
	"!description": "Getter for property <code>showGroupInsert</code>.Requirement is that the used theme supports the control.Default value is <code>%s</code>methods",
	"!type": "fn() -> Boolean"
	},
"getShowGroupLink": {
	 "!category": "function",
	"!description": "Getter for property <code>showGroupLink</code>.Requirement is that the used theme supports the control.Default value is <code>%s</code>methods",
	"!type": "fn() -> Boolean"
	},
"getShowGroupStructure": {
	 "!category": "function",
	"!description": "Getter for property <code>showGroupStructure</code>.Requirement is that the used theme supports the control.Default value is <code>%s</code>methods",
	"!type": "fn() -> Boolean"
	},
"getShowGroupTextAlign": {
	 "!category": "function",
	"!description": "Getter for property <code>showGroupTextAlign</code>.Requirement is that the used theme supports the control.Default value is <code>%s</code>methods",
	"!type": "fn() -> Boolean"
	},
"getShowGroupUndo": {
	 "!category": "function",
	"!description": "Getter for property <code>showGroupUndo</code>.Requirement is that the used theme supports the control.Default value is <code>%s</code>methods",
	"!type": "fn() -> Boolean"
	},
"getTextDirection": {
	 "!category": "function",
	"!description": "Getter for property <code>textDirection</code>.Requirement is that the used theme supports the control.Default value is <code>%s</code>methods",
	"!type": "fn() -> sap.ui.core.TextDirection"
	},
"getUseLegacyTheme": {
	 "!category": "function",
	"!description": "Getter for property <code>useLegacyTheme</code>.Requirement is that the used theme supports the control.Default value is <code>%s</code>methods",
	"!type": "fn() -> Boolean"
	},
"getValue": {
	 "!category": "function",
	"!description": "Getter for property <code>value</code>.Requirement is that the used theme supports the control.Default value is <code>%s</code>methods",
	"!type": "fn() -> String"
	},
"getWidth": {
	 "!category": "function",
	"!description": "Getter for property <code>width</code>.Requirement is that the used theme supports the control.Default value is <code>%s</code>methods",
	"!type": "fn() -> sap.ui.core.CSSSize"
	},
"getWrapping": {
	 "!category": "function",
	"!description": "Getter for property <code>wrapping</code>.Requirement is that the used theme supports the control.Default value is <code>%s</code>methods",
	"!type": "fn() -> Boolean"
	},
"setButtonGroups": {
	 "!category": "function",
	"!description": "Property setter for the buttonGroups statemethods",
	"!type": "fn(aButtonGroups: Object[]) -> sap.ui.richtexteditor.RichTextEditor"
	},
"setEditable": {
	 "!category": "function",
	"!description": "Property setter for the editable statemethods",
	"!type": "fn(bEditable: Boolean) -> sap.ui.richtexteditor.RichTextEditor"
	},
"setEditorLocation": {
	 "!category": "function",
	"!description": "Property setter for the editorLocation statemethods",
	"!type": "fn(sEditorLocation: String) -> sap.ui.richtexteditor.RichTextEditor"
	},
"setEditorType": {
	 "!category": "function",
	"!description": "Property setter for the editorType statemethods",
	"!type": "fn(sEditorType?: String) -> Object"
	},
"setHeight": {
	 "!category": "function",
	"!description": "Property setter for the height statemethods",
	"!type": "fn(sHeight: sap.ui.core.CSSSize) -> sap.ui.richtexteditor.RichTextEditor"
	},
"setPlugins": {
	 "!category": "function",
	"!description": "Property setter for the plugins statemethods",
	"!type": "fn(aPlugins: Object[]) -> sap.ui.richtexteditor.RichTextEditor"
	},
"setRequired": {
	 "!category": "function",
	"!description": "Property setter for the required statemethods",
	"!type": "fn(bRequired: Boolean) -> sap.ui.richtexteditor.RichTextEditor"
	},
"setSanitizeValue": {
	 "!category": "function",
	"!description": "Property setter for the sanitizeValue statemethods",
	"!type": "fn(bSanitizeValue: Boolean) -> sap.ui.richtexteditor.RichTextEditor"
	},
"setShowGroupClipboard": {
	 "!category": "function",
	"!description": "Property setter for the showGroupClipboard statemethods",
	"!type": "fn(bShowGroupClipboard: Boolean) -> sap.ui.richtexteditor.RichTextEditor"
	},
"setShowGroupFont": {
	 "!category": "function",
	"!description": "Property setter for the showGroupFont statemethods",
	"!type": "fn(bShowGroupFont: Boolean) -> sap.ui.richtexteditor.RichTextEditor"
	},
"setShowGroupFontStyle": {
	 "!category": "function",
	"!description": "Property setter for the showGroupFontStyle statemethods",
	"!type": "fn(bShowGroupFontStyle: Boolean) -> sap.ui.richtexteditor.RichTextEditor"
	},
"setShowGroupInsert": {
	 "!category": "function",
	"!description": "Property setter for the showGroupInsert statemethods",
	"!type": "fn(bShowGroupInsert: Boolean) -> sap.ui.richtexteditor.RichTextEditor"
	},
"setShowGroupLink": {
	 "!category": "function",
	"!description": "Property setter for the showGroupLink statemethods",
	"!type": "fn(bShowGroupLink: Boolean) -> sap.ui.richtexteditor.RichTextEditor"
	},
"setShowGroupStructure": {
	 "!category": "function",
	"!description": "Property setter for the showGroupStructure statemethods",
	"!type": "fn(bShowGroupStructure: Boolean) -> sap.ui.richtexteditor.RichTextEditor"
	},
"setShowGroupTextAlign": {
	 "!category": "function",
	"!description": "Property setter for the showGroupTextAlign statemethods",
	"!type": "fn(bShowGroupTextAlign: Boolean) -> sap.ui.richtexteditor.RichTextEditor"
	},
"setShowGroupUndo": {
	 "!category": "function",
	"!description": "Property setter for the showGroupUndo statemethods",
	"!type": "fn(bShowGroupUndo: Boolean) -> sap.ui.richtexteditor.RichTextEditor"
	},
"setTextDirection": {
	 "!category": "function",
	"!description": "Property setter for the textDirection statemethods",
	"!type": "fn(oTextDirection: sap.ui.core.TextDirection) -> sap.ui.richtexteditor.RichTextEditor"
	},
"setUseLegacyTheme": {
	 "!category": "function",
	"!description": "Property setter for the useLegacyTheme statemethods",
	"!type": "fn(bUseLegacyTheme?: Boolean) -> Object"
	},
"setValue": {
	 "!category": "function",
	"!description": "Property setter for the value statemethods",
	"!type": "fn(sValue: String) -> sap.ui.richtexteditor.RichTextEditor"
	},
"setWidth": {
	 "!category": "function",
	"!description": "Property setter for the width statemethods",
	"!type": "fn(sWidth: sap.ui.core.CSSSize) -> sap.ui.richtexteditor.RichTextEditor"
	},
"setWrapping": {
	 "!category": "function",
	"!description": "Property setter for the wrapping statemethods",
	"!type": "fn(bWrapping: Boolean) -> sap.ui.richtexteditor.RichTextEditor"
	}},
"sap.ui.richtexteditor.RichTextEditor_obj":{
	 "!type": "fn(sId:String,mSettings:Object)",
	 "extend": {
		 "!category": "function",
		 "!description": "The RichTextEditor-Control is used to enter formatted text.",
		 "!type": "fn(sClassName:String,oClassInfo?:Object,FNMetaImpl?:fn())"
	},
	 "prototype": "sap.ui.richtexteditor.RichTextEditor"
	},


"sap.ui.richtexteditor.EditorType": { 
	"!category": "static class",
	"!description":"",
		"TinyMCE": {"!category": "enum","!description": "","!type": "String"},
	"TinyMCE4": {"!category": "enum","!description": "","!type": "String"}

}

}}
