{ 
	"!name": "sap.ui.table",
	"!define": { 
	"sap.ui.table": { 
	"!category": "namespace",
	"!description":"",
			"AnalyticalColumn": "sap.ui.table.AnalyticalColumn_obj",
		"AnalyticalColumnMenu": "sap.ui.table.AnalyticalColumnMenu_obj",
		"AnalyticalTable": "sap.ui.table.AnalyticalTable_obj",
		"Column": "sap.ui.table.Column_obj",
		"ColumnMenu": "sap.ui.table.ColumnMenu_obj",
		"DataTable": "sap.ui.table.DataTable_obj",
		"NavigationMode": "sap.ui.table.NavigationMode",
		"Row": "sap.ui.table.Row_obj",
		"SelectionBehavior": "sap.ui.table.SelectionBehavior",
		"SelectionMode": "sap.ui.table.SelectionMode",
		"SortOrder": "sap.ui.table.SortOrder",
		"Table": "sap.ui.table.Table_obj",
		"TablePersoController": "sap.ui.table.TablePersoController_obj",
		"TreeTable": "sap.ui.table.TreeTable_obj",
		"VisibleRowCountMode": "sap.ui.table.VisibleRowCountMode"
},

"sap.ui.table.AnalyticalColumn":{
	"!category": "class",
	"!description": "This column addes additional properties to the tabl ecolumn which are needed for the analytical binding and table",
	"!proto": "sap.ui.table.Column",
"getGroupHeaderFormatter": {
	 "!category": "function",
	"!description": "Getter for property <code>groupHeaderFormatter</code>.Requirement is that the used theme supports the control.Default value is <code>%s</code>If the column is grouped, this formatter is used to format the value in the group header",
	"!type": "fn() -> any"
	},
"getInResult": {
	 "!category": "function",
	"!description": "Getter for property <code>inResult</code>.Requirement is that the used theme supports the control.Default value is <code>%s</code>Specifies that the dimension referred to by the column shall be included in the granularity of the data result. It allows a finer distinction between a visible/grouped/(included)inResult column.",
	"!type": "fn() -> Boolean"
	},
"getLeadingProperty": {
	 "!category": "function",
	"!description": "Getter for property <code>leadingProperty</code>.Requirement is that the used theme supports the control.Default value is <code>%s</code>Defines the primary model property which is used inside the Column. In case of the analytical extension this means the property which is grouped by for dimensions or the property which is summed for measures.",
	"!type": "fn() -> String"
	},
"getMetadata": {
	 "!category": "function",
	"!description": "",
	"!type": "fn() -> sap.ui.base.Metadata"
	},
"getShowIfGrouped": {
	 "!category": "function",
	"!description": "Getter for property <code>showIfGrouped</code>.Requirement is that the used theme supports the control.Default value is <code>%s</code>Specifies whether the column is displayed within the table even if it is grouped or not. A grouped column has the same value for every rows within the group.",
	"!type": "fn() -> Boolean"
	},
"getSummed": {
	 "!category": "function",
	"!description": "Getter for property <code>summed</code>.Requirement is that the used theme supports the control.Default value is <code>%s</code>If defined a sum for this column is calculated",
	"!type": "fn() -> Boolean"
	},
"setGroupHeaderFormatter": {
	 "!category": "function",
	"!description": "Property setter for the groupHeaderFormatter stateIf the column is grouped, this formatter is used to format the value in the group header",
	"!type": "fn(oGroupHeaderFormatter: any) -> sap.ui.table.AnalyticalColumn"
	},
"setInResult": {
	 "!category": "function",
	"!description": "Property setter for the inResult stateSpecifies that the dimension referred to by the column shall be included in the granularity of the data result. It allows a finer distinction between a visible/grouped/(included)inResult column.",
	"!type": "fn(bInResult: Boolean) -> sap.ui.table.AnalyticalColumn"
	},
"setLeadingProperty": {
	 "!category": "function",
	"!description": "Property setter for the leadingProperty stateDefines the primary model property which is used inside the Column. In case of the analytical extension this means the property which is grouped by for dimensions or the property which is summed for measures.",
	"!type": "fn(sLeadingProperty: String) -> sap.ui.table.AnalyticalColumn"
	},
"setShowIfGrouped": {
	 "!category": "function",
	"!description": "Property setter for the showIfGrouped stateSpecifies whether the column is displayed within the table even if it is grouped or not. A grouped column has the same value for every rows within the group.",
	"!type": "fn(bShowIfGrouped: Boolean) -> sap.ui.table.AnalyticalColumn"
	},
"setSummed": {
	 "!category": "function",
	"!description": "Property setter for the summed stateIf defined a sum for this column is calculated",
	"!type": "fn(bSummed: Boolean) -> sap.ui.table.AnalyticalColumn"
	}},
"sap.ui.table.AnalyticalColumn_obj":{
	 "!type": "fn(sId:String,mSettings:Object)",
	 "extend": {
		 "!category": "function",
		 "!description": "This column addes additional properties to the tabl ecolumn which are needed for the analytical binding and table",
		 "!type": "fn(sClassName:String,oClassInfo?:Object,FNMetaImpl?:fn())"
	},
	 "prototype": "sap.ui.table.AnalyticalColumn"
	},


"sap.ui.table.AnalyticalColumnMenu":{
	"!category": "class",
	"!description": "A column menu which is used by the analytical column",
	"!proto": "sap.ui.table.ColumnMenu",
"getMetadata": {
	 "!category": "function",
	"!description": "",
	"!type": "fn() -> sap.ui.base.Metadata"
	}},
"sap.ui.table.AnalyticalColumnMenu_obj":{
	 "!type": "fn(sId:String,mSettings:Object)",
	 "extend": {
		 "!category": "function",
		 "!description": "A column menu which is used by the analytical column",
		 "!type": "fn(sClassName:String,oClassInfo?:Object,FNMetaImpl?:fn())"
	},
	 "prototype": "sap.ui.table.AnalyticalColumnMenu"
	},


"sap.ui.table.AnalyticalTable":{
	"!category": "class",
	"!description": "Table which handles analytical OData backends",
	"!proto": "sap.ui.table.Table",
"getColumnVisibilityMenuSorter": {
	 "!category": "function",
	"!description": "Getter for property <code>columnVisibilityMenuSorter</code>.Requirement is that the used theme supports the control.Default value is <code>%s</code>Functions which is used to sort the column visibility menu entries e.g.: function(ColumnA, ColumnB) { return 0 = equals, <0 lower, >0 greater }; Other values than functions will be ignored.",
	"!type": "fn() -> any"
	},
"getDirty": {
	 "!category": "function",
	"!description": "Getter for property <code>dirty</code>.Requirement is that the used theme supports the control.Default value is <code>%s</code>If dirty the content of the Table will be overlayed.",
	"!type": "fn() -> Boolean"
	},
"getMetadata": {
	 "!category": "function",
	"!description": "",
	"!type": "fn() -> sap.ui.base.Metadata"
	},
"getNumberOfExpandedLevels": {
	 "!category": "function",
	"!description": "Getter for property <code>numberOfExpandedLevels</code>.Requirement is that the used theme supports the control.Default value is <code>%s</code>Number of levels, which should be opened initially (on first load of data).",
	"!type": "fn() -> Int"
	},
"getSumOnTop": {
	 "!category": "function",
	"!description": "Getter for property <code>sumOnTop</code>.Requirement is that the used theme supports the control.Default value is <code>%s</code>Specifies if the total values should be displayed in the group headers or on bottom of the row. Does not affact the total sum.",
	"!type": "fn() -> Boolean"
	},
"getTotalSize": {
	 "!category": "function",
	"!description": "Returns the total size of the data entries.",
	"!type": "fn() -> Int"
	},
"setColumnVisibilityMenuSorter": {
	 "!category": "function",
	"!description": "Property setter for the columnVisibilityMenuSorter stateFunctions which is used to sort the column visibility menu entries e.g.: function(ColumnA, ColumnB) { return 0 = equals, <0 lower, >0 greater }; Other values than functions will be ignored.",
	"!type": "fn(oColumnVisibilityMenuSorter: any) -> sap.ui.table.AnalyticalTable"
	},
"setDirty": {
	 "!category": "function",
	"!description": "Property setter for the dirty stateIf dirty the content of the Table will be overlayed.",
	"!type": "fn(bDirty: Boolean) -> sap.ui.table.AnalyticalTable"
	},
"setNumberOfExpandedLevels": {
	 "!category": "function",
	"!description": "Property setter for the numberOfExpandedLevels stateNumber of levels, which should be opened initially (on first load of data).",
	"!type": "fn(iNumberOfExpandedLevels: Int) -> sap.ui.table.AnalyticalTable"
	},
"setSumOnTop": {
	 "!category": "function",
	"!description": "Property setter for the sumOnTop stateSpecifies if the total values should be displayed in the group headers or on bottom of the row. Does not affact the total sum.",
	"!type": "fn(bSumOnTop: Boolean) -> sap.ui.table.AnalyticalTable"
	}},
"sap.ui.table.AnalyticalTable_obj":{
	 "!type": "fn(sId:String,mSettings:Object)",
	 "extend": {
		 "!category": "function",
		 "!description": "Table which handles analytical OData backends",
		 "!type": "fn(sClassName:String,oClassInfo?:Object,FNMetaImpl?:fn())"
	},
	 "prototype": "sap.ui.table.AnalyticalTable"
	},


"sap.ui.table.Column":{
	"!category": "class",
	"!description": "The column allows to define column specific properties that will be applied when rendering the table.",
	"!proto": "sap.ui.core.Element",
"addMultiLabel": {
	 "!category": "function",
	"!description": "Adds some <code>MultiLabel</code> to the aggregation named <code>multiLabels</code>.Labels (header renderer) of the column which are displayed in the column header. Define a control for each header row in the table. Use this aggregation, if you want to use multiple headers per column.",
	"!type": "fn(oMultiLabel: sap.ui.core.Control) -> sap.ui.table.Column"
	},
"destroyLabel": {
	 "!category": "function",
	"!description": "",
	"!type": "fn() -> sap.ui.table.Column"
	},
"destroyMenu": {
	 "!category": "function",
	"!description": "",
	"!type": "fn() -> sap.ui.table.Column"
	},
"destroyMultiLabels": {
	 "!category": "function",
	"!description": "",
	"!type": "fn() -> sap.ui.table.Column"
	},
"destroyTemplate": {
	 "!category": "function",
	"!description": "",
	"!type": "fn() -> sap.ui.table.Column"
	},
"getAutoResizable": {
	 "!category": "function",
	"!description": "Getter for property <code>autoResizable</code>.Requirement is that the used theme supports the control.Default value is <code>%s</code>Enables auto-resizing of the column on doubleclicking the resizer. Currently only implemented to work with the following controls: sap.m.Text, sap.m.Label, sap.m.Link , sap.m.Input, sap.ui.commons.TextView, sap.ui.commons.Label, sap.ui.commons.Link and sap.ui.commons.TextField, sap.ui.commons.Checkbox, sap.m.Checkbox",
	"!type": "fn() -> Boolean"
	},
"getDefaultFilterOperator": {
	 "!category": "function",
	"!description": "Getter for property <code>defaultFilterOperator</code>.Requirement is that the used theme supports the control.Default value is <code>%s</code>If this property is set the default filter operator of the column is overwritten.By default Contains is used for string and EQ for other types. A valid sap.ui.model.FilterOperator needs to be passed.",
	"!type": "fn() -> String"
	},
"getFiltered": {
	 "!category": "function",
	"!description": "Getter for property <code>filtered</code>.Requirement is that the used theme supports the control.Default value is <code>%s</code>flag, if the column is filtered or not (displays the filter indicator, does not trigger the filter method!)",
	"!type": "fn() -> Boolean"
	},
"getFilterOperator": {
	 "!category": "function",
	"!description": "Getter for property <code>filterOperator</code>.Requirement is that the used theme supports the control.Default value is <code>%s</code>Filter operator to use when filtering this column.",
	"!type": "fn() -> String"
	},
"getFilterProperty": {
	 "!category": "function",
	"!description": "Getter for property <code>filterProperty</code>.Requirement is that the used theme supports the control.Default value is <code>%s</code>Specifies the binding property on which the column will filter.",
	"!type": "fn() -> String"
	},
"getFilterType": {
	 "!category": "function",
	"!description": "Getter for property <code>filterType</code>.Requirement is that the used theme supports the control.Default value is <code>%s</code>Type of Filter. This is used to transform the search term to the specified type, to make sure that the right columns are displayed. This should be the same as defined in binding for this column. As alternative you can pass a function which does the conversion. The function receives the entered filter value as parameter and returns the proper value for the filter expression. Another option is to pass the classname of the type, e.g.: sap.ui.model.type.Date or an expression similar to the binding syntax, e.g.: {type: 'sap.ui.model.type.Date', formatOptions: {UTC: true}, constraints: {} }. Here the escaping is mandatory to avoid handling by the binding parser. By default the filter type is sap.ui.model.type.String.",
	"!type": "fn() -> any"
	},
"getFilterValue": {
	 "!category": "function",
	"!description": "Getter for property <code>filterValue</code>.Requirement is that the used theme supports the control.Default value is <code>%s</code>Specifies the value of the filter as string (will be converted into the propert data type).",
	"!type": "fn() -> String"
	},
"getFlexible": {
	 "!category": "function",
	"!description": "Getter for property <code>flexible</code>.Requirement is that the used theme supports the control.Default value is <code>%s</code>Is the width of the column flexible (grows on resize)?",
	"!type": "fn() -> Boolean"
	},
"getGrouped": {
	 "!category": "function",
	"!description": "Getter for property <code>grouped</code>.Requirement is that the used theme supports the control.Default value is <code>%s</code>flag, if the column is grouped or not (hides the column!)",
	"!type": "fn() -> Boolean"
	},
"getHAlign": {
	 "!category": "function",
	"!description": "Getter for property <code>hAlign</code>.Requirement is that the used theme supports the control.Default value is <code>%s</code>Horizontal alignment of the column content. Controls with a text align do not inherit the horizontal alignment. You have to set the text align directly on the template.",
	"!type": "fn() -> sap.ui.core.HorizontalAlign"
	},
"getHeaderSpan": {
	 "!category": "function",
	"!description": "Getter for property <code>headerSpan</code>.Requirement is that the used theme supports the control.Default value is <code>%s</code>If this property is set a span is applied for the header. When moving columns all columns which are part of the header will be moved. This can be either an integer or an array of integers (if you use the multi header feature of the table). If you only specify an integer this span is applied for all header rows, with multiple integers you can specify a seperate span for each header row.",
	"!type": "fn() -> any"
	},
"getLabel": {
	 "!category": "function",
	"!description": "",
	"!type": "fn() -> sap.ui.core.Control"
	},
"getMenu": {
	 "!category": "function",
	"!description": "",
	"!type": "fn() -> sap.ui.unified.Menu"
	},
"getMetadata": {
	 "!category": "function",
	"!description": "",
	"!type": "fn() -> sap.ui.base.Metadata"
	},
"getMultiLabels": {
	 "!category": "function",
	"!description": "Getter for aggregation <code>multiLabels</code>.<br/>Empty container used to display any library controls.<strong>Note</strong>: this is the default aggregation for %s.Labels (header renderer) of the column which are displayed in the column header. Define a control for each header row in the table. Use this aggregation, if you want to use multiple headers per column.",
	"!type": "fn() -> sap.ui.core.Control[]"
	},
"getName": {
	 "!category": "function",
	"!description": "Getter for property <code>name</code>.Requirement is that the used theme supports the control.Default value is <code>%s</code>The name of the column which is used in the column visibility menu item as text. If not set as fallback the column menu tries to get the text from the nested Label.",
	"!type": "fn() -> String"
	},
"getResizable": {
	 "!category": "function",
	"!description": "Getter for property <code>resizable</code>.Requirement is that the used theme supports the control.Default value is <code>%s</code>Is the column resizable or not?",
	"!type": "fn() -> Boolean"
	},
"getShowFilterMenuEntry": {
	 "!category": "function",
	"!description": "Getter for property <code>showFilterMenuEntry</code>.Requirement is that the used theme supports the control.Default value is <code>%s</code>Define if the filter menu entry is displayed",
	"!type": "fn() -> Boolean"
	},
"getShowSortMenuEntry": {
	 "!category": "function",
	"!description": "Getter for property <code>showSortMenuEntry</code>.Requirement is that the used theme supports the control.Default value is <code>%s</code>Define if the sort menu entries are displayed",
	"!type": "fn() -> Boolean"
	},
"getSorted": {
	 "!category": "function",
	"!description": "Getter for property <code>sorted</code>.Requirement is that the used theme supports the control.Default value is <code>%s</code>flag, if the column is sorted or not (displays the sorting indicator, does not trigger the sort method!)",
	"!type": "fn() -> Boolean"
	},
"getSortOrder": {
	 "!category": "function",
	"!description": "Getter for property <code>sortOrder</code>.Requirement is that the used theme supports the control.Default value is <code>%s</code>Sort order for this column.",
	"!type": "fn() -> sap.ui.table.SortOrder"
	},
"getSortProperty": {
	 "!category": "function",
	"!description": "Getter for property <code>sortProperty</code>.Requirement is that the used theme supports the control.Default value is <code>%s</code>Specifies the binding property on which the column will sort.",
	"!type": "fn() -> String"
	},
"getTemplate": {
	 "!category": "function",
	"!description": "",
	"!type": "fn() -> sap.ui.core.Control"
	},
"getVisible": {
	 "!category": "function",
	"!description": "Getter for property <code>visible</code>.Requirement is that the used theme supports the control.Default value is <code>%s</code>Invisible controls are not rendered.",
	"!type": "fn() -> Boolean"
	},
"getWidth": {
	 "!category": "function",
	"!description": "Getter for property <code>width</code>.Requirement is that the used theme supports the control.Default value is <code>%s</code>Width of the column.",
	"!type": "fn() -> sap.ui.core.CSSSize"
	},
"indexOfMultiLabel": {
	 "!category": "function",
	"!description": "",
	"!type": "fn(oMultiLabel: sap.ui.core.Control) -> Int"
	},
"insertMultiLabel": {
	 "!category": "function",
	"!description": "Inserts a MultiLabel into the aggregation named <code>multiLabels</code>.Labels (header renderer) of the column which are displayed in the column header. Define a control for each header row in the table. Use this aggregation, if you want to use multiple headers per column.",
	"!type": "fn(oMultiLabel: sap.ui.core.Control,iIndex: Int) -> sap.ui.table.Column"
	},
"removeAllMultiLabels": {
	 "!category": "function",
	"!description": "Destroys all the MultiLabels in the aggregation named <code>multiLabels</code>.Labels (header renderer) of the column which are displayed in the column header. Define a control for each header row in the table. Use this aggregation, if you want to use multiple headers per column.",
	"!type": "fn() -> sap.ui.core.Control[]"
	},
"removeMultiLabel": {
	 "!category": "function",
	"!description": "Removes an MultiLabel from the aggregation named <code>multiLabels</code>.Labels (header renderer) of the column which are displayed in the column header. Define a control for each header row in the table. Use this aggregation, if you want to use multiple headers per column.",
	"!type": "fn(vMultiLabel: Int|String|sap.ui.core.Control) -> sap.ui.core.Control"
	},
"setAutoResizable": {
	 "!category": "function",
	"!description": "Property setter for the autoResizable stateEnables auto-resizing of the column on doubleclicking the resizer. Currently only implemented to work with the following controls: sap.m.Text, sap.m.Label, sap.m.Link , sap.m.Input, sap.ui.commons.TextView, sap.ui.commons.Label, sap.ui.commons.Link and sap.ui.commons.TextField, sap.ui.commons.Checkbox, sap.m.Checkbox",
	"!type": "fn(bAutoResizable: Boolean) -> sap.ui.table.Column"
	},
"setDefaultFilterOperator": {
	 "!category": "function",
	"!description": "Property setter for the defaultFilterOperator stateIf this property is set the default filter operator of the column is overwritten.By default Contains is used for string and EQ for other types. A valid sap.ui.model.FilterOperator needs to be passed.",
	"!type": "fn(sDefaultFilterOperator: String) -> sap.ui.table.Column"
	},
"setFiltered": {
	 "!category": "function",
	"!description": "Property setter for the filtered stateflag, if the column is filtered or not (displays the filter indicator, does not trigger the filter method!)",
	"!type": "fn(bFiltered: Boolean) -> sap.ui.table.Column"
	},
"setFilterOperator": {
	 "!category": "function",
	"!description": "Property setter for the filterOperator stateFilter operator to use when filtering this column.",
	"!type": "fn(sFilterOperator: String) -> sap.ui.table.Column"
	},
"setFilterProperty": {
	 "!category": "function",
	"!description": "Property setter for the filterProperty stateSpecifies the binding property on which the column will filter.",
	"!type": "fn(sFilterProperty: String) -> sap.ui.table.Column"
	},
"setFilterType": {
	 "!category": "function",
	"!description": "Property setter for the filterType stateType of Filter. This is used to transform the search term to the specified type, to make sure that the right columns are displayed. This should be the same as defined in binding for this column. As alternative you can pass a function which does the conversion. The function receives the entered filter value as parameter and returns the proper value for the filter expression. Another option is to pass the classname of the type, e.g.: sap.ui.model.type.Date or an expression similar to the binding syntax, e.g.: {type: 'sap.ui.model.type.Date', formatOptions: {UTC: true}, constraints: {} }. Here the escaping is mandatory to avoid handling by the binding parser. By default the filter type is sap.ui.model.type.String.",
	"!type": "fn(oFilterType: any) -> sap.ui.table.Column"
	},
"setFilterValue": {
	 "!category": "function",
	"!description": "Property setter for the filterValue stateSpecifies the value of the filter as string (will be converted into the propert data type).",
	"!type": "fn(sFilterValue: String) -> sap.ui.table.Column"
	},
"setFlexible": {
	 "!category": "function",
	"!description": "Property setter for the flexible stateIs the width of the column flexible (grows on resize)?",
	"!type": "fn(bFlexible: Boolean) -> sap.ui.table.Column"
	},
"setGrouped": {
	 "!category": "function",
	"!description": "Property setter for the grouped stateflag, if the column is grouped or not (hides the column!)",
	"!type": "fn(bGrouped: Boolean) -> sap.ui.table.Column"
	},
"setHAlign": {
	 "!category": "function",
	"!description": "Property setter for the hAlign stateHorizontal alignment of the column content. Controls with a text align do not inherit the horizontal alignment. You have to set the text align directly on the template.",
	"!type": "fn(sHAlign: sap.ui.core.HorizontalAlign) -> sap.ui.table.Column"
	},
"setHeaderSpan": {
	 "!category": "function",
	"!description": "Property setter for the headerSpan stateIf this property is set a span is applied for the header. When moving columns all columns which are part of the header will be moved. This can be either an integer or an array of integers (if you use the multi header feature of the table). If you only specify an integer this span is applied for all header rows, with multiple integers you can specify a seperate span for each header row.",
	"!type": "fn(oHeaderSpan: any) -> sap.ui.table.Column"
	},
"setLabel": {
	 "!category": "function",
	"!description": "",
	"!type": "fn(oLabel: sap.ui.core.Control) -> sap.ui.table.Column"
	},
"setMenu": {
	 "!category": "function",
	"!description": "",
	"!type": "fn(oMenu: sap.ui.unified.Menu) -> sap.ui.table.Column"
	},
"setName": {
	 "!category": "function",
	"!description": "Property setter for the name stateThe name of the column which is used in the column visibility menu item as text. If not set as fallback the column menu tries to get the text from the nested Label.",
	"!type": "fn(sName: String) -> sap.ui.table.Column"
	},
"setResizable": {
	 "!category": "function",
	"!description": "Property setter for the resizable stateIs the column resizable or not?",
	"!type": "fn(bResizable: Boolean) -> sap.ui.table.Column"
	},
"setShowFilterMenuEntry": {
	 "!category": "function",
	"!description": "Property setter for the showFilterMenuEntry stateDefine if the filter menu entry is displayed",
	"!type": "fn(bShowFilterMenuEntry: Boolean) -> sap.ui.table.Column"
	},
"setShowSortMenuEntry": {
	 "!category": "function",
	"!description": "Property setter for the showSortMenuEntry stateDefine if the sort menu entries are displayed",
	"!type": "fn(bShowSortMenuEntry: Boolean) -> sap.ui.table.Column"
	},
"setSorted": {
	 "!category": "function",
	"!description": "Property setter for the sorted stateflag, if the column is sorted or not (displays the sorting indicator, does not trigger the sort method!)",
	"!type": "fn(bSorted: Boolean) -> sap.ui.table.Column"
	},
"setSortOrder": {
	 "!category": "function",
	"!description": "Property setter for the sortOrder stateSort order for this column.",
	"!type": "fn(sSortOrder: sap.ui.table.SortOrder) -> sap.ui.table.Column"
	},
"setSortProperty": {
	 "!category": "function",
	"!description": "Property setter for the sortProperty stateSpecifies the binding property on which the column will sort.",
	"!type": "fn(sSortProperty: String) -> sap.ui.table.Column"
	},
"setTemplate": {
	 "!category": "function",
	"!description": "",
	"!type": "fn(oTemplate: sap.ui.core.Control) -> sap.ui.table.Column"
	},
"setVisible": {
	 "!category": "function",
	"!description": "Property setter for the visible stateInvisible controls are not rendered.",
	"!type": "fn(bVisible: Boolean) -> sap.ui.table.Column"
	},
"setWidth": {
	 "!category": "function",
	"!description": "Property setter for the width stateWidth of the column.",
	"!type": "fn(sWidth: sap.ui.core.CSSSize) -> sap.ui.table.Column"
	},
"sort": {
	 "!category": "function",
	"!description": "sorts the current column ascending or descending",
	"!type": "fn(bDescending: Boolean) -> sap.ui.table.Column"
	},
"toggleSort": {
	 "!category": "function",
	"!description": "toggles the sort order of the column",
	"!type": "fn() -> sap.ui.table.Column"
	}},
"sap.ui.table.Column_obj":{
	 "!type": "fn(sId:String,mSettings:Object)",
	 "extend": {
		 "!category": "function",
		 "!description": "The column allows to define column specific properties that will be applied when rendering the table.",
		 "!type": "fn(sClassName:String,oClassInfo?:Object,FNMetaImpl?:fn())"
	},
	 "prototype": "sap.ui.table.Column"
	},


"sap.ui.table.ColumnMenu":{
	"!category": "class",
	"!description": "The column menu provides all common actions that can be performed on a column.",
	"!proto": "sap.ui.unified.Menu",
"getMetadata": {
	 "!category": "function",
	"!description": "",
	"!type": "fn() -> sap.ui.base.Metadata"
	}},
"sap.ui.table.ColumnMenu_obj":{
	 "!type": "fn(sId:String,mSettings:Object)",
	 "extend": {
		 "!category": "function",
		 "!description": "The column menu provides all common actions that can be performed on a column.",
		 "!type": "fn(sClassName:String,oClassInfo?:Object,FNMetaImpl?:fn())"
	},
	 "prototype": "sap.ui.table.ColumnMenu"
	},


"sap.ui.table.DataTable":{
	"!category": "class",
	"!description": "The DataTable control provides a set of sophisticated and comfort functions for table design. For example, you can make settings for the number of visible rows and a number for the displayed rows in the case the user expands the table. The first visible row can be explicitly set. For the selection of columns and rows, a Multi, a Single, a None, and an All mode are available. Setting the Editable property to true lets the user make changes on the table cell entries.",
	"!proto": "sap.ui.table.TreeTable",
"attachRowSelect": {
	 "!category": "function",
	"!description": "Attach event handler <code>fnFunction</code> to the 'rowSelect' event of this <code>sap.ui.table.DataTable</code>.<br/>.When called, the context of the event handler (its <code>this</code>) will be bound to <code>oListener<code> if specifiedotherwise to this <code>sap.ui.table.DataTable</code>.<br/> itself.fired when the row selection of the table has been changed",
	"!type": "fn(oData?: Object,fnFunction: fn(),oListener?: Object) -> sap.ui.table.DataTable"
	},
"detachRowSelect": {
	 "!category": "function",
	"!description": "Detach event handler <code>fnFunction</code> from the 'rowSelect' event of this <code>sap.ui.table.DataTable</code>.<br/>The passed function and listener object must match the ones used for event registration.fired when the row selection of the table has been changed",
	"!type": "fn(fnFunction: fn(),oListener: Object) -> sap.ui.table.DataTable"
	},
"getExpanded": {
	 "!category": "function",
	"!description": "Getter for property <code>expanded</code>.Requirement is that the used theme supports the control.Default value is <code>%s</code>Flag whether the Table is expanded or not",
	"!type": "fn() -> Boolean"
	},
"getExpandedVisibleRowCount": {
	 "!category": "function",
	"!description": "Getter for property <code>expandedVisibleRowCount</code>.Requirement is that the used theme supports the control.Default value is <code>%s</code>Count of visible rows when expanded",
	"!type": "fn() -> Int"
	},
"getHierarchical": {
	 "!category": "function",
	"!description": "Getter for property <code>hierarchical</code>.Requirement is that the used theme supports the control.Default value is <code>%s</code>Flag, whether the table displays its content hierarchical or not (**experimental**!!)",
	"!type": "fn() -> Boolean"
	},
"getMetadata": {
	 "!category": "function",
	"!description": "",
	"!type": "fn() -> sap.ui.base.Metadata"
	},
"setExpanded": {
	 "!category": "function",
	"!description": "Property setter for the expanded stateFlag whether the Table is expanded or not",
	"!type": "fn(bExpanded: Boolean) -> sap.ui.table.DataTable"
	},
"setExpandedVisibleRowCount": {
	 "!category": "function",
	"!description": "Property setter for the expandedVisibleRowCount stateCount of visible rows when expanded",
	"!type": "fn(iExpandedVisibleRowCount: Int) -> sap.ui.table.DataTable"
	},
"setHierarchical": {
	 "!category": "function",
	"!description": "Property setter for the hierarchical stateFlag, whether the table displays its content hierarchical or not (**experimental**!!)",
	"!type": "fn(bHierarchical: Boolean) -> sap.ui.table.DataTable"
	}},
"sap.ui.table.DataTable_obj":{
	 "!type": "fn(sId:String,mSettings:Object)",
	 "extend": {
		 "!category": "function",
		 "!description": "The DataTable control provides a set of sophisticated and comfort functions for table design. For example, you can make settings for the number of visible rows and a number for the displayed rows in the case the user expands the table. The first visible row can be explicitly set. For the selection of columns and rows, a Multi, a Single, a None, and an All mode are available. Setting the Editable property to true lets the user make changes on the table cell entries.",
		 "!type": "fn(sClassName:String,oClassInfo?:Object,FNMetaImpl?:fn())"
	},
	 "prototype": "sap.ui.table.DataTable"
	},


"sap.ui.table.Row":{
	"!category": "class",
	"!description": "The row.",
	"!proto": "sap.ui.core.Element",
"addCell": {
	 "!category": "function",
	"!description": "Adds some <code>Cell</code> to the aggregation named <code>cells</code>.The controls for the cells.",
	"!type": "fn(oCell: sap.ui.core.Control) -> sap.ui.table.Row"
	},
"destroyCells": {
	 "!category": "function",
	"!description": "",
	"!type": "fn() -> sap.ui.table.Row"
	},
"getCells": {
	 "!category": "function",
	"!description": "Getter for aggregation <code>cells</code>.<br/>Empty container used to display any library controls.<strong>Note</strong>: this is the default aggregation for %s.The controls for the cells.",
	"!type": "fn() -> sap.ui.core.Control[]"
	},
"getIndex": {
	 "!category": "function",
	"!description": "Returns the index of the row in the table or -1 if not added to a table.",
	"!type": "fn() -> Int"
	},
"getMetadata": {
	 "!category": "function",
	"!description": "",
	"!type": "fn() -> sap.ui.base.Metadata"
	},
"indexOfCell": {
	 "!category": "function",
	"!description": "",
	"!type": "fn(oCell: sap.ui.core.Control) -> Int"
	},
"insertCell": {
	 "!category": "function",
	"!description": "Inserts a Cell into the aggregation named <code>cells</code>.The controls for the cells.",
	"!type": "fn(oCell: sap.ui.core.Control,iIndex: Int) -> sap.ui.table.Row"
	},
"removeAllCells": {
	 "!category": "function",
	"!description": "Destroys all the Cells in the aggregation named <code>cells</code>.The controls for the cells.",
	"!type": "fn() -> sap.ui.core.Control[]"
	},
"removeCell": {
	 "!category": "function",
	"!description": "Removes an Cell from the aggregation named <code>cells</code>.The controls for the cells.",
	"!type": "fn(vCell: Int|String|sap.ui.core.Control) -> sap.ui.core.Control"
	}},
"sap.ui.table.Row_obj":{
	 "!type": "fn(sId:String,mSettings:Object)",
	 "extend": {
		 "!category": "function",
		 "!description": "The row.",
		 "!type": "fn(sClassName:String,oClassInfo?:Object,FNMetaImpl?:fn())"
	},
	 "prototype": "sap.ui.table.Row"
	},


"sap.ui.table.Table":{
	"!category": "class",
	"!description": "The Table control provides a set of sophisticated and comfort functions for table design. For example, you can make settings for the number of visible rows. The first visible row can be explicitly set. For the selection of rows, a Multi, a Single, and a None mode are available.",
	"!proto": "sap.ui.core.Control",
"addColumn": {
	 "!category": "function",
	"!description": "Adds some <code>Column</code> to the aggregation named <code>columns</code>.Columns of the Table",
	"!type": "fn(oColumn: sap.ui.table.Column) -> sap.ui.table.Table"
	},
"addExtension": {
	 "!category": "function",
	"!description": "Adds some <code>Extension</code> to the aggregation named <code>extension</code>.Extension section of the Table (if not set it will be hidden)",
	"!type": "fn(oExtension: sap.ui.core.Control) -> sap.ui.table.Table"
	},
"addRow": {
	 "!category": "function",
	"!description": "Adds some <code>Row</code> to the aggregation named <code>rows</code>.Rows of the Table",
	"!type": "fn(oRow: sap.ui.table.Row) -> sap.ui.table.Table"
	},
"addSelectionInterval": {
	 "!category": "function",
	"!description": "Adds the given selection interval to the selection. In case of single selection the indexTo value will be used for as selected index.",
	"!type": "fn(iIndexFrom: Int,iIndexTo: Int) -> sap.ui.table.Table"
	},
"attachCellClick": {
	 "!category": "function",
	"!description": "Attach event handler <code>fnFunction</code> to the 'cellClick' event of this <code>sap.ui.table.Table</code>.<br/>.When called, the context of the event handler (its <code>this</code>) will be bound to <code>oListener<code> if specifiedotherwise to this <code>sap.ui.table.Table</code>.<br/> itself.fired when the user clicks a cell of the table (experimental!).",
	"!type": "fn(oData?: Object,fnFunction: fn(),oListener?: Object) -> sap.ui.table.Table"
	},
"attachCellContextmenu": {
	 "!category": "function",
	"!description": "Attach event handler <code>fnFunction</code> to the 'cellContextmenu' event of this <code>sap.ui.table.Table</code>.<br/>.When called, the context of the event handler (its <code>this</code>) will be bound to <code>oListener<code> if specifiedotherwise to this <code>sap.ui.table.Table</code>.<br/> itself.fired when the user clicks a cell of the table (experimental!).",
	"!type": "fn(oData?: Object,fnFunction: fn(),oListener?: Object) -> sap.ui.table.Table"
	},
"attachColumnFreeze": {
	 "!category": "function",
	"!description": "Attach event handler <code>fnFunction</code> to the 'columnFreeze' event of this <code>sap.ui.table.Table</code>.<br/>.When called, the context of the event handler (its <code>this</code>) will be bound to <code>oListener<code> if specifiedotherwise to this <code>sap.ui.table.Table</code>.<br/> itself.fired when a column of the table should be freezed",
	"!type": "fn(oData?: Object,fnFunction: fn(),oListener?: Object) -> sap.ui.table.Table"
	},
"attachColumnMove": {
	 "!category": "function",
	"!description": "Attach event handler <code>fnFunction</code> to the 'columnMove' event of this <code>sap.ui.table.Table</code>.<br/>.When called, the context of the event handler (its <code>this</code>) will be bound to <code>oListener<code> if specifiedotherwise to this <code>sap.ui.table.Table</code>.<br/> itself.fired when a table column is moved.",
	"!type": "fn(oData?: Object,fnFunction: fn(),oListener?: Object) -> sap.ui.table.Table"
	},
"attachColumnResize": {
	 "!category": "function",
	"!description": "Attach event handler <code>fnFunction</code> to the 'columnResize' event of this <code>sap.ui.table.Table</code>.<br/>.When called, the context of the event handler (its <code>this</code>) will be bound to <code>oListener<code> if specifiedotherwise to this <code>sap.ui.table.Table</code>.<br/> itself.fired when a table column is resized.",
	"!type": "fn(oData?: Object,fnFunction: fn(),oListener?: Object) -> sap.ui.table.Table"
	},
"attachColumnSelect": {
	 "!category": "function",
	"!description": "Attach event handler <code>fnFunction</code> to the 'columnSelect' event of this <code>sap.ui.table.Table</code>.<br/>.When called, the context of the event handler (its <code>this</code>) will be bound to <code>oListener<code> if specifiedotherwise to this <code>sap.ui.table.Table</code>.<br/> itself.fired when a column of the table has been selected",
	"!type": "fn(oData?: Object,fnFunction: fn(),oListener?: Object) -> sap.ui.table.Table"
	},
"attachColumnVisibility": {
	 "!category": "function",
	"!description": "Attach event handler <code>fnFunction</code> to the 'columnVisibility' event of this <code>sap.ui.table.Table</code>.<br/>.When called, the context of the event handler (its <code>this</code>) will be bound to <code>oListener<code> if specifiedotherwise to this <code>sap.ui.table.Table</code>.<br/> itself.fired when the visibility of a table column is changed.",
	"!type": "fn(oData?: Object,fnFunction: fn(),oListener?: Object) -> sap.ui.table.Table"
	},
"attachCustomFilter": {
	 "!category": "function",
	"!description": "Attach event handler <code>fnFunction</code> to the 'customFilter' event of this <code>sap.ui.table.Table</code>.<br/>.When called, the context of the event handler (its <code>this</code>) will be bound to <code>oListener<code> if specifiedotherwise to this <code>sap.ui.table.Table</code>.<br/> itself.This event is triggered when the custom filter item of the column menu is pressed. The column on which the event was triggered is passed as parameter.",
	"!type": "fn(oData?: Object,fnFunction: fn(),oListener?: Object) -> sap.ui.table.Table"
	},
"attachFilter": {
	 "!category": "function",
	"!description": "Attach event handler <code>fnFunction</code> to the 'filter' event of this <code>sap.ui.table.Table</code>.<br/>.When called, the context of the event handler (its <code>this</code>) will be bound to <code>oListener<code> if specifiedotherwise to this <code>sap.ui.table.Table</code>.<br/> itself.fired when the table is filtered.",
	"!type": "fn(oData?: Object,fnFunction: fn(),oListener?: Object) -> sap.ui.table.Table"
	},
"attachGroup": {
	 "!category": "function",
	"!description": "Attach event handler <code>fnFunction</code> to the 'group' event of this <code>sap.ui.table.Table</code>.<br/>.When called, the context of the event handler (its <code>this</code>) will be bound to <code>oListener<code> if specifiedotherwise to this <code>sap.ui.table.Table</code>.<br/> itself.fired when the table is grouped (experimental!).",
	"!type": "fn(oData?: Object,fnFunction: fn(),oListener?: Object) -> sap.ui.table.Table"
	},
"attachRowSelectionChange": {
	 "!category": "function",
	"!description": "Attach event handler <code>fnFunction</code> to the 'rowSelectionChange' event of this <code>sap.ui.table.Table</code>.<br/>.When called, the context of the event handler (its <code>this</code>) will be bound to <code>oListener<code> if specifiedotherwise to this <code>sap.ui.table.Table</code>.<br/> itself.fired when the row selection of the table has been changed (the event parameters can be used to determine selection changes - to find out the selected rows you should better use the table selection API)",
	"!type": "fn(oData?: Object,fnFunction: fn(),oListener?: Object) -> sap.ui.table.Table"
	},
"attachSort": {
	 "!category": "function",
	"!description": "Attach event handler <code>fnFunction</code> to the 'sort' event of this <code>sap.ui.table.Table</code>.<br/>.When called, the context of the event handler (its <code>this</code>) will be bound to <code>oListener<code> if specifiedotherwise to this <code>sap.ui.table.Table</code>.<br/> itself.fired when the table is sorted.",
	"!type": "fn(oData?: Object,fnFunction: fn(),oListener?: Object) -> sap.ui.table.Table"
	},
"autoResizeColumn": {
	 "!category": "function",
	"!description": "triggers automatic resizing of a column to the widest content.(experimental!)",
	"!type": "fn(iColId: Int) -> Int"
	},
"bindColumns": {
	 "!category": "function",
	"!description": "",
	"!type": "fn(oBindingInfo: Object) -> sap.ui.table.Table"
	},
"bindRows": {
	 "!category": "function",
	"!description": "",
	"!type": "fn(oBindingInfo: Object) -> sap.ui.table.Table"
	},
"clearSelection": {
	 "!category": "function",
	"!description": "Removes complete selection.",
	"!type": "fn() -> sap.ui.table.Table"
	},
"destroyColumns": {
	 "!category": "function",
	"!description": "",
	"!type": "fn() -> sap.ui.table.Table"
	},
"destroyExtension": {
	 "!category": "function",
	"!description": "",
	"!type": "fn() -> sap.ui.table.Table"
	},
"destroyFooter": {
	 "!category": "function",
	"!description": "",
	"!type": "fn() -> sap.ui.table.Table"
	},
"destroyNoData": {
	 "!category": "function",
	"!description": "",
	"!type": "fn() -> sap.ui.table.Table"
	},
"destroyRows": {
	 "!category": "function",
	"!description": "",
	"!type": "fn() -> sap.ui.table.Table"
	},
"destroyTitle": {
	 "!category": "function",
	"!description": "",
	"!type": "fn() -> sap.ui.table.Table"
	},
"destroyToolbar": {
	 "!category": "function",
	"!description": "",
	"!type": "fn() -> sap.ui.table.Table"
	},
"detachCellClick": {
	 "!category": "function",
	"!description": "Detach event handler <code>fnFunction</code> from the 'cellClick' event of this <code>sap.ui.table.Table</code>.<br/>The passed function and listener object must match the ones used for event registration.fired when the user clicks a cell of the table (experimental!).",
	"!type": "fn(fnFunction: fn(),oListener: Object) -> sap.ui.table.Table"
	},
"detachCellContextmenu": {
	 "!category": "function",
	"!description": "Detach event handler <code>fnFunction</code> from the 'cellContextmenu' event of this <code>sap.ui.table.Table</code>.<br/>The passed function and listener object must match the ones used for event registration.fired when the user clicks a cell of the table (experimental!).",
	"!type": "fn(fnFunction: fn(),oListener: Object) -> sap.ui.table.Table"
	},
"detachColumnFreeze": {
	 "!category": "function",
	"!description": "Detach event handler <code>fnFunction</code> from the 'columnFreeze' event of this <code>sap.ui.table.Table</code>.<br/>The passed function and listener object must match the ones used for event registration.fired when a column of the table should be freezed",
	"!type": "fn(fnFunction: fn(),oListener: Object) -> sap.ui.table.Table"
	},
"detachColumnMove": {
	 "!category": "function",
	"!description": "Detach event handler <code>fnFunction</code> from the 'columnMove' event of this <code>sap.ui.table.Table</code>.<br/>The passed function and listener object must match the ones used for event registration.fired when a table column is moved.",
	"!type": "fn(fnFunction: fn(),oListener: Object) -> sap.ui.table.Table"
	},
"detachColumnResize": {
	 "!category": "function",
	"!description": "Detach event handler <code>fnFunction</code> from the 'columnResize' event of this <code>sap.ui.table.Table</code>.<br/>The passed function and listener object must match the ones used for event registration.fired when a table column is resized.",
	"!type": "fn(fnFunction: fn(),oListener: Object) -> sap.ui.table.Table"
	},
"detachColumnSelect": {
	 "!category": "function",
	"!description": "Detach event handler <code>fnFunction</code> from the 'columnSelect' event of this <code>sap.ui.table.Table</code>.<br/>The passed function and listener object must match the ones used for event registration.fired when a column of the table has been selected",
	"!type": "fn(fnFunction: fn(),oListener: Object) -> sap.ui.table.Table"
	},
"detachColumnVisibility": {
	 "!category": "function",
	"!description": "Detach event handler <code>fnFunction</code> from the 'columnVisibility' event of this <code>sap.ui.table.Table</code>.<br/>The passed function and listener object must match the ones used for event registration.fired when the visibility of a table column is changed.",
	"!type": "fn(fnFunction: fn(),oListener: Object) -> sap.ui.table.Table"
	},
"detachCustomFilter": {
	 "!category": "function",
	"!description": "Detach event handler <code>fnFunction</code> from the 'customFilter' event of this <code>sap.ui.table.Table</code>.<br/>The passed function and listener object must match the ones used for event registration.This event is triggered when the custom filter item of the column menu is pressed. The column on which the event was triggered is passed as parameter.",
	"!type": "fn(fnFunction: fn(),oListener: Object) -> sap.ui.table.Table"
	},
"detachFilter": {
	 "!category": "function",
	"!description": "Detach event handler <code>fnFunction</code> from the 'filter' event of this <code>sap.ui.table.Table</code>.<br/>The passed function and listener object must match the ones used for event registration.fired when the table is filtered.",
	"!type": "fn(fnFunction: fn(),oListener: Object) -> sap.ui.table.Table"
	},
"detachGroup": {
	 "!category": "function",
	"!description": "Detach event handler <code>fnFunction</code> from the 'group' event of this <code>sap.ui.table.Table</code>.<br/>The passed function and listener object must match the ones used for event registration.fired when the table is grouped (experimental!).",
	"!type": "fn(fnFunction: fn(),oListener: Object) -> sap.ui.table.Table"
	},
"detachRowSelectionChange": {
	 "!category": "function",
	"!description": "Detach event handler <code>fnFunction</code> from the 'rowSelectionChange' event of this <code>sap.ui.table.Table</code>.<br/>The passed function and listener object must match the ones used for event registration.fired when the row selection of the table has been changed (the event parameters can be used to determine selection changes - to find out the selected rows you should better use the table selection API)",
	"!type": "fn(fnFunction: fn(),oListener: Object) -> sap.ui.table.Table"
	},
"detachSort": {
	 "!category": "function",
	"!description": "Detach event handler <code>fnFunction</code> from the 'sort' event of this <code>sap.ui.table.Table</code>.<br/>The passed function and listener object must match the ones used for event registration.fired when the table is sorted.",
	"!type": "fn(fnFunction: fn(),oListener: Object) -> sap.ui.table.Table"
	},
"exportData": {
	 "!category": "function",
	"!description": "Creates a new {@link sap.ui.core.util.Export} object and fills row/column information from the table if not provided. For the cell content, the column's sortProperty will be used (experimental!)<p><b>Please note: The return value was changed from jQuery Promises to standard ES6 Promises.jQuery specific Promise methods ('done', 'fail', 'always', 'pipe' and 'state') are still available but should not be used.Please use only the standard methods 'then' and 'catch'!</b></p>",
	"!type": "fn(mSettings?: Object) -> Promise"
	},
"filter": {
	 "!category": "function",
	"!description": "filter the given column by the given value",
	"!type": "fn(oColumn: sap.ui.table.Column,sValue: String) -> sap.ui.table.Table"
	},
"getAllowColumnReordering": {
	 "!category": "function",
	"!description": "Getter for property <code>allowColumnReordering</code>.Requirement is that the used theme supports the control.Default value is <code>%s</code>Flag to enable or disable column reordering",
	"!type": "fn() -> Boolean"
	},
"getColumnHeaderHeight": {
	 "!category": "function",
	"!description": "Getter for property <code>columnHeaderHeight</code>.Requirement is that the used theme supports the control.Default value is <code>%s</code>Height of the column header of the Table in pixel.",
	"!type": "fn() -> Int"
	},
"getColumnHeaderVisible": {
	 "!category": "function",
	"!description": "Getter for property <code>columnHeaderVisible</code>.Requirement is that the used theme supports the control.Default value is <code>%s</code>Flag whether the column header is visible or not.",
	"!type": "fn() -> Boolean"
	},
"getColumns": {
	 "!category": "function",
	"!description": "Getter for aggregation <code>columns</code>.<br/>Empty container used to display any library controls.<strong>Note</strong>: this is the default aggregation for %s.Columns of the Table",
	"!type": "fn() -> sap.ui.table.Column[]"
	},
"getContextByIndex": {
	 "!category": "function",
	"!description": "Returns the context of a row by its index.",
	"!type": "fn(iIndex: Int) -> Object"
	},
"getEditable": {
	 "!category": "function",
	"!description": "Getter for property <code>editable</code>.Requirement is that the used theme supports the control.Default value is <code>%s</code>Flag whether the controls of the Table are editable or not (currently this only controls the background color!)",
	"!type": "fn() -> Boolean"
	},
"getEnableCellFilter": {
	 "!category": "function",
	"!description": "Getter for property <code>enableCellFilter</code>.Requirement is that the used theme supports the control.Default value is <code>%s</code>Flag whether to enable or disable the context menu on cells to trigger a filtering with the cell value.",
	"!type": "fn() -> Boolean"
	},
"getEnableColumnFreeze": {
	 "!category": "function",
	"!description": "Getter for property <code>enableColumnFreeze</code>.Requirement is that the used theme supports the control.Default value is <code>%s</code>Flag whether to show or hide the column menu item to freeze or unfreeze a column.",
	"!type": "fn() -> Boolean"
	},
"getEnableColumnReordering": {
	 "!category": "function",
	"!description": "Getter for property <code>enableColumnReordering</code>.Requirement is that the used theme supports the control.Default value is <code>%s</code>Flag to enable or disable column reordering",
	"!type": "fn() -> Boolean"
	},
"getEnableCustomFilter": {
	 "!category": "function",
	"!description": "Getter for property <code>enableCustomFilter</code>.Requirement is that the used theme supports the control.Default value is <code>%s</code>Set this parameter to true to implement your own filter behaviour. Instead of the filter input box a button will be rendered for which' press event (customFilter) you can register an event handler.",
	"!type": "fn() -> Boolean"
	},
"getEnableGrouping": {
	 "!category": "function",
	"!description": "Getter for property <code>enableGrouping</code>.Requirement is that the used theme supports the control.Default value is <code>%s</code>Flag to enable or disable column grouping. (experimental!)",
	"!type": "fn() -> Boolean"
	},
"getEnableSelectAll": {
	 "!category": "function",
	"!description": "Getter for property <code>enableSelectAll</code>.Requirement is that the used theme supports the control.Default value is <code>%s</code>Specifies if a select all button should be displayed in the top left corner.",
	"!type": "fn() -> Boolean"
	},
"getExtension": {
	 "!category": "function",
	"!description": "",
	"!type": "fn() -> sap.ui.core.Control[]"
	},
"getFirstVisibleRow": {
	 "!category": "function",
	"!description": "Getter for property <code>firstVisibleRow</code>.Requirement is that the used theme supports the control.Default value is <code>%s</code>First visible row.",
	"!type": "fn() -> Int"
	},
"getFixedBottomRowCount": {
	 "!category": "function",
	"!description": "Getter for property <code>fixedBottomRowCount</code>.Requirement is that the used theme supports the control.Default value is <code>%s</code>Number of rows that are fix on the bottom. When you use a vertical scroll bar, only the rows which are not fixed, will scroll. (experimental!)",
	"!type": "fn() -> Int"
	},
"getFixedColumnCount": {
	 "!category": "function",
	"!description": "Getter for property <code>fixedColumnCount</code>.Requirement is that the used theme supports the control.Default value is <code>%s</code>Number of columns that are fix on the left. When you use a horizontal scroll bar, only the columns which are not fixed, will scroll. Fixed columns need a defined width for the feature to work.",
	"!type": "fn() -> Int"
	},
"getFixedRowCount": {
	 "!category": "function",
	"!description": "Getter for property <code>fixedRowCount</code>.Requirement is that the used theme supports the control.Default value is <code>%s</code>Number of rows that are fix on the top. When you use a vertical scroll bar, only the rows which are not fixed, will scroll.",
	"!type": "fn() -> Int"
	},
"getFooter": {
	 "!category": "function",
	"!description": "",
	"!type": "fn() -> sap.ui.core.Control"
	},
"getGroupBy": {
	 "!category": "function",
	"!description": "",
	"!type": "fn() -> sap.ui.table.Column"
	},
"getMetadata": {
	 "!category": "function",
	"!description": "",
	"!type": "fn() -> sap.ui.base.Metadata"
	},
"getMinAutoRowCount": {
	 "!category": "function",
	"!description": "Getter for property <code>minAutoRowCount</code>.Requirement is that the used theme supports the control.Default value is <code>%s</code>This property is used to set the minimum count of visible rows when the property visibleRowCountMode is set to Auto. For any other visibleRowCountMode, it is ignored.",
	"!type": "fn() -> Int"
	},
"getNavigationMode": {
	 "!category": "function",
	"!description": "Getter for property <code>navigationMode</code>.Requirement is that the used theme supports the control.Default value is <code>%s</code>Flag whether to use the scroll mode or paging mode. If the Paginator mode is used it will require the sap.ui.commons library!",
	"!type": "fn() -> sap.ui.table.NavigationMode"
	},
"getNoData": {
	 "!category": "function",
	"!description": "",
	"!type": "fn() -> sap.ui.core.Control"
	},
"getNoDataText": {
	 "!category": "function",
	"!description": "Getter for property <code>noDataText</code>.Requirement is that the used theme supports the control.Default value is <code>%s</code>This text is shown, in case there is no data available to be displayed in the Table and no custom noData control is set.",
	"!type": "fn() -> String"
	},
"getRowHeight": {
	 "!category": "function",
	"!description": "Getter for property <code>rowHeight</code>.Requirement is that the used theme supports the control.Default value is <code>%s</code>Height of a row of the Table in pixel.",
	"!type": "fn() -> Int"
	},
"getRows": {
	 "!category": "function",
	"!description": "Getter for aggregation <code>rows</code>.<br/>Empty container used to display any library controls.<strong>Note</strong>: this is the default aggregation for %s.Rows of the Table",
	"!type": "fn() -> sap.ui.table.Row[]"
	},
"getSelectedIndex": {
	 "!category": "function",
	"!description": "Getter for property <code>selectedIndex</code>.Requirement is that the used theme supports the control.Default value is <code>%s</code>Zero-based index of selected item. Index value for no selection is -1. When multi-selection is enabled and multiple items are selected, the method returns the lead selected item. Sets the zero-based index of the currently selected item. This method removes any previous selections. When the given index is invalid, the call is ignored.",
	"!type": "fn() -> Int"
	},
"getSelectedIndices": {
	 "!category": "function",
	"!description": "Zero-based indices of selected items, wrapped in an array. An empty array means no selection.",
	"!type": "fn() -> Int[]"
	},
"getSelectionBehavior": {
	 "!category": "function",
	"!description": "Getter for property <code>selectionBehavior</code>.Requirement is that the used theme supports the control.Default value is <code>%s</code>Selection behavior of the Table.",
	"!type": "fn() -> sap.ui.table.SelectionBehavior"
	},
"getSelectionMode": {
	 "!category": "function",
	"!description": "Getter for property <code>selectionMode</code>.Requirement is that the used theme supports the control.Default value is <code>%s</code>Selection mode of the Table.",
	"!type": "fn() -> sap.ui.table.SelectionMode"
	},
"getShowColumnVisibilityMenu": {
	 "!category": "function",
	"!description": "Getter for property <code>showColumnVisibilityMenu</code>.Requirement is that the used theme supports the control.Default value is <code>%s</code>Flag to show or hide the column visibility menu.",
	"!type": "fn() -> Boolean"
	},
"getShowNoData": {
	 "!category": "function",
	"!description": "Getter for property <code>showNoData</code>.Requirement is that the used theme supports the control.Default value is <code>%s</code>Flag whether to show the no data overlay or not once the table is empty.",
	"!type": "fn() -> Boolean"
	},
"getShowOverlay": {
	 "!category": "function",
	"!description": "Getter for property <code>showOverlay</code>.Requirement is that the used theme supports the control.Default value is <code>%s</code>Setting this property to true will show an overlay on top of the Table content and users cannot click anymore on the Table content.",
	"!type": "fn() -> Boolean"
	},
"getThreshold": {
	 "!category": "function",
	"!description": "Getter for property <code>threshold</code>.Requirement is that the used theme supports the control.Default value is <code>%s</code>Threshold to fetch the next chunk of data. The minimal threshold can be the visible row count of the Table. If the value is 0 then the thresholding is disabled.",
	"!type": "fn() -> Int"
	},
"getTitle": {
	 "!category": "function",
	"!description": "",
	"!type": "fn() -> sap.ui.core.Control"
	},
"getToolbar": {
	 "!category": "function",
	"!description": "",
	"!type": "fn() -> sap.ui.core.Toolbar"
	},
"getVisibleRowCount": {
	 "!category": "function",
	"!description": "Getter for property <code>visibleRowCount</code>.Requirement is that the used theme supports the control.Default value is <code>%s</code>Count of visible rows (will overwrite the height property).",
	"!type": "fn() -> Int"
	},
"getVisibleRowCountMode": {
	 "!category": "function",
	"!description": "Getter for property <code>visibleRowCountMode</code>.Requirement is that the used theme supports the control.Default value is <code>%s</code>This defines how the table handles the visible rows in the table. The default behavior is, that a fixed row count is defined. If you change it to auto the visibleRowCount property is changed by the table automatically. It will then adjust its maximum row count to the space it is allowed to cover (limited by the surrounding container) and its minimum row count to the value of the property minAutoRowCount (default value : 5) In manual mode the user can change the visibleRowCount interactively.",
	"!type": "fn() -> sap.ui.table.VisibleRowCountMode"
	},
"getWidth": {
	 "!category": "function",
	"!description": "Getter for property <code>width</code>.Requirement is that the used theme supports the control.Default value is <code>%s</code>Width of the Table.",
	"!type": "fn() -> sap.ui.core.CSSSize"
	},
"indexOfColumn": {
	 "!category": "function",
	"!description": "",
	"!type": "fn(oColumn: sap.ui.table.Column) -> Int"
	},
"indexOfExtension": {
	 "!category": "function",
	"!description": "",
	"!type": "fn(oExtension: sap.ui.core.Control) -> Int"
	},
"indexOfRow": {
	 "!category": "function",
	"!description": "",
	"!type": "fn(oRow: sap.ui.table.Row) -> Int"
	},
"insertColumn": {
	 "!category": "function",
	"!description": "Inserts a Column into the aggregation named <code>columns</code>.Columns of the Table",
	"!type": "fn(oColumn: sap.ui.table.Column,iIndex: Int) -> sap.ui.table.Table"
	},
"insertExtension": {
	 "!category": "function",
	"!description": "Inserts a Extension into the aggregation named <code>extension</code>.Extension section of the Table (if not set it will be hidden)",
	"!type": "fn(oExtension: sap.ui.core.Control,iIndex: Int) -> sap.ui.table.Table"
	},
"insertRow": {
	 "!category": "function",
	"!description": "Inserts a Row into the aggregation named <code>rows</code>.Rows of the Table",
	"!type": "fn(oRow: sap.ui.table.Row,iIndex: Int) -> sap.ui.table.Table"
	},
"isIndexSelected": {
	 "!category": "function",
	"!description": "Returns whether the given index is selected.",
	"!type": "fn(iIndex: Int) -> Boolean"
	},
"removeAllColumns": {
	 "!category": "function",
	"!description": "Destroys all the Columns in the aggregation named <code>columns</code>.Columns of the Table",
	"!type": "fn() -> sap.ui.table.Column[]"
	},
"removeAllExtension": {
	 "!category": "function",
	"!description": "",
	"!type": "fn() -> sap.ui.core.Control[]"
	},
"removeAllRows": {
	 "!category": "function",
	"!description": "Destroys all the Rows in the aggregation named <code>rows</code>.Rows of the Table",
	"!type": "fn() -> sap.ui.table.Row[]"
	},
"removeColumn": {
	 "!category": "function",
	"!description": "Removes an Column from the aggregation named <code>columns</code>.Columns of the Table",
	"!type": "fn(vColumn: Int|String|sap.ui.table.Column) -> sap.ui.table.Column"
	},
"removeExtension": {
	 "!category": "function",
	"!description": "Removes an Extension from the aggregation named <code>extension</code>.Extension section of the Table (if not set it will be hidden)",
	"!type": "fn(vExtension: Int|String|sap.ui.core.Control) -> sap.ui.core.Control"
	},
"removeRow": {
	 "!category": "function",
	"!description": "Removes an Row from the aggregation named <code>rows</code>.Rows of the Table",
	"!type": "fn(vRow: Int|String|sap.ui.table.Row) -> sap.ui.table.Row"
	},
"removeSelectionInterval": {
	 "!category": "function",
	"!description": "Removes the given selection interval from the selection. In case of single selection this call removeSelectedIndex with the indexTo value.",
	"!type": "fn(iIndexFrom: Int,iIndexTo: Int) -> sap.ui.table.Table"
	},
"selectAll": {
	 "!category": "function",
	"!description": "Add all rows to the selection.",
	"!type": "fn() -> sap.ui.table.Table"
	},
"setAllowColumnReordering": {
	 "!category": "function",
	"!description": "Property setter for the allowColumnReordering stateFlag to enable or disable column reordering",
	"!type": "fn(bAllowColumnReordering: Boolean) -> sap.ui.table.Table"
	},
"setColumnHeaderHeight": {
	 "!category": "function",
	"!description": "Property setter for the columnHeaderHeight stateHeight of the column header of the Table in pixel.",
	"!type": "fn(iColumnHeaderHeight: Int) -> sap.ui.table.Table"
	},
"setColumnHeaderVisible": {
	 "!category": "function",
	"!description": "Property setter for the columnHeaderVisible stateFlag whether the column header is visible or not.",
	"!type": "fn(bColumnHeaderVisible: Boolean) -> sap.ui.table.Table"
	},
"setEditable": {
	 "!category": "function",
	"!description": "Property setter for the editable stateFlag whether the controls of the Table are editable or not (currently this only controls the background color!)",
	"!type": "fn(bEditable: Boolean) -> sap.ui.table.Table"
	},
"setEnableCellFilter": {
	 "!category": "function",
	"!description": "Property setter for the enableCellFilter stateFlag whether to enable or disable the context menu on cells to trigger a filtering with the cell value.",
	"!type": "fn(bEnableCellFilter: Boolean) -> sap.ui.table.Table"
	},
"setEnableColumnFreeze": {
	 "!category": "function",
	"!description": "Property setter for the enableColumnFreeze stateFlag whether to show or hide the column menu item to freeze or unfreeze a column.",
	"!type": "fn(bEnableColumnFreeze: Boolean) -> sap.ui.table.Table"
	},
"setEnableColumnReordering": {
	 "!category": "function",
	"!description": "Property setter for the enableColumnReordering stateFlag to enable or disable column reordering",
	"!type": "fn(bEnableColumnReordering: Boolean) -> sap.ui.table.Table"
	},
"setEnableCustomFilter": {
	 "!category": "function",
	"!description": "Property setter for the enableCustomFilter stateSet this parameter to true to implement your own filter behaviour. Instead of the filter input box a button will be rendered for which' press event (customFilter) you can register an event handler.",
	"!type": "fn(bEnableCustomFilter: Boolean) -> sap.ui.table.Table"
	},
"setEnableGrouping": {
	 "!category": "function",
	"!description": "Property setter for the enableGrouping stateFlag to enable or disable column grouping. (experimental!)",
	"!type": "fn(bEnableGrouping: Boolean) -> sap.ui.table.Table"
	},
"setEnableSelectAll": {
	 "!category": "function",
	"!description": "Property setter for the enableSelectAll stateSpecifies if a select all button should be displayed in the top left corner.",
	"!type": "fn(bEnableSelectAll: Boolean) -> sap.ui.table.Table"
	},
"setFirstVisibleRow": {
	 "!category": "function",
	"!description": "Property setter for the firstVisibleRow stateFirst visible row.",
	"!type": "fn(iFirstVisibleRow: Int) -> sap.ui.table.Table"
	},
"setFixedBottomRowCount": {
	 "!category": "function",
	"!description": "Property setter for the fixedBottomRowCount stateNumber of rows that are fix on the bottom. When you use a vertical scroll bar, only the rows which are not fixed, will scroll. (experimental!)",
	"!type": "fn(iFixedBottomRowCount: Int) -> sap.ui.table.Table"
	},
"setFixedColumnCount": {
	 "!category": "function",
	"!description": "Property setter for the fixedColumnCount stateNumber of columns that are fix on the left. When you use a horizontal scroll bar, only the columns which are not fixed, will scroll. Fixed columns need a defined width for the feature to work.",
	"!type": "fn(iFixedColumnCount: Int) -> sap.ui.table.Table"
	},
"setFixedRowCount": {
	 "!category": "function",
	"!description": "Property setter for the fixedRowCount stateNumber of rows that are fix on the top. When you use a vertical scroll bar, only the rows which are not fixed, will scroll.",
	"!type": "fn(iFixedRowCount: Int) -> sap.ui.table.Table"
	},
"setFooter": {
	 "!category": "function",
	"!description": "",
	"!type": "fn(oFooter: sap.ui.core.Control) -> sap.ui.table.Table"
	},
"setGroupBy": {
	 "!category": "function",
	"!description": "overridden to hide the group by column when set",
	"!type": "fn(oGroupBy: sap.ui.table.Column) -> sap.ui.table.Table"
	},
"setMinAutoRowCount": {
	 "!category": "function",
	"!description": "Property setter for the minAutoRowCount stateThis property is used to set the minimum count of visible rows when the property visibleRowCountMode is set to Auto. For any other visibleRowCountMode, it is ignored.",
	"!type": "fn(iMinAutoRowCount: Int) -> sap.ui.table.Table"
	},
"setNavigationMode": {
	 "!category": "function",
	"!description": "Property setter for the navigationMode stateFlag whether to use the scroll mode or paging mode. If the Paginator mode is used it will require the sap.ui.commons library!",
	"!type": "fn(sNavigationMode: sap.ui.table.NavigationMode) -> sap.ui.table.Table"
	},
"setNoData": {
	 "!category": "function",
	"!description": "",
	"!type": "fn(oNoData: sap.ui.core.Control) -> sap.ui.table.Table"
	},
"setNoDataText": {
	 "!category": "function",
	"!description": "Property setter for the noDataText stateThis text is shown, in case there is no data available to be displayed in the Table and no custom noData control is set.",
	"!type": "fn(sNoDataText: String) -> sap.ui.table.Table"
	},
"setRowHeight": {
	 "!category": "function",
	"!description": "Property setter for the rowHeight stateHeight of a row of the Table in pixel.",
	"!type": "fn(iRowHeight: Int) -> sap.ui.table.Table"
	},
"setSelectedIndex": {
	 "!category": "function",
	"!description": "Property setter for the selectedIndex stateZero-based index of selected item. Index value for no selection is -1. When multi-selection is enabled and multiple items are selected, the method returns the lead selected item. Sets the zero-based index of the currently selected item. This method removes any previous selections. When the given index is invalid, the call is ignored.",
	"!type": "fn(iSelectedIndex: Int) -> sap.ui.table.Table"
	},
"setSelectionBehavior": {
	 "!category": "function",
	"!description": "Property setter for the selectionBehavior stateSelection behavior of the Table.",
	"!type": "fn(sSelectionBehavior: sap.ui.table.SelectionBehavior) -> sap.ui.table.Table"
	},
"setSelectionInterval": {
	 "!category": "function",
	"!description": "Sets the given selection interval as selection. In case of single selection the indexTo value will be used for as selected index.",
	"!type": "fn(iIndexFrom: Int,iIndexTo: Int) -> sap.ui.table.Table"
	},
"setSelectionMode": {
	 "!category": "function",
	"!description": "Property setter for the selectionMode stateSelection mode of the Table.",
	"!type": "fn(sSelectionMode: sap.ui.table.SelectionMode) -> sap.ui.table.Table"
	},
"setShowColumnVisibilityMenu": {
	 "!category": "function",
	"!description": "Property setter for the showColumnVisibilityMenu stateFlag to show or hide the column visibility menu.",
	"!type": "fn(bShowColumnVisibilityMenu: Boolean) -> sap.ui.table.Table"
	},
"setShowNoData": {
	 "!category": "function",
	"!description": "Property setter for the showNoData stateFlag whether to show the no data overlay or not once the table is empty.",
	"!type": "fn(bShowNoData: Boolean) -> sap.ui.table.Table"
	},
"setShowOverlay": {
	 "!category": "function",
	"!description": "Property setter for the showOverlay stateSetting this property to true will show an overlay on top of the Table content and users cannot click anymore on the Table content.",
	"!type": "fn(bShowOverlay: Boolean) -> sap.ui.table.Table"
	},
"setThreshold": {
	 "!category": "function",
	"!description": "Property setter for the threshold stateThreshold to fetch the next chunk of data. The minimal threshold can be the visible row count of the Table. If the value is 0 then the thresholding is disabled.",
	"!type": "fn(iThreshold: Int) -> sap.ui.table.Table"
	},
"setTitle": {
	 "!category": "function",
	"!description": "",
	"!type": "fn(oTitle: sap.ui.core.Control) -> sap.ui.table.Table"
	},
"setToolbar": {
	 "!category": "function",
	"!description": "",
	"!type": "fn(oToolbar: sap.ui.core.Toolbar) -> sap.ui.table.Table"
	},
"setVisibleRowCount": {
	 "!category": "function",
	"!description": "Property setter for the visibleRowCount stateCount of visible rows (will overwrite the height property).",
	"!type": "fn(iVisibleRowCount: Int) -> sap.ui.table.Table"
	},
"setVisibleRowCountMode": {
	 "!category": "function",
	"!description": "Property setter for the visibleRowCountMode stateThis defines how the table handles the visible rows in the table. The default behavior is, that a fixed row count is defined. If you change it to auto the visibleRowCount property is changed by the table automatically. It will then adjust its maximum row count to the space it is allowed to cover (limited by the surrounding container) and its minimum row count to the value of the property minAutoRowCount (default value : 5) In manual mode the user can change the visibleRowCount interactively.",
	"!type": "fn(sVisibleRowCountMode: sap.ui.table.VisibleRowCountMode) -> sap.ui.table.Table"
	},
"setWidth": {
	 "!category": "function",
	"!description": "Property setter for the width stateWidth of the Table.",
	"!type": "fn(sWidth: sap.ui.core.CSSSize) -> sap.ui.table.Table"
	},
"sort": {
	 "!category": "function",
	"!description": "sorts the given column ascending or descending",
	"!type": "fn(oColumn: sap.ui.table.Column,oSortOrder: sap.ui.table.SortOrder) -> sap.ui.table.Table"
	},
"unbindColumns": {
	 "!category": "function",
	"!description": "",
	"!type": "fn() -> sap.ui.table.Table"
	},
"unbindRows": {
	 "!category": "function",
	"!description": "",
	"!type": "fn() -> sap.ui.table.Table"
	}},
"sap.ui.table.Table_obj":{
	 "!type": "fn(sId:String,mSettings:Object)",
	 "extend": {
		 "!category": "function",
		 "!description": "The Table control provides a set of sophisticated and comfort functions for table design. For example, you can make settings for the number of visible rows. The first visible row can be explicitly set. For the selection of rows, a Multi, a Single, and a None mode are available.",
		 "!type": "fn(sClassName:String,oClassInfo?:Object,FNMetaImpl?:fn())"
	},
	 "prototype": "sap.ui.table.Table"
	},


"sap.ui.table.TablePersoController":{
	"!category": "class",
	"!description": "The TablePersoController can be used to connect a table with a persistence service.",
	"!proto": "sap.ui.base.ManagedObject",
"getAutoSave": {
	 "!category": "function",
	"!description": "Getter for property <code>autoSave</code>.Requirement is that the used theme supports the control.Default value is <code>%s</code>Auto save state",
	"!type": "fn() -> Boolean"
	},
"getCustomDataKey": {
	 "!category": "function",
	"!description": "Getter for property <code>customDataKey</code>.Requirement is that the used theme supports the control.Default value is <code>%s</code>By defining a custom data key the <code>TablePersoController</code>will try to get the key for saving the perso data from the customdata of the Table and Column instead of creating it by concatenating the ID of the Table and the Column. Basically this will be more stable than using the auto IDs.",
	"!type": "fn() -> String"
	},
"getMetadata": {
	 "!category": "function",
	"!description": "",
	"!type": "fn() -> sap.ui.base.Metadata"
	},
"getPersoService": {
	 "!category": "function",
	"!description": "Getter for property <code>persoService</code>.Requirement is that the used theme supports the control.Default value is <code>%s</code>Personalization Service object. Needs to have the following methods:<ul><li>getPersData() : <code>jQuery Promise</code> (http://api.jquery.com/promise/)</li><li>setPersData(oBundle) : <code>jQuery Promise</code> (http://api.jquery.com/promise/)</li><li>delPersData() : <code>jQuery Promise</code> (http://api.jquery.com/promise/)</li></ul>",
	"!type": "fn() -> any"
	},
"getTable": {
	 "!category": "function",
	"!description": "",
	"!type": "fn() -> sap.ui.table.Table"
	},
"openDialog": {
	 "!category": "function",
	"!description": "Opens the personalization dialog for the Table to modify the visibility andthe order of the columns.<i>Using this functionality will require to load the sap.m library because thepersonalization dialog is only available in this library for now.</i>",
	"!type": "fn(mSettings: Object) -> Object"
	},
"refresh": {
	 "!category": "function",
	"!description": "Refresh the personalizations (reloads data from service).",
	"!type": "fn() -> jQuery.Promise"
	},
"savePersonalizations": {
	 "!category": "function",
	"!description": "Saves the current personalization state.",
	"!type": "fn() -> jQuery.Promise"
	},
"setAutoSave": {
	 "!category": "function",
	"!description": "Property setter for the autoSave stateAuto save state",
	"!type": "fn(bAutoSave: Boolean) -> sap.ui.table.TablePersoController"
	},
"setCustomDataKey": {
	 "!category": "function",
	"!description": "Property setter for the customDataKey stateBy defining a custom data key the <code>TablePersoController</code>will try to get the key for saving the perso data from the customdata of the Table and Column instead of creating it by concatenating the ID of the Table and the Column. Basically this will be more stable than using the auto IDs.",
	"!type": "fn(sCustomDataKey: String) -> sap.ui.table.TablePersoController"
	},
"setPersoService": {
	 "!category": "function",
	"!description": "Property setter for the persoService statePersonalization Service object. Needs to have the following methods:<ul><li>getPersData() : <code>jQuery Promise</code> (http://api.jquery.com/promise/)</li><li>setPersData(oBundle) : <code>jQuery Promise</code> (http://api.jquery.com/promise/)</li><li>delPersData() : <code>jQuery Promise</code> (http://api.jquery.com/promise/)</li></ul>",
	"!type": "fn(oPersoService: any) -> sap.ui.table.TablePersoController"
	},
"setTable": {
	 "!category": "function",
	"!description": "save data if autoSave is turned from false to true",
	"!type": "fn(oTable: sap.ui.table.Table) -> sap.ui.table.TablePersoController"
	}},
"sap.ui.table.TablePersoController_obj":{
	 "!type": "fn(sId:String,mSettings:Object)",
	 "extend": {
		 "!category": "function",
		 "!description": "The TablePersoController can be used to connect a table with a persistence service.",
		 "!type": "fn(sClassName:String,oClassInfo?:Object,FNMetaImpl?:fn())"
	},
	 "prototype": "sap.ui.table.TablePersoController"
	},


"sap.ui.table.TreeTable":{
	"!category": "class",
	"!description": "The TreeTable Control.",
	"!proto": "sap.ui.table.Table",
"attachToggleOpenState": {
	 "!category": "function",
	"!description": "Attach event handler <code>fnFunction</code> to the 'toggleOpenState' event of this <code>sap.ui.table.TreeTable</code>.<br/>.When called, the context of the event handler (its <code>this</code>) will be bound to <code>oListener<code> if specifiedotherwise to this <code>sap.ui.table.TreeTable</code>.<br/> itself.fired when a node has been expanded or collapsed (only available in hierachical mode)",
	"!type": "fn(oData?: Object,fnFunction: fn(),oListener?: Object) -> sap.ui.table.TreeTable"
	},
"collapse": {
	 "!category": "function",
	"!description": "collapses the row for the given row index",
	"!type": "fn(iRowIndex: Int) -> sap.ui.table.TreeTable"
	},
"detachToggleOpenState": {
	 "!category": "function",
	"!description": "Detach event handler <code>fnFunction</code> from the 'toggleOpenState' event of this <code>sap.ui.table.TreeTable</code>.<br/>The passed function and listener object must match the ones used for event registration.fired when a node has been expanded or collapsed (only available in hierachical mode)",
	"!type": "fn(fnFunction: fn(),oListener: Object) -> sap.ui.table.TreeTable"
	},
"expand": {
	 "!category": "function",
	"!description": "expands the row for the given row index",
	"!type": "fn(iRowIndex: Int) -> sap.ui.table.TreeTable"
	},
"getExpandFirstLevel": {
	 "!category": "function",
	"!description": "Getter for property <code>expandFirstLevel</code>.Requirement is that the used theme supports the control.Default value is <code>%s</code>Flag to enable or disable expanding of first level.",
	"!type": "fn() -> Boolean"
	},
"getGroupHeaderProperty": {
	 "!category": "function",
	"!description": "Getter for property <code>groupHeaderProperty</code>.Requirement is that the used theme supports the control.Default value is <code>%s</code>The property name of the rows data which will be displayed as a group header if the group mode is enabled",
	"!type": "fn() -> String"
	},
"getMetadata": {
	 "!category": "function",
	"!description": "",
	"!type": "fn() -> sap.ui.base.Metadata"
	},
"getUseGroupMode": {
	 "!category": "function",
	"!description": "Getter for property <code>useGroupMode</code>.Requirement is that the used theme supports the control.Default value is <code>%s</code>If group mode is enable nodes with subitems are rendered as if they were group headers. This can be used to do the grouping for an OData service on the backend and visualize this in a table. This mode only makes sense if the tree has a depth of exacly 1 (group headers and entries)",
	"!type": "fn() -> Boolean"
	},
"isExpanded": {
	 "!category": "function",
	"!description": "returns whether the row is expanded or collapsed",
	"!type": "fn(iRowIndex: Int) -> Boolean"
	},
"setExpandFirstLevel": {
	 "!category": "function",
	"!description": "Property setter for the expandFirstLevel stateFlag to enable or disable expanding of first level.",
	"!type": "fn(bExpandFirstLevel: Boolean) -> sap.ui.table.TreeTable"
	},
"setFixedRowCount": {
	 "!category": "function",
	"!description": "Setter for property <code>fixedRowCount</code>.<b>This property is not supportd for the TreeTable and will be ignored!</b>Default value is <code>0</code>",
	"!type": "fn(iFixedRowCount: Int) -> sap.ui.table.TreeTable"
	},
"setGroupHeaderProperty": {
	 "!category": "function",
	"!description": "Property setter for the groupHeaderProperty stateThe property name of the rows data which will be displayed as a group header if the group mode is enabled",
	"!type": "fn(sGroupHeaderProperty: String) -> sap.ui.table.TreeTable"
	},
"setUseGroupMode": {
	 "!category": "function",
	"!description": "Property setter for the useGroupMode stateIf group mode is enable nodes with subitems are rendered as if they were group headers. This can be used to do the grouping for an OData service on the backend and visualize this in a table. This mode only makes sense if the tree has a depth of exacly 1 (group headers and entries)",
	"!type": "fn(bUseGroupMode: Boolean) -> sap.ui.table.TreeTable"
	}},
"sap.ui.table.TreeTable_obj":{
	 "!type": "fn(sId:String,mSettings:Object)",
	 "extend": {
		 "!category": "function",
		 "!description": "The TreeTable Control.",
		 "!type": "fn(sClassName:String,oClassInfo?:Object,FNMetaImpl?:fn())"
	},
	 "prototype": "sap.ui.table.TreeTable"
	},


"sap.ui.table.NavigationMode": { 
	"!category": "static class",
	"!description":"",
		"Paginator": {"!category": "enum","!description": "","!type": "String"},
	"Scrollbar": {"!category": "enum","!description": "","!type": "String"}

},
"sap.ui.table.SelectionBehavior": { 
	"!category": "static class",
	"!description":"",
		"Row": {"!category": "enum","!description": "","!type": "String"},
	"RowOnly": {"!category": "enum","!description": "","!type": "String"},
	"RowSelector": {"!category": "enum","!description": "","!type": "String"}

},
"sap.ui.table.SelectionMode": { 
	"!category": "static class",
	"!description":"",
		"Multi": {"!category": "enum","!description": "","!type": "String"},
	"MultiToggle": {"!category": "enum","!description": "","!type": "String"},
	"None": {"!category": "enum","!description": "","!type": "String"},
	"Single": {"!category": "enum","!description": "","!type": "String"}

},
"sap.ui.table.SortOrder": { 
	"!category": "static class",
	"!description":"",
		"Ascending": {"!category": "enum","!description": "","!type": "String"},
	"Descending": {"!category": "enum","!description": "","!type": "String"}

},
"sap.ui.table.VisibleRowCountMode": { 
	"!category": "static class",
	"!description":"",
		"Auto": {"!category": "enum","!description": "","!type": "String"},
	"Fixed": {"!category": "enum","!description": "","!type": "String"},
	"Interactive": {"!category": "enum","!description": "","!type": "String"}

}

}}
