[
	{
		"POId": "300000020",
		"OrderedById": "400000038",
		"OrderedByName": "EPM Demo User",
		"ChangedAt": "/Date(1424818800000)/",
		"SupplierId": "100000000",
		"SupplierName": "SAP",
		"DeliveryAddress": "Zeppelinstrasse 2, 85399 Munich, DE Germany",
		"DeliveryDateEarliest": "/Date(1425423600000)/",
		"LaterDelivDateExist": "",
		"GrossAmount": "7307.73",
		"CurrencyCode": "USD",
		"ItemCount": 9
	},
	{
		"POId": "300000021",
		"OrderedById": "400000038",
		"OrderedByName": "EPM Demo User",
		"ChangedAt": "/Date(1424818800000)/",
		"SupplierId": "100000002",
		"SupplierName": "DelBont Industries",
		"DeliveryAddress": "Zeppelinstrasse 2, 85399 Munich, DE Germany",
		"DeliveryDateEarliest": "/Date(1425423600000)/",
		"LaterDelivDateExist": "",
		"GrossAmount": "3129.44",
		"CurrencyCode": "USD",
		"ItemCount": 3
	},
	{
		"POId": "300000022",
		"OrderedById": "400000038",
		"OrderedByName": "EPM Demo User",
		"ChangedAt": "/Date(1424818800000)/",
		"SupplierId": "100000006",
		"SupplierName": "Asia High tech",
		"DeliveryAddress": "Zeppelinstrasse 2, 85399 Munich, DE Germany",
		"DeliveryDateEarliest": "/Date(1425423600000)/",
		"LaterDelivDateExist": "",
		"GrossAmount": "11420.43",
		"CurrencyCode": "USD",
		"ItemCount": 2
	},
	{
		"POId": "300000023",
		"OrderedById": "400000038",
		"OrderedByName": "EPM Demo User",
		"ChangedAt": "/Date(1424818800000)/",
		"SupplierId": "100000008",
		"SupplierName": "AVANTEL",
		"DeliveryAddress": "Zeppelinstrasse 2, 85399 Munich, DE Germany",
		"DeliveryDateEarliest": "/Date(1425423600000)/",
		"LaterDelivDateExist": "",
		"GrossAmount": "637.24",
		"CurrencyCode": "USD",
		"ItemCount": 4
	},
	{
		"POId": "300000024",
		"OrderedById": "400000038",
		"OrderedByName": "EPM Demo User",
		"ChangedAt": "/Date(1424818800000)/",
		"SupplierId": "100000005",
		"SupplierName": "TECUM",
		"DeliveryAddress": "Zeppelinstrasse 2, 85399 Munich, DE Germany",
		"DeliveryDateEarliest": "/Date(1425423600000)/",
		"LaterDelivDateExist": "",
		"GrossAmount": "23579.85",
		"CurrencyCode": "USD",
		"ItemCount": 7
	},
	{
		"POId": "300000025",
		"OrderedById": "400000038",
		"OrderedByName": "EPM Demo User",
		"ChangedAt": "/Date(1424818800000)/",
		"SupplierId": "100000003",
		"SupplierName": "Talpa",
		"DeliveryAddress": "Zeppelinstrasse 2, 85399 Munich, DE Germany",
		"DeliveryDateEarliest": "/Date(1425423600000)/",
		"LaterDelivDateExist": "",
		"GrossAmount": "18365.19",
		"CurrencyCode": "USD",
		"ItemCount": 10
	},
	{
		"POId": "300000026",
		"OrderedById": "400000038",
		"OrderedByName": "EPM Demo User",
		"ChangedAt": "/Date(1424818800000)/",
		"SupplierId": "100000003",
		"SupplierName": "Talpa",
		"DeliveryAddress": "Zeppelinstrasse 2, 85399 Munich, DE Germany",
		"DeliveryDateEarliest": "/Date(1425423600000)/",
		"LaterDelivDateExist": "",
		"GrossAmount": "14387.03",
		"CurrencyCode": "USD",
		"ItemCount": 10
	},
	{
		"POId": "300000027",
		"OrderedById": "400000038",
		"OrderedByName": "EPM Demo User",
		"ChangedAt": "/Date(1424818800000)/",
		"SupplierId": "100000003",
		"SupplierName": "Talpa",
		"DeliveryAddress": "Zeppelinstrasse 2, 85399 Munich, DE Germany",
		"DeliveryDateEarliest": "/Date(1425423600000)/",
		"LaterDelivDateExist": "",
		"GrossAmount": "9967.37",
		"CurrencyCode": "USD",
		"ItemCount": 8
	},
	{
		"POId": "300000028",
		"OrderedById": "400000038",
		"OrderedByName": "EPM Demo User",
		"ChangedAt": "/Date(1424818800000)/",
		"SupplierId": "100000008",
		"SupplierName": "AVANTEL",
		"DeliveryAddress": "Zeppelinstrasse 2, 85399 Munich, DE Germany",
		"DeliveryDateEarliest": "/Date(1425423600000)/",
		"LaterDelivDateExist": "",
		"GrossAmount": "1050.29",
		"CurrencyCode": "USD",
		"ItemCount": 5
	},
	{
		"POId": "300000029",
		"OrderedById": "400000038",
		"OrderedByName": "EPM Demo User",
		"ChangedAt": "/Date(1424818800000)/",
		"SupplierId": "100000004",
		"SupplierName": "Panorama Studios",
		"DeliveryAddress": "Zeppelinstrasse 2, 85399 Munich, DE Germany",
		"DeliveryDateEarliest": "/Date(1425423600000)/",
		"LaterDelivDateExist": "",
		"GrossAmount": "5479.95",
		"CurrencyCode": "USD",
		"ItemCount": 5
	},
	{
		"POId": "300000030",
		"OrderedById": "400000038",
		"OrderedByName": "EPM Demo User",
		"ChangedAt": "/Date(1424818800000)/",
		"SupplierId": "100000006",
		"SupplierName": "Asia High tech",
		"DeliveryAddress": "Zeppelinstrasse 2, 85399 Munich, DE Germany",
		"DeliveryDateEarliest": "/Date(1425423600000)/",
		"LaterDelivDateExist": "",
		"GrossAmount": "18578.28",
		"CurrencyCode": "USD",
		"ItemCount": 7
	},
	{
		"POId": "300000031",
		"OrderedById": "400000038",
		"OrderedByName": "EPM Demo User",
		"ChangedAt": "/Date(1424818800000)/",
		"SupplierId": "100000004",
		"SupplierName": "Panorama Studios",
		"DeliveryAddress": "Zeppelinstrasse 2, 85399 Munich, DE Germany",
		"DeliveryDateEarliest": "/Date(1425423600000)/",
		"LaterDelivDateExist": "",
		"GrossAmount": "7228.06",
		"CurrencyCode": "USD",
		"ItemCount": 3
	},
	{
		"POId": "300000032",
		"OrderedById": "400000038",
		"OrderedByName": "EPM Demo User",
		"ChangedAt": "/Date(1424818800000)/",
		"SupplierId": "100000006",
		"SupplierName": "Asia High tech",
		"DeliveryAddress": "Zeppelinstrasse 2, 85399 Munich, DE Germany",
		"DeliveryDateEarliest": "/Date(1425423600000)/",
		"LaterDelivDateExist": "",
		"GrossAmount": "21499.73",
		"CurrencyCode": "USD",
		"ItemCount": 8
	},
	{
		"POId": "300000033",
		"OrderedById": "400000038",
		"OrderedByName": "EPM Demo User",
		"ChangedAt": "/Date(1424818800000)/",
		"SupplierId": "100000009",
		"SupplierName": "Telecomunicaciones Star",
		"DeliveryAddress": "Zeppelinstrasse 2, 85399 Munich, DE Germany",
		"DeliveryDateEarliest": "/Date(1425423600000)/",
		"LaterDelivDateExist": "",
		"GrossAmount": "10790.44",
		"CurrencyCode": "USD",
		"ItemCount": 6
	},
	{
		"POId": "300000034",
		"OrderedById": "400000038",
		"OrderedByName": "EPM Demo User",
		"ChangedAt": "/Date(1424818800000)/",
		"SupplierId": "100000000",
		"SupplierName": "SAP",
		"DeliveryAddress": "Zeppelinstrasse 2, 85399 Munich, DE Germany",
		"DeliveryDateEarliest": "/Date(1425423600000)/",
		"LaterDelivDateExist": "",
		"GrossAmount": "2453.76",
		"CurrencyCode": "USD",
		"ItemCount": 3
	},
	{
		"POId": "300000035",
		"OrderedById": "400000038",
		"OrderedByName": "EPM Demo User",
		"ChangedAt": "/Date(1424818800000)/",
		"SupplierId": "100000002",
		"SupplierName": "DelBont Industries",
		"DeliveryAddress": "Zeppelinstrasse 2, 85399 Munich, DE Germany",
		"DeliveryDateEarliest": "/Date(1425423600000)/",
		"LaterDelivDateExist": "",
		"GrossAmount": "11601.94",
		"CurrencyCode": "USD",
		"ItemCount": 7
	},
	{
		"POId": "300000036",
		"OrderedById": "400000038",
		"OrderedByName": "EPM Demo User",
		"ChangedAt": "/Date(1424818800000)/",
		"SupplierId": "100000003",
		"SupplierName": "Talpa",
		"DeliveryAddress": "Zeppelinstrasse 2, 85399 Munich, DE Germany",
		"DeliveryDateEarliest": "/Date(1425423600000)/",
		"LaterDelivDateExist": "",
		"GrossAmount": "5065.79",
		"CurrencyCode": "USD",
		"ItemCount": 4
	},
	{
		"POId": "300000037",
		"OrderedById": "400000038",
		"OrderedByName": "EPM Demo User",
		"ChangedAt": "/Date(1424818800000)/",
		"SupplierId": "100000005",
		"SupplierName": "TECUM",
		"DeliveryAddress": "Zeppelinstrasse 2, 85399 Munich, DE Germany",
		"DeliveryDateEarliest": "/Date(1425423600000)/",
		"LaterDelivDateExist": "",
		"GrossAmount": "25612.37",
		"CurrencyCode": "USD",
		"ItemCount": 9
	},
	{
		"POId": "300000038",
		"OrderedById": "400000038",
		"OrderedByName": "EPM Demo User",
		"ChangedAt": "/Date(1424818800000)/",
		"SupplierId": "100000006",
		"SupplierName": "Asia High tech",
		"DeliveryAddress": "Zeppelinstrasse 2, 85399 Munich, DE Germany",
		"DeliveryDateEarliest": "/Date(1425423600000)/",
		"LaterDelivDateExist": "",
		"GrossAmount": "17541.79",
		"CurrencyCode": "USD",
		"ItemCount": 7
	},
	{
		"POId": "300000039",
		"OrderedById": "400000038",
		"OrderedByName": "EPM Demo User",
		"ChangedAt": "/Date(1424818800000)/",
		"SupplierId": "100000006",
		"SupplierName": "Asia High tech",
		"DeliveryAddress": "Zeppelinstrasse 2, 85399 Munich, DE Germany",
		"DeliveryDateEarliest": "/Date(1425423600000)/",
		"LaterDelivDateExist": "",
		"GrossAmount": "10487.47",
		"CurrencyCode": "USD",
		"ItemCount": 6
	}
]