[
	{
		"Id": "100000000",
		"ContactEmail": "do.not.reply@sap.com",
		"Name": "SAP",
		"Phone": "0622734567",
		"Email": "do.not.reply@sap.com",
		"FormattedAddress": "Dietmar-Hopp-Allee 16,69190 Walldorf,DE Germany",
		"FormattedContactName": "Karl Müller",
		"Web": "http://www.sap.com",
		"ContactPhone": "0622734567",
		"ContactFax": "0622734004"
	},
	{
		"Id": "100000001",
		"ContactEmail": "dagmar.schulze@beckerberlin.de",
		"Name": "Becker Berlin",
		"Phone": "3088530",
		"Email": "dagmar.schulze@beckerberlin.de",
		"FormattedAddress": "Calvinstraße 36,13467 Berlin,DE Germany",
		"FormattedContactName": "Dagmar Schulze",
		"Web": "http://www.beckerberlin.de",
		"ContactPhone": "3088530",
		"ContactFax": "3088004"
	},
	{
		"Id": "100000002",
		"ContactEmail": "maria.brown@delbont.com",
		"Name": "DelBont Industries",
		"Phone": "3023352668",
		"Email": "maria.brown@delbont.com",
		"FormattedAddress": "1 2345 King Street 1,19899 Wilmington, Delaware,US USA",
		"FormattedContactName": "Maria Brown",
		"Web": "http://www.delbont.com",
		"ContactPhone": "3023352668",
		"ContactFax": "3023352004"
	},
	{
		"Id": "100000003",
		"ContactEmail": "saskia.sommer@talpa-hannover.de",
		"Name": "Talpa",
		"Phone": "511403266",
		"Email": "saskia.sommer@talpa-hannover.de",
		"FormattedAddress": "An der Breiten Wiese 422,30625 Hannover,DE Germany",
		"FormattedContactName": "Saskia Sommer",
		"Web": "http://www.talpa-hannover.de",
		"ContactPhone": "511403266",
		"ContactFax": "511403004"
	},
	{
		"Id": "100000004",
		"ContactEmail": "bob.buyer@panorama-studios.biz",
		"Name": "Panorama Studios",
		"Phone": "2244668800",
		"Email": "bob.buyer@panorama-studios.biz",
		"FormattedAddress": "Morning Drive 178,91602 Hollywood, California,US USA",
		"FormattedContactName": "Bob Buyer",
		"Web": "http://www.panorama-studios.biz",
		"ContactPhone": "2244668800",
		"ContactFax": "2244668004"
	},
	{
		"Id": "100000005",
		"ContactEmail": "bart.koenig@tecum-ag.de",
		"Name": "TECUM",
		"Phone": "2511415",
		"Email": "bart.koenig@tecum-ag.de",
		"FormattedAddress": "Albersloher Weg 24,48155 Münster,DE Germany",
		"FormattedContactName": "Bart Koenig",
		"Web": "http://www.tecum-ag.de",
		"ContactPhone": "2511415",
		"ContactFax": "2511004"
	},
	{
		"Id": "100000006",
		"ContactEmail": "yoko.nakamura@asia-ht.com",
		"Name": "Asia High tech",
		"Phone": "9078563412",
		"Email": "yoko.nakamura@asia-ht.com",
		"FormattedAddress": "1-7-2 Otemachi 1,100-0004 Tokyo,JP Japan",
		"FormattedContactName": "Yoko Nakamura",
		"Web": "http://www.asia-ht.com",
		"ContactPhone": "9078563412",
		"ContactFax": "9078563004"
	},
	{
		"Id": "100000007",
		"ContactEmail": "sophie.ribery@laurent-paris.com",
		"Name": "Laurent",
		"Phone": "149744423",
		"Email": "sophie.ribery@laurent-paris.com",
		"FormattedAddress": "Rue de la Republique 863 1,75015 Paris,FR France",
		"FormattedContactName": "Sophie Ribery",
		"Web": "http://www.laurent-paris.com",
		"ContactPhone": "149744423",
		"ContactFax": "149744004"
	},
	{
		"Id": "100000008",
		"ContactEmail": "victor.sanchez@avantel.com",
		"Name": "AVANTEL",
		"Phone": "7257716",
		"Email": "victor.sanchez@avantel.com",
		"FormattedAddress": "Bosque de Duraznos 24,17000 Mexiko City,MX Mexico",
		"FormattedContactName": "Victor Sanchez",
		"Web": "http://www.avantel.com",
		"ContactPhone": "7257716",
		"ContactFax": "7257004"
	},
	{
		"Id": "100000009",
		"ContactEmail": "jorge.velez@telecomunicacionesstar.com",
		"Name": "Telecomunicaciones Star",
		"Phone": "1133557799",
		"Email": "jorge.velez@telecomunicacionesstar.com",
		"FormattedAddress": "Av. Libertador 12221,1511 Buenos Aires,AR Argentina",
		"FormattedContactName": "Jorge Velez",
		"Web": "http://www.telecomunicacionesstar.com",
		"ContactPhone": "1133557799",
		"ContactFax": "1133557004"
	},
	{
		"Id": "100000010",
		"ContactEmail": "franklin.jones@pear-computing.com",
		"Name": "Pear Computing Services",
		"Phone": "6789012345",
		"Email": "franklin.jones@pear-computing.com",
		"FormattedAddress": "Dunwoody Xing 3000,30338 Atlanta, Georgia,US USA",
		"FormattedContactName": "Franklin Jones",
		"Web": "http://www.pear-computing.com",
		"ContactPhone": "6789012345",
		"ContactFax": "6789012004"
	},
	{
		"Id": "100000011",
		"ContactEmail": "joseph_gschwandtner@alp-systems.at",
		"Name": "Alpine Systems",
		"Phone": "6623612804",
		"Email": "joseph_gschwandtner@alp-systems.at",
		"FormattedAddress": "Aiglhofstraße 20,5020 Salzburg,AT Austria",
		"FormattedContactName": "Joseph Gschwandtner",
		"Web": "http://www.alp-systems.at",
		"ContactPhone": "6623612804",
		"ContactFax": "6623612004"
	},
	{
		"Id": "100000012",
		"ContactEmail": "george_d_grant@newlinedesign.co.uk",
		"Name": "New Line Design",
		"Phone": "2589436180",
		"Email": "george_d_grant@newlinedesign.co.uk",
		"FormattedAddress": "Edwin Road 9,M11 3ER Manchester,GB United Kingdom",
		"FormattedContactName": "George Grant",
		"Web": "http://www.newlinedesign.co.uk",
		"ContactPhone": "2589436180",
		"ContactFax": "2589436004"
	},
	{
		"Id": "100000013",
		"ContactEmail": "sarah.schwind@hepa-tec.de",
		"Name": "HEPA Tec",
		"Phone": "4507867136",
		"Email": "sarah.schwind@hepa-tec.de",
		"FormattedAddress": "Theodor-Heuss-Allee 43,28213 Bremen,DE Germany",
		"FormattedContactName": "Sarah Schwind",
		"Web": "http://www.hepa-tec.de",
		"ContactPhone": "4507867136",
		"ContactFax": "4507867004"
	},
	{
		"Id": "100000014",
		"ContactEmail": "theodor.monathy@anavideon.com",
		"Name": "Anav Ideon",
		"Phone": "5850428367",
		"Email": "theodor.monathy@anavideon.com",
		"FormattedAddress": "Franklin Ave 153,58501 Bismarck, North Dakota,US USA",
		"FormattedContactName": "Theodor Monathy",
		"Web": "http://www.anavideon.com",
		"ContactPhone": "5850428367",
		"ContactFax": "5850428004"
	},
	{
		"Id": "100000015",
		"ContactEmail": "robert_brown@rb-entertainment.ca",
		"Name": "Robert Brown Entertainment",
		"Phone": "7609448173",
		"Email": "robert_brown@rb-entertainment.ca",
		"FormattedAddress": "Rue du Sault au Matelot 65,G1K3X7 Quebec,CA Canada",
		"FormattedContactName": "Robert Brown",
		"Web": "http://www.rb-entertainment.ca",
		"ContactPhone": "7609448173",
		"ContactFax": "7609448004"
	},
	{
		"Id": "100000016",
		"ContactEmail": "jorgemontalban@motc.mx",
		"Name": "Mexican Oil Trading Company",
		"Phone": "6879342945",
		"Email": "jorgemontalban@motc.mx",
		"FormattedAddress": "Av. Hermanos Serdan 366,40615 Puebla,MX Mexico",
		"FormattedContactName": "Jorge Montalban",
		"Web": "http://www.motc.mx",
		"ContactPhone": "6879342945",
		"ContactFax": "6879342004"
	},
	{
		"Id": "100000017",
		"ContactEmail": "johanna.esther@meliva.de",
		"Name": "Meliva",
		"Phone": "2208791738",
		"Email": "johanna.esther@meliva.de",
		"FormattedAddress": "Robert-Koch-Straße 14,50827 Köln,DE Germany",
		"FormattedContactName": "Johanna Esther",
		"Web": "http://www.meliva.de",
		"ContactPhone": "2208791738",
		"ContactFax": "2208791004"
	},
	{
		"Id": "100000018",
		"ContactEmail": "miguel.luengo@compostela.ar",
		"Name": "Compostela",
		"Phone": "4440238917",
		"Email": "miguel.luengo@compostela.ar",
		"FormattedAddress": "Avenida De Julio 53,M5500 Mendoza,AR Argentina",
		"FormattedContactName": "Miguel Luengo",
		"Web": "http://www.compostela.ar",
		"ContactPhone": "4440238917",
		"ContactFax": "4440238004"
	},
	{
		"Id": "100000019",
		"ContactEmail": "isabel.nemours@pateu.fr",
		"Name": "Pateu",
		"Phone": "6328490087",
		"Email": "isabel.nemours@pateu.fr",
		"FormattedAddress": "Quai de Pierre Scize 81,69007 Lyon,FR France",
		"FormattedContactName": "Isabel Nemours",
		"Web": "http://www.pateu.fr",
		"ContactPhone": "6328490087",
		"ContactFax": "6328490004"
	},
	{
		"Id": "100000020",
		"ContactEmail": "igor.tarassow@retc.ru",
		"Name": "Russian Electronic Trading Company",
		"Phone": "4050378468",
		"Email": "igor.tarassow@retc.ru",
		"FormattedAddress": "Elektrozavodskaya ulitsa 21,125719 Moscow,RU Russian Fed.",
		"FormattedContactName": "Igor Tarassow",
		"Web": "http://www.retc.ru",
		"ContactPhone": "4050378468",
		"ContactFax": "4050378004"
	},
	{
		"Id": "100000021",
		"ContactEmail": "alexis.harper@flor-hc.com",
		"Name": "Florida Holiday Company",
		"Phone": "6065470312",
		"Email": "alexis.harper@flor-hc.com",
		"FormattedAddress": "Marshall Street 77,32229 Jacksonville, Florida,US USA",
		"FormattedContactName": "Alexis Harper",
		"Web": "http://www.flor-hc.com",
		"ContactPhone": "6065470312",
		"ContactFax": "6065470004"
	},
	{
		"Id": "100000022",
		"ContactEmail": "c.alfaro@quimica-madrilenos.es",
		"Name": "Quimica Madrilenos",
		"Phone": "7980023486",
		"Email": "c.alfaro@quimica-madrilenos.es",
		"FormattedAddress": "Calle de la Marquesa Viuda de Aldama 35,28100 Madrid,ES Spain",
		"FormattedContactName": "Cristal Alfaro",
		"Web": "http://www.quimica-madrilenos.es",
		"ContactPhone": "7980023486",
		"ContactFax": "7980023004"
	},
	{
		"Id": "100000023",
		"ContactEmail": "sven.j@getraenke-janssen.de",
		"Name": "Getränkegroßhandel Janssen",
		"Phone": "3629731486",
		"Email": "sven.j@getraenke-janssen.de",
		"FormattedAddress": "Albert-Schweitzer-Straße 16,80935 München,DE Germany",
		"FormattedContactName": "Sven Janssen",
		"Web": "http://www.getraenke-janssen.de",
		"ContactPhone": "3629731486",
		"ContactFax": "3629731004"
	},
	{
		"Id": "100000024",
		"ContactEmail": "yoshiko.kakuji@jateco.jp",
		"Name": "JaTeCo",
		"Phone": "3206580974",
		"Email": "yoshiko.kakuji@jateco.jp",
		"FormattedAddress": "Chome-1 Kita 7 Jonishi 7,0600007 Sapporo-shi,JP Japan",
		"FormattedContactName": "Yoshiko Kakuji",
		"Web": "http://www.jateco.jp",
		"ContactPhone": "3206580974",
		"ContactFax": "3206580004"
	},
	{
		"Id": "100000025",
		"ContactEmail": "alessio.galasso@tcdr.it",
		"Name": "Tessile Casa Di Roma",
		"Phone": "4580963184",
		"Email": "alessio.galasso@tcdr.it",
		"FormattedAddress": "Via San Martino della Battaglia 63,00185 Rome,IT Italy",
		"FormattedContactName": "Alessio Galasso",
		"Web": "http://www.tcdr.it",
		"ContactPhone": "4580963184",
		"ContactFax": "4580963004"
	},
	{
		"Id": "100000026",
		"ContactEmail": "romain.le_mason@verdo.fr",
		"Name": "Vente Et Réparation de Ordinateur",
		"Phone": "1012697341",
		"Email": "romain.le_mason@verdo.fr",
		"FormattedAddress": "Rue Lourmel 42,75013 Paris,FR France",
		"FormattedContactName": "Romain Le Mason",
		"Web": "http://www.verdo.fr",
		"ContactPhone": "1012697341",
		"ContactFax": "1012697004"
	},
	{
		"Id": "100000027",
		"ContactEmail": "martha.calcagno@dpg.ar",
		"Name": "Developement Para O Governo",
		"Phone": "7345697824",
		"Email": "martha.calcagno@dpg.ar",
		"FormattedAddress": "de Enero 85,1510 Santa Fe,AR Argentina",
		"FormattedContactName": "Martha Calcagno",
		"Web": "http://www.dpg.ar",
		"ContactPhone": "7345697824",
		"ContactFax": "7345697004"
	},
	{
		"Id": "100000028",
		"ContactEmail": "beatriz.da_silva@brazil-tec.br",
		"Name": "Brazil Technologies",
		"Phone": "469614115",
		"Email": "beatriz.da_silva@brazil-tec.br",
		"FormattedAddress": "Rua do Passeio 7,20230 Rio de Janeiro,BR Brazil",
		"FormattedContactName": "Beatriz da Silva",
		"Web": "http://www.brazil-tec.br",
		"ContactPhone": "469614115",
		"ContactFax": "469614004"
	},
	{
		"Id": "100000029",
		"ContactEmail": "anthony.lebouef@crtu.ca",
		"Name": "C.R.T.U.",
		"Phone": "6839542781",
		"Email": "anthony.lebouef@crtu.ca",
		"FormattedAddress": "Avenue du Mont-Royal Est 370,H2T1R1 Montreal,CA Canada",
		"FormattedContactName": "Anthony Leboeuf",
		"Web": "http://www.crtu.ca",
		"ContactPhone": "6839542781",
		"ContactFax": "6839542004"
	},
	{
		"Id": "100000030",
		"ContactEmail": "lisa.felske@jologa.ch",
		"Name": "Jologa",
		"Phone": "6714954542",
		"Email": "lisa.felske@jologa.ch",
		"FormattedAddress": "Paul-Clairmont-Strasse 23,2564 Zürich,CH Switzerland",
		"FormattedContactName": "Lisa Felske",
		"Web": "http://www.jologa.ch",
		"ContactPhone": "6714954542",
		"ContactFax": "6714954004"
	},
	{
		"Id": "100000031",
		"ContactEmail": "jonathan.d.mason@baleda.com",
		"Name": "Baleda",
		"Phone": "2483693027",
		"Email": "jonathan.d.mason@baleda.com",
		"FormattedAddress": "McKinney Ave 2407,75364 Dallas, Texas,US USA",
		"FormattedContactName": "Jonathan Mason",
		"Web": "http://www.baleda.com",
		"ContactPhone": "2483693027",
		"ContactFax": "2483693004"
	},
	{
		"Id": "100000032",
		"ContactEmail": "amelie.troyat@angere.fr",
		"Name": "Angeré",
		"Phone": "2094573421",
		"Email": "amelie.troyat@angere.fr",
		"FormattedAddress": "Rue de Rivoli 143,75018 Paris,FR France",
		"FormattedContactName": "Amélie Troyat",
		"Web": "http://www.angere.fr",
		"ContactPhone": "2094573421",
		"ContactFax": "2094573004"
	},
	{
		"Id": "100000033",
		"ContactEmail": "pete_waltham@pc-gym-tec.com",
		"Name": "PC Gym Tec",
		"Phone": "4136278910",
		"Email": "pete_waltham@pc-gym-tec.com",
		"FormattedAddress": "North Michigan Avenue 50,60773 Chicago, Illinois,US USA",
		"FormattedContactName": "Pete Waltham",
		"Web": "http://www.pc-gym-tec.com",
		"ContactPhone": "4136278910",
		"ContactFax": "4136278004"
	},
	{
		"Id": "100000034",
		"ContactEmail": "ryu.toshiro@jip.jp",
		"Name": "Japan Insurance Partner",
		"Phone": "3540671320",
		"Email": "ryu.toshiro@jip.jp",
		"FormattedAddress": "4-2-8-Shibakoen 8,105-0011 Tokyo,JP Japan",
		"FormattedContactName": "Ryu Toshiro",
		"Web": "http://www.jip.jp",
		"ContactPhone": "3540671320",
		"ContactFax": "3540671004"
	},
	{
		"Id": "100000035",
		"ContactEmail": "jose-lopez@en-ar.ar",
		"Name": "Entertainment Argentinia",
		"Phone": "7315064077",
		"Email": "jose-lopez@en-ar.ar",
		"FormattedAddress": "Avenida San Juan 350,1147 Buenos Aires,AR Argentina",
		"FormattedContactName": "José Lopez",
		"Web": "http://www.en-ar.ar",
		"ContactPhone": "7315064077",
		"ContactFax": "7315064004"
	},
	{
		"Id": "100000036",
		"ContactEmail": "dahoma.lawla@agadc.co.za",
		"Name": "African Gold And Diamond Corporation",
		"Phone": "4381762683",
		"Email": "dahoma.lawla@agadc.co.za",
		"FormattedAddress": "Bay View Ave 45,2006 Johannesburg,ZA South Africa",
		"FormattedContactName": "Dahoma Lawla",
		"Web": "http://www.agadc.co.za",
		"ContactPhone": "4381762683",
		"ContactFax": "4381762004"
	},
	{
		"Id": "100000037",
		"ContactEmail": "jefferson.parker@pico-bit.com",
		"Name": "PicoBit",
		"Phone": "9703586412",
		"Email": "jefferson.parker@pico-bit.com",
		"FormattedAddress": "Fith Avenue 1843,10184 New York City,US USA",
		"FormattedContactName": "Jefferson Parker",
		"Web": "http://www.pico-bit.com",
		"ContactPhone": "9703586412",
		"ContactFax": "9703586004"
	},
	{
		"Id": "100000038",
		"ContactEmail": "tamara.flaig@brl-ag.de",
		"Name": "Bionic Research Lab",
		"Phone": "6843585642",
		"Email": "tamara.flaig@brl-ag.de",
		"FormattedAddress": "Hauptstraße 12,77815 Bühl,DE Germany",
		"FormattedContactName": "Tamara Flaig",
		"Web": "http://www.brl-ag.de",
		"ContactPhone": "6843585642",
		"ContactFax": "6843585004"
	},
	{
		"Id": "100000039",
		"ContactEmail": "sunita-kapoor@it-trade.in",
		"Name": "Indian IT Trading Company",
		"Phone": "4203876954",
		"Email": "sunita-kapoor@it-trade.in",
		"FormattedAddress": "Nariman Point 11,400021 Mumbai,IN India",
		"FormattedContactName": "Sunita Kapoor",
		"Web": "http://www.it-trade.in",
		"ContactPhone": "4203876954",
		"ContactFax": "4203876004"
	},
	{
		"Id": "100000040",
		"ContactEmail": "pawel-lewandoski@catf.pl",
		"Name": "Chemia A Technicznie Fabryka",
		"Phone": "8367920106",
		"Email": "pawel-lewandoski@catf.pl",
		"FormattedAddress": "Koszykowa 28,00564 Warsaw,PL Poland",
		"FormattedContactName": "Pawel Lewandowski",
		"Web": "http://www.catf.pl",
		"ContactPhone": "8367920106",
		"ContactFax": "8367920004"
	},
	{
		"Id": "100000041",
		"ContactEmail": "laura.campillo@saitc.ar",
		"Name": "South American IT Company",
		"Phone": "1438907230",
		"Email": "laura.campillo@saitc.ar",
		"FormattedAddress": "Av. Ambrosio Olmos 297,5003 Cordoba,AR Argentina",
		"FormattedContactName": "Laura Campillo",
		"Web": "http://www.saitc.ar",
		"ContactPhone": "1438907230",
		"ContactFax": "1438907004"
	},
	{
		"Id": "100000042",
		"ContactEmail": "jian.si@siwusha.cn",
		"Name": "Siwusha",
		"Phone": "7412697340",
		"Email": "jian.si@siwusha.cn",
		"FormattedAddress": "Shui Dian Lu 37,200083 Shanghai,CN China",
		"FormattedContactName": "Jian Si",
		"Web": "http://www.siwusha.cn",
		"ContactPhone": "7412697340",
		"ContactFax": "7412697004"
	},
	{
		"Id": "100000043",
		"ContactEmail": "frederik.christensen@dftc.dk",
		"Name": "Danish Fish Trading Company",
		"Phone": "3102050749",
		"Email": "frederik.christensen@dftc.dk",
		"FormattedAddress": "Stockholmsgade 79,1907 Copenhagen,DK Denmark",
		"FormattedContactName": "Frederik Christensen",
		"Web": "http://www.dftc.dk",
		"ContactPhone": "3102050749",
		"ContactFax": "3102050004"
	},
	{
		"Id": "100000044",
		"ContactEmail": "mirjam.schmidt@sorali.de",
		"Name": "Sorali",
		"Phone": "3102050749",
		"Email": "mirjam.schmidt@sorali.de",
		"FormattedAddress": "Rubensstraße 140,76188 Karlsruhe,DE Germany",
		"FormattedContactName": "Mirjam Schmidt",
		"Web": "http://www.sorali.de",
		"ContactPhone": "3102050749",
		"ContactFax": "3102050004"
	}
]