{"XML_KEYWORDS":["sap.ui.suite.TaskCircle","sap.ui.suite.VerticalProgressIndicator"],"XML_TEMPLATES":[{"name":"sap.ui.suite.TaskCircle","prefix":"TaskCircle","description":"sap.ui.suite.TaskCircle","helpDescription":"<strong style=\"color: red;\">Experimental! </strong>","Deprecated":false,"Experimental":true,"template":"<TaskCircle xmlns=\"sap.ui.suite\"\n\tid=\"${id}\"\n\tvalue=\"0\"\n\tmaxValue=\"100\"\n\tminValue=\"0\"\n\tcolor=\"Gray\"\n\tpress=\"\">\n\t\t<tooltip></tooltip> <!-- sap.ui.core.TooltipBase -->\n\t\t<dependents></dependents> <!-- sap.ui.core.Control, since 1.19 -->\n\t\t\n</TaskCircle>\n"},{"name":"sap.ui.suite.VerticalProgressIndicator","prefix":"VerticalProgressIndicator","description":"sap.ui.suite.VerticalProgressIndicator","helpDescription":"<strong style=\"color: red;\">Experimental! </strong>","Deprecated":false,"Experimental":true,"template":"<VerticalProgressIndicator xmlns=\"sap.ui.suite\"\n\tid=\"${id}\"\n\tpercentage=\"\"\n\tpress=\"\">\n\t\t<tooltip></tooltip> <!-- sap.ui.core.TooltipBase -->\n\t\t<dependents></dependents> <!-- sap.ui.core.Control, since 1.19 -->\n\t\t\n</VerticalProgressIndicator>\n"}]}