{
	"XML_KEYWORDS" : [
	"sap.ca.ui.AddPicture",
	"sap.ca.ui.CustomerContext",
	"sap.ca.ui.CustomerControlListItem",
	"sap.ca.ui.DatePicker",
	"sap.ca.ui.ExpansibleFeedListItem",
	"sap.ca.ui.FileUpload",
	"sap.ca.ui.GrowingTileContainer",
	"sap.ca.ui.HierarchicalSelectDialog",
	"sap.ca.ui.HierarchicalSelectDialogItem",
	"sap.ca.ui.Hierarchy",
	"sap.ca.ui.HierarchyItem",
	"sap.ca.ui.InPlaceEdit",
	"sap.ca.ui.Notes",
	"sap.ca.ui.OverflowContainer",
	"sap.ca.ui.OverviewTile",
	"sap.ca.ui.PictureItem",
	"sap.ca.ui.PictureTile",
	"sap.ca.ui.PictureTileContainer",
	"sap.ca.ui.PictureViewer",
	"sap.ca.ui.PictureViewerItem",
	"sap.ca.ui.ZoomableScrollContainer",
	"sap.ca.ui.charts.BarListItem",
	"sap.ca.ui.charts.BubbleChart",
	"sap.ca.ui.charts.Chart",
	"sap.ca.ui.charts.ChartToolBar",
	"sap.ca.ui.charts.ClusterListItem",
	"sap.ca.ui.charts.CombinedChart",
	"sap.ca.ui.charts.HorizontalBarChart",
	"sap.ca.ui.charts.LineChart",
	"sap.ca.ui.charts.StackedHorizontalBarChart",
	"sap.ca.ui.charts.StackedVerticalColumnChart",
	"sap.ca.ui.charts.VerticalBarChart"
	],
	"XML_TEMPLATES" : [
	{
		"name": "sap.ca.ui.AddPicture",
		"prefix": "AddPicture,Picture",
		"description": "sap.ca.ui.AddPicture",
		"template": "<AddPicture xmlns=\"sap.ca.ui\"\n\tbusy=\"false\"\n\tbusyIndicatorDelay=\"1000\"\n\tvisible=\"true\"\n\tbuttonPageType=\"Tab\"\n\teditable=\"true\"\n\tmaxPictureNumber=\"10\"\n\tuploadUrl=\"\"\n\twidth=\"100%\"\n\ttext=\"\"\n\tpictureAlign=\"Left\"\n\titemSize=\"64\"\n\tcompression=\"low\"\n\tshow=\"\"\n\tpictureAdded=\"\"\n\tmaxPictureLimitReached=\"\"\n\timageUploadFailed=\"\"\n\tfileNotSupported=\"\">\n\t\t<tooltip></tooltip> <!-- sap.ui.core.TooltipBase -->\n\t\t<dependents></dependents> <!-- sap.ui.core.Control, since 1.19 -->\n\t\t<pictures></pictures> <!-- sap.ca.ui.PictureItem -->\n</AddPicture>\n"
	},
	{
		"name": "sap.ca.ui.CustomerContext",
		"prefix": "CustomerContext,Context",
		"description": "sap.ca.ui.CustomerContext",
		"template": "<CustomerContext xmlns=\"sap.ca.ui\"\n\tbusy=\"false\"\n\tbusyIndicatorDelay=\"1000\"\n\tvisible=\"true\"\n\tpersonalizationPageName=\"AppCustomerContext\"\n\tshowSalesArea=\"false\"\n\tpath=\"/Customers\"\n\tcustomerIDProperty=\"CustomerID\"\n\tcustomerNameProperty=\"CustomerName\"\n\tsalesOrganizationNameProperty=\"SalesOrganizationName\"\n\tdistributionChannelNameProperty=\"DistributionChannelName\"\n\tdivisionNameProperty=\"DivisionName\"\n\tdialogTitle=\"\"\n\tcustomerSelected=\"\">\n\t\t<tooltip></tooltip> <!-- sap.ui.core.TooltipBase -->\n\t\t<dependents></dependents> <!-- sap.ui.core.Control, since 1.19 -->\n</CustomerContext>\n"
	},
	{
		"name": "sap.ca.ui.CustomerControlListItem",
		"prefix": "CustomerControlListItem,Item",
		"description": "sap.ca.ui.CustomerControlListItem",
		"template": "<CustomerControlListItem xmlns=\"sap.ca.ui\"\n\tbusy=\"false\"\n\tbusyIndicatorDelay=\"1000\"\n\tvisible=\"true\"\n\ttype=\"Inactive\"\n\tvisible=\"true\"\n\tunread=\"false\"\n\tselected=\"false\"\n\tcounter=\"\"\n\tshowSalesArea=\"false\"\n\tcustomerID=\"CustomerID\"\n\tcustomerName=\"CustomerName\"\n\tsalesOrganizationName=\"SalesOrganizationName\"\n\tdistributionChannelName=\"DistributionChannelName\"\n\tdivisionName=\"DivisionName\"\n\tariaLabelledBy=\"\"\n\ttap=\"\"\n\tdetailTap=\"\"\n\tpress=\"\"\n\tdetailPress=\"\">\n\t\t<tooltip></tooltip> <!-- sap.ui.core.TooltipBase -->\n\t\t<dependents></dependents> <!-- sap.ui.core.Control, since 1.19 -->\n\t\t<content></content> <!-- sap.ui.core.Control -->\n</CustomerControlListItem>\n"
	},
	{
		"name": "sap.ca.ui.DatePicker",
		"prefix": "DatePicker,Picker",
		"description": "sap.ca.ui.DatePicker",
		"template": "<DatePicker xmlns=\"sap.ca.ui\"\n\tbusy=\"false\"\n\tbusyIndicatorDelay=\"1000\"\n\tvisible=\"true\"\n\tvalue=\"\"\n\twidth=\"\"\n\tenabled=\"true\"\n\tvalueState=\"None\"\n\tname=\"\"\n\tplaceholder=\"\"\n\teditable=\"true\"\n\tvalueStateText=\"\"\n\tshowValueStateMessage=\"true\"\n\ttextAlign=\"Initial\"\n\ttextDirection=\"Inherit\"\n\tfirstDayOffset=\"0\"\n\tdateValue=\"\"\n\tariaLabelledBy=\"\"\n\tchange=\"\">\n\t\t<tooltip></tooltip> <!-- sap.ui.core.TooltipBase -->\n\t\t<dependents></dependents> <!-- sap.ui.core.Control, since 1.19 -->\n</DatePicker>\n"
	},
	{
		"name": "sap.ca.ui.ExpansibleFeedListItem",
		"prefix": "ExpansibleFeedListItem,Item",
		"description": "sap.ca.ui.ExpansibleFeedListItem",
		"template": "<ExpansibleFeedListItem xmlns=\"sap.ca.ui\"\n\tbusy=\"false\"\n\tbusyIndicatorDelay=\"1000\"\n\tvisible=\"true\"\n\ttype=\"Inactive\"\n\tvisible=\"true\"\n\tunread=\"false\"\n\tselected=\"false\"\n\tcounter=\"\"\n\ticon=\"\"\n\tactiveIcon=\"\"\n\tsender=\"\"\n\ttext=\"\"\n\tinfo=\"\"\n\ttimestamp=\"\"\n\tsenderActive=\"true\"\n\ticonActive=\"true\"\n\ticonDensityAware=\"true\"\n\tshowIcon=\"true\"\n\tmaxCharacters=\"\"\n\tmaxLines=\"5\"\n\tariaLabelledBy=\"\"\n\ttap=\"\"\n\tdetailTap=\"\"\n\tpress=\"\"\n\tdetailPress=\"\"\n\tsenderPress=\"\"\n\ticonPress=\"\">\n\t\t<tooltip></tooltip> <!-- sap.ui.core.TooltipBase -->\n\t\t<dependents></dependents> <!-- sap.ui.core.Control, since 1.19 -->\n</ExpansibleFeedListItem>\n"
	},
	{
		"name": "sap.ca.ui.FileUpload",
		"prefix": "FileUpload,Upload",
		"description": "sap.ca.ui.FileUpload",
		"template": "<FileUpload xmlns=\"sap.ca.ui\"\n\tbusy=\"false\"\n\tbusyIndicatorDelay=\"1000\"\n\tvisible=\"true\"\n\tuploadUrl=\"\"\n\tfileName=\"\"\n\tsize=\"\"\n\turl=\"\"\n\tuploadedDate=\"\"\n\tcontributor=\"\"\n\tfileExtension=\"\"\n\tmimeType=\"\"\n\titems=\"\"\n\tuploadEnabled=\"\"\n\tfileId=\"\"\n\txsrfToken=\"\"\n\tuseMultipart=\"false\"\n\tacceptRequestHeader=\"application/json\"\n\tencodeUrl=\"\"\n\trenameEnabled=\"\"\n\tdeleteEnabled=\"\"\n\tmultipleSelectionEnabled=\"true\"\n\tshowNoData=\"false\"\n\tsequentialUploadsEnabled=\"false\"\n\tshowAttachmentsLabel=\"true\"\n\tuseEditControls=\"false\"\n\tshowAttachmentsLabelInEditMode=\"true\"\n\teditMode=\"false\"\n\tdeleteFile=\"\"\n\trenameFile=\"\"\n\tuploadFile=\"\"\n\tfileUploadFailed=\"\"\n\tbeforeUploadFile=\"\"\n\tsaveClicked=\"\"\n\tcancelClicked=\"\">\n\t\t<tooltip></tooltip> <!-- sap.ui.core.TooltipBase -->\n\t\t<dependents></dependents> <!-- sap.ui.core.Control, since 1.19 -->\n\t\t<uploadProgressLabel></uploadProgressLabel> <!-- sap.m.Label -->\n\t\t<attachmentNumberLabel></attachmentNumberLabel> <!-- sap.m.Label -->\n\t\t<toolBar></toolBar> <!-- sap.m.Toolbar -->\n</FileUpload>\n"
	},
	{
		"name": "sap.ca.ui.GrowingTileContainer",
		"prefix": "GrowingTileContainer,Container",
		"description": "sap.ca.ui.GrowingTileContainer",
		"template": "<GrowingTileContainer xmlns=\"sap.ca.ui\"\n\tbusy=\"false\"\n\tbusyIndicatorDelay=\"1000\"\n\tvisible=\"true\"\n\twidth=\"auto\"\n\theight=\"auto\"\n\thorizontal=\"true\"\n\tvertical=\"false\"\n\tfocusable=\"false\"\n\tgrowing=\"false\"\n\tgrowingThreshold=\"20\"\n\tgrowingScrollToLoad=\"false\">\n\t\t<tooltip></tooltip> <!-- sap.ui.core.TooltipBase -->\n\t\t<dependents></dependents> <!-- sap.ui.core.Control, since 1.19 -->\n\t\t<content></content> <!-- sap.ui.core.Control -->\n</GrowingTileContainer>\n"
	},
	{
		"name": "sap.ca.ui.HierarchicalSelectDialog",
		"prefix": "HierarchicalSelectDialog,Dialog",
		"description": "sap.ca.ui.HierarchicalSelectDialog",
		"template": "<HierarchicalSelectDialog xmlns=\"sap.ca.ui\"\n\tbusy=\"false\"\n\tbusyIndicatorDelay=\"1000\"\n\tvisible=\"true\"\n\ticon=\"\"\n\ttitle=\"\"\n\tshowHeader=\"true\"\n\ttype=\"Standard\"\n\tstate=\"None\"\n\tstretchOnPhone=\"false\"\n\tstretch=\"false\"\n\tcontentWidth=\"\"\n\tcontentHeight=\"\"\n\thorizontalScrolling=\"true\"\n\tverticalScrolling=\"true\"\n\tleftButton=\"\"\n\trightButton=\"\"\n\tinitialFocus=\"\"\n\tariaDescribedBy=\"\"\n\tbeforeOpen=\"\"\n\tafterOpen=\"\"\n\tbeforeClose=\"\"\n\tafterClose=\"\"\n\tselect=\"\"\n\tcancel=\"\">\n\t\t<tooltip></tooltip> <!-- sap.ui.core.TooltipBase -->\n\t\t<dependents></dependents> <!-- sap.ui.core.Control, since 1.19 -->\n\t\t<content></content> <!-- sap.ui.core.Control -->\n\t\t<subHeader></subHeader> <!-- sap.m.IBar, since 1.12.2 -->\n\t\t<customHeader></customHeader> <!-- sap.m.IBar, since 1.15.1 -->\n\t\t<beginButton></beginButton> <!-- sap.m.Button, since 1.15.1 -->\n\t\t<endButton></endButton> <!-- sap.m.Button, since 1.15.1 -->\n\t\t<buttons></buttons> <!-- sap.m.Button, since 1.21.1 -->\n\t\t<items></items> <!-- sap.ca.ui.HierarchicalSelectDialogItem -->\n</HierarchicalSelectDialog>\n"
	},
	{
		"name": "sap.ca.ui.HierarchicalSelectDialogItem",
		"prefix": "HierarchicalSelectDialogItem,Item",
		"description": "sap.ca.ui.HierarchicalSelectDialogItem",
		"template": "<HierarchicalSelectDialogItem xmlns=\"sap.ca.ui\"\n\ttext=\"\"\n\tenabled=\"true\"\n\ttextDirection=\"Inherit\"\n\tkey=\"\"\n\ttitle=\"\"\n\tentityName=\"\">\n\t\t<tooltip></tooltip> <!-- sap.ui.core.TooltipBase -->\n\t\t<dependents></dependents> <!-- sap.ui.core.Control, since 1.19 -->\n\t\t<listItemTemplate></listItemTemplate> <!-- sap.m.ListItemBase -->\n</HierarchicalSelectDialogItem>\n"
	},
	{
		"name": "sap.ca.ui.Hierarchy",
		"prefix": "Hierarchy",
		"description": "sap.ca.ui.Hierarchy",
		"template": "<Hierarchy xmlns=\"sap.ca.ui\"\n\tbusy=\"false\"\n\tbusyIndicatorDelay=\"1000\"\n\tvisible=\"true\"\n\thideOptionalLevels=\"true\">\n\t\t<tooltip></tooltip> <!-- sap.ui.core.TooltipBase -->\n\t\t<dependents></dependents> <!-- sap.ui.core.Control, since 1.19 -->\n\t\t<items></items> <!-- sap.ca.ui.HierarchyItem -->\n</Hierarchy>\n"
	},
	{
		"name": "sap.ca.ui.HierarchyItem",
		"prefix": "HierarchyItem,Item",
		"description": "sap.ca.ui.HierarchyItem",
		"template": "<HierarchyItem xmlns=\"sap.ca.ui\"\n\tbusy=\"false\"\n\tbusyIndicatorDelay=\"1000\"\n\tvisible=\"true\"\n\ticon=\"\"\n\tlevelType=\"\"\n\ttitle=\"\"\n\tidentifier=\"\"\n\tlink=\"\"\n\temphasized=\"false\"\n\toptional=\"false\"\n\tlinkPress=\"\">\n\t\t<tooltip></tooltip> <!-- sap.ui.core.TooltipBase -->\n\t\t<dependents></dependents> <!-- sap.ui.core.Control, since 1.19 -->\n</HierarchyItem>\n"
	},
	{
		"name": "sap.ca.ui.InPlaceEdit",
		"prefix": "InPlaceEdit,Edit",
		"description": "sap.ca.ui.InPlaceEdit",
		"template": "<InPlaceEdit xmlns=\"sap.ca.ui\"\n\tbusy=\"false\"\n\tbusyIndicatorDelay=\"1000\"\n\tvisible=\"true\"\n\tvalueState=\"None\"\n\tundoEnabled=\"false\"\n\tchange=\"\">\n\t\t<tooltip></tooltip> <!-- sap.ui.core.TooltipBase -->\n\t\t<dependents></dependents> <!-- sap.ui.core.Control, since 1.19 -->\n\t\t<content></content> <!-- sap.ui.core.Control -->\n</InPlaceEdit>\n"
	},
	{
		"name": "sap.ca.ui.Notes",
		"prefix": "Notes",
		"description": "sap.ca.ui.Notes",
		"template": "<Notes xmlns=\"sap.ca.ui\"\n\tbusy=\"false\"\n\tbusyIndicatorDelay=\"1000\"\n\tvisible=\"true\"\n\tinset=\"false\"\n\theaderText=\"\"\n\theaderDesign=\"Standard\"\n\tfooterText=\"\"\n\tmode=\"None\"\n\twidth=\"100%\"\n\tincludeItemInSelection=\"false\"\n\tshowUnread=\"false\"\n\tnoDataText=\"\"\n\tshowNoData=\"true\"\n\tenableBusyIndicator=\"true\"\n\tmodeAnimationOn=\"true\"\n\tshowSeparators=\"All\"\n\tswipeDirection=\"Both\"\n\tgrowing=\"false\"\n\tgrowingThreshold=\"20\"\n\tgrowingTriggerText=\"\"\n\tgrowingScrollToLoad=\"false\"\n\trememberSelections=\"true\"\n\tbackgroundDesign=\"Solid\"\n\tshowNoteInput=\"true\"\n\ttextMaxLength=\"1000\"\n\tplaceholder=\"\"\n\tariaLabelledBy=\"\"\n\tselect=\"\"\n\tselectionChange=\"\"\n\t\"delete\"=\"\"\n\tswipe=\"\"\n\tgrowingStarted=\"\"\n\tgrowingFinished=\"\"\n\tupdateStarted=\"\"\n\tupdateFinished=\"\"\n\titemPress=\"\"\n\taddNote=\"\">\n\t\t<tooltip></tooltip> <!-- sap.ui.core.TooltipBase -->\n\t\t<dependents></dependents> <!-- sap.ui.core.Control, since 1.19 -->\n\t\t<items></items> <!-- sap.m.ListItemBase -->\n\t\t<swipeContent></swipeContent> <!-- sap.ui.core.Control -->\n\t\t<headerToolbar></headerToolbar> <!-- sap.m.Toolbar, since 1.16 -->\n\t\t<infoToolbar></infoToolbar> <!-- sap.m.Toolbar, since 1.16 -->\n\t\t<columns></columns> <!-- sap.m.Column -->\n</Notes>\n"
	},
	{
		"name": "sap.ca.ui.OverflowContainer",
		"prefix": "OverflowContainer,Container",
		"description": "sap.ca.ui.OverflowContainer",
		"template": "<OverflowContainer xmlns=\"sap.ca.ui\"\n\tbusy=\"false\"\n\tbusyIndicatorDelay=\"1000\"\n\tvisible=\"true\"\n\toverflowHeight=\"200px\"\n\texpanded=\"false\">\n\t\t<tooltip></tooltip> <!-- sap.ui.core.TooltipBase -->\n\t\t<dependents></dependents> <!-- sap.ui.core.Control, since 1.19 -->\n\t\t<content></content> <!-- sap.ui.core.Control -->\n</OverflowContainer>\n"
	},
	{
		"name": "sap.ca.ui.OverviewTile",
		"prefix": "OverviewTile,Tile",
		"description": "sap.ca.ui.OverviewTile",
		"template": "<OverviewTile xmlns=\"sap.ca.ui\"\n\tbusy=\"false\"\n\tbusyIndicatorDelay=\"1000\"\n\tvisible=\"true\"\n\tremovable=\"true\"\n\ttitle=\"null\"\n\ticon=\"null\"\n\tcontact=\"null\"\n\taddress=\"null\"\n\topportunities=\"null\"\n\trating=\"null\"\n\tlastContact=\"null\"\n\tnextContact=\"null\"\n\trevenue=\"null\"\n\tvisible=\"true\"\n\twidth=\"\"\n\tcontactActive=\"false\"\n\tpress=\"\"\n\tcontactPress=\"\">\n\t\t<tooltip></tooltip> <!-- sap.ui.core.TooltipBase -->\n\t\t<dependents></dependents> <!-- sap.ui.core.Control, since 1.19 -->\n</OverviewTile>\n"
	},
	{
		"name": "sap.ca.ui.PictureItem",
		"prefix": "PictureItem,Item",
		"description": "sap.ca.ui.PictureItem",
		"template": "<PictureItem xmlns=\"sap.ca.ui\"\n\tbusy=\"false\"\n\tbusyIndicatorDelay=\"1000\"\n\tvisible=\"true\"\n\tstatus=\"\"\n\tsource=\"\"\n\tname=\"\"\n\twidth=\"62px\"\n\theight=\"62px\"\n\tloaded=\"\">\n\t\t<tooltip></tooltip> <!-- sap.ui.core.TooltipBase -->\n\t\t<dependents></dependents> <!-- sap.ui.core.Control, since 1.19 -->\n</PictureItem>\n"
	},
	{
		"name": "sap.ca.ui.PictureTile",
		"prefix": "PictureTile,Tile",
		"description": "sap.ca.ui.PictureTile",
		"template": "<PictureTile xmlns=\"sap.ca.ui\"\n\tbusy=\"false\"\n\tbusyIndicatorDelay=\"1000\"\n\tvisible=\"true\"\n\tremovable=\"true\"\n\theight=\"32px\"\n\twidth=\"32px\"\n\ttileContent=\"\"\n\tpress=\"\"\n\tpictureDelete=\"\">\n\t\t<tooltip></tooltip> <!-- sap.ui.core.TooltipBase -->\n\t\t<dependents></dependents> <!-- sap.ui.core.Control, since 1.19 -->\n\t\t<content></content> <!-- sap.ui.core.Control -->\n</PictureTile>\n"
	},
	{
		"name": "sap.ca.ui.PictureTileContainer",
		"prefix": "PictureTileContainer,Container",
		"description": "sap.ca.ui.PictureTileContainer",
		"template": "<PictureTileContainer xmlns=\"sap.ca.ui\"\n\tbusy=\"false\"\n\tbusyIndicatorDelay=\"1000\"\n\tvisible=\"true\"\n\twidth=\"100%\"\n\theight=\"100%\"\n\teditable=\"\"\n\tallowAdd=\"\"\n\ttileMove=\"\"\n\ttileDelete=\"\"\n\ttileAdd=\"\">\n\t\t<tooltip></tooltip> <!-- sap.ui.core.TooltipBase -->\n\t\t<dependents></dependents> <!-- sap.ui.core.Control, since 1.19 -->\n\t\t<tiles></tiles> <!-- sap.ui.core.Control -->\n</PictureTileContainer>\n"
	},
	{
		"name": "sap.ca.ui.PictureViewer",
		"prefix": "PictureViewer,Viewer",
		"description": "sap.ca.ui.PictureViewer",
		"template": "<PictureViewer xmlns=\"sap.ca.ui\"\n\tbusy=\"false\"\n\tbusyIndicatorDelay=\"1000\"\n\tvisible=\"true\"\n\twidth=\"100%\"\n\theight=\"100%\"\n\teditable=\"\"\n\tallowAdd=\"\"\n\ttileScaling=\"0.95\"\n\tremovable=\"false\"\n\ttileMove=\"\"\n\ttileDelete=\"\"\n\ttileAdd=\"\"\n\tpictureDeleted=\"\">\n\t\t<tooltip></tooltip> <!-- sap.ui.core.TooltipBase -->\n\t\t<dependents></dependents> <!-- sap.ui.core.Control, since 1.19 -->\n\t\t<tiles></tiles> <!-- sap.ui.core.Control -->\n\t\t<items></items> <!-- sap.ca.ui.PictureViewerItem -->\n</PictureViewer>\n"
	},
	{
		"name": "sap.ca.ui.PictureViewerItem",
		"prefix": "PictureViewerItem,Item",
		"description": "sap.ca.ui.PictureViewerItem",
		"template": "<PictureViewerItem xmlns=\"sap.ca.ui\"\n\tbusy=\"false\"\n\tbusyIndicatorDelay=\"1000\"\n\tvisible=\"true\"\n\tsrc=\"\">\n\t\t<tooltip></tooltip> <!-- sap.ui.core.TooltipBase -->\n\t\t<dependents></dependents> <!-- sap.ui.core.Control, since 1.19 -->\n\t\t<image></image> <!-- sap.m.Image -->\n</PictureViewerItem>\n"
	},
	{
		"name": "sap.ca.ui.ZoomableScrollContainer",
		"prefix": "ZoomableScrollContainer,Container",
		"description": "sap.ca.ui.ZoomableScrollContainer",
		"template": "<ZoomableScrollContainer xmlns=\"sap.ca.ui\"\n\tbusy=\"false\"\n\tbusyIndicatorDelay=\"1000\"\n\tvisible=\"true\"\n\twidth=\"auto\"\n\theight=\"auto\"\n\thorizontal=\"true\"\n\tvertical=\"false\"\n\tfocusable=\"false\"\n\tzoomable=\"true\"\n\tinitialScale=\"1\"\n\tminScale=\"1\"\n\tmaxScale=\"4\">\n\t\t<tooltip></tooltip> <!-- sap.ui.core.TooltipBase -->\n\t\t<dependents></dependents> <!-- sap.ui.core.Control, since 1.19 -->\n\t\t<content></content> <!-- sap.ui.core.Control -->\n</ZoomableScrollContainer>\n"
	},
	{
		"name": "sap.ca.ui.charts.BarListItem",
		"prefix": "BarListItem,Item",
		"description": "sap.ca.ui.charts.BarListItem",
		"template": "<charts/BarListItem xmlns=\"sap.ca.ui\"\n\tbusy=\"false\"\n\tbusyIndicatorDelay=\"1000\"\n\tvisible=\"true\"\n\ttype=\"Inactive\"\n\tvisible=\"true\"\n\tunread=\"false\"\n\tselected=\"false\"\n\tcounter=\"\"\n\taxis=\"\"\n\tgroup=\"\"\n\tvalue=\"\"\n\tariaLabelledBy=\"\"\n\ttap=\"\"\n\tdetailTap=\"\"\n\tpress=\"\"\n\tdetailPress=\"\">\n\t\t<tooltip></tooltip> <!-- sap.ui.core.TooltipBase -->\n\t\t<dependents></dependents> <!-- sap.ui.core.Control, since 1.19 -->\n</charts/BarListItem>\n"
	},
	{
		"name": "sap.ca.ui.charts.BubbleChart",
		"prefix": "BubbleChart,Chart",
		"description": "sap.ca.ui.charts.BubbleChart",
		"template": "<charts/BubbleChart xmlns=\"sap.ca.ui\"\n\tbusy=\"false\"\n\tbusyIndicatorDelay=\"1000\"\n\tvisible=\"true\"\n\twidth=\"100%\"\n\theight=\"100%\"\n\tdataset=\"\"\n\tchartType=\"Bar\"\n\tminShapeSize=\"48px\"\n\tlabel=\"\"\n\ttitle=\"\"\n\ticon=\"\"\n\tsecondAxisVisible=\"true\"\n\tshowLegend=\"true\"\n\tselectionMode=\"Multiple\"\n\tshowHoverBackground=\"false\"\n\tshowTooltip=\"false\"\n\tshowPopover=\"true\"\n\tshowDataLabel=\"true\"\n\tyAxisLabelFormatter=\"\"\n\tyAxis2LabelFormatter=\"\"\n\txAxisLabelFormatter=\"\"\n\txAxis2LabelFormatter=\"\"\n\tplotAreaAxisTooltipFormatter=\"\"\n\ttooltipFormatter=\"\"\n\tdataLabelFormatter=\"\"\n\tpopoverFormatter=\"\"\n\tpopoverGroupFormatter=\"\"\n\tchartSemanticColorFormatter=\"\"\n\tinternalVizChart=\"\"\n\tchartPopOver=\"\"\n\tpopoverSubHeader=\"\"\n\tpopoverFooter=\"\"\n\tadvancedChartSettings=\"\"\n\tstackedChartWidthEnhancer=\"false\"\n\tnoData=\"\"\n\tdataLabelFormat=\"\"\n\tshowTitle=\"false\"\n\tshowXAxisLabel=\"true\"\n\txAxisFixedRange=\"false\"\n\txAxisMinValue=\"0\"\n\txAxisMaxValue=\"0\"\n\tshowYAxisLabel=\"true\"\n\tyAxisFixedRange=\"false\"\n\tyAxisMinValue=\"0\"\n\tyAxisMaxValue=\"0\"\n\tminimumLabelSize=\"60\"\n\tshowSizeLegend=\"false\"\n\txAxisTitle=\"\"\n\tyAxisTitle=\"\"\n\tshowCustomLabels=\"false\"\n\tlabelProperty=\"\"\n\txAxisFormatFunction=\"\"\n\txAxisFormatString=\"\"\n\tyAxisFormatFunction=\"\"\n\tyAxisFormatString=\"\"\n\taxisTooltipFormatString=\"\"\n\taxisFormatFunction=\"\"\n\tselectDataPoint=\"\"\n\tpopoverBeforeOpen=\"\"\n\tpopoverAfterOpen=\"\">\n\t\t<tooltip></tooltip> <!-- sap.ui.core.TooltipBase -->\n\t\t<dependents></dependents> <!-- sap.ui.core.Control, since 1.19 -->\n\t\t<content></content> <!-- sap.ui.core.Control -->\n</charts/BubbleChart>\n"
	},
	{
		"name": "sap.ca.ui.charts.Chart",
		"prefix": "Chart",
		"description": "sap.ca.ui.charts.Chart",
		"template": "<charts/Chart xmlns=\"sap.ca.ui\"\n\tbusy=\"false\"\n\tbusyIndicatorDelay=\"1000\"\n\tvisible=\"true\"\n\twidth=\"100%\"\n\theight=\"100%\"\n\tdataset=\"\"\n\tchartType=\"Bar\"\n\tminShapeSize=\"48px\"\n\tlabel=\"\"\n\ttitle=\"\"\n\ticon=\"\"\n\tsecondAxisVisible=\"true\"\n\tshowLegend=\"true\"\n\tselectionMode=\"Multiple\"\n\tshowHoverBackground=\"false\"\n\tshowTooltip=\"false\"\n\tshowPopover=\"true\"\n\tshowDataLabel=\"true\"\n\tyAxisLabelFormatter=\"\"\n\tyAxis2LabelFormatter=\"\"\n\txAxisLabelFormatter=\"\"\n\txAxis2LabelFormatter=\"\"\n\tplotAreaAxisTooltipFormatter=\"\"\n\ttooltipFormatter=\"\"\n\tdataLabelFormatter=\"\"\n\tpopoverFormatter=\"\"\n\tpopoverGroupFormatter=\"\"\n\tchartSemanticColorFormatter=\"\"\n\tinternalVizChart=\"\"\n\tchartPopOver=\"\"\n\tpopoverSubHeader=\"\"\n\tpopoverFooter=\"\"\n\tadvancedChartSettings=\"\"\n\tstackedChartWidthEnhancer=\"false\"\n\tnoData=\"\"\n\tselectDataPoint=\"\"\n\tpopoverBeforeOpen=\"\"\n\tpopoverAfterOpen=\"\">\n\t\t<tooltip></tooltip> <!-- sap.ui.core.TooltipBase -->\n\t\t<dependents></dependents> <!-- sap.ui.core.Control, since 1.19 -->\n</charts/Chart>\n"
	},
	{
		"name": "sap.ca.ui.charts.ChartToolBar",
		"prefix": "ChartToolBar,Bar",
		"description": "sap.ca.ui.charts.ChartToolBar",
		"template": "<charts/ChartToolBar xmlns=\"sap.ca.ui\"\n\tbusy=\"false\"\n\tbusyIndicatorDelay=\"1000\"\n\tvisible=\"true\"\n\tshowPersonalization=\"false\"\n\tshowFullScreen=\"false\"\n\tfullScreen=\"false\"\n\tshowLegend=\"true\"\n\tchartTitle=\"\"\n\tfirstDimensionPath=\"\"\n\tfirstDimensionKeyPath=\"\"\n\tfirstDimensionTextPath=\"\"\n\tsecondDimensionPath=\"\"\n\tsecondDimensionKeyPath=\"\"\n\tsecondDimensionTextPath=\"\"\n\tselectedChart=\"\"\n\tfirstDimensionSelect=\"\"\n\tsecondDimensionSelect=\"\"\n\tpersonalizationPressed=\"\"\n\tfirstDimensionKeySelected=\"\"\n\tsecondDimensionKeySelected=\"\">\n\t\t<tooltip></tooltip> <!-- sap.ui.core.TooltipBase -->\n\t\t<dependents></dependents> <!-- sap.ui.core.Control, since 1.19 -->\n\t\t<charts></charts> <!-- sap.ui.core.Control -->\n\t\t<toolBar></toolBar> <!-- sap.m.Bar -->\n</charts/ChartToolBar>\n"
	},
	{
		"name": "sap.ca.ui.charts.ClusterListItem",
		"prefix": "ClusterListItem,Item",
		"description": "sap.ca.ui.charts.ClusterListItem",
		"template": "<charts/ClusterListItem xmlns=\"sap.ca.ui\"\n\tbusy=\"false\"\n\tbusyIndicatorDelay=\"1000\"\n\tvisible=\"true\"\n\ttype=\"Inactive\"\n\tvisible=\"true\"\n\tunread=\"false\"\n\tselected=\"false\"\n\tcounter=\"\"\n\ttitle=\"\"\n\titems=\"\"\n\tariaLabelledBy=\"\"\n\ttap=\"\"\n\tdetailTap=\"\"\n\tpress=\"\"\n\tdetailPress=\"\">\n\t\t<tooltip></tooltip> <!-- sap.ui.core.TooltipBase -->\n\t\t<dependents></dependents> <!-- sap.ui.core.Control, since 1.19 -->\n</charts/ClusterListItem>\n"
	},
	{
		"name": "sap.ca.ui.charts.CombinedChart",
		"prefix": "CombinedChart,Chart",
		"description": "sap.ca.ui.charts.CombinedChart",
		"template": "<charts/CombinedChart xmlns=\"sap.ca.ui\"\n\tbusy=\"false\"\n\tbusyIndicatorDelay=\"1000\"\n\tvisible=\"true\"\n\twidth=\"100%\"\n\theight=\"100%\"\n\tdataset=\"\"\n\tchartType=\"Bar\"\n\tminShapeSize=\"48px\"\n\tlabel=\"\"\n\ttitle=\"\"\n\ticon=\"\"\n\tsecondAxisVisible=\"true\"\n\tshowLegend=\"true\"\n\tselectionMode=\"Multiple\"\n\tshowHoverBackground=\"false\"\n\tshowTooltip=\"false\"\n\tshowPopover=\"true\"\n\tshowDataLabel=\"true\"\n\tyAxisLabelFormatter=\"\"\n\tyAxis2LabelFormatter=\"\"\n\txAxisLabelFormatter=\"\"\n\txAxis2LabelFormatter=\"\"\n\tplotAreaAxisTooltipFormatter=\"\"\n\ttooltipFormatter=\"\"\n\tdataLabelFormatter=\"\"\n\tpopoverFormatter=\"\"\n\tpopoverGroupFormatter=\"\"\n\tchartSemanticColorFormatter=\"\"\n\tinternalVizChart=\"\"\n\tchartPopOver=\"\"\n\tpopoverSubHeader=\"\"\n\tpopoverFooter=\"\"\n\tadvancedChartSettings=\"\"\n\tstackedChartWidthEnhancer=\"false\"\n\tnoData=\"\"\n\tdata=\"\"\n\tprimaryAxis=\"\"\n\tsecondAxis=\"\"\n\tselectDataPoint=\"\"\n\tpopoverBeforeOpen=\"\"\n\tpopoverAfterOpen=\"\">\n\t\t<tooltip></tooltip> <!-- sap.ui.core.TooltipBase -->\n\t\t<dependents></dependents> <!-- sap.ui.core.Control, since 1.19 -->\n\t\t<scrollArea></scrollArea> <!-- sap.m.ScrollContainer -->\n</charts/CombinedChart>\n"
	},
	{
		"name": "sap.ca.ui.charts.HorizontalBarChart",
		"prefix": "HorizontalBarChart,Chart",
		"description": "sap.ca.ui.charts.HorizontalBarChart",
		"template": "<charts/HorizontalBarChart xmlns=\"sap.ca.ui\"\n\tbusy=\"false\"\n\tbusyIndicatorDelay=\"1000\"\n\tvisible=\"true\"\n\twidth=\"100%\"\n\theight=\"100%\"\n\tdataset=\"\"\n\tchartType=\"Bar\"\n\tminShapeSize=\"48px\"\n\tlabel=\"\"\n\ttitle=\"\"\n\ticon=\"\"\n\tsecondAxisVisible=\"true\"\n\tshowLegend=\"true\"\n\tselectionMode=\"Multiple\"\n\tshowHoverBackground=\"false\"\n\tshowTooltip=\"false\"\n\tshowPopover=\"true\"\n\tshowDataLabel=\"true\"\n\tyAxisLabelFormatter=\"\"\n\tyAxis2LabelFormatter=\"\"\n\txAxisLabelFormatter=\"\"\n\txAxis2LabelFormatter=\"\"\n\tplotAreaAxisTooltipFormatter=\"\"\n\ttooltipFormatter=\"\"\n\tdataLabelFormatter=\"\"\n\tpopoverFormatter=\"\"\n\tpopoverGroupFormatter=\"\"\n\tchartSemanticColorFormatter=\"\"\n\tinternalVizChart=\"\"\n\tchartPopOver=\"\"\n\tpopoverSubHeader=\"\"\n\tpopoverFooter=\"\"\n\tadvancedChartSettings=\"\"\n\tstackedChartWidthEnhancer=\"false\"\n\tnoData=\"\"\n\tdata=\"\"\n\tcontainer=\"chart\"\n\tbarHeight=\"48\"\n\tselectDataPoint=\"\"\n\tpopoverBeforeOpen=\"\"\n\tpopoverAfterOpen=\"\">\n\t\t<tooltip></tooltip> <!-- sap.ui.core.TooltipBase -->\n\t\t<dependents></dependents> <!-- sap.ui.core.Control, since 1.19 -->\n\t\t<scroll></scroll> <!-- sap.m.ScrollContainer -->\n\t\t<horizontalBarChart></horizontalBarChart> <!-- sap.viz.ui5.Bar -->\n\t\t<verticalArea></verticalArea> <!-- sap.m.VBox -->\n</charts/HorizontalBarChart>\n"
	},
	{
		"name": "sap.ca.ui.charts.LineChart",
		"prefix": "LineChart,Chart",
		"description": "sap.ca.ui.charts.LineChart",
		"template": "<charts/LineChart xmlns=\"sap.ca.ui\"\n\tbusy=\"false\"\n\tbusyIndicatorDelay=\"1000\"\n\tvisible=\"true\"\n\twidth=\"100%\"\n\theight=\"100%\"\n\tdataset=\"\"\n\tchartType=\"Bar\"\n\tminShapeSize=\"48px\"\n\tlabel=\"\"\n\ttitle=\"\"\n\ticon=\"\"\n\tsecondAxisVisible=\"true\"\n\tshowLegend=\"true\"\n\tselectionMode=\"Multiple\"\n\tshowHoverBackground=\"false\"\n\tshowTooltip=\"false\"\n\tshowPopover=\"true\"\n\tshowDataLabel=\"true\"\n\tyAxisLabelFormatter=\"\"\n\tyAxis2LabelFormatter=\"\"\n\txAxisLabelFormatter=\"\"\n\txAxis2LabelFormatter=\"\"\n\tplotAreaAxisTooltipFormatter=\"\"\n\ttooltipFormatter=\"\"\n\tdataLabelFormatter=\"\"\n\tpopoverFormatter=\"\"\n\tpopoverGroupFormatter=\"\"\n\tchartSemanticColorFormatter=\"\"\n\tinternalVizChart=\"\"\n\tchartPopOver=\"\"\n\tpopoverSubHeader=\"\"\n\tpopoverFooter=\"\"\n\tadvancedChartSettings=\"\"\n\tstackedChartWidthEnhancer=\"false\"\n\tnoData=\"\"\n\tchartTitle=\"Line Chart\"\n\tdataLabelFormat=\"'#0'\"\n\tminTouchSize=\"48px\"\n\tminTouchWidth=\"48px\"\n\tshowLabel=\"true\"\n\tshowScrollContext=\"false\"\n\tchartDataset=\"\"\n\tdatasetSettings=\"\"\n\tchartDatasetSettings=\"\"\n\tdataPath=\"\"\n\tdata=\"\"\n\tchartBusinessData=\"\"\n\tuseDelayedResize=\"false\"\n\tselectDataPoint=\"\"\n\tpopoverBeforeOpen=\"\"\n\tpopoverAfterOpen=\"\"\n\tonDetailsSelected=\"\">\n\t\t<tooltip></tooltip> <!-- sap.ui.core.TooltipBase -->\n\t\t<dependents></dependents> <!-- sap.ui.core.Control, since 1.19 -->\n\t\t<vertical></vertical> <!-- sap.m.VBox -->\n</charts/LineChart>\n"
	},
	{
		"name": "sap.ca.ui.charts.StackedHorizontalBarChart",
		"prefix": "StackedHorizontalBarChart,Chart",
		"description": "sap.ca.ui.charts.StackedHorizontalBarChart",
		"template": "<charts/StackedHorizontalBarChart xmlns=\"sap.ca.ui\"\n\tbusy=\"false\"\n\tbusyIndicatorDelay=\"1000\"\n\tvisible=\"true\"\n\twidth=\"100%\"\n\theight=\"100%\"\n\tdataset=\"\"\n\tchartType=\"Bar\"\n\tminShapeSize=\"48px\"\n\tlabel=\"\"\n\ttitle=\"\"\n\ticon=\"\"\n\tsecondAxisVisible=\"true\"\n\tshowLegend=\"true\"\n\tselectionMode=\"Multiple\"\n\tshowHoverBackground=\"false\"\n\tshowTooltip=\"false\"\n\tshowPopover=\"true\"\n\tshowDataLabel=\"true\"\n\tyAxisLabelFormatter=\"\"\n\tyAxis2LabelFormatter=\"\"\n\txAxisLabelFormatter=\"\"\n\txAxis2LabelFormatter=\"\"\n\tplotAreaAxisTooltipFormatter=\"\"\n\ttooltipFormatter=\"\"\n\tdataLabelFormatter=\"\"\n\tpopoverFormatter=\"\"\n\tpopoverGroupFormatter=\"\"\n\tchartSemanticColorFormatter=\"\"\n\tinternalVizChart=\"\"\n\tchartPopOver=\"\"\n\tpopoverSubHeader=\"\"\n\tpopoverFooter=\"\"\n\tadvancedChartSettings=\"\"\n\tstackedChartWidthEnhancer=\"false\"\n\tnoData=\"\"\n\ttype=\"StackedBar\"\n\tminTouchSize=\"48px\"\n\tdataLabelFormat=\"[[\"##\"]]\"\n\tselectDataPoint=\"\"\n\tpopoverBeforeOpen=\"\"\n\tpopoverAfterOpen=\"\">\n\t\t<tooltip></tooltip> <!-- sap.ui.core.TooltipBase -->\n\t\t<dependents></dependents> <!-- sap.ui.core.Control, since 1.19 -->\n\t\t<content></content> <!-- sap.ui.core.Control -->\n</charts/StackedHorizontalBarChart>\n"
	},
	{
		"name": "sap.ca.ui.charts.StackedVerticalColumnChart",
		"prefix": "StackedVerticalColumnChart,Chart",
		"description": "sap.ca.ui.charts.StackedVerticalColumnChart",
		"template": "<charts/StackedVerticalColumnChart xmlns=\"sap.ca.ui\"\n\tbusy=\"false\"\n\tbusyIndicatorDelay=\"1000\"\n\tvisible=\"true\"\n\twidth=\"100%\"\n\theight=\"100%\"\n\tdataset=\"\"\n\tchartType=\"Bar\"\n\tminShapeSize=\"48px\"\n\tlabel=\"\"\n\ttitle=\"\"\n\ticon=\"\"\n\tsecondAxisVisible=\"true\"\n\tshowLegend=\"true\"\n\tselectionMode=\"Multiple\"\n\tshowHoverBackground=\"false\"\n\tshowTooltip=\"false\"\n\tshowPopover=\"true\"\n\tshowDataLabel=\"true\"\n\tyAxisLabelFormatter=\"\"\n\tyAxis2LabelFormatter=\"\"\n\txAxisLabelFormatter=\"\"\n\txAxis2LabelFormatter=\"\"\n\tplotAreaAxisTooltipFormatter=\"\"\n\ttooltipFormatter=\"\"\n\tdataLabelFormatter=\"\"\n\tpopoverFormatter=\"\"\n\tpopoverGroupFormatter=\"\"\n\tchartSemanticColorFormatter=\"\"\n\tinternalVizChart=\"\"\n\tchartPopOver=\"\"\n\tpopoverSubHeader=\"\"\n\tpopoverFooter=\"\"\n\tadvancedChartSettings=\"\"\n\tstackedChartWidthEnhancer=\"false\"\n\tnoData=\"\"\n\ttype=\"StackedColumn\"\n\tminTouchSize=\"48px\"\n\tdataLabelFormat=\"[[\"##\"]]\"\n\tselectDataPoint=\"\"\n\tpopoverBeforeOpen=\"\"\n\tpopoverAfterOpen=\"\">\n\t\t<tooltip></tooltip> <!-- sap.ui.core.TooltipBase -->\n\t\t<dependents></dependents> <!-- sap.ui.core.Control, since 1.19 -->\n\t\t<content></content> <!-- sap.ui.core.Control -->\n</charts/StackedVerticalColumnChart>\n"
	},
	{
		"name": "sap.ca.ui.charts.VerticalBarChart",
		"prefix": "VerticalBarChart,Chart",
		"description": "sap.ca.ui.charts.VerticalBarChart",
		"template": "<charts/VerticalBarChart xmlns=\"sap.ca.ui\"\n\tbusy=\"false\"\n\tbusyIndicatorDelay=\"1000\"\n\tvisible=\"true\"\n\twidth=\"100%\"\n\theight=\"100%\"\n\tdataset=\"\"\n\tchartType=\"Bar\"\n\tminShapeSize=\"48px\"\n\tlabel=\"\"\n\ttitle=\"\"\n\ticon=\"\"\n\tsecondAxisVisible=\"true\"\n\tshowLegend=\"true\"\n\tselectionMode=\"Multiple\"\n\tshowHoverBackground=\"false\"\n\tshowTooltip=\"false\"\n\tshowPopover=\"true\"\n\tshowDataLabel=\"true\"\n\tyAxisLabelFormatter=\"\"\n\tyAxis2LabelFormatter=\"\"\n\txAxisLabelFormatter=\"\"\n\txAxis2LabelFormatter=\"\"\n\tplotAreaAxisTooltipFormatter=\"\"\n\ttooltipFormatter=\"\"\n\tdataLabelFormatter=\"\"\n\tpopoverFormatter=\"\"\n\tpopoverGroupFormatter=\"\"\n\tchartSemanticColorFormatter=\"\"\n\tinternalVizChart=\"\"\n\tchartPopOver=\"\"\n\tpopoverSubHeader=\"\"\n\tpopoverFooter=\"\"\n\tadvancedChartSettings=\"\"\n\tstackedChartWidthEnhancer=\"false\"\n\tnoData=\"\"\n\tdata=\"\"\n\tcontainer=\"chart\"\n\tbarWidth=\"48\"\n\tselectDataPoint=\"\"\n\tpopoverBeforeOpen=\"\"\n\tpopoverAfterOpen=\"\">\n\t\t<tooltip></tooltip> <!-- sap.ui.core.TooltipBase -->\n\t\t<dependents></dependents> <!-- sap.ui.core.Control, since 1.19 -->\n\t\t<content></content> <!-- sap.ui.core.Control -->\n\t\t<scroll></scroll> <!-- sap.m.ScrollContainer -->\n\t\t<verticalBarChart></verticalBarChart> <!-- sap.viz.ui5.Column -->\n\t\t<verticalArea></verticalArea> <!-- sap.m.VBox -->\n</charts/VerticalBarChart>\n"
	}
	]
}