{"XML_KEYWORDS":["sap.ui.richtexteditor.RichTextEditor"],"XML_TEMPLATES":[{"name":"sap.ui.richtexteditor.RichTextEditor","prefix":"RichTextEditor","description":"sap.ui.richtexteditor.RichTextEditor","helpDescription":"The RichTextEditor-Control is used to enter formatted text.","Deprecated":false,"Experimental":false,"template":"<RichTextEditor xmlns=\"sap.ui.richtexteditor\"\n\tid=\"${id}\"\n\tvalue=\"\"\n\ttextDirection=\"Inherit\"\n\twidth=\"\"\n\theight=\"\"\n\teditorType=\"TinyMCE\"\n\teditorLocation=\"js/tiny_mce/tiny_mce_src.js\"\n\teditable=\"true\"\n\tshowGroupFontStyle=\"true\"\n\tshowGroupTextAlign=\"true\"\n\tshowGroupStructure=\"true\"\n\tshowGroupFont=\"false\"\n\tshowGroupClipboard=\"true\"\n\tshowGroupInsert=\"false\"\n\tshowGroupLink=\"false\"\n\tshowGroupUndo=\"false\"\n\twrapping=\"true\"\n\trequired=\"false\"\n\tsanitizeValue=\"true\"\n\tplugins=\"[]\"\n\tuseLegacyTheme=\"true\"\n\tbuttonGroups=\"[]\"\n\tchange=\"\"\n\tready=\"\"\n\tbeforeEditorInit=\"\">\n\t\t<tooltip></tooltip> <!-- sap.ui.core.TooltipBase -->\n\t\t<dependents></dependents> <!-- sap.ui.core.Control, since 1.19 -->\n\t\t\n</RichTextEditor>\n"}]}