{

	"XML_KEYWORDS" : [
	"sap.ushell.components.factsheet.controls.PictureTile",
	"sap.ushell.components.factsheet.controls.PictureViewer",
	"sap.ushell.components.factsheet.controls.PictureViewerItem",
	"sap.ushell.ui.footerbar.AboutButton",
	"sap.ushell.ui.footerbar.AddBookmarkButton",
	"sap.ushell.ui.footerbar.ContactSupportButton",
	"sap.ushell.ui.footerbar.EndUserFeedback",
	"sap.ushell.ui.footerbar.HideGroupsButton",
	"sap.ushell.ui.footerbar.JamDiscussButton",
	"sap.ushell.ui.footerbar.JamShareButton",
	"sap.ushell.ui.footerbar.LogoutButton",
	"sap.ushell.ui.footerbar.SettingsButton",
	"sap.ushell.ui.footerbar.UserPreferencesButton",
	"sap.ushell.ui.launchpad.DashboardGroupsContainer",
	"sap.ushell.ui.launchpad.EmbeddedSupportErrorMessage",
	"sap.ushell.ui.launchpad.GroupHeaderActions",
	"sap.ushell.ui.launchpad.GroupListItem",
	"sap.ushell.ui.launchpad.HeaderTile",
	"sap.ushell.ui.launchpad.LoadingDialog",
	"sap.ushell.ui.launchpad.Panel",
	"sap.ushell.ui.launchpad.PlusTile",
	"sap.ushell.ui.launchpad.SearchResultAppItem",
	"sap.ushell.ui.launchpad.SearchResultApps",
	"sap.ushell.ui.launchpad.SearchSuggestionList",
	"sap.ushell.ui.launchpad.SearchSuggestionListItem",
	"sap.ushell.ui.launchpad.Tile",
	"sap.ushell.ui.launchpad.TileContainer",
	"sap.ushell.ui.launchpad.TileState",
	"sap.ushell.ui.shell.ActionButton",
	"sap.ushell.ui.tile.DynamicTile",
	"sap.ushell.ui.tile.ImageTile",
	"sap.ushell.ui.tile.StaticTile",
	"sap.ushell.ui.tile.TileBase"
	],
	"XML_TEMPLATES" : [
	{
		"name": "sap.ushell.components.factsheet.controls.PictureTile",
		"prefix": "PictureTile,Tile",
		"description": "sap.ushell.components.factsheet.controls.PictureTile",
		"template": "<components/factsheet/controls/PictureTile xmlns=\"sap.ushell\"\n\tid=\"${id}\"\n\tbusy=\"false\"\n\tbusyIndicatorDelay=\"1000\"\n\tvisible=\"true\"\n\tremovable=\"true\"\n\theight=\"32px\"\n\twidth=\"32px\"\n\ttileContent=\"\"\n\tpress=\"\"\n\tpictureDelete=\"\">\n\t\t<tooltip></tooltip> <!-- sap.ui.core.TooltipBase -->\n\t\t<dependents></dependents> <!-- sap.ui.core.Control, since 1.19 -->\n\t\t<content></content> <!-- sap.ui.core.Control -->\n</components/factsheet/controls/PictureTile>\n"
	},
	{
		"name": "sap.ushell.components.factsheet.controls.PictureViewer",
		"prefix": "PictureViewer,Viewer",
		"description": "sap.ushell.components.factsheet.controls.PictureViewer",
		"template": "<components/factsheet/controls/PictureViewer xmlns=\"sap.ushell\"\n\tid=\"${id}\"\n\tbusy=\"false\"\n\tbusyIndicatorDelay=\"1000\"\n\tvisible=\"true\"\n\twidth=\"100%\"\n\theight=\"100%\"\n\teditable=\"\"\n\tallowAdd=\"\"\n\ttileScaling=\"0.95\"\n\tremovable=\"false\"\n\ttileMove=\"\"\n\ttileDelete=\"\"\n\ttileAdd=\"\"\n\tpictureDeleted=\"\">\n\t\t<tooltip></tooltip> <!-- sap.ui.core.TooltipBase -->\n\t\t<dependents></dependents> <!-- sap.ui.core.Control, since 1.19 -->\n\t\t<tiles></tiles> <!-- sap.ui.core.Control -->\n\t\t<items></items> <!-- sap.ushell.components.factsheet.controls.PictureViewerItem -->\n</components/factsheet/controls/PictureViewer>\n"
	},
	{
		"name": "sap.ushell.components.factsheet.controls.PictureViewerItem",
		"prefix": "PictureViewerItem,Item",
		"description": "sap.ushell.components.factsheet.controls.PictureViewerItem",
		"template": "<components/factsheet/controls/PictureViewerItem xmlns=\"sap.ushell\"\n\tid=\"${id}\"\n\tbusy=\"false\"\n\tbusyIndicatorDelay=\"1000\"\n\tvisible=\"true\"\n\tsrc=\"\">\n\t\t<tooltip></tooltip> <!-- sap.ui.core.TooltipBase -->\n\t\t<dependents></dependents> <!-- sap.ui.core.Control, since 1.19 -->\n\t\t<image></image> <!-- sap.m.Image -->\n</components/factsheet/controls/PictureViewerItem>\n"
	},
	{
		"name": "sap.ushell.ui.footerbar.AboutButton",
		"prefix": "AboutButton,Button",
		"description": "sap.ushell.ui.footerbar.AboutButton",
		"template": "<ui/footerbar/AboutButton xmlns=\"sap.ushell\"\n\tid=\"${id}\"\n\tbusy=\"false\"\n\tbusyIndicatorDelay=\"1000\"\n\tvisible=\"true\"\n\ttext=\"\"\n\ttype=\"Default\"\n\twidth=\"\"\n\tenabled=\"true\"\n\ticon=\"\"\n\ticonFirst=\"true\"\n\tactiveIcon=\"\"\n\ticonDensityAware=\"true\"\n\ttextDirection=\"Inherit\"\n\tariaDescribedBy=\"\"\n\tariaLabelledBy=\"\"\n\ttap=\"\"\n\tpress=\"\">\n\t\t<tooltip></tooltip> <!-- sap.ui.core.TooltipBase -->\n\t\t<dependents></dependents> <!-- sap.ui.core.Control, since 1.19 -->\n</ui/footerbar/AboutButton>\n"
	},
	{
		"name": "sap.ushell.ui.footerbar.AddBookmarkButton",
		"prefix": "AddBookmarkButton,Button",
		"description": "sap.ushell.ui.footerbar.AddBookmarkButton",
		"template": "<ui/footerbar/AddBookmarkButton xmlns=\"sap.ushell\"\n\tid=\"${id}\"\n\tbusy=\"false\"\n\tbusyIndicatorDelay=\"1000\"\n\tvisible=\"true\"\n\ttext=\"\"\n\ttype=\"Default\"\n\twidth=\"\"\n\tenabled=\"true\"\n\ticon=\"\"\n\ticonFirst=\"true\"\n\tactiveIcon=\"\"\n\ticonDensityAware=\"true\"\n\ttextDirection=\"Inherit\"\n\tbeforePressHandler=\"\"\n\tafterPressHandler=\"\"\n\tappData=\"\"\n\tariaDescribedBy=\"\"\n\tariaLabelledBy=\"\"\n\ttap=\"\"\n\tpress=\"\">\n\t\t<tooltip></tooltip> <!-- sap.ui.core.TooltipBase -->\n\t\t<dependents></dependents> <!-- sap.ui.core.Control, since 1.19 -->\n</ui/footerbar/AddBookmarkButton>\n"
	},
	{
		"name": "sap.ushell.ui.footerbar.ContactSupportButton",
		"prefix": "ContactSupportButton,Button",
		"description": "sap.ushell.ui.footerbar.ContactSupportButton",
		"template": "<ui/footerbar/ContactSupportButton xmlns=\"sap.ushell\"\n\tid=\"${id}\"\n\tbusy=\"false\"\n\tbusyIndicatorDelay=\"1000\"\n\tvisible=\"true\"\n\ttext=\"\"\n\ttype=\"Default\"\n\twidth=\"\"\n\tenabled=\"true\"\n\ticon=\"\"\n\ticonFirst=\"true\"\n\tactiveIcon=\"\"\n\ticonDensityAware=\"true\"\n\ttextDirection=\"Inherit\"\n\tariaDescribedBy=\"\"\n\tariaLabelledBy=\"\"\n\ttap=\"\"\n\tpress=\"\">\n\t\t<tooltip></tooltip> <!-- sap.ui.core.TooltipBase -->\n\t\t<dependents></dependents> <!-- sap.ui.core.Control, since 1.19 -->\n</ui/footerbar/ContactSupportButton>\n"
	},
	{
		"name": "sap.ushell.ui.footerbar.EndUserFeedback",
		"prefix": "EndUserFeedback,Feedback",
		"description": "sap.ushell.ui.footerbar.EndUserFeedback",
		"template": "<ui/footerbar/EndUserFeedback xmlns=\"sap.ushell\"\n\tid=\"${id}\"\n\tbusy=\"false\"\n\tbusyIndicatorDelay=\"1000\"\n\tvisible=\"true\"\n\ttext=\"\"\n\ttype=\"Default\"\n\twidth=\"\"\n\tenabled=\"true\"\n\ticon=\"\"\n\ticonFirst=\"true\"\n\tactiveIcon=\"\"\n\ticonDensityAware=\"true\"\n\ttextDirection=\"Inherit\"\n\tshowAnonymous=\"true\"\n\tshowLegalAgreement=\"true\"\n\tshowCustomUIContent=\"true\"\n\tfeedbackDialogTitle=\"\"\n\ttextAreaPlaceholder=\"\"\n\tariaDescribedBy=\"\"\n\tariaLabelledBy=\"\"\n\ttap=\"\"\n\tpress=\"\">\n\t\t<tooltip></tooltip> <!-- sap.ui.core.TooltipBase -->\n\t\t<dependents></dependents> <!-- sap.ui.core.Control, since 1.19 -->\n\t\t<customUIContent></customUIContent> <!-- sap.ui.core.Control -->\n</ui/footerbar/EndUserFeedback>\n"
	},
	{
		"name": "sap.ushell.ui.footerbar.HideGroupsButton",
		"prefix": "HideGroupsButton,Button",
		"description": "sap.ushell.ui.footerbar.HideGroupsButton",
		"template": "<ui/footerbar/HideGroupsButton xmlns=\"sap.ushell\"\n\tid=\"${id}\"\n\tbusy=\"false\"\n\tbusyIndicatorDelay=\"1000\"\n\tvisible=\"true\"\n\ttext=\"\"\n\ttype=\"Default\"\n\twidth=\"\"\n\tenabled=\"true\"\n\ticon=\"\"\n\ticonFirst=\"true\"\n\tactiveIcon=\"\"\n\ticonDensityAware=\"true\"\n\ttextDirection=\"Inherit\"\n\tariaDescribedBy=\"\"\n\tariaLabelledBy=\"\"\n\ttap=\"\"\n\tpress=\"\">\n\t\t<tooltip></tooltip> <!-- sap.ui.core.TooltipBase -->\n\t\t<dependents></dependents> <!-- sap.ui.core.Control, since 1.19 -->\n</ui/footerbar/HideGroupsButton>\n"
	},
	{
		"name": "sap.ushell.ui.footerbar.JamDiscussButton",
		"prefix": "JamDiscussButton,Button",
		"description": "sap.ushell.ui.footerbar.JamDiscussButton",
		"template": "<ui/footerbar/JamDiscussButton xmlns=\"sap.ushell\"\n\tid=\"${id}\"\n\tbusy=\"false\"\n\tbusyIndicatorDelay=\"1000\"\n\tvisible=\"true\"\n\ttext=\"\"\n\ttype=\"Default\"\n\twidth=\"\"\n\tenabled=\"true\"\n\ticon=\"\"\n\ticonFirst=\"true\"\n\tactiveIcon=\"\"\n\ticonDensityAware=\"true\"\n\ttextDirection=\"Inherit\"\n\tbeforePressHandler=\"\"\n\tafterPressHandler=\"\"\n\tjamData=\"\"\n\tariaDescribedBy=\"\"\n\tariaLabelledBy=\"\"\n\ttap=\"\"\n\tpress=\"\">\n\t\t<tooltip></tooltip> <!-- sap.ui.core.TooltipBase -->\n\t\t<dependents></dependents> <!-- sap.ui.core.Control, since 1.19 -->\n</ui/footerbar/JamDiscussButton>\n"
	},
	{
		"name": "sap.ushell.ui.footerbar.JamShareButton",
		"prefix": "JamShareButton,Button",
		"description": "sap.ushell.ui.footerbar.JamShareButton",
		"template": "<ui/footerbar/JamShareButton xmlns=\"sap.ushell\"\n\tid=\"${id}\"\n\tbusy=\"false\"\n\tbusyIndicatorDelay=\"1000\"\n\tvisible=\"true\"\n\ttext=\"\"\n\ttype=\"Default\"\n\twidth=\"\"\n\tenabled=\"true\"\n\ticon=\"\"\n\ticonFirst=\"true\"\n\tactiveIcon=\"\"\n\ticonDensityAware=\"true\"\n\ttextDirection=\"Inherit\"\n\tbeforePressHandler=\"\"\n\tafterPressHandler=\"\"\n\tjamData=\"\"\n\tariaDescribedBy=\"\"\n\tariaLabelledBy=\"\"\n\ttap=\"\"\n\tpress=\"\">\n\t\t<tooltip></tooltip> <!-- sap.ui.core.TooltipBase -->\n\t\t<dependents></dependents> <!-- sap.ui.core.Control, since 1.19 -->\n</ui/footerbar/JamShareButton>\n"
	},
	{
		"name": "sap.ushell.ui.footerbar.LogoutButton",
		"prefix": "LogoutButton,Button",
		"description": "sap.ushell.ui.footerbar.LogoutButton",
		"template": "<ui/footerbar/LogoutButton xmlns=\"sap.ushell\"\n\tid=\"${id}\"\n\tbusy=\"false\"\n\tbusyIndicatorDelay=\"1000\"\n\tvisible=\"true\"\n\ttext=\"\"\n\ttype=\"Default\"\n\twidth=\"\"\n\tenabled=\"true\"\n\ticon=\"\"\n\ticonFirst=\"true\"\n\tactiveIcon=\"\"\n\ticonDensityAware=\"true\"\n\ttextDirection=\"Inherit\"\n\tariaDescribedBy=\"\"\n\tariaLabelledBy=\"\"\n\ttap=\"\"\n\tpress=\"\">\n\t\t<tooltip></tooltip> <!-- sap.ui.core.TooltipBase -->\n\t\t<dependents></dependents> <!-- sap.ui.core.Control, since 1.19 -->\n</ui/footerbar/LogoutButton>\n"
	},
	{
		"name": "sap.ushell.ui.footerbar.SettingsButton",
		"prefix": "SettingsButton,Button",
		"description": "sap.ushell.ui.footerbar.SettingsButton",
		"template": "<ui/footerbar/SettingsButton xmlns=\"sap.ushell\"\n\tid=\"${id}\"\n\tbusy=\"false\"\n\tbusyIndicatorDelay=\"1000\"\n\tvisible=\"true\"\n\ttext=\"\"\n\ttype=\"Default\"\n\twidth=\"\"\n\tenabled=\"true\"\n\ticon=\"\"\n\ticonFirst=\"true\"\n\tactiveIcon=\"\"\n\ticonDensityAware=\"true\"\n\ttextDirection=\"Inherit\"\n\tariaDescribedBy=\"\"\n\tariaLabelledBy=\"\"\n\ttap=\"\"\n\tpress=\"\">\n\t\t<tooltip></tooltip> <!-- sap.ui.core.TooltipBase -->\n\t\t<dependents></dependents> <!-- sap.ui.core.Control, since 1.19 -->\n</ui/footerbar/SettingsButton>\n"
	},
	{
		"name": "sap.ushell.ui.footerbar.UserPreferencesButton",
		"prefix": "UserPreferencesButton,Button",
		"description": "sap.ushell.ui.footerbar.UserPreferencesButton",
		"template": "<ui/footerbar/UserPreferencesButton xmlns=\"sap.ushell\"\n\tid=\"${id}\"\n\tbusy=\"false\"\n\tbusyIndicatorDelay=\"1000\"\n\tvisible=\"true\"\n\ttext=\"\"\n\ttype=\"Default\"\n\twidth=\"\"\n\tenabled=\"true\"\n\ticon=\"\"\n\ticonFirst=\"true\"\n\tactiveIcon=\"\"\n\ticonDensityAware=\"true\"\n\ttextDirection=\"Inherit\"\n\tariaDescribedBy=\"\"\n\tariaLabelledBy=\"\"\n\ttap=\"\"\n\tpress=\"\">\n\t\t<tooltip></tooltip> <!-- sap.ui.core.TooltipBase -->\n\t\t<dependents></dependents> <!-- sap.ui.core.Control, since 1.19 -->\n</ui/footerbar/UserPreferencesButton>\n"
	},
	{
		"name": "sap.ushell.ui.launchpad.DashboardGroupsContainer",
		"prefix": "DashboardGroupsContainer,Container",
		"description": "sap.ushell.ui.launchpad.DashboardGroupsContainer",
		"template": "<ui/launchpad/DashboardGroupsContainer xmlns=\"sap.ushell\"\n\tid=\"${id}\"\n\tbusy=\"false\"\n\tbusyIndicatorDelay=\"1000\"\n\tvisible=\"true\"\n\taccessibilityLabel=\"\"\n\tafterRendering=\"\">\n\t\t<tooltip></tooltip> <!-- sap.ui.core.TooltipBase -->\n\t\t<dependents></dependents> <!-- sap.ui.core.Control, since 1.19 -->\n\t\t<groups></groups> <!-- sap.ui.core.Control -->\n</ui/launchpad/DashboardGroupsContainer>\n"
	},
	{
		"name": "sap.ushell.ui.launchpad.EmbeddedSupportErrorMessage",
		"prefix": "EmbeddedSupportErrorMessage,Message",
		"description": "sap.ushell.ui.launchpad.EmbeddedSupportErrorMessage",
		"template": "<ui/launchpad/EmbeddedSupportErrorMessage xmlns=\"sap.ushell\"\n\tid=\"${id}\"\n\tbusy=\"false\"\n\tbusyIndicatorDelay=\"1000\"\n\tvisible=\"true\"\n\ticon=\"\"\n\ttitle=\"\"\n\tshowHeader=\"true\"\n\ttype=\"Standard\"\n\tstate=\"None\"\n\tstretchOnPhone=\"false\"\n\tstretch=\"false\"\n\tcontentWidth=\"\"\n\tcontentHeight=\"\"\n\thorizontalScrolling=\"true\"\n\tverticalScrolling=\"true\"\n\tleftButton=\"\"\n\trightButton=\"\"\n\tinitialFocus=\"\"\n\tariaDescribedBy=\"\"\n\tbeforeOpen=\"\"\n\tafterOpen=\"\"\n\tbeforeClose=\"\"\n\tafterClose=\"\"\n\tafterClose=\"\">\n\t\t<tooltip></tooltip> <!-- sap.ui.core.TooltipBase -->\n\t\t<dependents></dependents> <!-- sap.ui.core.Control, since 1.19 -->\n\t\t<content></content> <!-- sap.ui.core.Control -->\n\t\t<subHeader></subHeader> <!-- sap.m.IBar, since 1.12.2 -->\n\t\t<customHeader></customHeader> <!-- sap.m.IBar, since 1.15.1 -->\n\t\t<beginButton></beginButton> <!-- sap.m.Button, since 1.15.1 -->\n\t\t<endButton></endButton> <!-- sap.m.Button, since 1.15.1 -->\n\t\t<buttons></buttons> <!-- sap.m.Button, since 1.21.1 -->\n</ui/launchpad/EmbeddedSupportErrorMessage>\n"
	},
	{
		"name": "sap.ushell.ui.launchpad.GroupHeaderActions",
		"prefix": "GroupHeaderActions,Actions",
		"description": "sap.ushell.ui.launchpad.GroupHeaderActions",
		"template": "<ui/launchpad/GroupHeaderActions xmlns=\"sap.ushell\"\n\tid=\"${id}\"\n\tbusy=\"false\"\n\tbusyIndicatorDelay=\"1000\"\n\tvisible=\"true\"\n\tisOverflow=\"false\"\n\ttileActionModeActive=\"false\"\n\tafterRendering=\"\">\n\t\t<tooltip></tooltip> <!-- sap.ui.core.TooltipBase -->\n\t\t<dependents></dependents> <!-- sap.ui.core.Control, since 1.19 -->\n\t\t<content></content> <!-- sap.ui.core.Control -->\n\t\t<overflowCtrl></overflowCtrl> <!-- sap.ui.core.Control -->\n</ui/launchpad/GroupHeaderActions>\n"
	},
	{
		"name": "sap.ushell.ui.launchpad.GroupListItem",
		"prefix": "GroupListItem,Item",
		"description": "sap.ushell.ui.launchpad.GroupListItem",
		"template": "<ui/launchpad/GroupListItem xmlns=\"sap.ushell\"\n\tid=\"${id}\"\n\tbusy=\"false\"\n\tbusyIndicatorDelay=\"1000\"\n\tvisible=\"true\"\n\ttype=\"Inactive\"\n\tvisible=\"true\"\n\tunread=\"false\"\n\tselected=\"false\"\n\tcounter=\"\"\n\ttitle=\"\"\n\tdefaultGroup=\"false\"\n\tshow=\"true\"\n\tgroupId=\"\"\n\tindex=\"\"\n\tnumberOfTiles=\"0\"\n\tisGroupVisible=\"true\"\n\tariaLabelledBy=\"\"\n\ttap=\"\"\n\tdetailTap=\"\"\n\tpress=\"\"\n\tdetailPress=\"\"\n\tpress=\"\"\n\tafterRendering=\"\">\n\t\t<tooltip></tooltip> <!-- sap.ui.core.TooltipBase -->\n\t\t<dependents></dependents> <!-- sap.ui.core.Control, since 1.19 -->\n</ui/launchpad/GroupListItem>\n"
	},
	{
		"name": "sap.ushell.ui.launchpad.HeaderTile",
		"prefix": "HeaderTile,Tile",
		"description": "sap.ushell.ui.launchpad.HeaderTile",
		"template": "<ui/launchpad/HeaderTile xmlns=\"sap.ushell\"\n\tid=\"${id}\"\n\tbusy=\"false\"\n\tbusyIndicatorDelay=\"1000\"\n\tvisible=\"true\"\n\ttall=\"false\"\n\t\"long\"=\"false\"\n\tuuid=\"\"\n\ttileCatalogId=\"\"\n\ttarget=\"\"\n\tvisible=\"true\"\n\tdebugInfo=\"\"\n\trgba=\"\"\n\tanimationRendered=\"false\"\n\tisLocked=\"false\"\n\tshowActionsIcon=\"false\"\n\ttileActionModeActive=\"false\"\n\theaderLevel=\"H3\"\n\theaderText=\"\"\n\tpress=\"\"\n\tcoverDivPress=\"\"\n\tafterRendering=\"\">\n\t\t<tooltip></tooltip> <!-- sap.ui.core.TooltipBase -->\n\t\t<dependents></dependents> <!-- sap.ui.core.Control, since 1.19 -->\n\t\t<tileViews></tileViews> <!-- sap.ui.core.Control -->\n\t\t<footItems></footItems> <!-- sap.ui.core.Control -->\n</ui/launchpad/HeaderTile>\n"
	},
	{
		"name": "sap.ushell.ui.launchpad.LoadingDialog",
		"prefix": "LoadingDialog,Dialog",
		"description": "sap.ushell.ui.launchpad.LoadingDialog",
		"template": "<ui/launchpad/LoadingDialog xmlns=\"sap.ushell\"\n\tid=\"${id}\"\n\tbusy=\"false\"\n\tbusyIndicatorDelay=\"1000\"\n\tvisible=\"true\"\n\ttext=\"\"\n\ttitle=\"\"\n\tcustomIcon=\"\"\n\tcustomIconRotationSpeed=\"1000\"\n\tcustomIconDensityAware=\"true\"\n\tcustomIconWidth=\"30px\"\n\tcustomIconHeight=\"44px\"\n\tcancelButtonText=\"\"\n\tshowCancelButton=\"false\"\n\ticonUri=\"\"\n\tclose=\"\">\n\t\t<tooltip></tooltip> <!-- sap.ui.core.TooltipBase -->\n\t\t<dependents></dependents> <!-- sap.ui.core.Control, since 1.19 -->\n</ui/launchpad/LoadingDialog>\n"
	},
	{
		"name": "sap.ushell.ui.launchpad.Panel",
		"prefix": "Panel",
		"description": "sap.ushell.ui.launchpad.Panel",
		"template": "<ui/launchpad/Panel xmlns=\"sap.ushell\"\n\tid=\"${id}\"\n\tbusy=\"false\"\n\tbusyIndicatorDelay=\"1000\"\n\tvisible=\"true\"\n\theaderText=\"\"\n\twidth=\"100%\"\n\theight=\"auto\"\n\texpandable=\"false\"\n\texpanded=\"false\"\n\texpandAnimation=\"true\"\n\ttranslucent=\"false\"\n\texpand=\"\">\n\t\t<tooltip></tooltip> <!-- sap.ui.core.TooltipBase -->\n\t\t<dependents></dependents> <!-- sap.ui.core.Control, since 1.19 -->\n\t\t<content></content> <!-- sap.ui.core.Control -->\n\t\t<headerToolbar></headerToolbar> <!-- sap.m.Toolbar, since 1.16 -->\n\t\t<infoToolbar></infoToolbar> <!-- sap.m.Toolbar, since 1.16 -->\n\t\t<headerContent></headerContent> <!-- sap.ui.core.Control -->\n\t\t<headerBar></headerBar> <!-- sap.m.Bar -->\n</ui/launchpad/Panel>\n"
	},
	{
		"name": "sap.ushell.ui.launchpad.PlusTile",
		"prefix": "PlusTile,Tile",
		"description": "sap.ushell.ui.launchpad.PlusTile",
		"template": "<ui/launchpad/PlusTile xmlns=\"sap.ushell\"\n\tid=\"${id}\"\n\tbusy=\"false\"\n\tbusyIndicatorDelay=\"1000\"\n\tvisible=\"true\"\n\ttall=\"false\"\n\t\"long\"=\"false\"\n\tuuid=\"\"\n\ttileCatalogId=\"\"\n\ttarget=\"\"\n\tvisible=\"true\"\n\tdebugInfo=\"\"\n\trgba=\"\"\n\tanimationRendered=\"false\"\n\tisLocked=\"false\"\n\tshowActionsIcon=\"false\"\n\ttileActionModeActive=\"false\"\n\tgroupId=\"\"\n\tpress=\"\"\n\tcoverDivPress=\"\"\n\tafterRendering=\"\"\n\tpress=\"\">\n\t\t<tooltip></tooltip> <!-- sap.ui.core.TooltipBase -->\n\t\t<dependents></dependents> <!-- sap.ui.core.Control, since 1.19 -->\n\t\t<tileViews></tileViews> <!-- sap.ui.core.Control -->\n\t\t<footItems></footItems> <!-- sap.ui.core.Control -->\n</ui/launchpad/PlusTile>\n"
	},
	{
		"name": "sap.ushell.ui.launchpad.SearchResultAppItem",
		"prefix": "SearchResultAppItem,Item",
		"description": "sap.ushell.ui.launchpad.SearchResultAppItem",
		"template": "<ui/launchpad/SearchResultAppItem xmlns=\"sap.ushell\"\n\tid=\"${id}\"\n\tbusy=\"false\"\n\tbusyIndicatorDelay=\"1000\"\n\tvisible=\"true\"\n\ttext=\"\"\n\ttype=\"Default\"\n\twidth=\"\"\n\tenabled=\"true\"\n\ticon=\"\"\n\ticonFirst=\"true\"\n\tactiveIcon=\"\"\n\ticonDensityAware=\"true\"\n\ttextDirection=\"Inherit\"\n\tsearchTerm=\"\"\n\ttargetUrl=\"\"\n\tariaDescribedBy=\"\"\n\tariaLabelledBy=\"\"\n\ttap=\"\"\n\tpress=\"\">\n\t\t<tooltip></tooltip> <!-- sap.ui.core.TooltipBase -->\n\t\t<dependents></dependents> <!-- sap.ui.core.Control, since 1.19 -->\n</ui/launchpad/SearchResultAppItem>\n"
	},
	{
		"name": "sap.ushell.ui.launchpad.SearchResultApps",
		"prefix": "SearchResultApps,Apps",
		"description": "sap.ushell.ui.launchpad.SearchResultApps",
		"template": "<ui/launchpad/SearchResultApps xmlns=\"sap.ushell\"\n\tid=\"${id}\"\n\tbusy=\"false\"\n\tbusyIndicatorDelay=\"1000\"\n\tvisible=\"true\"\n\tinset=\"false\"\n\theaderText=\"\"\n\theaderDesign=\"Standard\"\n\tfooterText=\"\"\n\tmode=\"None\"\n\twidth=\"100%\"\n\tincludeItemInSelection=\"false\"\n\tshowUnread=\"false\"\n\tnoDataText=\"\"\n\tshowNoData=\"true\"\n\tenableBusyIndicator=\"true\"\n\tmodeAnimationOn=\"true\"\n\tshowSeparators=\"All\"\n\tswipeDirection=\"Both\"\n\tgrowing=\"false\"\n\tgrowingThreshold=\"20\"\n\tgrowingTriggerText=\"\"\n\tgrowingScrollToLoad=\"false\"\n\trememberSelections=\"true\"\n\tbackgroundDesign=\"Translucent\"\n\tfixedLayout=\"true\"\n\tshowOverlay=\"false\"\n\tshowGrowingTrigger=\"true\"\n\tariaLabelledBy=\"\"\n\tselect=\"\"\n\tselectionChange=\"\"\n\t\"delete\"=\"\"\n\tswipe=\"\"\n\tgrowingStarted=\"\"\n\tgrowingFinished=\"\"\n\tupdateStarted=\"\"\n\tupdateFinished=\"\"\n\titemPress=\"\">\n\t\t<tooltip></tooltip> <!-- sap.ui.core.TooltipBase -->\n\t\t<dependents></dependents> <!-- sap.ui.core.Control, since 1.19 -->\n\t\t<items></items> <!-- sap.m.ListItemBase -->\n\t\t<swipeContent></swipeContent> <!-- sap.ui.core.Control -->\n\t\t<headerToolbar></headerToolbar> <!-- sap.m.Toolbar, since 1.16 -->\n\t\t<infoToolbar></infoToolbar> <!-- sap.m.Toolbar, since 1.16 -->\n\t\t<columns></columns> <!-- sap.m.Column -->\n\t\t<results></results> <!-- sap.ui.core.Control -->\n</ui/launchpad/SearchResultApps>\n"
	},
	{
		"name": "sap.ushell.ui.launchpad.SearchSuggestionList",
		"prefix": "SearchSuggestionList,List",
		"description": "sap.ushell.ui.launchpad.SearchSuggestionList",
		"template": "<ui/launchpad/SearchSuggestionList xmlns=\"sap.ushell\"\n\tid=\"${id}\"\n\tbusy=\"false\"\n\tbusyIndicatorDelay=\"1000\"\n\tvisible=\"true\"\n\tinset=\"false\"\n\theaderText=\"\"\n\theaderDesign=\"Standard\"\n\tfooterText=\"\"\n\tmode=\"None\"\n\twidth=\"100%\"\n\tincludeItemInSelection=\"false\"\n\tshowUnread=\"false\"\n\tnoDataText=\"\"\n\tshowNoData=\"true\"\n\tenableBusyIndicator=\"true\"\n\tmodeAnimationOn=\"true\"\n\tshowSeparators=\"All\"\n\tswipeDirection=\"Both\"\n\tgrowing=\"false\"\n\tgrowingThreshold=\"20\"\n\tgrowingTriggerText=\"\"\n\tgrowingScrollToLoad=\"false\"\n\trememberSelections=\"true\"\n\tbackgroundDesign=\"Solid\"\n\tdisableKeyboardNavigation=\"false\"\n\tariaLabelledBy=\"\"\n\tselect=\"\"\n\tselectionChange=\"\"\n\t\"delete\"=\"\"\n\tswipe=\"\"\n\tgrowingStarted=\"\"\n\tgrowingFinished=\"\"\n\tupdateStarted=\"\"\n\tupdateFinished=\"\"\n\titemPress=\"\"\n\tpressEsc=\"\"\n\tpressUpFirstItem=\"\">\n\t\t<tooltip></tooltip> <!-- sap.ui.core.TooltipBase -->\n\t\t<dependents></dependents> <!-- sap.ui.core.Control, since 1.19 -->\n\t\t<items></items> <!-- sap.m.ListItemBase -->\n\t\t<swipeContent></swipeContent> <!-- sap.ui.core.Control -->\n\t\t<headerToolbar></headerToolbar> <!-- sap.m.Toolbar, since 1.16 -->\n\t\t<infoToolbar></infoToolbar> <!-- sap.m.Toolbar, since 1.16 -->\n\t\t<columns></columns> <!-- sap.m.Column -->\n</ui/launchpad/SearchSuggestionList>\n"
	},
	{
		"name": "sap.ushell.ui.launchpad.SearchSuggestionListItem",
		"prefix": "SearchSuggestionListItem,Item",
		"description": "sap.ushell.ui.launchpad.SearchSuggestionListItem",
		"template": "<ui/launchpad/SearchSuggestionListItem xmlns=\"sap.ushell\"\n\tid=\"${id}\"\n\tbusy=\"false\"\n\tbusyIndicatorDelay=\"1000\"\n\tvisible=\"true\"\n\ttype=\"Inactive\"\n\tvisible=\"true\"\n\tunread=\"false\"\n\tselected=\"false\"\n\tcounter=\"\"\n\ttext=\"\"\n\tisGroupFooter=\"false\"\n\tcategorySeperator=\"/\"\n\tcategoryFirstSeperator=\"\"\n\ticon=\"\"\n\tmaxCategories=\"2\"\n\tisGroupHeader=\"\"\n\tariaLabelledBy=\"\"\n\ttap=\"\"\n\tdetailTap=\"\"\n\tpress=\"\"\n\tdetailPress=\"\"\n\tpress=\"\"\n\tfocus=\"\">\n\t\t<tooltip></tooltip> <!-- sap.ui.core.TooltipBase -->\n\t\t<dependents></dependents> <!-- sap.ui.core.Control, since 1.19 -->\n\t\t<categories></categories> <!-- sap.ui.core.Control -->\n</ui/launchpad/SearchSuggestionListItem>\n"
	},
	{
		"name": "sap.ushell.ui.launchpad.Tile",
		"prefix": "Tile",
		"description": "sap.ushell.ui.launchpad.Tile",
		"template": "<ui/launchpad/Tile xmlns=\"sap.ushell\"\n\tid=\"${id}\"\n\tbusy=\"false\"\n\tbusyIndicatorDelay=\"1000\"\n\tvisible=\"true\"\n\ttall=\"false\"\n\t\"long\"=\"false\"\n\tuuid=\"\"\n\ttileCatalogId=\"\"\n\ttarget=\"\"\n\tvisible=\"true\"\n\tdebugInfo=\"\"\n\trgba=\"\"\n\tanimationRendered=\"false\"\n\tisLocked=\"false\"\n\tshowActionsIcon=\"false\"\n\ttileActionModeActive=\"false\"\n\tpress=\"\"\n\tcoverDivPress=\"\"\n\tafterRendering=\"\">\n\t\t<tooltip></tooltip> <!-- sap.ui.core.TooltipBase -->\n\t\t<dependents></dependents> <!-- sap.ui.core.Control, since 1.19 -->\n\t\t<tileViews></tileViews> <!-- sap.ui.core.Control -->\n\t\t<footItems></footItems> <!-- sap.ui.core.Control -->\n</ui/launchpad/Tile>\n"
	},
	{
		"name": "sap.ushell.ui.launchpad.TileContainer",
		"prefix": "TileContainer,Container",
		"description": "sap.ushell.ui.launchpad.TileContainer",
		"template": "<ui/launchpad/TileContainer xmlns=\"sap.ushell\"\n\tid=\"${id}\"\n\tbusy=\"false\"\n\tbusyIndicatorDelay=\"1000\"\n\tvisible=\"true\"\n\tscrollType=\"item\"\n\tanimationSpeed=\"500\"\n\tgroupId=\"\"\n\tshowHeader=\"true\"\n\tshowPlaceholder=\"true\"\n\tdefaultGroup=\"false\"\n\tisLastGroup=\"false\"\n\theaderText=\"\"\n\theaderLevel=\"H2\"\n\tgroupHeaderLevel=\"H4\"\n\tshowGroupHeader=\"true\"\n\tvisible=\"true\"\n\tsortable=\"true\"\n\tshowNoData=\"false\"\n\tnoDataText=\"\"\n\tisGroupLocked=\"\"\n\teditMode=\"false\"\n\tshowBackground=\"false\"\n\ticon=\"sap-icon://locked\"\n\tshowIcon=\"false\"\n\tdeluminate=\"false\"\n\tshowMobileActions=\"false\"\n\tenableHelp=\"false\"\n\ttileActionModeActive=\"false\"\n\tshowDragIndicator=\"false\"\n\tafterRendering=\"\"\n\tadd=\"\"\n\ttitleChange=\"\">\n\t\t<tooltip></tooltip> <!-- sap.ui.core.TooltipBase -->\n\t\t<dependents></dependents> <!-- sap.ui.core.Control, since 1.19 -->\n\t\t<tiles></tiles> <!-- sap.ushell.ui.launchpad.Tile -->\n\t\t<beforeContent></beforeContent> <!-- sap.ui.core.Control -->\n\t\t<afterContent></afterContent> <!-- sap.ui.core.Control -->\n\t\t<footerContent></footerContent> <!-- sap.ui.core.Control -->\n\t\t<headerActions></headerActions> <!-- sap.ui.core.Control -->\n</ui/launchpad/TileContainer>\n"
	},
	{
		"name": "sap.ushell.ui.launchpad.TileState",
		"prefix": "TileState,State",
		"description": "sap.ushell.ui.launchpad.TileState",
		"template": "<ui/launchpad/TileState xmlns=\"sap.ushell\"\n\tid=\"${id}\"\n\tbusy=\"false\"\n\tbusyIndicatorDelay=\"1000\"\n\tvisible=\"true\"\n\tstate=\"Loaded\">\n\t\t<tooltip></tooltip> <!-- sap.ui.core.TooltipBase -->\n\t\t<dependents></dependents> <!-- sap.ui.core.Control, since 1.19 -->\n</ui/launchpad/TileState>\n"
	},
	{
		"name": "sap.ushell.ui.shell.ActionButton",
		"prefix": "ActionButton,Button",
		"description": "sap.ushell.ui.shell.ActionButton",
		"template": "<ui/shell/ActionButton xmlns=\"sap.ushell\"\n\tid=\"${id}\"\n\tbusy=\"false\"\n\tbusyIndicatorDelay=\"1000\"\n\tvisible=\"true\"\n\ttext=\"\"\n\ttype=\"Default\"\n\twidth=\"\"\n\tenabled=\"true\"\n\ticon=\"\"\n\ticonFirst=\"true\"\n\tactiveIcon=\"\"\n\ticonDensityAware=\"true\"\n\ttextDirection=\"Inherit\"\n\tariaDescribedBy=\"\"\n\tariaLabelledBy=\"\"\n\ttap=\"\"\n\tpress=\"\">\n\t\t<tooltip></tooltip> <!-- sap.ui.core.TooltipBase -->\n\t\t<dependents></dependents> <!-- sap.ui.core.Control, since 1.19 -->\n</ui/shell/ActionButton>\n"
	},
	{
		"name": "sap.ushell.ui.tile.DynamicTile",
		"prefix": "DynamicTile,Tile",
		"description": "sap.ushell.ui.tile.DynamicTile",
		"template": "<ui/tile/DynamicTile xmlns=\"sap.ushell\"\n\tid=\"${id}\"\n\tbusy=\"false\"\n\tbusyIndicatorDelay=\"1000\"\n\tvisible=\"true\"\n\ttitle=\"\"\n\tsubtitle=\"\"\n\ticon=\"\"\n\tinfo=\"\"\n\tinfoState=\"Neutral\"\n\ttargetURL=\"\"\n\thighlightTerms=\"[]\"\n\tnumberValue=\"0.0\"\n\tnumberState=\"Neutral\"\n\tnumberUnit=\"\"\n\tnumberDigits=\"0\"\n\tstateArrow=\"None\"\n\tnumberFactor=\"\"\n\tpress=\"\">\n\t\t<tooltip></tooltip> <!-- sap.ui.core.TooltipBase -->\n\t\t<dependents></dependents> <!-- sap.ui.core.Control, since 1.19 -->\n\t\t<content></content> <!-- sap.ui.core.Control -->\n</ui/tile/DynamicTile>\n"
	},
	{
		"name": "sap.ushell.ui.tile.ImageTile",
		"prefix": "ImageTile,Tile",
		"description": "sap.ushell.ui.tile.ImageTile",
		"template": "<ui/tile/ImageTile xmlns=\"sap.ushell\"\n\tid=\"${id}\"\n\tbusy=\"false\"\n\tbusyIndicatorDelay=\"1000\"\n\tvisible=\"true\"\n\ttitle=\"\"\n\tsubtitle=\"\"\n\ticon=\"\"\n\tinfo=\"\"\n\tinfoState=\"Neutral\"\n\ttargetURL=\"\"\n\thighlightTerms=\"[]\"\n\timageSource=\"\"\n\tpress=\"\">\n\t\t<tooltip></tooltip> <!-- sap.ui.core.TooltipBase -->\n\t\t<dependents></dependents> <!-- sap.ui.core.Control, since 1.19 -->\n\t\t<content></content> <!-- sap.ui.core.Control -->\n</ui/tile/ImageTile>\n"
	},
	{
		"name": "sap.ushell.ui.tile.StaticTile",
		"prefix": "StaticTile,Tile",
		"description": "sap.ushell.ui.tile.StaticTile",
		"template": "<ui/tile/StaticTile xmlns=\"sap.ushell\"\n\tid=\"${id}\"\n\tbusy=\"false\"\n\tbusyIndicatorDelay=\"1000\"\n\tvisible=\"true\"\n\ttitle=\"\"\n\tsubtitle=\"\"\n\ticon=\"\"\n\tinfo=\"\"\n\tinfoState=\"Neutral\"\n\ttargetURL=\"\"\n\thighlightTerms=\"[]\"\n\tpress=\"\">\n\t\t<tooltip></tooltip> <!-- sap.ui.core.TooltipBase -->\n\t\t<dependents></dependents> <!-- sap.ui.core.Control, since 1.19 -->\n\t\t<content></content> <!-- sap.ui.core.Control -->\n</ui/tile/StaticTile>\n"
	},
	{
		"name": "sap.ushell.ui.tile.TileBase",
		"prefix": "TileBase,Base",
		"description": "sap.ushell.ui.tile.TileBase",
		"template": "<ui/tile/TileBase xmlns=\"sap.ushell\"\n\tid=\"${id}\"\n\tbusy=\"false\"\n\tbusyIndicatorDelay=\"1000\"\n\tvisible=\"true\"\n\ttitle=\"\"\n\tsubtitle=\"\"\n\ticon=\"\"\n\tinfo=\"\"\n\tinfoState=\"Neutral\"\n\ttargetURL=\"\"\n\thighlightTerms=\"[]\"\n\tpress=\"\">\n\t\t<tooltip></tooltip> <!-- sap.ui.core.TooltipBase -->\n\t\t<dependents></dependents> <!-- sap.ui.core.Control, since 1.19 -->\n\t\t<content></content> <!-- sap.ui.core.Control -->\n</ui/tile/TileBase>\n"
	}
	]
}