{"XML_KEYWORDS":["sap.ui.layout.FixFlex","sap.ui.layout.Grid","sap.ui.layout.GridData","sap.ui.layout.HorizontalLayout","sap.ui.layout.ResponsiveFlowLayout","sap.ui.layout.ResponsiveFlowLayoutData","sap.ui.layout.Splitter","sap.ui.layout.SplitterLayoutData","sap.ui.layout.VerticalLayout","sap.ui.layout.form.Form","sap.ui.layout.form.FormContainer","sap.ui.layout.form.FormElement","sap.ui.layout.form.FormLayout","sap.ui.layout.form.GridContainerData","sap.ui.layout.form.GridElementData","sap.ui.layout.form.GridLayout","sap.ui.layout.form.ResponsiveGridLayout","sap.ui.layout.form.ResponsiveLayout","sap.ui.layout.form.SimpleForm"],"XML_TEMPLATES":[{"name":"sap.ui.layout.FixFlex","prefix":"FixFlex","description":"sap.ui.layout.FixFlex","helpDescription":"The FixFlex control builds the container for a layout with a fixed and a flexible part. The flexible container adapts its size to the fix container. The fix container can hold any number of controls, while the flexible container can hold only one. \n\nIn order for the FixFlex to stretch properly, the parent element, in which the control is placed, needs to have a specified height or needs to have an absolute position.\n\nWarning: Avoid nesting FixFlex in other flexbox based layout controls (FixFlex, FlexBox, Hbox, Vbox). Otherwise contents may be not accessible or multiple scrollbars can appear.\n\nNote: If the child control of the flex or the fix container has width/height bigger than the container itself, the child control will be cropped in the view. If minFlexSize is set, then a scrollbar is shown in the flexible part, depending on the vertical property.","Deprecated":false,"Experimental":false,"template":"<FixFlex xmlns=\"sap.ui.layout\"\n\tid=\"${id}\"\n\tvertical=\"true\"\n\tfixFirst=\"true\"\n\tfixContentSize=\"auto\"\n\tminFlexSize=\"0\">\n\t\t<tooltip></tooltip> <!-- sap.ui.core.TooltipBase -->\n\t\t<dependents></dependents> <!-- sap.ui.core.Control, since 1.19 -->\n\t\t<fixContent></fixContent><!-- sap.ui.core.Control -->\n\t<flexContent></flexContent><!-- sap.ui.core.Control -->\n</FixFlex>\n"},{"name":"sap.ui.layout.Grid","prefix":"Grid","description":"sap.ui.layout.Grid","helpDescription":"The Grid control is a layout which positions its child controls in a 12 column flow layout. Its children can be specified to take on a variable amount of columns depending on available screen size. With this control it is possible to achieve flexible layouts and line-breaks for extra large-, large-, medium- and small-sized screens, such as large desktop, desktop, tablet, and mobile. The Grid control's width can be percentage- or pixel-based and the spacing between its columns can be set to various pre-defined values.","Deprecated":false,"Experimental":false,"template":"<Grid xmlns=\"sap.ui.layout\"\n\tid=\"${id}\"\n\twidth=\"100%\"\n\tvSpacing=\"1\"\n\thSpacing=\"1\"\n\tposition=\"Left\"\n\tdefaultSpan=\"XL3 L3 M6 S12\"\n\tdefaultIndent=\"XL0 L0 M0 S0\"\n\tcontainerQuery=\"false\">\n\t\t<tooltip></tooltip> <!-- sap.ui.core.TooltipBase -->\n\t\t<dependents></dependents> <!-- sap.ui.core.Control, since 1.19 -->\n\t\t<content></content><!-- sap.ui.core.Control -->\n</Grid>\n"},{"name":"sap.ui.layout.GridData","prefix":"GridData","description":"sap.ui.layout.GridData","helpDescription":"Grid layout data","Deprecated":false,"Experimental":false,"template":"<GridData xmlns=\"sap.ui.layout\"\n\tid=\"${id}\"\n\tspan=\"\"\n\tspanXL=\"\"\n\tspanL=\"\"\n\tspanM=\"\"\n\tspanS=\"\"\n\tindent=\"\"\n\tindentXL=\"\"\n\tindentL=\"\"\n\tindentM=\"\"\n\tindentS=\"\"\n\tvisibleXL=\"true\"\n\tvisibleL=\"true\"\n\tvisibleM=\"true\"\n\tvisibleS=\"true\"\n\tmoveBackwards=\"\"\n\tmoveForward=\"\"\n\tlinebreak=\"false\"\n\tlinebreakXL=\"false\"\n\tlinebreakL=\"false\"\n\tlinebreakM=\"false\"\n\tlinebreakS=\"false\"\n\tspanLarge=\"\"\n\tspanMedium=\"\"\n\tspanSmall=\"\"\n\tindentLarge=\"\"\n\tindentMedium=\"\"\n\tindentSmall=\"\"\n\tvisibleOnLarge=\"true\"\n\tvisibleOnMedium=\"true\"\n\tvisibleOnSmall=\"true\">\n\t\t<tooltip></tooltip> <!-- sap.ui.core.TooltipBase -->\n\t\t<dependents></dependents> <!-- sap.ui.core.Control, since 1.19 -->\n\t\t\n</GridData>\n"},{"name":"sap.ui.layout.HorizontalLayout","prefix":"HorizontalLayout","description":"sap.ui.layout.HorizontalLayout","helpDescription":"A layout that provides support for horizontal alignment of controls","Deprecated":false,"Experimental":false,"template":"<HorizontalLayout xmlns=\"sap.ui.layout\"\n\tid=\"${id}\"\n\tallowWrapping=\"false\">\n\t\t<tooltip></tooltip> <!-- sap.ui.core.TooltipBase -->\n\t\t<dependents></dependents> <!-- sap.ui.core.Control, since 1.19 -->\n\t\t<content></content><!-- sap.ui.core.Control -->\n</HorizontalLayout>\n"},{"name":"sap.ui.layout.ResponsiveFlowLayout","prefix":"ResponsiveFlowLayout","description":"sap.ui.layout.ResponsiveFlowLayout","helpDescription":"This is a layout where several controls can be added. These controls are blown up to fit a whole line. If the window resizes the controls are moved between the lines and resized again.","Deprecated":false,"Experimental":false,"template":"<ResponsiveFlowLayout xmlns=\"sap.ui.layout\"\n\tid=\"${id}\"\n\tresponsive=\"true\">\n\t\t<tooltip></tooltip> <!-- sap.ui.core.TooltipBase -->\n\t\t<dependents></dependents> <!-- sap.ui.core.Control, since 1.19 -->\n\t\t<content></content><!-- sap.ui.core.Control -->\n</ResponsiveFlowLayout>\n"},{"name":"sap.ui.layout.ResponsiveFlowLayoutData","prefix":"ResponsiveFlowLayoutData","description":"sap.ui.layout.ResponsiveFlowLayoutData","helpDescription":"This is a LayoutData Element that can be added to a control if this control is used within a ResponsiveFlowLayout","Deprecated":false,"Experimental":false,"template":"<ResponsiveFlowLayoutData xmlns=\"sap.ui.layout\"\n\tid=\"${id}\"\n\tminWidth=\"100\"\n\tweight=\"1\"\n\tlinebreak=\"false\"\n\tmargin=\"true\"\n\tlinebreakable=\"true\">\n\t\t<tooltip></tooltip> <!-- sap.ui.core.TooltipBase -->\n\t\t<dependents></dependents> <!-- sap.ui.core.Control, since 1.19 -->\n\t\t\n</ResponsiveFlowLayoutData>\n"},{"name":"sap.ui.layout.Splitter","prefix":"Splitter","description":"sap.ui.layout.Splitter","helpDescription":"\nA layout that contains several content areas. The content that is added to the splitter should contain LayoutData of the type SplitterLayoutData that defines its size and size contraints.\n\nBy adding or changing SplitterLayoutData to the controls that make up the content areas, the size can be changed programatically. Additionally the contents can be made non-resizable individually and a minimal size (in px) can be set.\n\nThe orientation of the splitter can be set to horizontal (default) or vertical. All content areas of the splitter will be arranged in that way. In order to split vertically and horizontally at the same time, Splitters need to be nested.\n\nThe splitter bars can be focused to enable resizing of the content areas via keyboard. The contents size can be manipulated when the splitter bar is focused and Shift-Left/Down/Right/Up are pressed. When Shift-Home/End are pressed, the contents are set their minimum or maximum size (keep in mind though, that resizing an auto-size content-area next to another auto-size one might lead to the effect that the former does not take its maximum size but only the maximum size before recalculating auto sizes).\n\nThe splitter bars used for resizing the contents by the user can be set to different widths (or heights in vertical mode) and the splitter will automatically resize the other contents accordingly. In case the splitter bar is resized after the splitter has rendered, a manual resize has to be triggered by invoking triggerResize() on the Splitter.","Deprecated":false,"Experimental":false,"template":"<Splitter xmlns=\"sap.ui.layout\"\n\tid=\"${id}\"\n\torientation=\"Horizontal\"\n\twidth=\"100%\"\n\theight=\"100%\"\n\tresize=\"\">\n\t\t<tooltip></tooltip> <!-- sap.ui.core.TooltipBase -->\n\t\t<dependents></dependents> <!-- sap.ui.core.Control, since 1.19 -->\n\t\t<contentAreas></contentAreas><!-- sap.ui.core.Control -->\n</Splitter>\n"},{"name":"sap.ui.layout.SplitterLayoutData","prefix":"SplitterLayoutData","description":"sap.ui.layout.SplitterLayoutData","helpDescription":"<strong style=\"color: red;\">Experimental! </strong>","Deprecated":false,"Experimental":true,"template":"<SplitterLayoutData xmlns=\"sap.ui.layout\"\n\tid=\"${id}\"\n\tresizable=\"true\"\n\tsize=\"auto\"\n\tminSize=\"0\">\n\t\t<tooltip></tooltip> <!-- sap.ui.core.TooltipBase -->\n\t\t<dependents></dependents> <!-- sap.ui.core.Control, since 1.19 -->\n\t\t\n</SplitterLayoutData>\n"},{"name":"sap.ui.layout.VerticalLayout","prefix":"VerticalLayout","description":"sap.ui.layout.VerticalLayout","helpDescription":"In this layout the elements are ordered one below the other","Deprecated":false,"Experimental":false,"template":"<VerticalLayout xmlns=\"sap.ui.layout\"\n\tid=\"${id}\"\n\twidth=\"\"\n\tenabled=\"true\">\n\t\t<tooltip></tooltip> <!-- sap.ui.core.TooltipBase -->\n\t\t<dependents></dependents> <!-- sap.ui.core.Control, since 1.19 -->\n\t\t<content></content><!-- sap.ui.core.Control -->\n</VerticalLayout>\n"},{"name":"sap.ui.layout.form.Form","prefix":"Form","description":"sap.ui.layout.form.Form","helpDescription":"Form control.\nHolder for form control to be rendered in a specific form layout.\nA Form supports VariantLayoutData for it's content to allow a simple switching of Layouts.","Deprecated":false,"Experimental":false,"template":"<form/Form xmlns=\"sap.ui.layout\"\n\tid=\"${id}\"\n\twidth=\"\"\n\teditable=\"\">\n\t\t<tooltip></tooltip> <!-- sap.ui.core.TooltipBase -->\n\t\t<dependents></dependents> <!-- sap.ui.core.Control, since 1.19 -->\n\t\t<formContainers></formContainers><!-- sap.ui.layout.form.FormContainer -->\n\t<title></title><!-- sap.ui.core.Title -->\n\t<layout></layout><!-- sap.ui.layout.form.FormLayout -->\n</form/Form>\n"},{"name":"sap.ui.layout.form.FormContainer","prefix":"FormContainer","description":"sap.ui.layout.form.FormContainer","helpDescription":"Used to group form elements.","Deprecated":false,"Experimental":false,"template":"<form/FormContainer xmlns=\"sap.ui.layout\"\n\tid=\"${id}\"\n\texpanded=\"true\"\n\texpandable=\"false\"\n\tvisible=\"true\">\n\t\t<tooltip></tooltip> <!-- sap.ui.core.TooltipBase -->\n\t\t<dependents></dependents> <!-- sap.ui.core.Control, since 1.19 -->\n\t\t<formElements></formElements><!-- sap.ui.layout.form.FormElement -->\n\t<title></title><!-- sap.ui.core.Title -->\n</form/FormContainer>\n"},{"name":"sap.ui.layout.form.FormElement","prefix":"FormElement","description":"sap.ui.layout.form.FormElement","helpDescription":"A form element is a combination of one label and different controls associated to this label.","Deprecated":false,"Experimental":false,"template":"<form/FormElement xmlns=\"sap.ui.layout\"\n\tid=\"${id}\"\n\tvisible=\"true\">\n\t\t<tooltip></tooltip> <!-- sap.ui.core.TooltipBase -->\n\t\t<dependents></dependents> <!-- sap.ui.core.Control, since 1.19 -->\n\t\t<label></label><!-- sap.ui.core.Label -->\n\t<fields></fields><!-- sap.ui.core.Control -->\n</form/FormElement>\n"},{"name":"sap.ui.layout.form.FormLayout","prefix":"FormLayout","description":"sap.ui.layout.form.FormLayout","helpDescription":"Base layout for Forms.\nOther Layouts must inherit from this one.","Deprecated":false,"Experimental":false,"template":"<form/FormLayout xmlns=\"sap.ui.layout\"\n\tid=\"${id}\"\n\t\t<tooltip></tooltip> <!-- sap.ui.core.TooltipBase -->\n\t\t<dependents></dependents> <!-- sap.ui.core.Control, since 1.19 -->\n\t\t\n</form/FormLayout>\n"},{"name":"sap.ui.layout.form.GridContainerData","prefix":"GridContainerData","description":"sap.ui.layout.form.GridContainerData","helpDescription":"Grid layout specific properties for FormContainers.\nThe width and height properties of the elements are ignored since the witdh and heights are defined by the grid cells.","Deprecated":false,"Experimental":false,"template":"<form/GridContainerData xmlns=\"sap.ui.layout\"\n\tid=\"${id}\"\n\thalfGrid=\"false\">\n\t\t<tooltip></tooltip> <!-- sap.ui.core.TooltipBase -->\n\t\t<dependents></dependents> <!-- sap.ui.core.Control, since 1.19 -->\n\t\t\n</form/GridContainerData>\n"},{"name":"sap.ui.layout.form.GridElementData","prefix":"GridElementData","description":"sap.ui.layout.form.GridElementData","helpDescription":"The grid specific layout data for FormElement fields.\nThe width property of the elements is ignored since the width is defined by grid cells.","Deprecated":false,"Experimental":false,"template":"<form/GridElementData xmlns=\"sap.ui.layout\"\n\tid=\"${id}\"\n\thCells=\"auto\"\n\tvCells=\"1\">\n\t\t<tooltip></tooltip> <!-- sap.ui.core.TooltipBase -->\n\t\t<dependents></dependents> <!-- sap.ui.core.Control, since 1.19 -->\n\t\t\n</form/GridElementData>\n"},{"name":"sap.ui.layout.form.GridLayout","prefix":"GridLayout","description":"sap.ui.layout.form.GridLayout","helpDescription":"This Layout implements a guideline 2.0 grid. This can be a 16 column grid or an 8 column grid.\n\nTo adjust the content inside the GridLayout GridContainerData and GridElementData could be used.","Deprecated":false,"Experimental":false,"template":"<form/GridLayout xmlns=\"sap.ui.layout\"\n\tid=\"${id}\"\n\tsingleColumn=\"false\">\n\t\t<tooltip></tooltip> <!-- sap.ui.core.TooltipBase -->\n\t\t<dependents></dependents> <!-- sap.ui.core.Control, since 1.19 -->\n\t\t\n</form/GridLayout>\n"},{"name":"sap.ui.layout.form.ResponsiveGridLayout","prefix":"ResponsiveGridLayout","description":"sap.ui.layout.form.ResponsiveGridLayout","helpDescription":"Renders a form using a Grid. Internally the Grid is used.\nOn the FormContainers, Labels and Fields GridData can be used to change the default rendering. On FormElements GridDada are not supported.\nIf own GridData are used this may be much more complex than the default. So in some cases the calculation for the other content may nor bring the expected result. In this case GridData should be used at all content to disable the default behaviour.","Deprecated":false,"Experimental":false,"template":"<form/ResponsiveGridLayout xmlns=\"sap.ui.layout\"\n\tid=\"${id}\"\n\tlabelSpanL=\"4\"\n\tlabelSpanM=\"2\"\n\tlabelSpanS=\"12\"\n\temptySpanL=\"0\"\n\temptySpanM=\"0\"\n\temptySpanS=\"0\"\n\tcolumnsL=\"2\"\n\tcolumnsM=\"1\"\n\tbreakpointL=\"1024\"\n\tbreakpointM=\"600\">\n\t\t<tooltip></tooltip> <!-- sap.ui.core.TooltipBase -->\n\t\t<dependents></dependents> <!-- sap.ui.core.Control, since 1.19 -->\n\t\t\n</form/ResponsiveGridLayout>\n"},{"name":"sap.ui.layout.form.ResponsiveLayout","prefix":"ResponsiveLayout","description":"sap.ui.layout.form.ResponsiveLayout","helpDescription":"Renders a form with responsive layout. Internally the ResponsiveFlowLayout is used.","Deprecated":false,"Experimental":false,"template":"<form/ResponsiveLayout xmlns=\"sap.ui.layout\"\n\tid=\"${id}\"\n\t\t<tooltip></tooltip> <!-- sap.ui.core.TooltipBase -->\n\t\t<dependents></dependents> <!-- sap.ui.core.Control, since 1.19 -->\n\t\t\n</form/ResponsiveLayout>\n"},{"name":"sap.ui.layout.form.SimpleForm","prefix":"SimpleForm","description":"sap.ui.layout.form.SimpleForm","helpDescription":"Use the SimpleForm to create a form based on title, label and fields that are stacked in the content aggregation. Add Title to start a new FormContainer(Group). Add Label to start a new row in the container. Add Input/Display controls as needed. Use LayoutData to influence the layout for special cases in the Input/Display controls.","Deprecated":false,"Experimental":false,"template":"<form/SimpleForm xmlns=\"sap.ui.layout\"\n\tid=\"${id}\"\n\tmaxContainerCols=\"2\"\n\tminWidth=\"-1\"\n\twidth=\"\"\n\teditable=\"\"\n\tlabelMinWidth=\"192\"\n\tlayout=\"ResponsiveLayout\"\n\tlabelSpanL=\"4\"\n\tlabelSpanM=\"2\"\n\tlabelSpanS=\"12\"\n\temptySpanL=\"0\"\n\temptySpanM=\"0\"\n\temptySpanS=\"0\"\n\tcolumnsL=\"2\"\n\tcolumnsM=\"1\"\n\tbreakpointL=\"1024\"\n\tbreakpointM=\"600\">\n\t\t<tooltip></tooltip> <!-- sap.ui.core.TooltipBase -->\n\t\t<dependents></dependents> <!-- sap.ui.core.Control, since 1.19 -->\n\t\t<content></content><!-- sap.ui.core.Element -->\n\t<form></form><!-- sap.ui.layout.form.Form -->\n\t<title></title><!-- sap.ui.core.Title -->\n</form/SimpleForm>\n"}]}