{"XML_KEYWORDS":["sap.ui.fl.Preprocessor","sap.ui.fl.PreprocessorImpl"],"XML_TEMPLATES":[{"name":"sap.ui.fl.Preprocessor","prefix":"Preprocessor","description":"sap.ui.fl.Preprocessor","Deprecated":false,"Experimental":false,"template":"<Preprocessor xmlns=\"sap.ui.fl\"\n\tid=\"${id}\"\n\t\t<tooltip></tooltip> <!-- sap.ui.core.TooltipBase -->\n\t\t<dependents></dependents> <!-- sap.ui.core.Control, since 1.19 -->\n\t\t\n</Preprocessor>\n"},{"name":"sap.ui.fl.PreprocessorImpl","prefix":"PreprocessorImpl","description":"sap.ui.fl.PreprocessorImpl","Deprecated":false,"Experimental":false,"template":"<PreprocessorImpl xmlns=\"sap.ui.fl\"\n\tid=\"${id}\"\n\t\t<tooltip></tooltip> <!-- sap.ui.core.TooltipBase -->\n\t\t<dependents></dependents> <!-- sap.ui.core.Control, since 1.19 -->\n\t\t\n</PreprocessorImpl>\n"}]}