{"XML_KEYWORDS":["sap.ndc.BarcodeScannerButton"],"XML_TEMPLATES":[{"name":"sap.ndc.BarcodeScannerButton","prefix":"BarcodeScannerButton","description":"sap.ndc.BarcodeScannerButton","helpDescription":"A button control (displaying a bar code icon) to start the bar code scanning process. If the native scanning feature is\nnot available, the button is either hidden or it provides a fallback by opening a dialog with an input field where the bar code can\nbe entered manually.","Deprecated":false,"Experimental":false,"template":"<BarcodeScannerButton xmlns=\"sap.ndc\"\n\tid=\"${id}\"\n\tprovideFallback=\"true\"\n\tvisible=\"true\"\n\tscanSuccess=\"\"\n\tscanFail=\"\"\n\tinputLiveUpdate=\"\">\n\t\t<tooltip></tooltip> <!-- sap.ui.core.TooltipBase -->\n\t\t<dependents></dependents> <!-- sap.ui.core.Control, since 1.19 -->\n\t\t<_btn></_btn><!-- sap.m.Button -->\n</BarcodeScannerButton>\n"}]}