{"XML_KEYWORDS":["sap.ui.ux3.ActionBar","sap.ui.ux3.Collection","sap.ui.ux3.CollectionInspector","sap.ui.ux3.DataSet","sap.ui.ux3.DataSetItem","sap.ui.ux3.DataSetSimpleView","sap.ui.ux3.Exact","sap.ui.ux3.ExactArea","sap.ui.ux3.ExactAttribute","sap.ui.ux3.ExactBrowser","sap.ui.ux3.FacetFilter","sap.ui.ux3.FacetFilterList","sap.ui.ux3.Feed","sap.ui.ux3.FeedChunk","sap.ui.ux3.Feeder","sap.ui.ux3.NavigationBar","sap.ui.ux3.NavigationItem","sap.ui.ux3.NotificationBar","sap.ui.ux3.Notifier","sap.ui.ux3.Overlay","sap.ui.ux3.OverlayContainer","sap.ui.ux3.OverlayDialog","sap.ui.ux3.QuickView","sap.ui.ux3.Shell","sap.ui.ux3.ThingAction","sap.ui.ux3.ThingGroup","sap.ui.ux3.ThingInspector","sap.ui.ux3.ThingViewer","sap.ui.ux3.ToolPopup"],"XML_TEMPLATES":[{"name":"sap.ui.ux3.ActionBar","prefix":"ActionBar","description":"sap.ui.ux3.ActionBar","helpDescription":"A special toolbar with predefined social actions which can be shown as needed. These are: Create an update (Feed), Follow, Mark for Follow Up, Mark as Favorite and Open Thing.\n\nIn addition business actions (ThingAction instances) can be added which are either displayed as MenuItems of the 'More' menu button or as individual tool bar buttons.\n\nWhen using this control, please be aware that it fulfills rather specific requirements: it has been designed for and is used within composite controls QuickView and ThingInspector.","Deprecated":false,"Experimental":false,"template":"<ActionBar xmlns=\"sap.ui.ux3\"\n\tid=\"${id}\"\n\tfollowState=\"Default\"\n\tflagState=\"\"\n\tfavoriteState=\"\"\n\tupdateState=\"\"\n\tthingIconURI=\"\"\n\talwaysShowMoreMenu=\"true\"\n\tshowUpdate=\"true\"\n\tshowFollow=\"true\"\n\tshowFlag=\"true\"\n\tshowFavorite=\"true\"\n\tshowOpen=\"true\"\n\tdividerWidth=\"\"\n\tactionSelected=\"\"\n\tfeedSubmit=\"\">\n\t\t<tooltip></tooltip> <!-- sap.ui.core.TooltipBase -->\n\t\t<dependents></dependents> <!-- sap.ui.core.Control, since 1.19 -->\n\t\t<businessActions></businessActions><!-- sap.ui.ux3.ThingAction -->\n\t<_businessActionButtons></_businessActionButtons><!-- sap.ui.commons.Button -->\n\t<_socialActions></_socialActions><!-- sap.ui.ux3.ThingAction -->\n</ActionBar>\n"},{"name":"sap.ui.ux3.Collection","prefix":"Collection","description":"sap.ui.ux3.Collection","helpDescription":"Collection","Deprecated":false,"Experimental":false,"template":"<Collection xmlns=\"sap.ui.ux3\"\n\tid=\"${id}\"\n\ttitle=\"\"\n\teditable=\"false\"\n\tmultiSelection=\"false\"\n\tselectionChanged=\"\"\n\tpropertyChanged=\"\">\n\t\t<tooltip></tooltip> <!-- sap.ui.core.TooltipBase -->\n\t\t<dependents></dependents> <!-- sap.ui.core.Control, since 1.19 -->\n\t\t<items></items><!-- sap.ui.core.Item -->\n</Collection>\n"},{"name":"sap.ui.ux3.CollectionInspector","prefix":"CollectionInspector","description":"sap.ui.ux3.CollectionInspector","helpDescription":"CollectionInspector","Deprecated":false,"Experimental":false,"template":"<CollectionInspector xmlns=\"sap.ui.ux3\"\n\tid=\"${id}\"\n\tsidebarVisible=\"true\"\n\tfitParent=\"true\"\n\tcollectionSelected=\"\"\n\titemSelectionChanged=\"\"\n\teditCollection=\"\">\n\t\t<tooltip></tooltip> <!-- sap.ui.core.TooltipBase -->\n\t\t<dependents></dependents> <!-- sap.ui.core.Control, since 1.19 -->\n\t\t<collections></collections><!-- sap.ui.ux3.Collection -->\n\t<content></content><!-- sap.ui.core.Control -->\n</CollectionInspector>\n"},{"name":"sap.ui.ux3.DataSet","prefix":"DataSet","description":"sap.ui.ux3.DataSet","helpDescription":"DataSet","Deprecated":false,"Experimental":false,"template":"<DataSet xmlns=\"sap.ui.ux3\"\n\tid=\"${id}\"\n\tshowToolbar=\"true\"\n\tshowFilter=\"true\"\n\tshowSearchField=\"true\"\n\tmultiSelect=\"false\"\n\tselectionChanged=\"\"\n\tsearch=\"\">\n\t\t<tooltip></tooltip> <!-- sap.ui.core.TooltipBase -->\n\t\t<dependents></dependents> <!-- sap.ui.core.Control, since 1.19 -->\n\t\t<items></items><!-- sap.ui.ux3.DataSetItem -->\n\t<views></views><!-- sap.ui.ux3.DataSetView -->\n\t<filter></filter><!-- sap.ui.core.Control -->\n\t<_viewSwitches></_viewSwitches><!-- sap.ui.core.Control -->\n\t<_toolbar></_toolbar><!-- sap.ui.commons.Toolbar -->\n</DataSet>\n"},{"name":"sap.ui.ux3.DataSetItem","prefix":"DataSetItem","description":"sap.ui.ux3.DataSetItem","helpDescription":"DataSet Item","Deprecated":false,"Experimental":false,"template":"<DataSetItem xmlns=\"sap.ui.ux3\"\n\tid=\"${id}\"\n\ticonSrc=\"\"\n\ttitle=\"Title\"\n\tcheckable=\"true\"\n\tsubtitle=\"Subtitle\"\n\tselected=\"\">\n\t\t<tooltip></tooltip> <!-- sap.ui.core.TooltipBase -->\n\t\t<dependents></dependents> <!-- sap.ui.core.Control, since 1.19 -->\n\t\t<_template></_template><!-- sap.ui.core.Control -->\n</DataSetItem>\n"},{"name":"sap.ui.ux3.DataSetSimpleView","prefix":"DataSetSimpleView","description":"sap.ui.ux3.DataSetSimpleView","helpDescription":"DataSetSimpleView provides a simple view example for DataSet usage.","Deprecated":false,"Experimental":false,"template":"<DataSetSimpleView xmlns=\"sap.ui.ux3\"\n\tid=\"${id}\"\n\tfloating=\"true\"\n\tname=\"Name of this View\"\n\ticon=\"\"\n\ticonHovered=\"\"\n\ticonSelected=\"\"\n\tresponsive=\"false\"\n\titemMinWidth=\"0\"\n\tinitialItemCount=\"0\"\n\treloadItemCount=\"0\"\n\tscrollArea=\"\"\n\theight=\"\">\n\t\t<tooltip></tooltip> <!-- sap.ui.core.TooltipBase -->\n\t\t<dependents></dependents> <!-- sap.ui.core.Control, since 1.19 -->\n\t\t<template></template><!-- sap.ui.core.Control -->\n</DataSetSimpleView>\n"},{"name":"sap.ui.ux3.Exact","prefix":"Exact","description":"sap.ui.ux3.Exact","helpDescription":"<strong style=\"color: red;\">Experimental! </strong>","Deprecated":false,"Experimental":true,"template":"<Exact xmlns=\"sap.ui.ux3\"\n\tid=\"${id}\"\n\tresultText=\"\"\n\tsearch=\"\"\n\trefineSearch=\"\">\n\t\t<tooltip></tooltip> <!-- sap.ui.core.TooltipBase -->\n\t\t<dependents></dependents> <!-- sap.ui.core.Control, since 1.19 -->\n\t\t<settingsMenu></settingsMenu><!-- sap.ui.commons.Menu -->\n\t<attributes></attributes><!-- sap.ui.ux3.ExactAttribute -->\n\t<controls></controls><!-- sap.ui.core.Control -->\n</Exact>\n"},{"name":"sap.ui.ux3.ExactArea","prefix":"ExactArea","description":"sap.ui.ux3.ExactArea","helpDescription":"<strong style=\"color: red;\">Experimental! </strong>","Deprecated":false,"Experimental":true,"template":"<ExactArea xmlns=\"sap.ui.ux3\"\n\tid=\"${id}\"\n\ttoolbarVisible=\"true\">\n\t\t<tooltip></tooltip> <!-- sap.ui.core.TooltipBase -->\n\t\t<dependents></dependents> <!-- sap.ui.core.Control, since 1.19 -->\n\t\t<content></content><!-- sap.ui.core.Control -->\n\t<toolbarItems></toolbarItems><!-- sap.ui.commons.ToolbarItem -->\n</ExactArea>\n"},{"name":"sap.ui.ux3.ExactAttribute","prefix":"ExactAttribute","description":"sap.ui.ux3.ExactAttribute","helpDescription":"An element for defining attributes and sub-attributes used within the Exact pattern.","Deprecated":false,"Experimental":false,"template":"<ExactAttribute xmlns=\"sap.ui.ux3\"\n\tid=\"${id}\"\n\ttext=\"\"\n\tselected=\"\"\n\twidth=\"168\"\n\tlistOrder=\"Select\"\n\tshowSubAttributesIndicator=\"true\"\n\tadditionalData=\"\"\n\tsupplyActive=\"true\"\n\tautoActivateSupply=\"false\"\n\tsupplyAttributes=\"\">\n\t\t<tooltip></tooltip> <!-- sap.ui.core.TooltipBase -->\n\t\t<dependents></dependents> <!-- sap.ui.core.Control, since 1.19 -->\n\t\t<attributes></attributes><!-- sap.ui.ux3.ExactAttribute -->\n</ExactAttribute>\n"},{"name":"sap.ui.ux3.ExactBrowser","prefix":"ExactBrowser","description":"sap.ui.ux3.ExactBrowser","helpDescription":"Attribute browse area used within the Exact pattern. The main benefit of this control is the high flexibility when large data amounts shall be displayed\nin the form of structured data sets with a high or low interdependency level. From lists - which can be nested according to the defined attributes - the user can choose\nentries and thereby trigger the display of further information, depending on the chosen entry/entries (multiple selection supported).","Deprecated":false,"Experimental":false,"template":"<ExactBrowser xmlns=\"sap.ui.ux3\"\n\tid=\"${id}\"\n\ttitle=\"\"\n\theaderTitle=\"\"\n\ttopListOrder=\"Select\"\n\tenableListClose=\"false\"\n\tlistHeight=\"290\"\n\tshowHeader=\"false\"\n\tshowTopList=\"true\"\n\tenableReset=\"true\"\n\tenableSave=\"false\"\n\ttopListWidth=\"168\"\n\tattributeSelected=\"\"\n\tsave=\"\">\n\t\t<tooltip></tooltip> <!-- sap.ui.core.TooltipBase -->\n\t\t<dependents></dependents> <!-- sap.ui.core.Control, since 1.19 -->\n\t\t<attributes></attributes><!-- sap.ui.ux3.ExactAttribute -->\n\t<optionsMenu></optionsMenu><!-- sap.ui.commons.Menu -->\n\t<controls></controls><!-- sap.ui.core.Control -->\n\t<rootAttribute></rootAttribute><!-- sap.ui.core.Element -->\n</ExactBrowser>\n"},{"name":"sap.ui.ux3.FacetFilter","prefix":"FacetFilter","description":"sap.ui.ux3.FacetFilter","helpDescription":"FacetFilter Control.","Deprecated":false,"Experimental":false,"template":"<FacetFilter xmlns=\"sap.ui.ux3\"\n\tid=\"${id}\"\n\tvisibleItemCountMode=\"Fixed\">\n\t\t<tooltip></tooltip> <!-- sap.ui.core.TooltipBase -->\n\t\t<dependents></dependents> <!-- sap.ui.core.Control, since 1.19 -->\n\t\t<lists></lists><!-- sap.ui.ux3.FacetFilterList -->\n</FacetFilter>\n"},{"name":"sap.ui.ux3.FacetFilterList","prefix":"FacetFilterList","description":"sap.ui.ux3.FacetFilterList","helpDescription":"List to be used with the FacetFilter control. The control is not intended to be used stand alone.","Deprecated":false,"Experimental":false,"template":"<FacetFilterList xmlns=\"sap.ui.ux3\"\n\tid=\"${id}\"\n\ttitle=\"\"\n\tmultiSelect=\"true\"\n\tdisplaySecondaryValues=\"false\"\n\tselectedKeys=\"\"\n\tshowCounter=\"true\"\n\tselect=\"\">\n\t\t<tooltip></tooltip> <!-- sap.ui.core.TooltipBase -->\n\t\t<dependents></dependents> <!-- sap.ui.core.Control, since 1.19 -->\n\t\t<items></items><!-- sap.ui.core.ListItem -->\n\t<controls></controls><!-- sap.ui.commons.ListBox -->\n</FacetFilterList>\n"},{"name":"sap.ui.ux3.Feed","prefix":"Feed","description":"sap.ui.ux3.Feed","helpDescription":"<strong style=\"color: red;\">Experimental! </strong>","Deprecated":false,"Experimental":true,"template":"<Feed xmlns=\"sap.ui.ux3\"\n\tid=\"${id}\"\n\tfeederThumbnailSrc=\"\"\n\tfeederSender=\"\"\n\tlive=\"true\"\n\ttitle=\"\"\n\tfilterChange=\"\"\n\tsearch=\"\"\n\tchunkAdded=\"\"\n\ttoolsItemSelected=\"\"\n\ttoggleLive=\"\">\n\t\t<tooltip></tooltip> <!-- sap.ui.core.TooltipBase -->\n\t\t<dependents></dependents> <!-- sap.ui.core.Control, since 1.19 -->\n\t\t<filterItems></filterItems><!-- sap.ui.core.ListItem -->\n\t<chunks></chunks><!-- sap.ui.ux3.FeedChunk -->\n\t<toolsMenuItems></toolsMenuItems><!-- sap.ui.commons.MenuItem -->\n</Feed>\n"},{"name":"sap.ui.ux3.FeedChunk","prefix":"FeedChunk","description":"sap.ui.ux3.FeedChunk","helpDescription":"<strong style=\"color: red;\">Experimental! </strong>","Deprecated":false,"Experimental":true,"template":"<FeedChunk xmlns=\"sap.ui.ux3\"\n\tid=\"${id}\"\n\tthumbnailSrc=\"\"\n\ttext=\"\"\n\tsender=\"\"\n\ttimestamp=\"\"\n\tdeletionAllowed=\"false\"\n\tcommentChunk=\"false\"\n\tfeederThumbnailSrc=\"\"\n\tfeederSender=\"\"\n\tflagged=\"false\"\n\tfavorite=\"\"\n\tshared=\"false\"\n\tenableFlag=\"true\"\n\tenableShare=\"true\"\n\tenableComment=\"true\"\n\tenableInspect=\"true\"\n\tenableFavorite=\"true\"\n\tdeleted=\"\"\n\tcommentAdded=\"\"\n\ttoggleFlagged=\"\"\n\tsenderClicked=\"\"\n\treferenceClicked=\"\"\n\ttoggleFavorite=\"\"\n\tinspect=\"\"\n\ttoggleShared=\"\"\n\tactionItemSelected=\"\">\n\t\t<tooltip></tooltip> <!-- sap.ui.core.TooltipBase -->\n\t\t<dependents></dependents> <!-- sap.ui.core.Control, since 1.19 -->\n\t\t<comments></comments><!-- sap.ui.ux3.FeedChunk -->\n\t<actionMenuItems></actionMenuItems><!-- sap.ui.commons.MenuItem -->\n</FeedChunk>\n"},{"name":"sap.ui.ux3.Feeder","prefix":"Feeder","description":"sap.ui.ux3.Feeder","helpDescription":"<strong style=\"color: red;\">Experimental! </strong>","Deprecated":false,"Experimental":true,"template":"<Feeder xmlns=\"sap.ui.ux3\"\n\tid=\"${id}\"\n\tthumbnailSrc=\"\"\n\ttext=\"\"\n\ttype=\"Large\"\n\tplaceholderText=\"\"\n\tsubmit=\"\">\n\t\t<tooltip></tooltip> <!-- sap.ui.core.TooltipBase -->\n\t\t<dependents></dependents> <!-- sap.ui.core.Control, since 1.19 -->\n\t\t\n</Feeder>\n"},{"name":"sap.ui.ux3.NavigationBar","prefix":"NavigationBar","description":"sap.ui.ux3.NavigationBar","helpDescription":"Provides enhanced navigation capabilities and is the parent control of NavigationItem. It is displayed in the form of a horizontal line\nwith switching markers depending on the currently selected item. The size of an item which is currently chosen by the user is enlarged. In the case\nthat a large number of items are defined for the bar, this is made transparent to the user by showing symbols for scrolling options (forwards and backwards)\nto see the next or previous items.","Deprecated":false,"Experimental":false,"template":"<NavigationBar xmlns=\"sap.ui.ux3\"\n\tid=\"${id}\"\n\ttoplevelVariant=\"false\"\n\tselect=\"\">\n\t\t<tooltip></tooltip> <!-- sap.ui.core.TooltipBase -->\n\t\t<dependents></dependents> <!-- sap.ui.core.Control, since 1.19 -->\n\t\t<items></items><!-- sap.ui.ux3.NavigationItem -->\n\t<overflowMenu></overflowMenu><!-- sap.ui.commons.Menu -->\n</NavigationBar>\n"},{"name":"sap.ui.ux3.NavigationItem","prefix":"NavigationItem","description":"sap.ui.ux3.NavigationItem","helpDescription":"Is the item to be used within the NavigationBar","Deprecated":false,"Experimental":false,"template":"<NavigationItem xmlns=\"sap.ui.ux3\"\n\tid=\"${id}\"\n\tvisible=\"true\"\n\thref=\"\">\n\t\t<tooltip></tooltip> <!-- sap.ui.core.TooltipBase -->\n\t\t<dependents></dependents> <!-- sap.ui.core.Control, since 1.19 -->\n\t\t<subItems></subItems><!-- sap.ui.ux3.NavigationItem -->\n</NavigationItem>\n"},{"name":"sap.ui.ux3.NotificationBar","prefix":"NotificationBar","description":"sap.ui.ux3.NotificationBar","helpDescription":"A NotificationBar is a \"toolbar\" that can be added to a page to show messages and notifications from the application.\nIts position, height and width is inherited from the element that the notification bar is added to.","Deprecated":false,"Experimental":false,"template":"<NotificationBar xmlns=\"sap.ui.ux3\"\n\tid=\"${id}\"\n\tvisibleStatus=\"Default\"\n\tresizeEnabled=\"true\"\n\talwaysShowToggler=\"false\"\n\tdisplay=\"\"\n\tresize=\"\">\n\t\t<tooltip></tooltip> <!-- sap.ui.core.TooltipBase -->\n\t\t<dependents></dependents> <!-- sap.ui.core.Control, since 1.19 -->\n\t\t<messageNotifier></messageNotifier><!-- sap.ui.core.Element -->\n\t<notifiers></notifiers><!-- sap.ui.core.Element -->\n</NotificationBar>\n"},{"name":"sap.ui.ux3.Notifier","prefix":"Notifier","description":"sap.ui.ux3.Notifier","helpDescription":"This element can be docked to a notification bar to show notification items","Deprecated":false,"Experimental":false,"template":"<Notifier xmlns=\"sap.ui.ux3\"\n\tid=\"${id}\"\n\ticon=\"\"\n\ttitle=\"\"\n\tmessageSelected=\"\">\n\t\t<tooltip></tooltip> <!-- sap.ui.core.TooltipBase -->\n\t\t<dependents></dependents> <!-- sap.ui.core.Control, since 1.19 -->\n\t\t<messages></messages><!-- sap.ui.core.Message -->\n\t<views></views><!-- sap.ui.core.Control -->\n</Notifier>\n"},{"name":"sap.ui.ux3.Overlay","prefix":"Overlay","description":"sap.ui.ux3.Overlay","helpDescription":"Overlay Control","Deprecated":false,"Experimental":false,"template":"<Overlay xmlns=\"sap.ui.ux3\"\n\tid=\"${id}\"\n\topenButtonVisible=\"true\"\n\tcloseButtonVisible=\"true\"\n\tclose=\"\"\n\tclosed=\"\"\n\topenNew=\"\"\n\topen=\"\">\n\t\t<tooltip></tooltip> <!-- sap.ui.core.TooltipBase -->\n\t\t<dependents></dependents> <!-- sap.ui.core.Control, since 1.19 -->\n\t\t\n</Overlay>\n"},{"name":"sap.ui.ux3.OverlayContainer","prefix":"OverlayContainer","description":"sap.ui.ux3.OverlayContainer","helpDescription":"Is to be embedded into the Overlay control as content container","Deprecated":false,"Experimental":false,"template":"<OverlayContainer xmlns=\"sap.ui.ux3\"\n\tid=\"${id}\"\n\topenButtonVisible=\"true\"\n\tcloseButtonVisible=\"true\"\n\tclose=\"\"\n\tclosed=\"\"\n\topenNew=\"\"\n\topen=\"\">\n\t\t<tooltip></tooltip> <!-- sap.ui.core.TooltipBase -->\n\t\t<dependents></dependents> <!-- sap.ui.core.Control, since 1.19 -->\n\t\t<content></content><!-- sap.ui.core.Control -->\n</OverlayContainer>\n"},{"name":"sap.ui.ux3.OverlayDialog","prefix":"OverlayDialog","description":"sap.ui.ux3.OverlayDialog","helpDescription":"Dialog implementation based on the Overlay. If used in a Shell it leaves the Tool-Palette, Pane-Bar and Header-Items accessible.","Deprecated":false,"Experimental":false,"template":"<OverlayDialog xmlns=\"sap.ui.ux3\"\n\tid=\"${id}\"\n\topenButtonVisible=\"true\"\n\tcloseButtonVisible=\"true\"\n\twidth=\"auto\"\n\theight=\"auto\"\n\tclose=\"\"\n\tclosed=\"\"\n\topenNew=\"\"\n\topen=\"\">\n\t\t<tooltip></tooltip> <!-- sap.ui.core.TooltipBase -->\n\t\t<dependents></dependents> <!-- sap.ui.core.Control, since 1.19 -->\n\t\t<content></content><!-- sap.ui.core.Control -->\n</OverlayDialog>\n"},{"name":"sap.ui.ux3.QuickView","prefix":"QuickView","description":"sap.ui.ux3.QuickView","helpDescription":"QuickView is a small popup with a short overview of a Thing.\nQuickView is shown when a user holds the mouse pointer over a related screen element.","Deprecated":false,"Experimental":false,"template":"<QuickView xmlns=\"sap.ui.ux3\"\n\tid=\"${id}\"\n\ttype=\"\"\n\tfirstTitle=\"\"\n\tfirstTitleHref=\"\"\n\tsecondTitle=\"\"\n\ticon=\"\"\n\twidth=\"\"\n\tshowActionBar=\"true\"\n\tfollowState=\"Default\"\n\tflagState=\"false\"\n\tfavoriteState=\"false\"\n\tfavoriteActionEnabled=\"true\"\n\tupdateActionEnabled=\"true\"\n\tfollowActionEnabled=\"true\"\n\tflagActionEnabled=\"true\"\n\topenActionEnabled=\"true\"\n\tactionSelected=\"\"\n\tfeedSubmit=\"\"\n\tnavigate=\"\">\n\t\t<tooltip></tooltip> <!-- sap.ui.core.TooltipBase -->\n\t\t<dependents></dependents> <!-- sap.ui.core.Control, since 1.19 -->\n\t\t<content></content><!-- sap.ui.core.Element -->\n\t<actions></actions><!-- sap.ui.ux3.ThingAction -->\n\t<actionBar></actionBar><!-- sap.ui.ux3.ActionBar -->\n</QuickView>\n"},{"name":"sap.ui.ux3.Shell","prefix":"Shell","description":"sap.ui.ux3.Shell","helpDescription":"The Ux3 GoldReflection Shell, which is an application frame with navigation capabilities.\nIt is supposed to be added to a direct child of the BODY tag of a page and there should be no other parts of the page consuming space outside the Shell.","Deprecated":false,"Experimental":false,"template":"<Shell xmlns=\"sap.ui.ux3\"\n\tid=\"${id}\"\n\tappTitle=\"\"\n\tappIcon=\"\"\n\tappIconTooltip=\"\"\n\tshowLogoutButton=\"true\"\n\tlogoutButtonTooltip=\"\"\n\tshowSearchTool=\"true\"\n\tshowInspectorTool=\"false\"\n\tshowFeederTool=\"true\"\n\tshowTools=\"true\"\n\tshowPane=\"true\"\n\theaderType=\"Standard\"\n\tdesignType=\"Standard\"\n\tpaneWidth=\"250\"\n\tapplyContentPadding=\"true\"\n\tfullHeightContent=\"false\"\n\tallowOverlayHeaderAccess=\"false\"\n\tworksetItemSelected=\"\"\n\tpaneBarItemSelected=\"\"\n\tlogout=\"\"\n\tsearch=\"\"\n\tfeedSubmit=\"\"\n\tpaneClosed=\"\">\n\t\t<tooltip></tooltip> <!-- sap.ui.core.TooltipBase -->\n\t\t<dependents></dependents> <!-- sap.ui.core.Control, since 1.19 -->\n\t\t<worksetItems></worksetItems><!-- sap.ui.ux3.NavigationItem -->\n\t<paneBarItems></paneBarItems><!-- sap.ui.core.Item -->\n\t<paneContent></paneContent><!-- sap.ui.core.Control -->\n\t<content></content><!-- sap.ui.core.Control -->\n\t<toolPopups></toolPopups><!-- sap.ui.ux3.ToolPopup -->\n\t<headerItems></headerItems><!-- sap.ui.core.Control -->\n\t<notificationBar></notificationBar><!-- sap.ui.ux3.NotificationBar -->\n\t<_paneOverflowMenu></_paneOverflowMenu><!-- sap.ui.commons.Menu -->\n</Shell>\n"},{"name":"sap.ui.ux3.ThingAction","prefix":"ThingAction","description":"sap.ui.ux3.ThingAction","helpDescription":"Thing Action for Swatch, QuickView, Thinginspector","Deprecated":false,"Experimental":false,"template":"<ThingAction xmlns=\"sap.ui.ux3\"\n\tid=\"${id}\"\n\ttext=\"\"\n\tenabled=\"true\"\n\tselect=\"\">\n\t\t<tooltip></tooltip> <!-- sap.ui.core.TooltipBase -->\n\t\t<dependents></dependents> <!-- sap.ui.core.Control, since 1.19 -->\n\t\t\n</ThingAction>\n"},{"name":"sap.ui.ux3.ThingGroup","prefix":"ThingGroup","description":"sap.ui.ux3.ThingGroup","helpDescription":"Thing Group Area","Deprecated":false,"Experimental":false,"template":"<ThingGroup xmlns=\"sap.ui.ux3\"\n\tid=\"${id}\"\n\ttitle=\"\"\n\tcolspan=\"false\">\n\t\t<tooltip></tooltip> <!-- sap.ui.core.TooltipBase -->\n\t\t<dependents></dependents> <!-- sap.ui.core.Control, since 1.19 -->\n\t\t<content></content><!-- sap.ui.core.Control -->\n\t<actions></actions><!-- sap.ui.ux3.ThingGroup -->\n</ThingGroup>\n"},{"name":"sap.ui.ux3.ThingInspector","prefix":"ThingInspector","description":"sap.ui.ux3.ThingInspector","helpDescription":"Thing Inspector","Deprecated":false,"Experimental":false,"template":"<ThingInspector xmlns=\"sap.ui.ux3\"\n\tid=\"${id}\"\n\topenButtonVisible=\"true\"\n\tcloseButtonVisible=\"true\"\n\tfirstTitle=\"\"\n\ttype=\"\"\n\ticon=\"\"\n\tsecondTitle=\"\"\n\tfollowState=\"Default\"\n\tflagState=\"false\"\n\tfavoriteState=\"false\"\n\tfavoriteActionEnabled=\"true\"\n\tupdateActionEnabled=\"true\"\n\tfollowActionEnabled=\"true\"\n\tflagActionEnabled=\"true\"\n\theaderType=\"Standard\"\n\tclose=\"\"\n\tclosed=\"\"\n\topenNew=\"\"\n\topen=\"\"\n\tactionSelected=\"\"\n\tfacetSelected=\"\"\n\tfeedSubmit=\"\">\n\t\t<tooltip></tooltip> <!-- sap.ui.core.TooltipBase -->\n\t\t<dependents></dependents> <!-- sap.ui.core.Control, since 1.19 -->\n\t\t<actions></actions><!-- sap.ui.ux3.ThingAction -->\n\t<headerContent></headerContent><!-- sap.ui.ux3.ThingGroup -->\n\t<facets></facets><!-- sap.ui.ux3.NavigationItem -->\n\t<facetContent></facetContent><!-- sap.ui.ux3.ThingGroup -->\n\t<actionBar></actionBar><!-- sap.ui.ux3.ActionBar -->\n\t<thingViewer></thingViewer><!-- sap.ui.ux3.ThingViewer -->\n</ThingInspector>\n"},{"name":"sap.ui.ux3.ThingViewer","prefix":"ThingViewer","description":"sap.ui.ux3.ThingViewer","helpDescription":"ThingViewer: Same as ThingInspector but decoupled from the Overlay and the ActionBar.\nThe control can be added to a Parent container that has a defined width. The ThingViewer fill the whole container. If the parent container has no width defined the control will not work properly.","Deprecated":false,"Experimental":false,"template":"<ThingViewer xmlns=\"sap.ui.ux3\"\n\tid=\"${id}\"\n\ttitle=\"\"\n\ttype=\"\"\n\ticon=\"\"\n\tsubtitle=\"\"\n\twidth=\"100%\"\n\theight=\"100%\"\n\theaderType=\"Standard\"\n\tfacetSelected=\"\">\n\t\t<tooltip></tooltip> <!-- sap.ui.core.TooltipBase -->\n\t\t<dependents></dependents> <!-- sap.ui.core.Control, since 1.19 -->\n\t\t<headerContent></headerContent><!-- sap.ui.ux3.ThingGroup -->\n\t<facets></facets><!-- sap.ui.ux3.NavigationItem -->\n\t<facetContent></facetContent><!-- sap.ui.ux3.ThingGroup -->\n\t<actionBar></actionBar><!-- sap.ui.ux3.ActionBar -->\n\t<navBar></navBar><!-- sap.ui.ux3.NavigationBar -->\n</ThingViewer>\n"},{"name":"sap.ui.ux3.ToolPopup","prefix":"ToolPopup","description":"sap.ui.ux3.ToolPopup","helpDescription":"A pop up which the user can open from the Shell's tool pane. Generally, the starting point would be an icon.\nFor this pop up, buttons can be defined with any text; therefore, it has the same purpose and similar look like any common dialog box.\nA ToolPopup can have any content. Depending on the application type and design, the structure of the texts and input fields can be for\nexample form-like.","Deprecated":false,"Experimental":false,"template":"<ToolPopup xmlns=\"sap.ui.ux3\"\n\tid=\"${id}\"\n\ttitle=\"\"\n\ticon=\"\"\n\ticonHover=\"\"\n\ticonSelected=\"\"\n\tmodal=\"false\"\n\tinverted=\"true\"\n\tautoClose=\"false\"\n\tmaxHeight=\"\"\n\tmaxWidth=\"\"\n\topenDuration=\"400\"\n\tcloseDuration=\"400\"\n\topen=\"\"\n\tclose=\"\"\n\tenter=\"\"\n\ticonChanged=\"\"\n\tclosed=\"\"\n\topened=\"\">\n\t\t<tooltip></tooltip> <!-- sap.ui.core.TooltipBase -->\n\t\t<dependents></dependents> <!-- sap.ui.core.Control, since 1.19 -->\n\t\t<buttons></buttons><!-- sap.ui.core.Control -->\n\t<content></content><!-- sap.ui.core.Control -->\n</ToolPopup>\n"}]}