{"XML_KEYWORDS":["sap.ui.unified.Calendar","sap.ui.unified.CalendarDateInterval","sap.ui.unified.CalendarLegend","sap.ui.unified.CalendarLegendItem","sap.ui.unified.ContentSwitcher","sap.ui.unified.Currency","sap.ui.unified.DateRange","sap.ui.unified.DateTypeRange","sap.ui.unified.FileUploader","sap.ui.unified.FileUploaderParameter","sap.ui.unified.Menu","sap.ui.unified.MenuItem","sap.ui.unified.MenuItemBase","sap.ui.unified.MenuTextFieldItem","sap.ui.unified.Shell","sap.ui.unified.ShellHeadItem","sap.ui.unified.ShellHeadUserItem","sap.ui.unified.ShellLayout","sap.ui.unified.ShellOverlay","sap.ui.unified.SplitContainer","sap.ui.unified.calendar.DatesRow","sap.ui.unified.calendar.Header","sap.ui.unified.calendar.Month","sap.ui.unified.calendar.MonthPicker","sap.ui.unified.calendar.YearPicker"],"XML_TEMPLATES":[{"name":"sap.ui.unified.Calendar","prefix":"Calendar","description":"sap.ui.unified.Calendar","helpDescription":"Basic Calendar.\nThis calendar is used for DatePickers","Deprecated":false,"Experimental":false,"template":"<Calendar xmlns=\"sap.ui.unified\"\n\tid=\"${id}\"\n\tintervalSelection=\"false\"\n\tsingleSelection=\"true\"\n\tmonths=\"1\"\n\tselect=\"\"\n\tcancel=\"\">\n\t\t<tooltip></tooltip> <!-- sap.ui.core.TooltipBase -->\n\t\t<dependents></dependents> <!-- sap.ui.core.Control, since 1.19 -->\n\t\t<selectedDates></selectedDates><!-- sap.ui.unified.DateRange -->\n\t<specialDates></specialDates><!-- sap.ui.unified.DateTypeRange -->\n\t<header></header><!-- sap.ui.unified.calendar.Header -->\n\t<month></month><!-- sap.ui.unified.calendar.Month -->\n\t<monthPicker></monthPicker><!-- sap.ui.unified.calendar.MonthPicker -->\n\t<yearPicker></yearPicker><!-- sap.ui.unified.calendar.YearPicker -->\n</Calendar>\n"},{"name":"sap.ui.unified.CalendarDateInterval","prefix":"CalendarDateInterval","description":"sap.ui.unified.CalendarDateInterval","helpDescription":"Calendar with dates displayed in one line.","Deprecated":false,"Experimental":false,"template":"<CalendarDateInterval xmlns=\"sap.ui.unified\"\n\tid=\"${id}\"\n\tintervalSelection=\"false\"\n\tsingleSelection=\"true\"\n\tmonths=\"1\"\n\tstartDate=\"\"\n\tdays=\"7\"\n\twidth=\"\"\n\tselect=\"\"\n\tcancel=\"\">\n\t\t<tooltip></tooltip> <!-- sap.ui.core.TooltipBase -->\n\t\t<dependents></dependents> <!-- sap.ui.core.Control, since 1.19 -->\n\t\t<selectedDates></selectedDates><!-- sap.ui.unified.DateRange -->\n\t<specialDates></specialDates><!-- sap.ui.unified.DateTypeRange -->\n\t<header></header><!-- sap.ui.unified.calendar.Header -->\n\t<month></month><!-- sap.ui.unified.calendar.Month -->\n\t<monthPicker></monthPicker><!-- sap.ui.unified.calendar.MonthPicker -->\n\t<yearPicker></yearPicker><!-- sap.ui.unified.calendar.YearPicker -->\n</CalendarDateInterval>\n"},{"name":"sap.ui.unified.CalendarLegend","prefix":"CalendarLegend","description":"sap.ui.unified.CalendarLegend","helpDescription":"A legend for the Calendar Control. Displays special dates colors with their corresponding description. The aggregation specialDates can be set herefor.","Deprecated":false,"Experimental":false,"template":"<CalendarLegend xmlns=\"sap.ui.unified\"\n\tid=\"${id}\"\n\tcolumnWidth=\"120px\">\n\t\t<tooltip></tooltip> <!-- sap.ui.core.TooltipBase -->\n\t\t<dependents></dependents> <!-- sap.ui.core.Control, since 1.19 -->\n\t\t<items></items><!-- sap.ui.unified.CalendarLegendItem -->\n</CalendarLegend>\n"},{"name":"sap.ui.unified.CalendarLegendItem","prefix":"CalendarLegendItem","description":"sap.ui.unified.CalendarLegendItem","helpDescription":"Item to be displayed in a CalendarLegend.","Deprecated":false,"Experimental":false,"template":"<CalendarLegendItem xmlns=\"sap.ui.unified\"\n\tid=\"${id}\"\n\ttext=\"\">\n\t\t<tooltip></tooltip> <!-- sap.ui.core.TooltipBase -->\n\t\t<dependents></dependents> <!-- sap.ui.core.Control, since 1.19 -->\n\t\t\n</CalendarLegendItem>\n"},{"name":"sap.ui.unified.ContentSwitcher","prefix":"ContentSwitcher","description":"sap.ui.unified.ContentSwitcher","helpDescription":"<strong style=\"color: red;\">Experimental! </strong>","Deprecated":false,"Experimental":true,"template":"<ContentSwitcher xmlns=\"sap.ui.unified\"\n\tid=\"${id}\"\n\tanimation=\"None\"\n\tactiveContent=\"1\">\n\t\t<tooltip></tooltip> <!-- sap.ui.core.TooltipBase -->\n\t\t<dependents></dependents> <!-- sap.ui.core.Control, since 1.19 -->\n\t\t<content1></content1><!-- sap.ui.core.Control -->\n\t<content2></content2><!-- sap.ui.core.Control -->\n</ContentSwitcher>\n"},{"name":"sap.ui.unified.Currency","prefix":"Currency","description":"sap.ui.unified.Currency","helpDescription":"A text view which displays currency values and aligns them at the separator","Deprecated":false,"Experimental":false,"template":"<Currency xmlns=\"sap.ui.unified\"\n\tid=\"${id}\"\n\tvalue=\"0\"\n\tcurrency=\"\"\n\tmaxPrecision=\"3\"\n\tuseSymbol=\"true\">\n\t\t<tooltip></tooltip> <!-- sap.ui.core.TooltipBase -->\n\t\t<dependents></dependents> <!-- sap.ui.core.Control, since 1.19 -->\n\t\t\n</Currency>\n"},{"name":"sap.ui.unified.DateRange","prefix":"DateRange","description":"sap.ui.unified.DateRange","helpDescription":"Date range for use in DatePicker","Deprecated":false,"Experimental":false,"template":"<DateRange xmlns=\"sap.ui.unified\"\n\tid=\"${id}\"\n\tstartDate=\"\"\n\tendDate=\"\">\n\t\t<tooltip></tooltip> <!-- sap.ui.core.TooltipBase -->\n\t\t<dependents></dependents> <!-- sap.ui.core.Control, since 1.19 -->\n\t\t\n</DateRange>\n"},{"name":"sap.ui.unified.DateTypeRange","prefix":"DateTypeRange","description":"sap.ui.unified.DateTypeRange","helpDescription":"Date range with calendar day type information. Used to visualize special days in the Calendar.","Deprecated":false,"Experimental":false,"template":"<DateTypeRange xmlns=\"sap.ui.unified\"\n\tid=\"${id}\"\n\tstartDate=\"\"\n\tendDate=\"\"\n\ttype=\"\">\n\t\t<tooltip></tooltip> <!-- sap.ui.core.TooltipBase -->\n\t\t<dependents></dependents> <!-- sap.ui.core.Control, since 1.19 -->\n\t\t\n</DateTypeRange>\n"},{"name":"sap.ui.unified.FileUploader","prefix":"FileUploader","description":"sap.ui.unified.FileUploader","helpDescription":"The framework generates an input field and a button with text \"Browse ...\". The API supports features such as on change uploads (the upload starts immediately after a file has been selected), file uploads with explicit calls, adjustable control sizes, text display after uploads, or tooltips containing complete file paths.","Deprecated":false,"Experimental":false,"template":"<FileUploader xmlns=\"sap.ui.unified\"\n\tid=\"${id}\"\n\tvalue=\"\"\n\tenabled=\"true\"\n\tuploadUrl=\"\"\n\tname=\"\"\n\twidth=\"\"\n\tuploadOnChange=\"false\"\n\tadditionalData=\"\"\n\tsameFilenameAllowed=\"false\"\n\tbuttonText=\"\"\n\tfileType=\"\"\n\tmultiple=\"false\"\n\tmaximumFileSize=\"\"\n\tmimeType=\"\"\n\tsendXHR=\"false\"\n\tplaceholder=\"\"\n\tstyle=\"\"\n\tbuttonOnly=\"false\"\n\tuseMultipart=\"true\"\n\tmaximumFilenameLength=\"\"\n\tvalueState=\"None\"\n\ticon=\"\"\n\ticonHovered=\"\"\n\ticonSelected=\"\"\n\ticonFirst=\"true\"\n\ticonOnly=\"false\"\n\tchange=\"\"\n\tuploadComplete=\"\"\n\ttypeMissmatch=\"\"\n\tfileSizeExceed=\"\"\n\tfileAllowed=\"\"\n\tuploadProgress=\"\"\n\tuploadAborted=\"\"\n\tfilenameLengthExceed=\"\"\n\tuploadStart=\"\">\n\t\t<tooltip></tooltip> <!-- sap.ui.core.TooltipBase -->\n\t\t<dependents></dependents> <!-- sap.ui.core.Control, since 1.19 -->\n\t\t<parameters></parameters><!-- sap.ui.unified.FileUploaderParameter -->\n\t<headerParameters></headerParameters><!-- sap.ui.unified.FileUploaderParameter -->\n</FileUploader>\n"},{"name":"sap.ui.unified.FileUploaderParameter","prefix":"FileUploaderParameter","description":"sap.ui.unified.FileUploaderParameter","helpDescription":"Represents a parameter for the FileUploader which is rendered as a hidden inputfield.","Deprecated":false,"Experimental":false,"template":"<FileUploaderParameter xmlns=\"sap.ui.unified\"\n\tid=\"${id}\"\n\tname=\"\"\n\tvalue=\"\">\n\t\t<tooltip></tooltip> <!-- sap.ui.core.TooltipBase -->\n\t\t<dependents></dependents> <!-- sap.ui.core.Control, since 1.19 -->\n\t\t\n</FileUploaderParameter>\n"},{"name":"sap.ui.unified.Menu","prefix":"Menu","description":"sap.ui.unified.Menu","helpDescription":"A container for menu items. When the space in the browser is not large enough to display all defined items, a scroll bar is provided.","Deprecated":false,"Experimental":false,"template":"<Menu xmlns=\"sap.ui.unified\"\n\tid=\"${id}\"\n\tenabled=\"true\"\n\tariaDescription=\"\"\n\tmaxVisibleItems=\"0\"\n\tpageSize=\"5\"\n\titemSelect=\"\">\n\t\t<tooltip></tooltip> <!-- sap.ui.core.TooltipBase -->\n\t\t<dependents></dependents> <!-- sap.ui.core.Control, since 1.19 -->\n\t\t<items></items><!-- sap.ui.unified.MenuItemBase -->\n</Menu>\n"},{"name":"sap.ui.unified.MenuItem","prefix":"MenuItem","description":"sap.ui.unified.MenuItem","helpDescription":"Smallest unit in the menu hierarchy. An item can be a direct part of a menu bar, of a menu, or of a sub menu.","Deprecated":false,"Experimental":false,"template":"<MenuItem xmlns=\"sap.ui.unified\"\n\tid=\"${id}\"\n\tenabled=\"true\"\n\tvisible=\"true\"\n\tstartsSection=\"false\"\n\ttext=\"\"\n\ticon=\"\"\n\tselect=\"\">\n\t\t<tooltip></tooltip> <!-- sap.ui.core.TooltipBase -->\n\t\t<dependents></dependents> <!-- sap.ui.core.Control, since 1.19 -->\n\t\t<submenu></submenu><!-- sap.ui.unified.Menu -->\n</MenuItem>\n"},{"name":"sap.ui.unified.MenuItemBase","prefix":"MenuItemBase","description":"sap.ui.unified.MenuItemBase","helpDescription":"Provides the standard properties for menu items.","Deprecated":false,"Experimental":false,"template":"<MenuItemBase xmlns=\"sap.ui.unified\"\n\tid=\"${id}\"\n\tenabled=\"true\"\n\tvisible=\"true\"\n\tstartsSection=\"false\"\n\tselect=\"\">\n\t\t<tooltip></tooltip> <!-- sap.ui.core.TooltipBase -->\n\t\t<dependents></dependents> <!-- sap.ui.core.Control, since 1.19 -->\n\t\t<submenu></submenu><!-- sap.ui.unified.Menu -->\n</MenuItemBase>\n"},{"name":"sap.ui.unified.MenuTextFieldItem","prefix":"MenuTextFieldItem","description":"sap.ui.unified.MenuTextFieldItem","helpDescription":"Menu item which contains an text field. This menu item is e.g. helpful for filters.\nThe aggregation 'submenu' (inherited from parent class) is not supported for this type of menu item.","Deprecated":false,"Experimental":false,"template":"<MenuTextFieldItem xmlns=\"sap.ui.unified\"\n\tid=\"${id}\"\n\tenabled=\"true\"\n\tvisible=\"true\"\n\tstartsSection=\"false\"\n\tlabel=\"\"\n\ticon=\"\"\n\tvalue=\"\"\n\tvalueState=\"None\"\n\tselect=\"\">\n\t\t<tooltip></tooltip> <!-- sap.ui.core.TooltipBase -->\n\t\t<dependents></dependents> <!-- sap.ui.core.Control, since 1.19 -->\n\t\t<submenu></submenu><!-- sap.ui.unified.Menu -->\n</MenuTextFieldItem>\n"},{"name":"sap.ui.unified.Shell","prefix":"Shell","description":"sap.ui.unified.Shell","helpDescription":"The shell control is meant as root control (full-screen) of an application.\nIt was build as root control of the Fiori Launchpad application and provides the basic capabilities\nfor this purpose. Do not use this control within applications which run inside the Fiori Lauchpad and\ndo not use it for other scenarios than the root control usecase.","Deprecated":false,"Experimental":false,"template":"<Shell xmlns=\"sap.ui.unified\"\n\tid=\"${id}\"\n\tshowPane=\"false\"\n\theaderHiding=\"false\"\n\theaderVisible=\"true\"\n\ticon=\"\"\n\tshowCurtain=\"\"\n\tshowCurtainPane=\"\"\n\tsearchVisible=\"true\">\n\t\t<tooltip></tooltip> <!-- sap.ui.core.TooltipBase -->\n\t\t<dependents></dependents> <!-- sap.ui.core.Control, since 1.19 -->\n\t\t<content></content><!-- sap.ui.core.Control -->\n\t<paneContent></paneContent><!-- sap.ui.core.Control -->\n\t<header></header><!-- sap.ui.core.Control -->\n\t<canvasSplitContainer></canvasSplitContainer><!-- sap.ui.unified.SplitContainer -->\n\t<curtainSplitContainer></curtainSplitContainer><!-- sap.ui.unified.SplitContainer -->\n\t<curtainContent></curtainContent><!-- sap.ui.core.Control -->\n\t<curtainPaneContent></curtainPaneContent><!-- sap.ui.core.Control -->\n\t<headItems></headItems><!-- sap.ui.unified.ShellHeadItem -->\n\t<headEndItems></headEndItems><!-- sap.ui.unified.ShellHeadItem -->\n\t<search></search><!-- sap.ui.core.Control -->\n\t<user></user><!-- sap.ui.unified.ShellHeadUserItem -->\n</Shell>\n"},{"name":"sap.ui.unified.ShellHeadItem","prefix":"ShellHeadItem","description":"sap.ui.unified.ShellHeadItem","helpDescription":"Header Action item of the Shell.","Deprecated":false,"Experimental":false,"template":"<ShellHeadItem xmlns=\"sap.ui.unified\"\n\tid=\"${id}\"\n\tstartsSection=\"false\"\n\tshowSeparator=\"true\"\n\tselected=\"false\"\n\tshowMarker=\"false\"\n\ticon=\"\"\n\tvisible=\"true\"\n\tpress=\"\">\n\t\t<tooltip></tooltip> <!-- sap.ui.core.TooltipBase -->\n\t\t<dependents></dependents> <!-- sap.ui.core.Control, since 1.19 -->\n\t\t\n</ShellHeadItem>\n"},{"name":"sap.ui.unified.ShellHeadUserItem","prefix":"ShellHeadUserItem","description":"sap.ui.unified.ShellHeadUserItem","helpDescription":"User Header Action Item of the Shell.","Deprecated":false,"Experimental":false,"template":"<ShellHeadUserItem xmlns=\"sap.ui.unified\"\n\tid=\"${id}\"\n\tusername=\"\"\n\tshowPopupIndicator=\"true\"\n\timage=\"\"\n\tpress=\"\">\n\t\t<tooltip></tooltip> <!-- sap.ui.core.TooltipBase -->\n\t\t<dependents></dependents> <!-- sap.ui.core.Control, since 1.19 -->\n\t\t\n</ShellHeadUserItem>\n"},{"name":"sap.ui.unified.ShellLayout","prefix":"ShellLayout","description":"sap.ui.unified.ShellLayout","helpDescription":"The shell layout is the base for the shell control which is meant as root control (full-screen) of an application.\nIt was build as root control of the Fiori Launchpad application and provides the basic capabilities\nfor this purpose. Do not use this control within applications which run inside the Fiori Lauchpad and\ndo not use it for other scenarios than the root control usecase.","Deprecated":false,"Experimental":false,"template":"<ShellLayout xmlns=\"sap.ui.unified\"\n\tid=\"${id}\"\n\tshowPane=\"false\"\n\theaderHiding=\"false\"\n\theaderVisible=\"true\">\n\t\t<tooltip></tooltip> <!-- sap.ui.core.TooltipBase -->\n\t\t<dependents></dependents> <!-- sap.ui.core.Control, since 1.19 -->\n\t\t<content></content><!-- sap.ui.core.Control -->\n\t<paneContent></paneContent><!-- sap.ui.core.Control -->\n\t<header></header><!-- sap.ui.core.Control -->\n\t<canvasSplitContainer></canvasSplitContainer><!-- sap.ui.unified.SplitContainer -->\n\t<curtainSplitContainer></curtainSplitContainer><!-- sap.ui.unified.SplitContainer -->\n</ShellLayout>\n"},{"name":"sap.ui.unified.ShellOverlay","prefix":"ShellOverlay","description":"sap.ui.unified.ShellOverlay","helpDescription":"ShellOverlay to be opened in front of a sap.ui.unified.Shell","Deprecated":false,"Experimental":false,"template":"<ShellOverlay xmlns=\"sap.ui.unified\"\n\tid=\"${id}\"\n\tclosed=\"\">\n\t\t<tooltip></tooltip> <!-- sap.ui.core.TooltipBase -->\n\t\t<dependents></dependents> <!-- sap.ui.core.Control, since 1.19 -->\n\t\t<content></content><!-- sap.ui.core.Control -->\n\t<search></search><!-- sap.ui.core.Control -->\n</ShellOverlay>\n"},{"name":"sap.ui.unified.SplitContainer","prefix":"SplitContainer","description":"sap.ui.unified.SplitContainer","helpDescription":"<strong style=\"color: red;\">Experimental! </strong>","Deprecated":false,"Experimental":true,"template":"<SplitContainer xmlns=\"sap.ui.unified\"\n\tid=\"${id}\"\n\tshowSecondaryContent=\"\"\n\tsecondaryContentSize=\"250px\"\n\tsecondaryContentWidth=\"250px\"\n\torientation=\"Horizontal\">\n\t\t<tooltip></tooltip> <!-- sap.ui.core.TooltipBase -->\n\t\t<dependents></dependents> <!-- sap.ui.core.Control, since 1.19 -->\n\t\t<content></content><!-- sap.ui.core.Control -->\n\t<secondaryContent></secondaryContent><!-- sap.ui.core.Control -->\n</SplitContainer>\n"},{"name":"sap.ui.unified.calendar.DatesRow","prefix":"DatesRow","description":"sap.ui.unified.calendar.DatesRow","helpDescription":"renders a row of days with ItemNavigation\nThis is used inside the calendar. Not for stand alone usage\nIf used inside the calendar the properties and aggregation are directly taken from the parent\n(To not duplicate and sync DateRanges and so on...)","Deprecated":false,"Experimental":false,"template":"<calendar/DatesRow xmlns=\"sap.ui.unified\"\n\tid=\"${id}\"\n\tdate=\"\"\n\tintervalSelection=\"false\"\n\tsingleSelection=\"true\"\n\tshowHeader=\"false\"\n\tstartDate=\"\"\n\tdays=\"7\"\n\tselect=\"\"\n\tfocus=\"\">\n\t\t<tooltip></tooltip> <!-- sap.ui.core.TooltipBase -->\n\t\t<dependents></dependents> <!-- sap.ui.core.Control, since 1.19 -->\n\t\t<selectedDates></selectedDates><!-- sap.ui.unified.DateRange -->\n\t<specialDates></specialDates><!-- sap.ui.unified.DateTypeRange -->\n</calendar/DatesRow>\n"},{"name":"sap.ui.unified.calendar.Header","prefix":"Header","description":"sap.ui.unified.calendar.Header","helpDescription":"renders a calendar header\nThis is used inside the calendar. Not for stand alone usage","Deprecated":false,"Experimental":false,"template":"<calendar/Header xmlns=\"sap.ui.unified\"\n\tid=\"${id}\"\n\ttextButton1=\"\"\n\tariaLabelButton1=\"\"\n\ttextButton2=\"\"\n\tariaLabelButton2=\"\"\n\tenabledPrevious=\"true\"\n\tenabledNext=\"true\"\n\tpressPrevious=\"\"\n\tpressNext=\"\"\n\tpressButton1=\"\"\n\tpressButton2=\"\">\n\t\t<tooltip></tooltip> <!-- sap.ui.core.TooltipBase -->\n\t\t<dependents></dependents> <!-- sap.ui.core.Control, since 1.19 -->\n\t\t\n</calendar/Header>\n"},{"name":"sap.ui.unified.calendar.Month","prefix":"Month","description":"sap.ui.unified.calendar.Month","helpDescription":"renders a month with ItemNavigation\nThis is used inside the calendar. Not for stand alone usage\nIf used inside the calendar the properties and aggregation are directly taken from the parent\n(To not duplicate and sync DateRanges and so on...)","Deprecated":false,"Experimental":false,"template":"<calendar/Month xmlns=\"sap.ui.unified\"\n\tid=\"${id}\"\n\tdate=\"\"\n\tintervalSelection=\"false\"\n\tsingleSelection=\"true\"\n\tshowHeader=\"false\"\n\tselect=\"\"\n\tfocus=\"\">\n\t\t<tooltip></tooltip> <!-- sap.ui.core.TooltipBase -->\n\t\t<dependents></dependents> <!-- sap.ui.core.Control, since 1.19 -->\n\t\t<selectedDates></selectedDates><!-- sap.ui.unified.DateRange -->\n\t<specialDates></specialDates><!-- sap.ui.unified.DateTypeRange -->\n</calendar/Month>\n"},{"name":"sap.ui.unified.calendar.MonthPicker","prefix":"MonthPicker","description":"sap.ui.unified.calendar.MonthPicker","helpDescription":"renders a MonthPicker with ItemNavigation\nThis is used inside the calendar. Not for stand alone usage","Deprecated":false,"Experimental":false,"template":"<calendar/MonthPicker xmlns=\"sap.ui.unified\"\n\tid=\"${id}\"\n\tmonth=\"0\"\n\tmonths=\"12\"\n\tcolumns=\"3\"\n\tselect=\"\">\n\t\t<tooltip></tooltip> <!-- sap.ui.core.TooltipBase -->\n\t\t<dependents></dependents> <!-- sap.ui.core.Control, since 1.19 -->\n\t\t\n</calendar/MonthPicker>\n"},{"name":"sap.ui.unified.calendar.YearPicker","prefix":"YearPicker","description":"sap.ui.unified.calendar.YearPicker","helpDescription":"renders a YearPicker with ItemNavigation\nThis is used inside the calendar. Not for stand alone usage","Deprecated":false,"Experimental":false,"template":"<calendar/YearPicker xmlns=\"sap.ui.unified\"\n\tid=\"${id}\"\n\tyear=\"2000\"\n\tyears=\"20\"\n\tcolumns=\"4\"\n\tselect=\"\">\n\t\t<tooltip></tooltip> <!-- sap.ui.core.TooltipBase -->\n\t\t<dependents></dependents> <!-- sap.ui.core.Control, since 1.19 -->\n\t\t\n</calendar/YearPicker>\n"}]}