{"XML_KEYWORDS":["sap.ui.commons.Accordion","sap.ui.commons.AccordionSection","sap.ui.commons.ApplicationHeader","sap.ui.commons.Area","sap.ui.commons.AutoComplete","sap.ui.commons.Button","sap.ui.commons.Callout","sap.ui.commons.CalloutBase","sap.ui.commons.Carousel","sap.ui.commons.CheckBox","sap.ui.commons.ColorPicker","sap.ui.commons.ComboBox","sap.ui.commons.DatePicker","sap.ui.commons.Dialog","sap.ui.commons.DropdownBox","sap.ui.commons.FileUploader","sap.ui.commons.FileUploaderParameter","sap.ui.commons.FormattedTextView","sap.ui.commons.HorizontalDivider","sap.ui.commons.Image","sap.ui.commons.ImageMap","sap.ui.commons.InPlaceEdit","sap.ui.commons.Label","sap.ui.commons.Link","sap.ui.commons.ListBox","sap.ui.commons.Menu","sap.ui.commons.MenuBar","sap.ui.commons.MenuButton","sap.ui.commons.MenuItem","sap.ui.commons.MenuItemBase","sap.ui.commons.MenuTextFieldItem","sap.ui.commons.Message","sap.ui.commons.MessageBar","sap.ui.commons.MessageList","sap.ui.commons.MessageToast","sap.ui.commons.Paginator","sap.ui.commons.Panel","sap.ui.commons.PasswordField","sap.ui.commons.ProgressIndicator","sap.ui.commons.RadioButton","sap.ui.commons.RadioButtonGroup","sap.ui.commons.RangeSlider","sap.ui.commons.RatingIndicator","sap.ui.commons.ResponsiveContainer","sap.ui.commons.ResponsiveContainerRange","sap.ui.commons.RichTooltip","sap.ui.commons.RoadMap","sap.ui.commons.RoadMapStep","sap.ui.commons.RowRepeater","sap.ui.commons.RowRepeaterFilter","sap.ui.commons.RowRepeaterSorter","sap.ui.commons.SearchField","sap.ui.commons.SearchProvider","sap.ui.commons.SegmentedButton","sap.ui.commons.Slider","sap.ui.commons.Splitter","sap.ui.commons.Tab","sap.ui.commons.TabStrip","sap.ui.commons.TextArea","sap.ui.commons.TextField","sap.ui.commons.TextView","sap.ui.commons.Title","sap.ui.commons.ToggleButton","sap.ui.commons.Toolbar","sap.ui.commons.ToolbarSeparator","sap.ui.commons.Tree","sap.ui.commons.TreeNode","sap.ui.commons.TriStateCheckBox","sap.ui.commons.ValueHelpField","sap.ui.commons.form.Form","sap.ui.commons.form.FormContainer","sap.ui.commons.form.FormElement","sap.ui.commons.form.FormLayout","sap.ui.commons.form.GridContainerData","sap.ui.commons.form.GridElementData","sap.ui.commons.form.GridLayout","sap.ui.commons.form.ResponsiveLayout","sap.ui.commons.form.SimpleForm","sap.ui.commons.layout.AbsoluteLayout","sap.ui.commons.layout.BorderLayout","sap.ui.commons.layout.BorderLayoutArea","sap.ui.commons.layout.HorizontalLayout","sap.ui.commons.layout.MatrixLayout","sap.ui.commons.layout.MatrixLayoutCell","sap.ui.commons.layout.MatrixLayoutRow","sap.ui.commons.layout.PositionContainer","sap.ui.commons.layout.ResponsiveFlowLayout","sap.ui.commons.layout.ResponsiveFlowLayoutData","sap.ui.commons.layout.VerticalLayout"],"XML_TEMPLATES":[{"name":"sap.ui.commons.Accordion","prefix":"Accordion","description":"sap.ui.commons.Accordion","helpDescription":"Contains N sections which act as containers for any library controls","Deprecated":false,"Experimental":false,"template":"<Accordion xmlns=\"sap.ui.commons\"\n\tid=\"${id}\"\n\twidth=\"200px\"\n\topenedSectionsId=\"\"\n\tsectionOpen=\"\"\n\tsectionClose=\"\"\n\tsectionsReorder=\"\">\n\t\t<tooltip></tooltip> <!-- sap.ui.core.TooltipBase -->\n\t\t<dependents></dependents> <!-- sap.ui.core.Control, since 1.19 -->\n\t\t<sections></sections><!-- sap.ui.commons.AccordionSection -->\n</Accordion>\n"},{"name":"sap.ui.commons.AccordionSection","prefix":"AccordionSection","description":"sap.ui.commons.AccordionSection","helpDescription":"Represents a panel which is a container for other controls. The container does not have any layout function.","Deprecated":false,"Experimental":false,"template":"<AccordionSection xmlns=\"sap.ui.commons\"\n\tid=\"${id}\"\n\tmaxHeight=\"\"\n\tenabled=\"true\"\n\tcollapsed=\"false\"\n\ttitle=\"\"\n\tscroll=\"\">\n\t\t<tooltip></tooltip> <!-- sap.ui.core.TooltipBase -->\n\t\t<dependents></dependents> <!-- sap.ui.core.Control, since 1.19 -->\n\t\t<content></content><!-- sap.ui.core.Control -->\n</AccordionSection>\n"},{"name":"sap.ui.commons.ApplicationHeader","prefix":"ApplicationHeader","description":"sap.ui.commons.ApplicationHeader","helpDescription":"The application header control stands on the top of any application page. It consists basically of 4 areas. Logo area/Function area provided by application/Search area/Logout area","Deprecated":false,"Experimental":false,"template":"<ApplicationHeader xmlns=\"sap.ui.commons\"\n\tid=\"${id}\"\n\tlogoSrc=\"\"\n\tlogoText=\"\"\n\tdisplayLogoff=\"true\"\n\tuserName=\"\"\n\tdisplayWelcome=\"true\"\n\tlogoff=\"\">\n\t\t<tooltip></tooltip> <!-- sap.ui.core.TooltipBase -->\n\t\t<dependents></dependents> <!-- sap.ui.core.Control, since 1.19 -->\n\t\t\n</ApplicationHeader>\n"},{"name":"sap.ui.commons.Area","prefix":"Area","description":"sap.ui.commons.Area","helpDescription":"Used for defining areas in an image map. At runtime, the user can trigger an action, or start a URL, from the single image areas.","Deprecated":false,"Experimental":false,"template":"<Area xmlns=\"sap.ui.commons\"\n\tid=\"${id}\"\n\tshape=\"\"\n\tcoords=\"\"\n\thref=\"\"\n\talt=\"\">\n\t\t<tooltip></tooltip> <!-- sap.ui.core.TooltipBase -->\n\t\t<dependents></dependents> <!-- sap.ui.core.Control, since 1.19 -->\n\t\t\n</Area>\n"},{"name":"sap.ui.commons.AutoComplete","prefix":"AutoComplete","description":"sap.ui.commons.AutoComplete","helpDescription":"\nTextfield with list based text completion.","Deprecated":false,"Experimental":false,"template":"<AutoComplete xmlns=\"sap.ui.commons\"\n\tid=\"${id}\"\n\tvalue=\"\"\n\ttextDirection=\"Inherit\"\n\tenabled=\"true\"\n\teditable=\"true\"\n\trequired=\"false\"\n\twidth=\"\"\n\tmaxLength=\"0\"\n\tvalueState=\"None\"\n\ttextAlign=\"Begin\"\n\timeMode=\"Auto\"\n\tdesign=\"Standard\"\n\thelpId=\"\"\n\taccessibleRole=\"Textbox\"\n\tname=\"\"\n\tplaceholder=\"\"\n\tmaxPopupItems=\"10\"\n\tdisplaySecondaryValues=\"false\"\n\tselectedKey=\"\"\n\tselectedItemId=\"\"\n\tenableScrolling=\"true\"\n\tchange=\"\"\n\tliveChange=\"\"\n\tsuggest=\"\">\n\t\t<tooltip></tooltip> <!-- sap.ui.core.TooltipBase -->\n\t\t<dependents></dependents> <!-- sap.ui.core.Control, since 1.19 -->\n\t\t<items></items><!-- sap.ui.core.ListItem -->\n\t<myListBox></myListBox><!-- sap.ui.commons.ListBox -->\n</AutoComplete>\n"},{"name":"sap.ui.commons.Button","prefix":"Button","description":"sap.ui.commons.Button","helpDescription":"Enables users to trigger actions such as save or print. For the button UI, you can define some text or an icon, or both.","Deprecated":false,"Experimental":false,"template":"<Button xmlns=\"sap.ui.commons\"\n\tid=\"${id}\"\n\ttext=\"\"\n\tenabled=\"true\"\n\twidth=\"\"\n\thelpId=\"\"\n\ticon=\"\"\n\ticonHovered=\"\"\n\ticonSelected=\"\"\n\ticonFirst=\"true\"\n\theight=\"\"\n\tstyled=\"true\"\n\tlite=\"false\"\n\tstyle=\"Default\"\n\tpress=\"\">\n\t\t<tooltip></tooltip> <!-- sap.ui.core.TooltipBase -->\n\t\t<dependents></dependents> <!-- sap.ui.core.Control, since 1.19 -->\n\t\t\n</Button>\n"},{"name":"sap.ui.commons.Callout","prefix":"Callout","description":"sap.ui.commons.Callout","helpDescription":"Callout is a small popup with some useful information and links that is shown when a mouse is hovered over a specific view element.","Deprecated":false,"Experimental":false,"template":"<Callout xmlns=\"sap.ui.commons\"\n\tid=\"${id}\"\n\topen=\"\"\n\tclose=\"\"\n\tbeforeOpen=\"\"\n\topened=\"\">\n\t\t<tooltip></tooltip> <!-- sap.ui.core.TooltipBase -->\n\t\t<dependents></dependents> <!-- sap.ui.core.Control, since 1.19 -->\n\t\t<content></content><!-- sap.ui.core.Control -->\n</Callout>\n"},{"name":"sap.ui.commons.CalloutBase","prefix":"CalloutBase","description":"sap.ui.commons.CalloutBase","helpDescription":"CalloutBase is a building block for Callout. Do not use it directly. Use the Callout control instead","Deprecated":false,"Experimental":false,"template":"<CalloutBase xmlns=\"sap.ui.commons\"\n\tid=\"${id}\"\n\topen=\"\"\n\tclose=\"\"\n\tbeforeOpen=\"\"\n\topened=\"\">\n\t\t<tooltip></tooltip> <!-- sap.ui.core.TooltipBase -->\n\t\t<dependents></dependents> <!-- sap.ui.core.Control, since 1.19 -->\n\t\t\n</CalloutBase>\n"},{"name":"sap.ui.commons.Carousel","prefix":"Carousel","description":"sap.ui.commons.Carousel","helpDescription":"Carousel holds multiple controls and displays them vertical or horizontal next to each other. You can define how many content items should be displayed at once or let the carousel determine that for you. Navigation is done through buttons or keys.","Deprecated":false,"Experimental":false,"template":"<Carousel xmlns=\"sap.ui.commons\"\n\tid=\"${id}\"\n\torientation=\"horizontal\"\n\twidth=\"\"\n\theight=\"\"\n\tdefaultItemHeight=\"150\"\n\tdefaultItemWidth=\"150\"\n\tanimationDuration=\"500\"\n\tvisibleItems=\"\"\n\thandleSize=\"22\"\n\tfirstVisibleIndex=\"0\">\n\t\t<tooltip></tooltip> <!-- sap.ui.core.TooltipBase -->\n\t\t<dependents></dependents> <!-- sap.ui.core.Control, since 1.19 -->\n\t\t<content></content><!-- sap.ui.core.Control -->\n</Carousel>\n"},{"name":"sap.ui.commons.CheckBox","prefix":"CheckBox","description":"sap.ui.commons.CheckBox","helpDescription":"\nProvides a box which can be flagged, the box has a label. A check box can either stand alone, or in a group with other check boxes. As an option, the boxes can initially be set to status 'Not Editable'.","Deprecated":false,"Experimental":false,"template":"<CheckBox xmlns=\"sap.ui.commons\"\n\tid=\"${id}\"\n\tchecked=\"false\"\n\ttext=\"\"\n\tenabled=\"true\"\n\teditable=\"true\"\n\tvalueState=\"None\"\n\twidth=\"\"\n\ttextDirection=\"Inherit\"\n\tname=\"\"\n\tchange=\"\">\n\t\t<tooltip></tooltip> <!-- sap.ui.core.TooltipBase -->\n\t\t<dependents></dependents> <!-- sap.ui.core.Control, since 1.19 -->\n\t\t\n</CheckBox>\n"},{"name":"sap.ui.commons.ColorPicker","prefix":"ColorPicker","description":"sap.ui.commons.ColorPicker","helpDescription":"This control gives the user the opportunity to choose a color. The color can be defined using HEX-, RGB- or HSV-values or a CSS colorname.","Deprecated":false,"Experimental":false,"template":"<ColorPicker xmlns=\"sap.ui.commons\"\n\tid=\"${id}\"\n\tcolorString=\"\"\n\tchange=\"\"\n\tliveChange=\"\">\n\t\t<tooltip></tooltip> <!-- sap.ui.core.TooltipBase -->\n\t\t<dependents></dependents> <!-- sap.ui.core.Control, since 1.19 -->\n\t\t\n</ColorPicker>\n"},{"name":"sap.ui.commons.ComboBox","prefix":"ComboBox","description":"sap.ui.commons.ComboBox","helpDescription":"\nThe control provides a field that allows end users to either enter some text, or to choose an entry out of a list of pre-defined items. The choosable items can be provided in the form of complete list boxes, single listbox items, or text strings defined for the current application.","Deprecated":false,"Experimental":false,"template":"<ComboBox xmlns=\"sap.ui.commons\"\n\tid=\"${id}\"\n\tvalue=\"\"\n\ttextDirection=\"Inherit\"\n\tenabled=\"true\"\n\teditable=\"true\"\n\trequired=\"false\"\n\twidth=\"\"\n\tmaxLength=\"0\"\n\tvalueState=\"None\"\n\ttextAlign=\"Begin\"\n\timeMode=\"Auto\"\n\tdesign=\"Standard\"\n\thelpId=\"\"\n\taccessibleRole=\"Textbox\"\n\tname=\"\"\n\tplaceholder=\"\"\n\tmaxPopupItems=\"10\"\n\tdisplaySecondaryValues=\"false\"\n\tselectedKey=\"\"\n\tselectedItemId=\"\"\n\tchange=\"\"\n\tliveChange=\"\">\n\t\t<tooltip></tooltip> <!-- sap.ui.core.TooltipBase -->\n\t\t<dependents></dependents> <!-- sap.ui.core.Control, since 1.19 -->\n\t\t<items></items><!-- sap.ui.core.ListItem -->\n\t<myListBox></myListBox><!-- sap.ui.commons.ListBox -->\n</ComboBox>\n"},{"name":"sap.ui.commons.DatePicker","prefix":"DatePicker","description":"sap.ui.commons.DatePicker","helpDescription":"Allows end users to interact with dates.\nEntries can directly be written in, or selected from a calendar pad.\nNote: Dates can always be manually entered in the fix YYYYMMDD format, on top of the flexible \"locale\" format.\nIf the value is provided via data binding, using a Date.type the formatter of the Date.type is used.\nSince version 1.22 the unified.Calendar is used inside the datePicker. So applications using the DatePicker should load the unified library. Otherwise it will be loaded the first time a DatePicker is opened.","Deprecated":false,"Experimental":false,"template":"<DatePicker xmlns=\"sap.ui.commons\"\n\tid=\"${id}\"\n\tvalue=\"\"\n\ttextDirection=\"Inherit\"\n\tenabled=\"true\"\n\teditable=\"true\"\n\trequired=\"false\"\n\twidth=\"\"\n\tmaxLength=\"0\"\n\tvalueState=\"None\"\n\ttextAlign=\"Begin\"\n\timeMode=\"Auto\"\n\tdesign=\"Standard\"\n\thelpId=\"\"\n\taccessibleRole=\"Textbox\"\n\tname=\"\"\n\tplaceholder=\"\"\n\tlocale=\"\"\n\tyyyymmdd=\"\"\n\tchange=\"\"\n\tliveChange=\"\">\n\t\t<tooltip></tooltip> <!-- sap.ui.core.TooltipBase -->\n\t\t<dependents></dependents> <!-- sap.ui.core.Control, since 1.19 -->\n\t\t\n</DatePicker>\n"},{"name":"sap.ui.commons.Dialog","prefix":"Dialog","description":"sap.ui.commons.Dialog","helpDescription":"An interactive window appearing on request displaying information to the user. The API supports features such as popups with fixed sizes, popups with unlimited width, scrolling bars for large windows, and control nesting (for example, a drop-down list can be included in the window).","Deprecated":false,"Experimental":false,"template":"<Dialog xmlns=\"sap.ui.commons\"\n\tid=\"${id}\"\n\twidth=\"\"\n\theight=\"\"\n\tscrollLeft=\"0\"\n\tscrollTop=\"0\"\n\ttitle=\"\"\n\tapplyContentPadding=\"true\"\n\tshowCloseButton=\"true\"\n\tresizable=\"true\"\n\tminWidth=\"\"\n\tminHeight=\"\"\n\tmaxWidth=\"\"\n\tmaxHeight=\"\"\n\tcontentBorderDesign=\"None\"\n\tmodal=\"false\"\n\taccessibleRole=\"Dialog\"\n\tkeepInWindow=\"false\"\n\tautoClose=\"false\"\n\tclosed=\"\">\n\t\t<tooltip></tooltip> <!-- sap.ui.core.TooltipBase -->\n\t\t<dependents></dependents> <!-- sap.ui.core.Control, since 1.19 -->\n\t\t<buttons></buttons><!-- sap.ui.core.Control -->\n\t<content></content><!-- sap.ui.core.Control -->\n</Dialog>\n"},{"name":"sap.ui.commons.DropdownBox","prefix":"DropdownBox","description":"sap.ui.commons.DropdownBox","helpDescription":"The control provides a field that allows end users to an entry out of a list of pre-defined items. The choosable items can be provided in the form of complete list boxes or single list items.\nBinding (see DataBinding) is also supported for list items.","Deprecated":false,"Experimental":false,"template":"<DropdownBox xmlns=\"sap.ui.commons\"\n\tid=\"${id}\"\n\tvalue=\"\"\n\ttextDirection=\"Inherit\"\n\tenabled=\"true\"\n\teditable=\"true\"\n\trequired=\"false\"\n\twidth=\"\"\n\tmaxLength=\"0\"\n\tvalueState=\"None\"\n\ttextAlign=\"Begin\"\n\timeMode=\"Auto\"\n\tdesign=\"Standard\"\n\thelpId=\"\"\n\taccessibleRole=\"Textbox\"\n\tname=\"\"\n\tplaceholder=\"\"\n\tmaxPopupItems=\"10\"\n\tdisplaySecondaryValues=\"false\"\n\tselectedKey=\"\"\n\tselectedItemId=\"\"\n\tsearchHelpEnabled=\"false\"\n\tsearchHelpText=\"\"\n\tsearchHelpAdditionalText=\"\"\n\tsearchHelpIcon=\"\"\n\tmaxHistoryItems=\"0\"\n\tchange=\"\"\n\tliveChange=\"\"\n\tsearchHelp=\"\">\n\t\t<tooltip></tooltip> <!-- sap.ui.core.TooltipBase -->\n\t\t<dependents></dependents> <!-- sap.ui.core.Control, since 1.19 -->\n\t\t<items></items><!-- sap.ui.core.ListItem -->\n\t<myListBox></myListBox><!-- sap.ui.commons.ListBox -->\n</DropdownBox>\n"},{"name":"sap.ui.commons.FileUploader","prefix":"FileUploader","description":"sap.ui.commons.FileUploader","helpDescription":"<strong style=\"color: red;\">Deprecated! </strong>Since 1.21.0 Please use the control sap.ui.unified.FileUploader of the library sap.ui.unified instead.<br>The framework generates an input field and a button with text \"Browse ...\". The API supports features such as on change uploads (the upload starts immediately after a file has been selected), file uploads with explicit calls, adjustable control sizes, text display after uploads, or tooltips containing complete file paths.","Deprecated":true,"Experimental":false,"template":"<FileUploader xmlns=\"sap.ui.commons\"\n\tid=\"${id}\"\n\t\t<tooltip></tooltip> <!-- sap.ui.core.TooltipBase -->\n\t\t<dependents></dependents> <!-- sap.ui.core.Control, since 1.19 -->\n\t\t\n</FileUploader>\n"},{"name":"sap.ui.commons.FileUploaderParameter","prefix":"FileUploaderParameter","description":"sap.ui.commons.FileUploaderParameter","helpDescription":"<strong style=\"color: red;\">Deprecated! </strong>Since 1.21.0 Please use the element sap.ui.unified.FileUploaderParameter of the library sap.ui.unified instead.<br>Represents a parameter for the FileUploader which is rendered as a hidden inputfield.","Deprecated":true,"Experimental":false,"template":"<FileUploaderParameter xmlns=\"sap.ui.commons\"\n\tid=\"${id}\"\n\t\t<tooltip></tooltip> <!-- sap.ui.core.TooltipBase -->\n\t\t<dependents></dependents> <!-- sap.ui.core.Control, since 1.19 -->\n\t\t\n</FileUploaderParameter>\n"},{"name":"sap.ui.commons.FormattedTextView","prefix":"FormattedTextView","description":"sap.ui.commons.FormattedTextView","helpDescription":"Allows to use a limited set of HTML tags for display","Deprecated":false,"Experimental":false,"template":"<FormattedTextView xmlns=\"sap.ui.commons\"\n\tid=\"${id}\"\n\taccessibleRole=\"Document\"\n\thtmlText=\"\">\n\t\t<tooltip></tooltip> <!-- sap.ui.core.TooltipBase -->\n\t\t<dependents></dependents> <!-- sap.ui.core.Control, since 1.19 -->\n\t\t<controls></controls><!-- sap.ui.commons.FormattedTextViewControl -->\n</FormattedTextView>\n"},{"name":"sap.ui.commons.HorizontalDivider","prefix":"HorizontalDivider","description":"sap.ui.commons.HorizontalDivider","helpDescription":"Divides the screen in visual areas.","Deprecated":false,"Experimental":false,"template":"<HorizontalDivider xmlns=\"sap.ui.commons\"\n\tid=\"${id}\"\n\twidth=\"100%\"\n\ttype=\"Area\"\n\theight=\"Medium\">\n\t\t<tooltip></tooltip> <!-- sap.ui.core.TooltipBase -->\n\t\t<dependents></dependents> <!-- sap.ui.core.Control, since 1.19 -->\n\t\t\n</HorizontalDivider>\n"},{"name":"sap.ui.commons.Image","prefix":"Image","description":"sap.ui.commons.Image","helpDescription":"A wrapper around the IMG tag. The image can be loaded from a remote or local server.\nThere are various size setting options available, and the images can be combined with actions.","Deprecated":false,"Experimental":false,"template":"<Image xmlns=\"sap.ui.commons\"\n\tid=\"${id}\"\n\tsrc=\"\"\n\twidth=\"\"\n\theight=\"\"\n\tdecorative=\"true\"\n\talt=\"\"\n\tuseMap=\"\"\n\tpress=\"\">\n\t\t<tooltip></tooltip> <!-- sap.ui.core.TooltipBase -->\n\t\t<dependents></dependents> <!-- sap.ui.core.Control, since 1.19 -->\n\t\t\n</Image>\n"},{"name":"sap.ui.commons.ImageMap","prefix":"ImageMap","description":"sap.ui.commons.ImageMap","helpDescription":"Combination of image areas where at runtime these areas are starting points for hyperlinks or actions","Deprecated":false,"Experimental":false,"template":"<ImageMap xmlns=\"sap.ui.commons\"\n\tid=\"${id}\"\n\tname=\"\"\n\tpress=\"\">\n\t\t<tooltip></tooltip> <!-- sap.ui.core.TooltipBase -->\n\t\t<dependents></dependents> <!-- sap.ui.core.Control, since 1.19 -->\n\t\t<areas></areas><!-- sap.ui.commons.Area -->\n</ImageMap>\n"},{"name":"sap.ui.commons.InPlaceEdit","prefix":"InPlaceEdit","description":"sap.ui.commons.InPlaceEdit","helpDescription":"The InPlaceEdit is a functionality to have text in display mode that can be changed in place.","Deprecated":false,"Experimental":false,"template":"<InPlaceEdit xmlns=\"sap.ui.commons\"\n\tid=\"${id}\"\n\tvalueState=\"None\"\n\tundoEnabled=\"true\"\n\tdesign=\"Standard\"\n\tchange=\"\"\n\tliveChange=\"\">\n\t\t<tooltip></tooltip> <!-- sap.ui.core.TooltipBase -->\n\t\t<dependents></dependents> <!-- sap.ui.core.Control, since 1.19 -->\n\t\t<content></content><!-- sap.ui.core.Control -->\n</InPlaceEdit>\n"},{"name":"sap.ui.commons.Label","prefix":"Label","description":"sap.ui.commons.Label","helpDescription":"\nIs used for labeling other controls. The API provides formatting options, for example for bold display or alignment. A label can have an icon.","Deprecated":false,"Experimental":false,"template":"<Label xmlns=\"sap.ui.commons\"\n\tid=\"${id}\"\n\tdesign=\"Standard\"\n\ttextDirection=\"Inherit\"\n\twrapping=\"false\"\n\twidth=\"\"\n\ttext=\"\"\n\ticon=\"\"\n\ttextAlign=\"Begin\"\n\trequired=\"false\"\n\trequiredAtBegin=\"\">\n\t\t<tooltip></tooltip> <!-- sap.ui.core.TooltipBase -->\n\t\t<dependents></dependents> <!-- sap.ui.core.Control, since 1.19 -->\n\t\t\n</Label>\n"},{"name":"sap.ui.commons.Link","prefix":"Link","description":"sap.ui.commons.Link","helpDescription":"\nProvides an absolute or relative reference to an internal or external URL. The classical target parameters are supported.\nAnother usage scenario is triggering an action, for example to open a popup window. In both cases, the link is a hypertext link.","Deprecated":false,"Experimental":false,"template":"<Link xmlns=\"sap.ui.commons\"\n\tid=\"${id}\"\n\ttext=\"\"\n\tenabled=\"true\"\n\thelpId=\"\"\n\thref=\"\"\n\ttarget=\"\"\n\twidth=\"\"\n\tpress=\"\">\n\t\t<tooltip></tooltip> <!-- sap.ui.core.TooltipBase -->\n\t\t<dependents></dependents> <!-- sap.ui.core.Control, since 1.19 -->\n\t\t\n</Link>\n"},{"name":"sap.ui.commons.ListBox","prefix":"ListBox","description":"sap.ui.commons.ListBox","helpDescription":"Provides a list of items from which users can choose an item. For the design of the list box, features such as defining the list box height,\nfixing the number of visible items, choosing one item to be the item that is marked by default when the list box is shown, or a scroll bar for large list boxes\nare available.","Deprecated":false,"Experimental":false,"template":"<ListBox xmlns=\"sap.ui.commons\"\n\tid=\"${id}\"\n\teditable=\"true\"\n\tenabled=\"true\"\n\tallowMultiSelect=\"false\"\n\twidth=\"\"\n\theight=\"\"\n\tscrollTop=\"-1\"\n\tdisplayIcons=\"false\"\n\tdisplaySecondaryValues=\"false\"\n\tvalueTextAlign=\"Begin\"\n\tsecondaryValueTextAlign=\"Begin\"\n\tminWidth=\"\"\n\tmaxWidth=\"\"\n\tvisibleItems=\"\"\n\tselect=\"\">\n\t\t<tooltip></tooltip> <!-- sap.ui.core.TooltipBase -->\n\t\t<dependents></dependents> <!-- sap.ui.core.Control, since 1.19 -->\n\t\t<items></items><!-- sap.ui.core.Item -->\n</ListBox>\n"},{"name":"sap.ui.commons.Menu","prefix":"Menu","description":"sap.ui.commons.Menu","helpDescription":"<strong style=\"color: red;\">Deprecated! </strong>Since 1.21.0 Please use the control sap.ui.unified.Menu of the library sap.ui.unified instead.<br>A container for menu items. When the space in the browser is not large enough to display all defined items, a scroll bar is provided.","Deprecated":true,"Experimental":false,"template":"<Menu xmlns=\"sap.ui.commons\"\n\tid=\"${id}\"\n\t\t<tooltip></tooltip> <!-- sap.ui.core.TooltipBase -->\n\t\t<dependents></dependents> <!-- sap.ui.core.Control, since 1.19 -->\n\t\t\n</Menu>\n"},{"name":"sap.ui.commons.MenuBar","prefix":"MenuBar","description":"sap.ui.commons.MenuBar","helpDescription":"Represents a user interface area which is the entry point for menus with their menu items. MenuBar is useful for applications which shall offer a\nset of actions that shall be provided in a structured way. The MenuBar contains the menu titles from where users navigate to the single items. The control supports\nfor example long menu item texts, automated scrolling for menu items when the browser space is not large enough to display all items, defining images for single\nor all items in a menu, automated layouting of items with or w/o image, and active/non-active items.","Deprecated":false,"Experimental":false,"template":"<MenuBar xmlns=\"sap.ui.commons\"\n\tid=\"${id}\"\n\tenabled=\"true\"\n\twidth=\"100%\"\n\tdesign=\"Standard\">\n\t\t<tooltip></tooltip> <!-- sap.ui.core.TooltipBase -->\n\t\t<dependents></dependents> <!-- sap.ui.core.Control, since 1.19 -->\n\t\t<items></items><!-- sap.ui.unified.MenuItem -->\n</MenuBar>\n"},{"name":"sap.ui.commons.MenuButton","prefix":"MenuButton","description":"sap.ui.commons.MenuButton","helpDescription":"Common button control that opens a menu when clicked by the user. The control provides an API for configuring the docking position\nof the menu.","Deprecated":false,"Experimental":false,"template":"<MenuButton xmlns=\"sap.ui.commons\"\n\tid=\"${id}\"\n\ttext=\"\"\n\tenabled=\"true\"\n\twidth=\"\"\n\thelpId=\"\"\n\ticon=\"\"\n\ticonHovered=\"\"\n\ticonSelected=\"\"\n\ticonFirst=\"true\"\n\theight=\"\"\n\tstyled=\"true\"\n\tlite=\"false\"\n\tstyle=\"Default\"\n\tdockButton=\"\"\n\tdockMenu=\"\"\n\tpress=\"\"\n\titemSelected=\"\">\n\t\t<tooltip></tooltip> <!-- sap.ui.core.TooltipBase -->\n\t\t<dependents></dependents> <!-- sap.ui.core.Control, since 1.19 -->\n\t\t<menu></menu><!-- sap.ui.unified.Menu -->\n</MenuButton>\n"},{"name":"sap.ui.commons.MenuItem","prefix":"MenuItem","description":"sap.ui.commons.MenuItem","helpDescription":"<strong style=\"color: red;\">Deprecated! </strong>Since 1.21.0 Please use the control sap.ui.unified.MenuItem of the library sap.ui.unified instead.<br>Smallest unit in the menu hierarchy. An item can be a direct part of a menu bar, of a menu, or of a sub menu.","Deprecated":true,"Experimental":false,"template":"<MenuItem xmlns=\"sap.ui.commons\"\n\tid=\"${id}\"\n\t\t<tooltip></tooltip> <!-- sap.ui.core.TooltipBase -->\n\t\t<dependents></dependents> <!-- sap.ui.core.Control, since 1.19 -->\n\t\t\n</MenuItem>\n"},{"name":"sap.ui.commons.MenuItemBase","prefix":"MenuItemBase","description":"sap.ui.commons.MenuItemBase","helpDescription":"<strong style=\"color: red;\">Deprecated! </strong>Since 1.21.0 Please use the control sap.ui.unified.MenuItemBase of the library sap.ui.unified instead.<br>Provides the standard properties for menu items.","Deprecated":true,"Experimental":false,"template":"<MenuItemBase xmlns=\"sap.ui.commons\"\n\tid=\"${id}\"\n\t\t<tooltip></tooltip> <!-- sap.ui.core.TooltipBase -->\n\t\t<dependents></dependents> <!-- sap.ui.core.Control, since 1.19 -->\n\t\t\n</MenuItemBase>\n"},{"name":"sap.ui.commons.MenuTextFieldItem","prefix":"MenuTextFieldItem","description":"sap.ui.commons.MenuTextFieldItem","helpDescription":"<strong style=\"color: red;\">Deprecated! </strong>Since 1.21.0 Please use the control sap.ui.unified.MenuTextFieldItem of the library sap.ui.unified instead.<br>Menu item which contains an text field. This menu item is e.g. helpful for filters.\nThe aggregation 'submenu' (inherited from parent class) is not supported for this type of menu item.","Deprecated":true,"Experimental":false,"template":"<MenuTextFieldItem xmlns=\"sap.ui.commons\"\n\tid=\"${id}\"\n\t\t<tooltip></tooltip> <!-- sap.ui.core.TooltipBase -->\n\t\t<dependents></dependents> <!-- sap.ui.core.Control, since 1.19 -->\n\t\t\n</MenuTextFieldItem>\n"},{"name":"sap.ui.commons.Message","prefix":"Message","description":"sap.ui.commons.Message","helpDescription":"<strong style=\"color: red;\">Deprecated! </strong>Since 1.4.0 A new messaging concept will be created in future. Therefore this control might be removed in one of the next versions.<br>Creates the \"Message\"s to be supplied to the \"MessageBar\" Control.","Deprecated":true,"Experimental":false,"template":"<Message xmlns=\"sap.ui.commons\"\n\tid=\"${id}\"\n\ttype=\"\"\n\ttext=\"\"\n\tassociatedElementId=\"\"\n\tdesign=\"\">\n\t\t<tooltip></tooltip> <!-- sap.ui.core.TooltipBase -->\n\t\t<dependents></dependents> <!-- sap.ui.core.Control, since 1.19 -->\n\t\t\n</Message>\n"},{"name":"sap.ui.commons.MessageBar","prefix":"MessageBar","description":"sap.ui.commons.MessageBar","helpDescription":"<strong style=\"color: red;\">Deprecated! </strong>Since 1.4.0 A new messaging concept will be created in future. Therefore this control might be removed in one of the next versions.<br>Creates an instance of a \"MessageBar\" Control, for displaying \"Message\"s.\nThere is no imposed limit on the number of \"MessageBar\"s that can be created, but using only 1 makes sense, specially if accessing it (via Ctl-m) becomes a necessity.","Deprecated":true,"Experimental":false,"template":"<MessageBar xmlns=\"sap.ui.commons\"\n\tid=\"${id}\"\n\tanchorID=\"\"\n\tvisible=\"true\"\n\tmaxToasted=\"3\"\n\tmaxListed=\"7\"\n\tanchorSnapPoint=\"begin top\">\n\t\t<tooltip></tooltip> <!-- sap.ui.core.TooltipBase -->\n\t\t<dependents></dependents> <!-- sap.ui.core.Control, since 1.19 -->\n\t\t\n</MessageBar>\n"},{"name":"sap.ui.commons.MessageList","prefix":"MessageList","description":"sap.ui.commons.MessageList","helpDescription":"<strong style=\"color: red;\">Deprecated! </strong>Since 1.4.0 A new messaging concept will be created in future. Therefore this control might be removed in one of the next versions.<br>Instantiated by the \"MessageBar\" Control if the user ever requests to generate the corresponding \"MessageList\".","Deprecated":true,"Experimental":false,"template":"<MessageList xmlns=\"sap.ui.commons\"\n\tid=\"${id}\"\n\tvisible=\"false\"\n\tanchorId=\"\"\n\tmaxListed=\"7\">\n\t\t<tooltip></tooltip> <!-- sap.ui.core.TooltipBase -->\n\t\t<dependents></dependents> <!-- sap.ui.core.Control, since 1.19 -->\n\t\t\n</MessageList>\n"},{"name":"sap.ui.commons.MessageToast","prefix":"MessageToast","description":"sap.ui.commons.MessageToast","helpDescription":"<strong style=\"color: red;\">Deprecated! </strong>Since 1.4.0 A new messaging concept will be created in future. Therefore this control might be removed in one of the next versions.<br>Responsible for displaying the new incoming messages, one at the time, on top of the MessageBar.","Deprecated":true,"Experimental":false,"template":"<MessageToast xmlns=\"sap.ui.commons\"\n\tid=\"${id}\"\n\tanchorId=\"\"\n\tnext=\"\">\n\t\t<tooltip></tooltip> <!-- sap.ui.core.TooltipBase -->\n\t\t<dependents></dependents> <!-- sap.ui.core.Control, since 1.19 -->\n\t\t\n</MessageToast>\n"},{"name":"sap.ui.commons.Paginator","prefix":"Paginator","description":"sap.ui.commons.Paginator","helpDescription":"Provides navigation between pages within a list of numbered pages.","Deprecated":false,"Experimental":false,"template":"<Paginator xmlns=\"sap.ui.commons\"\n\tid=\"${id}\"\n\tcurrentPage=\"1\"\n\tnumberOfPages=\"\"\n\tpage=\"\">\n\t\t<tooltip></tooltip> <!-- sap.ui.core.TooltipBase -->\n\t\t<dependents></dependents> <!-- sap.ui.core.Control, since 1.19 -->\n\t\t\n</Paginator>\n"},{"name":"sap.ui.commons.Panel","prefix":"Panel","description":"sap.ui.commons.Panel","helpDescription":"Represents a container with scroll functionality, the control can be used for text and controls. The Panel does not layout the embedded controls.","Deprecated":false,"Experimental":false,"template":"<Panel xmlns=\"sap.ui.commons\"\n\tid=\"${id}\"\n\twidth=\"100%\"\n\theight=\"\"\n\tenabled=\"true\"\n\tscrollLeft=\"0\"\n\tscrollTop=\"0\"\n\tapplyContentPadding=\"true\"\n\tcollapsed=\"false\"\n\tareaDesign=\"Fill\"\n\tborderDesign=\"Box\"\n\tshowCollapseIcon=\"true\"\n\ttext=\"\">\n\t\t<tooltip></tooltip> <!-- sap.ui.core.TooltipBase -->\n\t\t<dependents></dependents> <!-- sap.ui.core.Control, since 1.19 -->\n\t\t<content></content><!-- sap.ui.core.Control -->\n\t<title></title><!-- sap.ui.core.Title -->\n\t<buttons></buttons><!-- sap.ui.commons.Button -->\n</Panel>\n"},{"name":"sap.ui.commons.PasswordField","prefix":"PasswordField","description":"sap.ui.commons.PasswordField","helpDescription":"A text field with masked characters which borrows its properties and methods from TextField.","Deprecated":false,"Experimental":false,"template":"<PasswordField xmlns=\"sap.ui.commons\"\n\tid=\"${id}\"\n\tvalue=\"\"\n\ttextDirection=\"Inherit\"\n\tenabled=\"true\"\n\teditable=\"true\"\n\trequired=\"false\"\n\twidth=\"\"\n\tmaxLength=\"0\"\n\tvalueState=\"None\"\n\ttextAlign=\"Begin\"\n\timeMode=\"Auto\"\n\tdesign=\"Standard\"\n\thelpId=\"\"\n\taccessibleRole=\"Textbox\"\n\tname=\"\"\n\tplaceholder=\"\"\n\tchange=\"\"\n\tliveChange=\"\">\n\t\t<tooltip></tooltip> <!-- sap.ui.core.TooltipBase -->\n\t\t<dependents></dependents> <!-- sap.ui.core.Control, since 1.19 -->\n\t\t\n</PasswordField>\n"},{"name":"sap.ui.commons.ProgressIndicator","prefix":"ProgressIndicator","description":"sap.ui.commons.ProgressIndicator","helpDescription":"Shows the progress of a process in a graphical way. The indicator can be displayed with or without numerical values.\nThe filling can be displayed in color only, or additionally with the percentage rate. The indicator status can be interactive.","Deprecated":false,"Experimental":false,"template":"<ProgressIndicator xmlns=\"sap.ui.commons\"\n\tid=\"${id}\"\n\tenabled=\"true\"\n\tbarColor=\"NEUTRAL\"\n\tdisplayValue=\"0%\"\n\tpercentValue=\"0\"\n\tshowValue=\"true\"\n\twidth=\"100%\">\n\t\t<tooltip></tooltip> <!-- sap.ui.core.TooltipBase -->\n\t\t<dependents></dependents> <!-- sap.ui.core.Control, since 1.19 -->\n\t\t\n</ProgressIndicator>\n"},{"name":"sap.ui.commons.RadioButton","prefix":"RadioButton","description":"sap.ui.commons.RadioButton","helpDescription":"Consists of a round element and a descriptive text. Generally, you would create at least two radio button controls;\nby this, you provide a limited choice for the user. Radio buttons can trigger events.\nAvailable value states are \"Error\", \"None\", \"Success\", \"Warning\".","Deprecated":false,"Experimental":false,"template":"<RadioButton xmlns=\"sap.ui.commons\"\n\tid=\"${id}\"\n\ttext=\"\"\n\tenabled=\"true\"\n\teditable=\"true\"\n\tselected=\"false\"\n\tvalueState=\"None\"\n\twidth=\"\"\n\ttextDirection=\"Inherit\"\n\tgroupName=\"sapUiRbDefaultGroup\"\n\tkey=\"\"\n\tselect=\"\">\n\t\t<tooltip></tooltip> <!-- sap.ui.core.TooltipBase -->\n\t\t<dependents></dependents> <!-- sap.ui.core.Control, since 1.19 -->\n\t\t\n</RadioButton>\n"},{"name":"sap.ui.commons.RadioButtonGroup","prefix":"RadioButtonGroup","description":"sap.ui.commons.RadioButtonGroup","helpDescription":"a group of RadioButtons to hande as one UI element.","Deprecated":false,"Experimental":false,"template":"<RadioButtonGroup xmlns=\"sap.ui.commons\"\n\tid=\"${id}\"\n\twidth=\"\"\n\tcolumns=\"1\"\n\teditable=\"true\"\n\tvalueState=\"None\"\n\tselectedIndex=\"0\"\n\tenabled=\"true\"\n\tselect=\"\">\n\t\t<tooltip></tooltip> <!-- sap.ui.core.TooltipBase -->\n\t\t<dependents></dependents> <!-- sap.ui.core.Control, since 1.19 -->\n\t\t<items></items><!-- sap.ui.core.Item -->\n</RadioButtonGroup>\n"},{"name":"sap.ui.commons.RangeSlider","prefix":"RangeSlider","description":"sap.ui.commons.RangeSlider","helpDescription":"The interactive control is displayed either as a horizontal or a vertical line with two pointers and units of measurement.\nUsers can move the pointers along the line to change a range with graphical support.","Deprecated":false,"Experimental":false,"template":"<RangeSlider xmlns=\"sap.ui.commons\"\n\tid=\"${id}\"\n\twidth=\"100%\"\n\tmin=\"0\"\n\tmax=\"100\"\n\tvalue=\"50\"\n\tsmallStepWidth=\"\"\n\ttotalUnits=\"\"\n\tstepLabels=\"false\"\n\teditable=\"true\"\n\tenabled=\"true\"\n\tlabels=\"\"\n\tvertical=\"false\"\n\theight=\"100%\"\n\tvalue2=\"80\"\n\tchange=\"\"\n\tliveChange=\"\">\n\t\t<tooltip></tooltip> <!-- sap.ui.core.TooltipBase -->\n\t\t<dependents></dependents> <!-- sap.ui.core.Control, since 1.19 -->\n\t\t\n</RangeSlider>\n"},{"name":"sap.ui.commons.RatingIndicator","prefix":"RatingIndicator","description":"sap.ui.commons.RatingIndicator","helpDescription":"Is used to let the user do some rating on a certain topic. The amount of rating symbols can be specified, as well as the URIs to the\nimage icons which shall be used as rating symbols. When the user performs a rating, an event is fired.","Deprecated":false,"Experimental":false,"template":"<RatingIndicator xmlns=\"sap.ui.commons\"\n\tid=\"${id}\"\n\teditable=\"true\"\n\tmaxValue=\"5\"\n\tvalue=\"0\"\n\taverageValue=\"0\"\n\ticonSelected=\"\"\n\ticonUnselected=\"\"\n\ticonHovered=\"\"\n\tvisualMode=\"Half\"\n\tchange=\"\">\n\t\t<tooltip></tooltip> <!-- sap.ui.core.TooltipBase -->\n\t\t<dependents></dependents> <!-- sap.ui.core.Control, since 1.19 -->\n\t\t\n</RatingIndicator>\n"},{"name":"sap.ui.commons.ResponsiveContainer","prefix":"ResponsiveContainer","description":"sap.ui.commons.ResponsiveContainer","helpDescription":"Is used to provide a container, which can show different content depending on its current width. It fires an event, whenever a new range is reached. In addition the content of the new range is automatically shown, if it is set.","Deprecated":false,"Experimental":false,"template":"<ResponsiveContainer xmlns=\"sap.ui.commons\"\n\tid=\"${id}\"\n\twidth=\"100%\"\n\theight=\"100%\"\n\trangeSwitch=\"\">\n\t\t<tooltip></tooltip> <!-- sap.ui.core.TooltipBase -->\n\t\t<dependents></dependents> <!-- sap.ui.core.Control, since 1.19 -->\n\t\t<ranges></ranges><!-- sap.ui.commons.ResponsiveContainerRange -->\n\t<content></content><!-- sap.ui.core.Control -->\n</ResponsiveContainer>\n"},{"name":"sap.ui.commons.ResponsiveContainerRange","prefix":"ResponsiveContainerRange","description":"sap.ui.commons.ResponsiveContainerRange","helpDescription":"Defines a range for the ResponsiveContainer","Deprecated":false,"Experimental":false,"template":"<ResponsiveContainerRange xmlns=\"sap.ui.commons\"\n\tid=\"${id}\"\n\twidth=\"\"\n\theight=\"\"\n\tkey=\"\">\n\t\t<tooltip></tooltip> <!-- sap.ui.core.TooltipBase -->\n\t\t<dependents></dependents> <!-- sap.ui.core.Control, since 1.19 -->\n\t\t\n</ResponsiveContainerRange>\n"},{"name":"sap.ui.commons.RichTooltip","prefix":"RichTooltip","description":"sap.ui.commons.RichTooltip","helpDescription":"\nIs used to provide tool tips that can have long text, image and title. This tool tip extends the TooltipBase.","Deprecated":false,"Experimental":false,"template":"<RichTooltip xmlns=\"sap.ui.commons\"\n\tid=\"${id}\"\n\ttitle=\"\"\n\timageSrc=\"\"\n\tvalueStateText=\"\"\n\timageAltText=\"\">\n\t\t<tooltip></tooltip> <!-- sap.ui.core.TooltipBase -->\n\t\t<dependents></dependents> <!-- sap.ui.core.Control, since 1.19 -->\n\t\t<formattedText></formattedText><!-- sap.ui.commons.FormattedTextView -->\n\t<individualStateText></individualStateText><!-- sap.ui.commons.FormattedTextView -->\n</RichTooltip>\n"},{"name":"sap.ui.commons.RoadMap","prefix":"RoadMap","description":"sap.ui.commons.RoadMap","helpDescription":"Is used to display step-by-step work flows of a clearly defined work process","Deprecated":false,"Experimental":false,"template":"<RoadMap xmlns=\"sap.ui.commons\"\n\tid=\"${id}\"\n\tnumberOfVisibleSteps=\"\"\n\tfirstVisibleStep=\"\"\n\tselectedStep=\"\"\n\twidth=\"100%\"\n\tstepSelected=\"\"\n\tstepExpanded=\"\">\n\t\t<tooltip></tooltip> <!-- sap.ui.core.TooltipBase -->\n\t\t<dependents></dependents> <!-- sap.ui.core.Control, since 1.19 -->\n\t\t<steps></steps><!-- sap.ui.commons.RoadMapStep -->\n</RoadMap>\n"},{"name":"sap.ui.commons.RoadMapStep","prefix":"RoadMapStep","description":"sap.ui.commons.RoadMapStep","helpDescription":"Step used within a RoadMap Control.","Deprecated":false,"Experimental":false,"template":"<RoadMapStep xmlns=\"sap.ui.commons\"\n\tid=\"${id}\"\n\tlabel=\"\"\n\tenabled=\"true\"\n\texpanded=\"false\"\n\tvisible=\"true\">\n\t\t<tooltip></tooltip> <!-- sap.ui.core.TooltipBase -->\n\t\t<dependents></dependents> <!-- sap.ui.core.Control, since 1.19 -->\n\t\t<subSteps></subSteps><!-- sap.ui.commons.RoadMapStep -->\n</RoadMapStep>\n"},{"name":"sap.ui.commons.RowRepeater","prefix":"RowRepeater","description":"sap.ui.commons.RowRepeater","helpDescription":"This control displays items in a stacked list format, allowing the user to page in order to see more items or to use the offered filtering and sorting capabilities in order to manipulate the displayed data.","Deprecated":false,"Experimental":false,"template":"<RowRepeater xmlns=\"sap.ui.commons\"\n\tid=\"${id}\"\n\tnumberOfRows=\"5\"\n\tcurrentPage=\"1\"\n\tshowMoreSteps=\"0\"\n\tfixedRowHeight=\"\"\n\tdesign=\"Standard\"\n\tthreshold=\"\"\n\tfilter=\"\"\n\tsort=\"\"\n\tpage=\"\"\n\tresize=\"\">\n\t\t<tooltip></tooltip> <!-- sap.ui.core.TooltipBase -->\n\t\t<dependents></dependents> <!-- sap.ui.core.Control, since 1.19 -->\n\t\t<rows></rows><!-- sap.ui.core.Control -->\n\t<title></title><!-- sap.ui.core.Title -->\n\t<filters></filters><!-- sap.ui.commons.RowRepeaterFilter -->\n\t<sorters></sorters><!-- sap.ui.commons.RowRepeaterSorter -->\n\t<noData></noData><!-- sap.ui.core.Control -->\n\t<filterToolbar></filterToolbar><!-- sap.ui.commons.Toolbar -->\n\t<sorterToolbar></sorterToolbar><!-- sap.ui.commons.Toolbar -->\n\t<headerShowMoreButton></headerShowMoreButton><!-- sap.ui.commons.Button -->\n\t<footerShowMoreButton></footerShowMoreButton><!-- sap.ui.commons.Button -->\n\t<footerPager></footerPager><!-- sap.ui.commons.Paginator -->\n</RowRepeater>\n"},{"name":"sap.ui.commons.RowRepeaterFilter","prefix":"RowRepeaterFilter","description":"sap.ui.commons.RowRepeaterFilter","helpDescription":"This element is used by the RowRepeater and allows to define a filter in this context along with the related data such as a text and an icon.","Deprecated":false,"Experimental":false,"template":"<RowRepeaterFilter xmlns=\"sap.ui.commons\"\n\tid=\"${id}\"\n\ttext=\"\"\n\ticon=\"\"\n\tfilters=\"\">\n\t\t<tooltip></tooltip> <!-- sap.ui.core.TooltipBase -->\n\t\t<dependents></dependents> <!-- sap.ui.core.Control, since 1.19 -->\n\t\t\n</RowRepeaterFilter>\n"},{"name":"sap.ui.commons.RowRepeaterSorter","prefix":"RowRepeaterSorter","description":"sap.ui.commons.RowRepeaterSorter","helpDescription":"This element is used by the RowRepeater and allows to define a sorter in this context along with the related data such as a text and an icon.","Deprecated":false,"Experimental":false,"template":"<RowRepeaterSorter xmlns=\"sap.ui.commons\"\n\tid=\"${id}\"\n\ttext=\"\"\n\ticon=\"\"\n\tsorter=\"\">\n\t\t<tooltip></tooltip> <!-- sap.ui.core.TooltipBase -->\n\t\t<dependents></dependents> <!-- sap.ui.core.Control, since 1.19 -->\n\t\t\n</RowRepeaterSorter>\n"},{"name":"sap.ui.commons.SearchField","prefix":"SearchField","description":"sap.ui.commons.SearchField","helpDescription":"Allows the user to type search queries and to trigger the search. Optionally, suggestions can be added.","Deprecated":false,"Experimental":false,"template":"<SearchField xmlns=\"sap.ui.commons\"\n\tid=\"${id}\"\n\tenableListSuggest=\"true\"\n\tshowListExpander=\"true\"\n\tenableClear=\"false\"\n\tshowExternalButton=\"false\"\n\tenableCache=\"true\"\n\tenableFilterMode=\"false\"\n\tvalue=\"\"\n\tenabled=\"true\"\n\teditable=\"true\"\n\twidth=\"\"\n\tmaxLength=\"0\"\n\ttextAlign=\"Begin\"\n\tvisibleItemCount=\"20\"\n\tstartSuggestion=\"3\"\n\tmaxSuggestionItems=\"10\"\n\tmaxHistoryItems=\"0\"\n\tsearch=\"\"\n\tsuggest=\"\">\n\t\t<tooltip></tooltip> <!-- sap.ui.core.TooltipBase -->\n\t\t<dependents></dependents> <!-- sap.ui.core.Control, since 1.19 -->\n\t\t<searchProvider></searchProvider><!-- sap.ui.core.search.SearchProvider -->\n</SearchField>\n"},{"name":"sap.ui.commons.SearchProvider","prefix":"SearchProvider","description":"sap.ui.commons.SearchProvider","helpDescription":"<strong style=\"color: red;\">Deprecated! </strong>Since 1.6.0 Replaced by sap.ui.core.search.OpenSearchProvider<br>A SearchProvider which can be attached to a Search Field.","Deprecated":true,"Experimental":false,"template":"<SearchProvider xmlns=\"sap.ui.commons\"\n\tid=\"${id}\"\n\t\t<tooltip></tooltip> <!-- sap.ui.core.TooltipBase -->\n\t\t<dependents></dependents> <!-- sap.ui.core.Control, since 1.19 -->\n\t\t\n</SearchProvider>\n"},{"name":"sap.ui.commons.SegmentedButton","prefix":"SegmentedButton","description":"sap.ui.commons.SegmentedButton","helpDescription":"The SegmentedButton provides a group of multiple buttons. Only one button can be active. The behaviour is more ore less like a radio button group.","Deprecated":false,"Experimental":false,"template":"<SegmentedButton xmlns=\"sap.ui.commons\"\n\tid=\"${id}\"\n\tenabled=\"true\"\n\tselect=\"\">\n\t\t<tooltip></tooltip> <!-- sap.ui.core.TooltipBase -->\n\t\t<dependents></dependents> <!-- sap.ui.core.Control, since 1.19 -->\n\t\t<buttons></buttons><!-- sap.ui.commons.Button -->\n</SegmentedButton>\n"},{"name":"sap.ui.commons.Slider","prefix":"Slider","description":"sap.ui.commons.Slider","helpDescription":"The interactive control is displayed as a horizontal line with a pointer and units of measurement.\nUsers can move the pointer along the line to change values with graphical support.","Deprecated":false,"Experimental":false,"template":"<Slider xmlns=\"sap.ui.commons\"\n\tid=\"${id}\"\n\twidth=\"100%\"\n\tmin=\"0\"\n\tmax=\"100\"\n\tvalue=\"50\"\n\tsmallStepWidth=\"\"\n\ttotalUnits=\"\"\n\tstepLabels=\"false\"\n\teditable=\"true\"\n\tenabled=\"true\"\n\tlabels=\"\"\n\tvertical=\"false\"\n\theight=\"100%\"\n\tchange=\"\"\n\tliveChange=\"\">\n\t\t<tooltip></tooltip> <!-- sap.ui.core.TooltipBase -->\n\t\t<dependents></dependents> <!-- sap.ui.core.Control, since 1.19 -->\n\t\t\n</Slider>\n"},{"name":"sap.ui.commons.Splitter","prefix":"Splitter","description":"sap.ui.commons.Splitter","helpDescription":"Allows to split the screen into two areas. Make sure that the container for the splitter has an absolute height or set an absolute height for the splitter using the height property. Otherwise the height of the splitter is calculated by the height of its contents.","Deprecated":false,"Experimental":false,"template":"<Splitter xmlns=\"sap.ui.commons\"\n\tid=\"${id}\"\n\tsplitterOrientation=\"Vertical\"\n\tsplitterPosition=\"50%\"\n\tminSizeFirstPane=\"0%\"\n\tminSizeSecondPane=\"0%\"\n\twidth=\"100%\"\n\theight=\"100%\"\n\tshowScrollBars=\"true\"\n\tsplitterBarVisible=\"true\">\n\t\t<tooltip></tooltip> <!-- sap.ui.core.TooltipBase -->\n\t\t<dependents></dependents> <!-- sap.ui.core.Control, since 1.19 -->\n\t\t<firstPaneContent></firstPaneContent><!-- sap.ui.core.Control -->\n\t<secondPaneContent></secondPaneContent><!-- sap.ui.core.Control -->\n</Splitter>\n"},{"name":"sap.ui.commons.Tab","prefix":"Tab","description":"sap.ui.commons.Tab","helpDescription":"A single page in a TabStrip control.","Deprecated":false,"Experimental":false,"template":"<Tab xmlns=\"sap.ui.commons\"\n\tid=\"${id}\"\n\twidth=\"100%\"\n\theight=\"\"\n\tenabled=\"true\"\n\tscrollLeft=\"0\"\n\tscrollTop=\"0\"\n\tapplyContentPadding=\"true\"\n\tcollapsed=\"false\"\n\tareaDesign=\"Fill\"\n\tborderDesign=\"Box\"\n\tshowCollapseIcon=\"true\"\n\ttext=\"\"\n\tverticalScrolling=\"None\"\n\thorizontalScrolling=\"None\"\n\tclosable=\"false\"\n\tselected=\"false\">\n\t\t<tooltip></tooltip> <!-- sap.ui.core.TooltipBase -->\n\t\t<dependents></dependents> <!-- sap.ui.core.Control, since 1.19 -->\n\t\t<content></content><!-- sap.ui.core.Control -->\n\t<title></title><!-- sap.ui.core.Title -->\n\t<buttons></buttons><!-- sap.ui.commons.Button -->\n</Tab>\n"},{"name":"sap.ui.commons.TabStrip","prefix":"TabStrip","description":"sap.ui.commons.TabStrip","helpDescription":"\nA container for tab controls which contain the content and generally other controls. The user switches between the tabs then to display the content.","Deprecated":false,"Experimental":false,"template":"<TabStrip xmlns=\"sap.ui.commons\"\n\tid=\"${id}\"\n\theight=\"\"\n\twidth=\"\"\n\tselectedIndex=\"0\"\n\tselect=\"\"\n\tclose=\"\">\n\t\t<tooltip></tooltip> <!-- sap.ui.core.TooltipBase -->\n\t\t<dependents></dependents> <!-- sap.ui.core.Control, since 1.19 -->\n\t\t<tabs></tabs><!-- sap.ui.commons.Tab -->\n</TabStrip>\n"},{"name":"sap.ui.commons.TextArea","prefix":"TextArea","description":"sap.ui.commons.TextArea","helpDescription":"Control to enter or display multible row text.","Deprecated":false,"Experimental":false,"template":"<TextArea xmlns=\"sap.ui.commons\"\n\tid=\"${id}\"\n\tvalue=\"\"\n\ttextDirection=\"Inherit\"\n\tenabled=\"true\"\n\teditable=\"true\"\n\trequired=\"false\"\n\twidth=\"\"\n\tmaxLength=\"0\"\n\tvalueState=\"None\"\n\ttextAlign=\"Begin\"\n\timeMode=\"Auto\"\n\tdesign=\"Standard\"\n\thelpId=\"\"\n\taccessibleRole=\"Textbox\"\n\tname=\"\"\n\tplaceholder=\"\"\n\theight=\"\"\n\tcols=\"\"\n\trows=\"\"\n\twrapping=\"\"\n\tcursorPos=\"\"\n\texplanation=\"\"\n\tlabeledBy=\"\"\n\tchange=\"\"\n\tliveChange=\"\">\n\t\t<tooltip></tooltip> <!-- sap.ui.core.TooltipBase -->\n\t\t<dependents></dependents> <!-- sap.ui.core.Control, since 1.19 -->\n\t\t\n</TextArea>\n"},{"name":"sap.ui.commons.TextField","prefix":"TextField","description":"sap.ui.commons.TextField","helpDescription":"Control is used to enter text.","Deprecated":false,"Experimental":false,"template":"<TextField xmlns=\"sap.ui.commons\"\n\tid=\"${id}\"\n\tvalue=\"\"\n\ttextDirection=\"Inherit\"\n\tenabled=\"true\"\n\teditable=\"true\"\n\trequired=\"false\"\n\twidth=\"\"\n\tmaxLength=\"0\"\n\tvalueState=\"None\"\n\ttextAlign=\"Begin\"\n\timeMode=\"Auto\"\n\tdesign=\"Standard\"\n\thelpId=\"\"\n\taccessibleRole=\"Textbox\"\n\tname=\"\"\n\tplaceholder=\"\"\n\tchange=\"\"\n\tliveChange=\"\">\n\t\t<tooltip></tooltip> <!-- sap.ui.core.TooltipBase -->\n\t\t<dependents></dependents> <!-- sap.ui.core.Control, since 1.19 -->\n\t\t\n</TextField>\n"},{"name":"sap.ui.commons.TextView","prefix":"TextView","description":"sap.ui.commons.TextView","helpDescription":"Is used to display some continous text. The control can inherit the text direction from its parent control.","Deprecated":false,"Experimental":false,"template":"<TextView xmlns=\"sap.ui.commons\"\n\tid=\"${id}\"\n\ttext=\"\"\n\ttextDirection=\"Inherit\"\n\tenabled=\"true\"\n\thelpId=\"\"\n\taccessibleRole=\"Document\"\n\tdesign=\"Standard\"\n\twrapping=\"true\"\n\tsemanticColor=\"Default\"\n\ttextAlign=\"Begin\"\n\twidth=\"\">\n\t\t<tooltip></tooltip> <!-- sap.ui.core.TooltipBase -->\n\t\t<dependents></dependents> <!-- sap.ui.core.Control, since 1.19 -->\n\t\t\n</TextView>\n"},{"name":"sap.ui.commons.Title","prefix":"Title","description":"sap.ui.commons.Title","helpDescription":"<strong style=\"color: red;\">Deprecated! </strong>Since 1.16.0 moved to sap.ui.core library. Please use this one.<br>Represents a title element that can be used for aggregation with other controls","Deprecated":true,"Experimental":false,"template":"<Title xmlns=\"sap.ui.commons\"\n\tid=\"${id}\"\n\t\t<tooltip></tooltip> <!-- sap.ui.core.TooltipBase -->\n\t\t<dependents></dependents> <!-- sap.ui.core.Control, since 1.19 -->\n\t\t\n</Title>\n"},{"name":"sap.ui.commons.ToggleButton","prefix":"ToggleButton","description":"sap.ui.commons.ToggleButton","helpDescription":"The ToggleButton Control is a Button that can be toggled between pressed and normal state","Deprecated":false,"Experimental":false,"template":"<ToggleButton xmlns=\"sap.ui.commons\"\n\tid=\"${id}\"\n\ttext=\"\"\n\tenabled=\"true\"\n\twidth=\"\"\n\thelpId=\"\"\n\ticon=\"\"\n\ticonHovered=\"\"\n\ticonSelected=\"\"\n\ticonFirst=\"true\"\n\theight=\"\"\n\tstyled=\"true\"\n\tlite=\"false\"\n\tstyle=\"Default\"\n\tpressed=\"false\"\n\tpress=\"\">\n\t\t<tooltip></tooltip> <!-- sap.ui.core.TooltipBase -->\n\t\t<dependents></dependents> <!-- sap.ui.core.Control, since 1.19 -->\n\t\t\n</ToggleButton>\n"},{"name":"sap.ui.commons.Toolbar","prefix":"Toolbar","description":"sap.ui.commons.Toolbar","helpDescription":"A horizontal row of items where in many cases the single toolbar items are buttons containing icons. Note that all controls with the\nsap.ui.commons.ToolbarItem interface can be used as item: Button, ComboBox, TextField.","Deprecated":false,"Experimental":false,"template":"<Toolbar xmlns=\"sap.ui.commons\"\n\tid=\"${id}\"\n\twidth=\"auto\"\n\tdesign=\"Flat\"\n\tstandalone=\"true\">\n\t\t<tooltip></tooltip> <!-- sap.ui.core.TooltipBase -->\n\t\t<dependents></dependents> <!-- sap.ui.core.Control, since 1.19 -->\n\t\t<items></items><!-- sap.ui.commons.ToolbarItem -->\n\t<rightItems></rightItems><!-- sap.ui.commons.ToolbarItem -->\n</Toolbar>\n"},{"name":"sap.ui.commons.ToolbarSeparator","prefix":"ToolbarSeparator","description":"sap.ui.commons.ToolbarSeparator","helpDescription":"A small vertical line that is generally added to the tool bar between the items to visually separate them.","Deprecated":false,"Experimental":false,"template":"<ToolbarSeparator xmlns=\"sap.ui.commons\"\n\tid=\"${id}\"\n\tdisplayVisualSeparator=\"true\"\n\tdesign=\"\">\n\t\t<tooltip></tooltip> <!-- sap.ui.core.TooltipBase -->\n\t\t<dependents></dependents> <!-- sap.ui.core.Control, since 1.19 -->\n\t\t\n</ToolbarSeparator>\n"},{"name":"sap.ui.commons.Tree","prefix":"Tree","description":"sap.ui.commons.Tree","helpDescription":"Simple tree to display item in a hierarchical way","Deprecated":false,"Experimental":false,"template":"<Tree xmlns=\"sap.ui.commons\"\n\tid=\"${id}\"\n\ttitle=\"\"\n\twidth=\"auto\"\n\theight=\"auto\"\n\tshowHeader=\"true\"\n\tshowHeaderIcons=\"true\"\n\tshowHorizontalScrollbar=\"false\"\n\tminWidth=\"\"\n\tselectionMode=\"Legacy\"\n\tselect=\"\"\n\tselectionChange=\"\">\n\t\t<tooltip></tooltip> <!-- sap.ui.core.TooltipBase -->\n\t\t<dependents></dependents> <!-- sap.ui.core.Control, since 1.19 -->\n\t\t<nodes></nodes><!-- sap.ui.commons.TreeNode -->\n</Tree>\n"},{"name":"sap.ui.commons.TreeNode","prefix":"TreeNode","description":"sap.ui.commons.TreeNode","helpDescription":"Tree node element","Deprecated":false,"Experimental":false,"template":"<TreeNode xmlns=\"sap.ui.commons\"\n\tid=\"${id}\"\n\ttext=\"\"\n\texpanded=\"true\"\n\thasExpander=\"false\"\n\ticon=\"\"\n\tisSelected=\"false\"\n\tselectable=\"true\"\n\ttoggleOpenState=\"\"\n\tselected=\"\">\n\t\t<tooltip></tooltip> <!-- sap.ui.core.TooltipBase -->\n\t\t<dependents></dependents> <!-- sap.ui.core.Control, since 1.19 -->\n\t\t<nodes></nodes><!-- sap.ui.commons.TreeNode -->\n</TreeNode>\n"},{"name":"sap.ui.commons.TriStateCheckBox","prefix":"TriStateCheckBox","description":"sap.ui.commons.TriStateCheckBox","helpDescription":"TriStateCheckBox to reflect mixed state for checkboxes. The control can display three states, namely checked, unchecked and mixed. However, mixed state cannot be directly reached by user interaction on the particular control.\nIt can be only set by the control's public toggle function, to make a behaviour possible which is e.g. required in checkbox trees.","Deprecated":false,"Experimental":false,"template":"<TriStateCheckBox xmlns=\"sap.ui.commons\"\n\tid=\"${id}\"\n\tselectionState=\"Unchecked\"\n\ttext=\"\"\n\tenabled=\"true\"\n\teditable=\"true\"\n\tvalueState=\"None\"\n\twidth=\"\"\n\ttextDirection=\"Inherit\"\n\tchange=\"\">\n\t\t<tooltip></tooltip> <!-- sap.ui.core.TooltipBase -->\n\t\t<dependents></dependents> <!-- sap.ui.core.Control, since 1.19 -->\n\t\t\n</TriStateCheckBox>\n"},{"name":"sap.ui.commons.ValueHelpField","prefix":"ValueHelpField","description":"sap.ui.commons.ValueHelpField","helpDescription":"A TextField with an attached icon which triggeres an event.","Deprecated":false,"Experimental":false,"template":"<ValueHelpField xmlns=\"sap.ui.commons\"\n\tid=\"${id}\"\n\tvalue=\"\"\n\ttextDirection=\"Inherit\"\n\tenabled=\"true\"\n\teditable=\"true\"\n\trequired=\"false\"\n\twidth=\"\"\n\tmaxLength=\"0\"\n\tvalueState=\"None\"\n\ttextAlign=\"Begin\"\n\timeMode=\"Auto\"\n\tdesign=\"Standard\"\n\thelpId=\"\"\n\taccessibleRole=\"Textbox\"\n\tname=\"\"\n\tplaceholder=\"\"\n\ticonURL=\"\"\n\ticonHoverURL=\"\"\n\ticonDisabledURL=\"\"\n\tchange=\"\"\n\tliveChange=\"\"\n\tvalueHelpRequest=\"\">\n\t\t<tooltip></tooltip> <!-- sap.ui.core.TooltipBase -->\n\t\t<dependents></dependents> <!-- sap.ui.core.Control, since 1.19 -->\n\t\t\n</ValueHelpField>\n"},{"name":"sap.ui.commons.form.Form","prefix":"Form","description":"sap.ui.commons.form.Form","helpDescription":"<strong style=\"color: red;\">Deprecated! </strong>Since 1.16.0 moved to sap.ui.layout library. Please use this one.<br>Form control.\nHolder for form control to be rendered in a specific form layout.\nA Form supports VariantLayoutData for it's conent to allow a simple switching of Layouts.","Deprecated":true,"Experimental":false,"template":"<form/Form xmlns=\"sap.ui.commons\"\n\tid=\"${id}\"\n\t\t<tooltip></tooltip> <!-- sap.ui.core.TooltipBase -->\n\t\t<dependents></dependents> <!-- sap.ui.core.Control, since 1.19 -->\n\t\t\n</form/Form>\n"},{"name":"sap.ui.commons.form.FormContainer","prefix":"FormContainer","description":"sap.ui.commons.form.FormContainer","helpDescription":"<strong style=\"color: red;\">Deprecated! </strong>Since 1.16.0 moved to sap.ui.layout library. Please use this one.<br>Used to group form elements.","Deprecated":true,"Experimental":false,"template":"<form/FormContainer xmlns=\"sap.ui.commons\"\n\tid=\"${id}\"\n\t\t<tooltip></tooltip> <!-- sap.ui.core.TooltipBase -->\n\t\t<dependents></dependents> <!-- sap.ui.core.Control, since 1.19 -->\n\t\t\n</form/FormContainer>\n"},{"name":"sap.ui.commons.form.FormElement","prefix":"FormElement","description":"sap.ui.commons.form.FormElement","helpDescription":"<strong style=\"color: red;\">Deprecated! </strong>Since 1.16.0 moved to sap.ui.layout library. Please use this one.<br>A form element is a combination of one label and different controls associated to this label.","Deprecated":true,"Experimental":false,"template":"<form/FormElement xmlns=\"sap.ui.commons\"\n\tid=\"${id}\"\n\t\t<tooltip></tooltip> <!-- sap.ui.core.TooltipBase -->\n\t\t<dependents></dependents> <!-- sap.ui.core.Control, since 1.19 -->\n\t\t\n</form/FormElement>\n"},{"name":"sap.ui.commons.form.FormLayout","prefix":"FormLayout","description":"sap.ui.commons.form.FormLayout","helpDescription":"<strong style=\"color: red;\">Deprecated! </strong>Since 1.16.0 moved to sap.ui.layout library. Please use this one.<br>Base layout for Forms.\nOther Layouts must inherit from this one.","Deprecated":true,"Experimental":false,"template":"<form/FormLayout xmlns=\"sap.ui.commons\"\n\tid=\"${id}\"\n\t\t<tooltip></tooltip> <!-- sap.ui.core.TooltipBase -->\n\t\t<dependents></dependents> <!-- sap.ui.core.Control, since 1.19 -->\n\t\t\n</form/FormLayout>\n"},{"name":"sap.ui.commons.form.GridContainerData","prefix":"GridContainerData","description":"sap.ui.commons.form.GridContainerData","helpDescription":"<strong style=\"color: red;\">Deprecated! </strong>Since 1.16.0 moved to sap.ui.layout library. Please use this one.<br>Grid layout specific properties for FormContainers.\nThe width and height properties of the elements are ignored since the witdh and heights are defined by the grid cells.","Deprecated":true,"Experimental":false,"template":"<form/GridContainerData xmlns=\"sap.ui.commons\"\n\tid=\"${id}\"\n\t\t<tooltip></tooltip> <!-- sap.ui.core.TooltipBase -->\n\t\t<dependents></dependents> <!-- sap.ui.core.Control, since 1.19 -->\n\t\t\n</form/GridContainerData>\n"},{"name":"sap.ui.commons.form.GridElementData","prefix":"GridElementData","description":"sap.ui.commons.form.GridElementData","helpDescription":"<strong style=\"color: red;\">Deprecated! </strong>Since 1.16.0 moved to sap.ui.layout library. Please use this one.<br>The grid specific layout data for FormElement fields.\nThe width property of the elements is ignored since the width is defined by grid cells.","Deprecated":true,"Experimental":false,"template":"<form/GridElementData xmlns=\"sap.ui.commons\"\n\tid=\"${id}\"\n\t\t<tooltip></tooltip> <!-- sap.ui.core.TooltipBase -->\n\t\t<dependents></dependents> <!-- sap.ui.core.Control, since 1.19 -->\n\t\t\n</form/GridElementData>\n"},{"name":"sap.ui.commons.form.GridLayout","prefix":"GridLayout","description":"sap.ui.commons.form.GridLayout","helpDescription":"<strong style=\"color: red;\">Deprecated! </strong>Since 1.16.0 moved to sap.ui.layout library. Please use this one.<br>This Layout implements a guideline 2.0 grid. This can be a 16 column grid or an 8 column grid.\n\nTo adjust the content inside the GridLayout GridContainerData and GridElementData could be used.","Deprecated":true,"Experimental":false,"template":"<form/GridLayout xmlns=\"sap.ui.commons\"\n\tid=\"${id}\"\n\t\t<tooltip></tooltip> <!-- sap.ui.core.TooltipBase -->\n\t\t<dependents></dependents> <!-- sap.ui.core.Control, since 1.19 -->\n\t\t\n</form/GridLayout>\n"},{"name":"sap.ui.commons.form.ResponsiveLayout","prefix":"ResponsiveLayout","description":"sap.ui.commons.form.ResponsiveLayout","helpDescription":"<strong style=\"color: red;\">Deprecated! </strong>Since 1.16.0 moved to sap.ui.layout library. Please use this one.<br>Renders a form with responsive layout. Internally the ResponsiveFlowLayout is used.","Deprecated":true,"Experimental":false,"template":"<form/ResponsiveLayout xmlns=\"sap.ui.commons\"\n\tid=\"${id}\"\n\t\t<tooltip></tooltip> <!-- sap.ui.core.TooltipBase -->\n\t\t<dependents></dependents> <!-- sap.ui.core.Control, since 1.19 -->\n\t\t\n</form/ResponsiveLayout>\n"},{"name":"sap.ui.commons.form.SimpleForm","prefix":"SimpleForm","description":"sap.ui.commons.form.SimpleForm","helpDescription":"<strong style=\"color: red;\">Deprecated! </strong>Since 1.16.0 moved to sap.ui.layout library. Please use this one.<br>Use the SimpleForm to create a form based on title, label and fields that are stacked in the content aggregation. Add Title to start a new FormContainer(Group). Add Label to start a new row in the container. Add Input/Display controls as needed. Use LayoutData to influence the layout for special cases in the Input/Display controls.","Deprecated":true,"Experimental":false,"template":"<form/SimpleForm xmlns=\"sap.ui.commons\"\n\tid=\"${id}\"\n\t\t<tooltip></tooltip> <!-- sap.ui.core.TooltipBase -->\n\t\t<dependents></dependents> <!-- sap.ui.core.Control, since 1.19 -->\n\t\t\n</form/SimpleForm>\n"},{"name":"sap.ui.commons.layout.AbsoluteLayout","prefix":"AbsoluteLayout","description":"sap.ui.commons.layout.AbsoluteLayout","helpDescription":"\nThe Absolute Layout positions its child controls absolutely","Deprecated":false,"Experimental":false,"template":"<layout/AbsoluteLayout xmlns=\"sap.ui.commons\"\n\tid=\"${id}\"\n\twidth=\"100%\"\n\theight=\"100%\"\n\tverticalScrolling=\"Hidden\"\n\thorizontalScrolling=\"Hidden\">\n\t\t<tooltip></tooltip> <!-- sap.ui.core.TooltipBase -->\n\t\t<dependents></dependents> <!-- sap.ui.core.Control, since 1.19 -->\n\t\t<positions></positions><!-- sap.ui.commons.layout.PositionContainer -->\n</layout/AbsoluteLayout>\n"},{"name":"sap.ui.commons.layout.BorderLayout","prefix":"BorderLayout","description":"sap.ui.commons.layout.BorderLayout","helpDescription":"Based upon the border layout as it comes with the Java standard. Using this layout, you are able to divide your available UI space into five areas whose sizes can be defined. These areas are: Top: Header; Bottom: Footer; Begin: Left/right-hand side panel; Center: Content area\nin the middle; End: Right/left-hand side panel.","Deprecated":false,"Experimental":false,"template":"<layout/BorderLayout xmlns=\"sap.ui.commons\"\n\tid=\"${id}\"\n\trtl=\"false\"\n\twidth=\"100%\"\n\theight=\"100%\">\n\t\t<tooltip></tooltip> <!-- sap.ui.core.TooltipBase -->\n\t\t<dependents></dependents> <!-- sap.ui.core.Control, since 1.19 -->\n\t\t<top></top><!-- sap.ui.commons.layout.BorderLayoutArea -->\n\t<begin></begin><!-- sap.ui.commons.layout.BorderLayoutArea -->\n\t<center></center><!-- sap.ui.commons.layout.BorderLayoutArea -->\n\t<end></end><!-- sap.ui.commons.layout.BorderLayoutArea -->\n\t<bottom></bottom><!-- sap.ui.commons.layout.BorderLayoutArea -->\n</layout/BorderLayout>\n"},{"name":"sap.ui.commons.layout.BorderLayoutArea","prefix":"BorderLayoutArea","description":"sap.ui.commons.layout.BorderLayoutArea","helpDescription":"The BorderLayoutArea represents one area of a BorderLayout","Deprecated":false,"Experimental":false,"template":"<layout/BorderLayoutArea xmlns=\"sap.ui.commons\"\n\tid=\"${id}\"\n\tareaId=\"top\"\n\toverflowX=\"auto\"\n\toverflowY=\"auto\"\n\tcontentAlign=\"left\"\n\tsize=\"100px\"\n\tvisible=\"true\">\n\t\t<tooltip></tooltip> <!-- sap.ui.core.TooltipBase -->\n\t\t<dependents></dependents> <!-- sap.ui.core.Control, since 1.19 -->\n\t\t<content></content><!-- sap.ui.core.Control -->\n</layout/BorderLayoutArea>\n"},{"name":"sap.ui.commons.layout.HorizontalLayout","prefix":"HorizontalLayout","description":"sap.ui.commons.layout.HorizontalLayout","helpDescription":"A layout that provides support for horizontal alignment of controls","Deprecated":false,"Experimental":false,"template":"<layout/HorizontalLayout xmlns=\"sap.ui.commons\"\n\tid=\"${id}\"\n\t\t<tooltip></tooltip> <!-- sap.ui.core.TooltipBase -->\n\t\t<dependents></dependents> <!-- sap.ui.core.Control, since 1.19 -->\n\t\t\n</layout/HorizontalLayout>\n"},{"name":"sap.ui.commons.layout.MatrixLayout","prefix":"MatrixLayout","description":"sap.ui.commons.layout.MatrixLayout","helpDescription":"\n<p>\nA matrix layout arranges controls in a grid structure, using rows which\nneed not have the same number of cells.\n</p>\n\n<p>\nIt uses predefined cell classes that guarantee appropriate distances\nbetween cells in the grid. The cell's <code>vGutter</code> property lets\nyou specify additional horizontal distances easily. You can set these\nadditional distances (known as gutters) with or without separators.\nThe distance for each cell is specified by assigning a specific\nenumeration value of the class <code>LayoutCellSeparator</code> of the\nmatrix data object.\n</p>\n\n<p>\nYou should <b>avoid nesting</b> matrix layouts. You should only use a\nmatrix layout if you need to align controls horizontally across rows.\n</p>","Deprecated":false,"Experimental":false,"template":"<layout/MatrixLayout xmlns=\"sap.ui.commons\"\n\tid=\"${id}\"\n\twidth=\"\"\n\theight=\"\"\n\tlayoutFixed=\"true\"\n\tcolumns=\"\"\n\twidths=\"\">\n\t\t<tooltip></tooltip> <!-- sap.ui.core.TooltipBase -->\n\t\t<dependents></dependents> <!-- sap.ui.core.Control, since 1.19 -->\n\t\t<rows></rows><!-- sap.ui.commons.layout.MatrixLayoutRow -->\n</layout/MatrixLayout>\n"},{"name":"sap.ui.commons.layout.MatrixLayoutCell","prefix":"MatrixLayoutCell","description":"sap.ui.commons.layout.MatrixLayoutCell","helpDescription":"\nNon-control element used as part of a matrix layout's inner structure.","Deprecated":false,"Experimental":false,"template":"<layout/MatrixLayoutCell xmlns=\"sap.ui.commons\"\n\tid=\"${id}\"\n\tbackgroundDesign=\"Transparent\"\n\tcolSpan=\"1\"\n\thAlign=\"Begin\"\n\tpadding=\"End\"\n\trowSpan=\"1\"\n\tseparation=\"None\"\n\tvAlign=\"Middle\">\n\t\t<tooltip></tooltip> <!-- sap.ui.core.TooltipBase -->\n\t\t<dependents></dependents> <!-- sap.ui.core.Control, since 1.19 -->\n\t\t<content></content><!-- sap.ui.core.Control -->\n</layout/MatrixLayoutCell>\n"},{"name":"sap.ui.commons.layout.MatrixLayoutRow","prefix":"MatrixLayoutRow","description":"sap.ui.commons.layout.MatrixLayoutRow","helpDescription":"\nNon-control element used as part of a matrix layout's inner structure.","Deprecated":false,"Experimental":false,"template":"<layout/MatrixLayoutRow xmlns=\"sap.ui.commons\"\n\tid=\"${id}\"\n\theight=\"\">\n\t\t<tooltip></tooltip> <!-- sap.ui.core.TooltipBase -->\n\t\t<dependents></dependents> <!-- sap.ui.core.Control, since 1.19 -->\n\t\t<cells></cells><!-- sap.ui.commons.layout.MatrixLayoutCell -->\n</layout/MatrixLayoutRow>\n"},{"name":"sap.ui.commons.layout.PositionContainer","prefix":"PositionContainer","description":"sap.ui.commons.layout.PositionContainer","helpDescription":"Is used to specify the position of a control in the AbsoluteLayout","Deprecated":false,"Experimental":false,"template":"<layout/PositionContainer xmlns=\"sap.ui.commons\"\n\tid=\"${id}\"\n\ttop=\"\"\n\tbottom=\"\"\n\tleft=\"\"\n\tright=\"\"\n\tcenterHorizontally=\"false\"\n\tcenterVertically=\"false\">\n\t\t<tooltip></tooltip> <!-- sap.ui.core.TooltipBase -->\n\t\t<dependents></dependents> <!-- sap.ui.core.Control, since 1.19 -->\n\t\t<control></control><!-- sap.ui.core.Control -->\n</layout/PositionContainer>\n"},{"name":"sap.ui.commons.layout.ResponsiveFlowLayout","prefix":"ResponsiveFlowLayout","description":"sap.ui.commons.layout.ResponsiveFlowLayout","helpDescription":"<strong style=\"color: red;\">Deprecated! </strong>Since 1.16.0 moved to sap.ui.layout library. Please use this one.<br>This is a layout where several controls can be added. These controls are blown up to fit a whole line. If the window resizes the controls are moved between the lines and resized again.","Deprecated":true,"Experimental":false,"template":"<layout/ResponsiveFlowLayout xmlns=\"sap.ui.commons\"\n\tid=\"${id}\"\n\t\t<tooltip></tooltip> <!-- sap.ui.core.TooltipBase -->\n\t\t<dependents></dependents> <!-- sap.ui.core.Control, since 1.19 -->\n\t\t\n</layout/ResponsiveFlowLayout>\n"},{"name":"sap.ui.commons.layout.ResponsiveFlowLayoutData","prefix":"ResponsiveFlowLayoutData","description":"sap.ui.commons.layout.ResponsiveFlowLayoutData","helpDescription":"<strong style=\"color: red;\">Deprecated! </strong>Since 1.16.0 moved to sap.ui.layout library. Please use this one.<br>This is a LayoutData Element that can be added to a control if this control is used within a ResponsiveFlowLayout","Deprecated":true,"Experimental":false,"template":"<layout/ResponsiveFlowLayoutData xmlns=\"sap.ui.commons\"\n\tid=\"${id}\"\n\t\t<tooltip></tooltip> <!-- sap.ui.core.TooltipBase -->\n\t\t<dependents></dependents> <!-- sap.ui.core.Control, since 1.19 -->\n\t\t\n</layout/ResponsiveFlowLayoutData>\n"},{"name":"sap.ui.commons.layout.VerticalLayout","prefix":"VerticalLayout","description":"sap.ui.commons.layout.VerticalLayout","helpDescription":"<strong style=\"color: red;\">Deprecated! </strong>Since 1.16.0 Moved to sap.ui.layout library. Please use this one.<br>In this layout the elemnts are orderd one below the other","Deprecated":true,"Experimental":false,"template":"<layout/VerticalLayout xmlns=\"sap.ui.commons\"\n\tid=\"${id}\"\n\t\t<tooltip></tooltip> <!-- sap.ui.core.TooltipBase -->\n\t\t<dependents></dependents> <!-- sap.ui.core.Control, since 1.19 -->\n\t\t\n</layout/VerticalLayout>\n"}]}