{"XML_KEYWORDS":["sap.ui.rta.ContextMenu","sap.ui.rta.FieldRepository","sap.ui.rta.RuntimeAuthoring","sap.ui.rta.ToolsMenu"],"XML_TEMPLATES":[{"name":"sap.ui.rta.ContextMenu","prefix":"ContextMenu","description":"sap.ui.rta.ContextMenu","helpDescription":"<strong style=\"color: red;\">Experimental! </strong>","Deprecated":false,"Experimental":true,"template":"<ContextMenu xmlns=\"sap.ui.rta\"\n\tid=\"${id}\"\n\t\t<tooltip></tooltip> <!-- sap.ui.core.TooltipBase -->\n\t\t<dependents></dependents> <!-- sap.ui.core.Control, since 1.19 -->\n\t\t\n</ContextMenu>\n"},{"name":"sap.ui.rta.FieldRepository","prefix":"FieldRepository","description":"sap.ui.rta.FieldRepository","helpDescription":"<strong style=\"color: red;\">Experimental! </strong>","Deprecated":false,"Experimental":true,"template":"<FieldRepository xmlns=\"sap.ui.rta\"\n\tid=\"${id}\"\n\topened=\"\"\n\tclosed=\"\"\n\topenCCF=\"\">\n\t\t<tooltip></tooltip> <!-- sap.ui.core.TooltipBase -->\n\t\t<dependents></dependents> <!-- sap.ui.core.Control, since 1.19 -->\n\t\t\n</FieldRepository>\n"},{"name":"sap.ui.rta.RuntimeAuthoring","prefix":"RuntimeAuthoring","description":"sap.ui.rta.RuntimeAuthoring","helpDescription":"<strong style=\"color: red;\">Experimental! </strong>","Deprecated":false,"Experimental":true,"template":"<RuntimeAuthoring xmlns=\"sap.ui.rta\"\n\tid=\"${id}\"\n\tcustomFieldUrl=\"\"\n\tshowCCF=\"\"\n\tstart=\"\"\n\tstop=\"\">\n\t\t<tooltip></tooltip> <!-- sap.ui.core.TooltipBase -->\n\t\t<dependents></dependents> <!-- sap.ui.core.Control, since 1.19 -->\n\t\t\n</RuntimeAuthoring>\n"},{"name":"sap.ui.rta.ToolsMenu","prefix":"ToolsMenu","description":"sap.ui.rta.ToolsMenu","helpDescription":"<strong style=\"color: red;\">Experimental! </strong>","Deprecated":false,"Experimental":true,"template":"<ToolsMenu xmlns=\"sap.ui.rta\"\n\tid=\"${id}\"\n\tclose=\"\"\n\tselectedTool=\"\">\n\t\t<tooltip></tooltip> <!-- sap.ui.core.TooltipBase -->\n\t\t<dependents></dependents> <!-- sap.ui.core.Control, since 1.19 -->\n\t\t<toolbars></toolbars><!-- sap.m.Toolbar -->\n</ToolsMenu>\n"}]}