{"XML_KEYWORDS":["sap.ui.comp.filterbar.FilterBar","sap.ui.comp.filterbar.FilterGroupItem","sap.ui.comp.filterbar.FilterItem","sap.ui.comp.navpopover.LinkData","sap.ui.comp.navpopover.NavigationPopover","sap.ui.comp.navpopover.SemanticObjectController","sap.ui.comp.navpopover.SmartLink","sap.ui.comp.odata.FieldSelector","sap.ui.comp.personalization.BaseController","sap.ui.comp.smartfield.Configuration","sap.ui.comp.smartfield.SmartField","sap.ui.comp.smartfield.SmartLabel","sap.ui.comp.smartfield.type.AbapBool","sap.ui.comp.smartfilterbar.ControlConfiguration","sap.ui.comp.smartfilterbar.GroupConfiguration","sap.ui.comp.smartfilterbar.SelectOption","sap.ui.comp.smartfilterbar.SmartFilterBar","sap.ui.comp.smartform.Group","sap.ui.comp.smartform.GroupElement","sap.ui.comp.smartform.Layout","sap.ui.comp.smartform.SmartForm","sap.ui.comp.smartform.flexibility.DialogContent","sap.ui.comp.smartform.flexibility.FieldList","sap.ui.comp.smartform.flexibility.FieldListNode","sap.ui.comp.smartform.flexibility.Input","sap.ui.comp.smarttable.SmartTable","sap.ui.comp.smartvariants.PersonalizableInfo","sap.ui.comp.smartvariants.SmartVariantManagement","sap.ui.comp.smartvariants.SmartVariantManagementUi2","sap.ui.comp.transport.TransportDialog","sap.ui.comp.valuehelpdialog.ValueHelpDialog","sap.ui.comp.variants.EditableVariantItem","sap.ui.comp.variants.VariantItem","sap.ui.comp.variants.VariantManagement"],"XML_TEMPLATES":[{"name":"sap.ui.comp.filterbar.FilterBar","prefix":"FilterBar","description":"sap.ui.comp.filterbar.FilterBar","helpDescription":"The FilterBar control displays filters in a user-friendly manner to populate values for a query. The FilterBar consists of a row containing the variant management control, the related buttons, and an area underneath displaying the filters.\nThe filters are arranged in a logical row that is divided depending on the space available and the width of the filters.\nThe area containing the filters can be hidden or shown using the HideFilterBar/ShowFilterBar button. The 'Go' button triggers the search event, and the 'Filters' button shows the filter dialog. In this dialog, the user has full control over the filter bar. The filters in this dialog are displayed in one column and organized in groups. The filter items of the filterItems aggregation are grouped in the 'Basic' group . Each filter can be marked as visible in the filter bar by selecting 'Add to Filter Bar'. In addition, the items in the 'filterGroupItems' aggregation can be marked as a part of the current variant.\nThe variant management control will be displayed above the filters.\nThe FilterBar also supports a different UI layout when used inside a value help dialog. In this case the FilterBar consists of two logical areas, one containing the general search button and in the s.c. 'Advanced Search' area.\nThe 'Advanced Search' is a collapsible area displaying the advanced filters in two columns.","Deprecated":false,"Experimental":false,"template":"<filterbar/FilterBar xmlns=\"sap.ui.comp\"\n\tid=\"${id}\"\n\tpersistencyKey=\"\"\n\tadvancedMode=\"false\"\n\texpandAdvancedArea=\"false\"\n\tsearchEnabled=\"true\"\n\tfilterBarExpanded=\"true\"\n\tconsiderGroupTitle=\"false\"\n\tshowClearButton=\"false\"\n\tshowRestoreButton=\"true\"\n\tshowGoOnFB=\"true\"\n\tshowRestoreOnFB=\"false\"\n\tshowClearOnFB=\"false\"\n\tshowGoButton=\"\"\n\tcancel=\"\"\n\treset=\"\"\n\tsearch=\"\"\n\tbeforeVariantSave=\"\"\n\tafterVariantLoad=\"\"\n\tfilterChange=\"\"\n\tclear=\"\"\n\tinitialise=\"\"\n\tafterVariantSave=\"\">\n\t\t<tooltip></tooltip> <!-- sap.ui.core.TooltipBase -->\n\t\t<dependents></dependents> <!-- sap.ui.core.Control, since 1.19 -->\n\t\t<filterItems></filterItems><!-- sap.ui.comp.filterbar.FilterItem -->\n\t<filterGroupItems></filterGroupItems><!-- sap.ui.comp.filterbar.FilterGroupItem -->\n</filterbar/FilterBar>\n"},{"name":"sap.ui.comp.filterbar.FilterGroupItem","prefix":"FilterGroupItem","description":"sap.ui.comp.filterbar.FilterGroupItem","helpDescription":"representation for a filter field in the advanced area. Has the same semantical meaning as the new visible in filter bar property.","Deprecated":false,"Experimental":false,"template":"<filterbar/FilterGroupItem xmlns=\"sap.ui.comp\"\n\tid=\"${id}\"\n\tlabel=\"\"\n\tname=\"\"\n\tmandatory=\"false\"\n\tvisible=\"true\"\n\tlabelTooltip=\"\"\n\tpartOfCurrentVariant=\"false\"\n\tvisibleInFilterBar=\"true\"\n\tgroupTitle=\"\"\n\tgroupName=\"\"\n\tvisibleInAdvancedArea=\"false\"\n\tchange=\"\">\n\t\t<tooltip></tooltip> <!-- sap.ui.core.TooltipBase -->\n\t\t<dependents></dependents> <!-- sap.ui.core.Control, since 1.19 -->\n\t\t<control></control><!-- sap.ui.core.Control -->\n</filterbar/FilterGroupItem>\n"},{"name":"sap.ui.comp.filterbar.FilterItem","prefix":"FilterItem","description":"sap.ui.comp.filterbar.FilterItem","helpDescription":"FilterItem represents a selection filed in the basic area of the FilterBar control","Deprecated":false,"Experimental":false,"template":"<filterbar/FilterItem xmlns=\"sap.ui.comp\"\n\tid=\"${id}\"\n\tlabel=\"\"\n\tname=\"\"\n\tmandatory=\"false\"\n\tvisible=\"true\"\n\tlabelTooltip=\"\"\n\tpartOfCurrentVariant=\"false\"\n\tvisibleInFilterBar=\"true\"\n\tchange=\"\">\n\t\t<tooltip></tooltip> <!-- sap.ui.core.TooltipBase -->\n\t\t<dependents></dependents> <!-- sap.ui.core.Control, since 1.19 -->\n\t\t<control></control><!-- sap.ui.core.Control -->\n</filterbar/FilterItem>\n"},{"name":"sap.ui.comp.navpopover.LinkData","prefix":"LinkData","description":"sap.ui.comp.navpopover.LinkData","helpDescription":"Stores display text together with a navigation target hyperlink.","Deprecated":false,"Experimental":false,"template":"<navpopover/LinkData xmlns=\"sap.ui.comp\"\n\tid=\"${id}\"\n\ttext=\"\"\n\thref=\"\">\n\t\t<tooltip></tooltip> <!-- sap.ui.core.TooltipBase -->\n\t\t<dependents></dependents> <!-- sap.ui.core.Control, since 1.19 -->\n\t\t\n</navpopover/LinkData>\n"},{"name":"sap.ui.comp.navpopover.NavigationPopover","prefix":"NavigationPopover","description":"sap.ui.comp.navpopover.NavigationPopover","helpDescription":"The NavigationPopover allows navigating to different destinations by providing links on a popover","Deprecated":false,"Experimental":false,"template":"<navpopover/NavigationPopover xmlns=\"sap.ui.comp\"\n\tid=\"${id}\"\n\ttitle=\"\"\n\tsemanticObjectName=\"\"\n\tsemanticAttributes=\"\"\n\tappStateKey=\"\"\n\tmainNavigationId=\"\"\n\ttargetsObtained=\"\"\n\tnavigate=\"\">\n\t\t<tooltip></tooltip> <!-- sap.ui.core.TooltipBase -->\n\t\t<dependents></dependents> <!-- sap.ui.core.Control, since 1.19 -->\n\t\t<availableActions></availableActions><!-- sap.ui.comp.navpopover.LinkData -->\n\t<mainNavigation></mainNavigation><!-- sap.ui.comp.navpopover.LinkData -->\n\t<ownNavigation></ownNavigation><!-- sap.ui.comp.navpopover.LinkData -->\n</navpopover/NavigationPopover>\n"},{"name":"sap.ui.comp.navpopover.SemanticObjectController","prefix":"SemanticObjectController","description":"sap.ui.comp.navpopover.SemanticObjectController","helpDescription":"The SemanticObjectController allows the user to register against semantic object navigation events as well as define semantic objects which should be ignored.","Deprecated":false,"Experimental":false,"template":"<navpopover/SemanticObjectController xmlns=\"sap.ui.comp\"\n\tid=\"${id}\"\n\tignoredFields=\"\"\n\tprefetchNavigationTargets=\"false\"\n\tfieldSemanticObjectMap=\"\"\n\tentitySet=\"\"\n\tnavigationTargetsObtained=\"\"\n\tbeforePopoverOpens=\"\"\n\tnavigate=\"\"\n\tprefetchDone=\"\">\n\t\t<tooltip></tooltip> <!-- sap.ui.core.TooltipBase -->\n\t\t<dependents></dependents> <!-- sap.ui.core.Control, since 1.19 -->\n\t\t\n</navpopover/SemanticObjectController>\n"},{"name":"sap.ui.comp.navpopover.SmartLink","prefix":"SmartLink","description":"sap.ui.comp.navpopover.SmartLink","helpDescription":"The SmartLink control uses a semantic object to display a Navigation Popover for further navigation steps.","Deprecated":false,"Experimental":false,"template":"<navpopover/SmartLink xmlns=\"sap.ui.comp\"\n\tid=\"${id}\"\n\tsemanticObject=\"\"\n\tsemanticObjectController=\"\"\n\tfieldName=\"\"\n\tsemanticObjectLabel=\"\"\n\tcreateControlCallback=\"\"\n\tmapFieldToSemanticObject=\"true\"\n\tignoreLinkRendering=\"false\"\n\tbeforePopoverOpens=\"\"\n\tnavigationTargetsObtained=\"\"\n\tinnerNavigate=\"\">\n\t\t<tooltip></tooltip> <!-- sap.ui.core.TooltipBase -->\n\t\t<dependents></dependents> <!-- sap.ui.core.Control, since 1.19 -->\n\t\t<innerControl></innerControl><!-- sap.ui.core.Control -->\n</navpopover/SmartLink>\n"},{"name":"sap.ui.comp.odata.FieldSelector","prefix":"FieldSelector","description":"sap.ui.comp.odata.FieldSelector","helpDescription":"Reuse control which displays the properties of OData entity sets.","Deprecated":false,"Experimental":false,"template":"<odata/FieldSelector xmlns=\"sap.ui.comp\"\n\tid=\"${id}\"\n\tshowSearchBar=\"true\"\n\tfieldSelectionChanged=\"\">\n\t\t<tooltip></tooltip> <!-- sap.ui.core.TooltipBase -->\n\t\t<dependents></dependents> <!-- sap.ui.core.Control, since 1.19 -->\n\t\t<content></content><!-- sap.ui.core.Control -->\n</odata/FieldSelector>\n"},{"name":"sap.ui.comp.personalization.BaseController","prefix":"BaseController","description":"sap.ui.comp.personalization.BaseController","helpDescription":"An abstract class for personalization Controllers.","Deprecated":false,"Experimental":false,"template":"<personalization/BaseController xmlns=\"sap.ui.comp\"\n\tid=\"${id}\"\n\ttype=\"\"\n\tmodel=\"\"\n\tpersistentDataRestore=\"\"\n\tbeforePotentialTableChange=\"\"\n\tafterPotentialTableChange=\"\">\n\t\t<tooltip></tooltip> <!-- sap.ui.core.TooltipBase -->\n\t\t<dependents></dependents> <!-- sap.ui.core.Control, since 1.19 -->\n\t\t\n</personalization/BaseController>\n"},{"name":"sap.ui.comp.smartfield.Configuration","prefix":"Configuration","description":"sap.ui.comp.smartfield.Configuration","helpDescription":"The configuration allows to further define the behaviour of a SmartField.","Deprecated":false,"Experimental":false,"template":"<smartfield/Configuration xmlns=\"sap.ui.comp\"\n\tid=\"${id}\"\n\tcontrolType=\"\"\n\tdisplayBehaviour=\"\">\n\t\t<tooltip></tooltip> <!-- sap.ui.core.TooltipBase -->\n\t\t<dependents></dependents> <!-- sap.ui.core.Control, since 1.19 -->\n\t\t\n</smartfield/Configuration>\n"},{"name":"sap.ui.comp.smartfield.SmartField","prefix":"SmartField","description":"sap.ui.comp.smartfield.SmartField","helpDescription":"The SmartField Control is a wrapper for other controls. It interprets OData meta data to determine the control that has to be\n       instantiated. The OData entity is deduced from the control's binding context. The OData entity's property that is changed or\n       displayed with the control is deduced from the control's value property. The control's value property can also be bound to a\n       property of a JSON model. In this case the SmartField uses its jsontype property to determine the control to be created.","Deprecated":false,"Experimental":false,"template":"<smartfield/SmartField xmlns=\"sap.ui.comp\"\n\tid=\"${id}\"\n\tvalue=\"\"\n\tenabled=\"true\"\n\tentitySet=\"\"\n\teditable=\"true\"\n\twidth=\"\"\n\ttextAlign=\"\"\n\tplaceholder=\"\"\n\tname=\"\"\n\tvalueState=\"None\"\n\tvalueStateText=\"\"\n\tshowValueStateMessage=\"true\"\n\tjsontype=\"\"\n\tmandatory=\"false\"\n\tmaxLength=\"0\"\n\tshowSuggestion=\"true\"\n\tshowValueHelp=\"true\"\n\tshowLabel=\"true\"\n\ttextLabel=\"\"\n\ttooltipLabel=\"\"\n\tuomVisible=\"true\"\n\tuomEnabled=\"true\"\n\turl=\"\"\n\tentitySetFound=\"\"\n\tchange=\"\"\n\tinitialise=\"\"\n\tvisibleChanged=\"\"\n\tinnerControlsCreated=\"\">\n\t\t<tooltip></tooltip> <!-- sap.ui.core.TooltipBase -->\n\t\t<dependents></dependents> <!-- sap.ui.core.Control, since 1.19 -->\n\t\t<_content></_content><!-- sap.ui.core.Control -->\n\t<configuration></configuration><!-- sap.ui.comp.smartfield.Configuration -->\n</smartfield/SmartField>\n"},{"name":"sap.ui.comp.smartfield.SmartLabel","prefix":"SmartLabel","description":"sap.ui.comp.smartfield.SmartLabel","helpDescription":"is a wrapper for the sap.m.Label and used with the SmartField-Control","Deprecated":false,"Experimental":false,"template":"<smartfield/SmartLabel xmlns=\"sap.ui.comp\"\n\tid=\"${id}\"\n\t\t<tooltip></tooltip> <!-- sap.ui.core.TooltipBase -->\n\t\t<dependents></dependents> <!-- sap.ui.core.Control, since 1.19 -->\n\t\t\n</smartfield/SmartLabel>\n"},{"name":"sap.ui.comp.smartfield.type.AbapBool","prefix":"AbapBool","description":"sap.ui.comp.smartfield.type.AbapBool","helpDescription":"ABAP Boolean data type.","Deprecated":false,"Experimental":false,"template":"<smartfield/type.AbapBool xmlns=\"sap.ui.comp\"\n\tid=\"${id}\"\n\t\t<tooltip></tooltip> <!-- sap.ui.core.TooltipBase -->\n\t\t<dependents></dependents> <!-- sap.ui.core.Control, since 1.19 -->\n\t\t\n</smartfield/type.AbapBool>\n"},{"name":"sap.ui.comp.smartfilterbar.ControlConfiguration","prefix":"ControlConfiguration","description":"sap.ui.comp.smartfilterbar.ControlConfiguration","helpDescription":"A ControlConfiguration can be used to add additional configuration for filter fields in the SmartFilterBar, in order to overwrite the default settings from the OData metadata. For instance it is possible to change the label, index or control type of a filter field.","Deprecated":false,"Experimental":false,"template":"<smartfilterbar/ControlConfiguration xmlns=\"sap.ui.comp\"\n\tid=\"${id}\"\n\tkey=\"\"\n\tgroupId=\"\"\n\tlabel=\"\"\n\tvisible=\"true\"\n\thasValueHelpDialog=\"true\"\n\tcontrolType=\"auto\"\n\tfilterType=\"auto\"\n\tindex=\"undefined\"\n\thasTypeAhead=\"true\"\n\tmandatory=\"auto\"\n\twidth=\"\"\n\tvisibleInAdvancedArea=\"false\"\n\tpreventInitialDataFetchInValueHelpDialog=\"true\"\n\tdisplayBehaviour=\"auto\"\n\tchange=\"\">\n\t\t<tooltip></tooltip> <!-- sap.ui.core.TooltipBase -->\n\t\t<dependents></dependents> <!-- sap.ui.core.Control, since 1.19 -->\n\t\t<defaultFilterValues></defaultFilterValues><!-- sap.ui.comp.smartfilterbar.SelectOption -->\n\t<customControl></customControl><!-- sap.ui.core.Control -->\n</smartfilterbar/ControlConfiguration>\n"},{"name":"sap.ui.comp.smartfilterbar.GroupConfiguration","prefix":"GroupConfiguration","description":"sap.ui.comp.smartfilterbar.GroupConfiguration","helpDescription":"A GroupConfiguration can be used to add additional configurations for groups in the SmartFilterBar. A group in the SmartFilterBar is a group of filter fields in the advanced search.","Deprecated":false,"Experimental":false,"template":"<smartfilterbar/GroupConfiguration xmlns=\"sap.ui.comp\"\n\tid=\"${id}\"\n\tkey=\"\"\n\tindex=\"undefined\"\n\tlabel=\"undefined\"\n\tchange=\"\">\n\t\t<tooltip></tooltip> <!-- sap.ui.core.TooltipBase -->\n\t\t<dependents></dependents> <!-- sap.ui.core.Control, since 1.19 -->\n\t\t\n</smartfilterbar/GroupConfiguration>\n"},{"name":"sap.ui.comp.smartfilterbar.SelectOption","prefix":"SelectOption","description":"sap.ui.comp.smartfilterbar.SelectOption","helpDescription":"A Select Option can be used to specify default filter values for a control configuration of the SmartFilterBar.","Deprecated":false,"Experimental":false,"template":"<smartfilterbar/SelectOption xmlns=\"sap.ui.comp\"\n\tid=\"${id}\"\n\tsign=\"I\"\n\toperator=\"EQ\"\n\tlow=\"\"\n\thigh=\"\">\n\t\t<tooltip></tooltip> <!-- sap.ui.core.TooltipBase -->\n\t\t<dependents></dependents> <!-- sap.ui.core.Control, since 1.19 -->\n\t\t\n</smartfilterbar/SelectOption>\n"},{"name":"sap.ui.comp.smartfilterbar.SmartFilterBar","prefix":"SmartFilterBar","description":"sap.ui.comp.smartfilterbar.SmartFilterBar","helpDescription":"The SmartFilterBar uses the OData metadata of an entity type in order to create a FilterBar. It is automatically determined which fields\n       will be used for the filter bar, if the fields support TypeAhead etc. Using control configurations and group configurations it is\n       possible to configure the filter bar and adapt it according to your needs.","Deprecated":false,"Experimental":false,"template":"<smartfilterbar/SmartFilterBar xmlns=\"sap.ui.comp\"\n\tid=\"${id}\"\n\tpersistencyKey=\"\"\n\tadvancedMode=\"false\"\n\texpandAdvancedArea=\"false\"\n\tsearchEnabled=\"true\"\n\tfilterBarExpanded=\"true\"\n\tconsiderGroupTitle=\"false\"\n\tshowClearButton=\"false\"\n\tshowRestoreButton=\"true\"\n\tshowGoOnFB=\"true\"\n\tshowRestoreOnFB=\"false\"\n\tshowClearOnFB=\"false\"\n\tshowGoButton=\"\"\n\tentityType=\"\"\n\tresourceUri=\"\"\n\tbasicSearchFieldName=\"\"\n\tenableBasicSearch=\"false\"\n\tcancel=\"\"\n\treset=\"\"\n\tsearch=\"\"\n\tbeforeVariantSave=\"\"\n\tafterVariantLoad=\"\"\n\tfilterChange=\"\"\n\tclear=\"\"\n\tinitialise=\"\"\n\tafterVariantSave=\"\">\n\t\t<tooltip></tooltip> <!-- sap.ui.core.TooltipBase -->\n\t\t<dependents></dependents> <!-- sap.ui.core.Control, since 1.19 -->\n\t\t<filterItems></filterItems><!-- sap.ui.comp.filterbar.FilterItem -->\n\t<filterGroupItems></filterGroupItems><!-- sap.ui.comp.filterbar.FilterGroupItem -->\n\t<controlConfiguration></controlConfiguration><!-- sap.ui.comp.smartfilterbar.ControlConfiguration -->\n\t<groupConfiguration></groupConfiguration><!-- sap.ui.comp.smartfilterbar.GroupConfiguration -->\n</smartfilterbar/SmartFilterBar>\n"},{"name":"sap.ui.comp.smartform.Group","prefix":"Group","description":"sap.ui.comp.smartform.Group","helpDescription":"Groups are used to group group elements.","Deprecated":false,"Experimental":false,"template":"<smartform/Group xmlns=\"sap.ui.comp\"\n\tid=\"${id}\"\n\tuseHorizontalLayout=\"\"\n\thorizontalLayoutGroupElementMinWidth=\"\"\n\tlabel=\"\">\n\t\t<tooltip></tooltip> <!-- sap.ui.core.TooltipBase -->\n\t\t<dependents></dependents> <!-- sap.ui.core.Control, since 1.19 -->\n\t\t<groupElements></groupElements><!-- sap.ui.comp.smartform.GroupElement -->\n\t<layout></layout><!-- sap.ui.layout.GridData -->\n</smartform/Group>\n"},{"name":"sap.ui.comp.smartform.GroupElement","prefix":"GroupElement","description":"sap.ui.comp.smartform.GroupElement","helpDescription":"A GroupElement is a combination of one label and different controls associated to this label.","Deprecated":false,"Experimental":false,"template":"<smartform/GroupElement xmlns=\"sap.ui.comp\"\n\tid=\"${id}\"\n\tuseHorizontalLayout=\"\"\n\thorizontalLayoutGroupElementMinWidth=\"\"\n\telementForLabel=\"0\">\n\t\t<tooltip></tooltip> <!-- sap.ui.core.TooltipBase -->\n\t\t<dependents></dependents> <!-- sap.ui.core.Control, since 1.19 -->\n\t\t<elements></elements><!-- sap.ui.core.Control -->\n</smartform/GroupElement>\n"},{"name":"sap.ui.comp.smartform.Layout","prefix":"Layout","description":"sap.ui.comp.smartform.Layout","helpDescription":"Layout settings to adjust ResponsiveGridLayout.","Deprecated":false,"Experimental":false,"template":"<smartform/Layout xmlns=\"sap.ui.comp\"\n\tid=\"${id}\"\n\tlabelSpanL=\"\"\n\tlabelSpanM=\"\"\n\tlabelSpanS=\"\"\n\temptySpanL=\"\"\n\temptySpanM=\"\"\n\temptySpanS=\"\"\n\tcolumnsL=\"\"\n\tcolumnsM=\"\"\n\tbreakpointL=\"\"\n\tbreakpointM=\"\">\n\t\t<tooltip></tooltip> <!-- sap.ui.core.TooltipBase -->\n\t\t<dependents></dependents> <!-- sap.ui.core.Control, since 1.19 -->\n\t\t\n</smartform/Layout>\n"},{"name":"sap.ui.comp.smartform.SmartForm","prefix":"SmartForm","description":"sap.ui.comp.smartform.SmartForm","helpDescription":"The SmartForm renders a form (sap.ui.layout.form.Form) and makes use of OData metadata annotations. If the controls to be displayed\n       inside the form are bound to an OData model the label is taken from the metadata annotation (sap:label) if not specified in the XML\n       view.","Deprecated":false,"Experimental":false,"template":"<smartform/SmartForm xmlns=\"sap.ui.comp\"\n\tid=\"${id}\"\n\ttitle=\"\"\n\tuseHorizontalLayout=\"\"\n\thorizontalLayoutGroupElementMinWidth=\"\"\n\tcheckButton=\"false\"\n\tentityType=\"\"\n\texpandable=\"false\"\n\texpanded=\"\"\n\teditTogglable=\"false\"\n\teditable=\"false\"\n\tignoredFields=\"\"\n\teditToggled=\"\"\n\tchecked=\"\">\n\t\t<tooltip></tooltip> <!-- sap.ui.core.TooltipBase -->\n\t\t<dependents></dependents> <!-- sap.ui.core.Control, since 1.19 -->\n\t\t<groups></groups><!-- sap.ui.comp.smartform.Group -->\n\t<content></content><!-- sap.ui.core.Control -->\n\t<layout></layout><!-- sap.ui.comp.smartform.Layout -->\n\t<semanticObjectController></semanticObjectController><!-- sap.ui.comp.navpopover.SemanticObjectController -->\n\t<customToolbar></customToolbar><!-- sap.m.Toolbar -->\n\t<toolbar></toolbar><!-- sap.m.Toolbar -->\n</smartform/SmartForm>\n"},{"name":"sap.ui.comp.smartform.flexibility.DialogContent","prefix":"DialogContent","description":"sap.ui.comp.smartform.flexibility.DialogContent","helpDescription":"The content of the personalization dialog of the SmartForm","Deprecated":false,"Experimental":false,"template":"<smartform/flexibility.DialogContent xmlns=\"sap.ui.comp\"\n\tid=\"${id}\"\n\t\t<tooltip></tooltip> <!-- sap.ui.core.TooltipBase -->\n\t\t<dependents></dependents> <!-- sap.ui.core.Control, since 1.19 -->\n\t\t<content></content><!-- sap.ui.core.Control -->\n</smartform/flexibility.DialogContent>\n"},{"name":"sap.ui.comp.smartform.flexibility.FieldList","prefix":"FieldList","description":"sap.ui.comp.smartform.flexibility.FieldList","helpDescription":"Contains list of forms, groups and fields which can could be modified by the SAPUI5 flexibility services","Deprecated":false,"Experimental":false,"template":"<smartform/flexibility.FieldList xmlns=\"sap.ui.comp\"\n\tid=\"${id}\"\n\tselectionChanged=\"\"\n\tlabelChanged=\"\">\n\t\t<tooltip></tooltip> <!-- sap.ui.core.TooltipBase -->\n\t\t<dependents></dependents> <!-- sap.ui.core.Control, since 1.19 -->\n\t\t<nodes></nodes><!-- sap.ui.comp.smartform.flexibility.FieldListNode -->\n</smartform/flexibility.FieldList>\n"},{"name":"sap.ui.comp.smartform.flexibility.FieldListNode","prefix":"FieldListNode","description":"sap.ui.comp.smartform.flexibility.FieldListNode","helpDescription":"A node within the field list control","Deprecated":false,"Experimental":false,"template":"<smartform/flexibility.FieldListNode xmlns=\"sap.ui.comp\"\n\tid=\"${id}\"\n\tlabel=\"\"\n\tisVisible=\"\"\n\tisSelected=\"\"\n\tselected=\"\"\n\tlabelChanged=\"\">\n\t\t<tooltip></tooltip> <!-- sap.ui.core.TooltipBase -->\n\t\t<dependents></dependents> <!-- sap.ui.core.Control, since 1.19 -->\n\t\t<nodes></nodes><!-- sap.ui.comp.smartform.flexibility.FieldListNode -->\n\t<layout></layout><!-- sap.ui.core.Control -->\n</smartform/flexibility.FieldListNode>\n"},{"name":"sap.ui.comp.smartform.flexibility.Input","prefix":"Input","description":"sap.ui.comp.smartform.flexibility.Input","helpDescription":"Input field with special focus handling","Deprecated":false,"Experimental":false,"template":"<smartform/flexibility.Input xmlns=\"sap.ui.comp\"\n\tid=\"${id}\"\n\tselectedByKeyboard=\"\">\n\t\t<tooltip></tooltip> <!-- sap.ui.core.TooltipBase -->\n\t\t<dependents></dependents> <!-- sap.ui.core.Control, since 1.19 -->\n\t\t\n</smartform/flexibility.Input>\n"},{"name":"sap.ui.comp.smarttable.SmartTable","prefix":"SmartTable","description":"sap.ui.comp.smarttable.SmartTable","helpDescription":"<strong style=\"color: red;\">Experimental! </strong>","Deprecated":false,"Experimental":true,"template":"<smarttable/SmartTable xmlns=\"sap.ui.comp\"\n\tid=\"${id}\"\n\tentitySet=\"\"\n\tsmartFilterId=\"\"\n\tignoredFields=\"\"\n\ttableType=\"\"\n\tuseVariantManagement=\"true\"\n\tuseExportToExcel=\"true\"\n\tuseTablePersonalisation=\"true\"\n\tshowRowCount=\"true\"\n\theader=\"\"\n\ttoolbarStyleClass=\"\"\n\tenableCustomFilter=\"true\"\n\tpersistencyKey=\"\"\n\tuseOnlyOneSolidToolbar=\"false\"\n\tcurrentVariantId=\"\"\n\teditable=\"false\"\n\tenableAutoBinding=\"false\"\n\ttableBindingPath=\"\"\n\teditTogglable=\"false\"\n\tdemandPopin=\"false\"\n\tinitialise=\"\"\n\tbeforeRebindTable=\"\"\n\teditToggled=\"\"\n\tdataReceived=\"\"\n\tafterVariantInitialise=\"\"\n\tafterVariantSave=\"\"\n\tafterVariantApply=\"\">\n\t\t<tooltip></tooltip> <!-- sap.ui.core.TooltipBase -->\n\t\t<dependents></dependents> <!-- sap.ui.core.Control, since 1.19 -->\n\t\t<customToolbar></customToolbar><!-- sap.m.Toolbar -->\n\t<semanticObjectController></semanticObjectController><!-- sap.ui.comp.navpopover.SemanticObjectController -->\n</smarttable/SmartTable>\n"},{"name":"sap.ui.comp.smartvariants.PersonalizableInfo","prefix":"PersonalizableInfo","description":"sap.ui.comp.smartvariants.PersonalizableInfo","helpDescription":"Describes the control associated with the smart variant control.","Deprecated":false,"Experimental":false,"template":"<smartvariants/PersonalizableInfo xmlns=\"sap.ui.comp\"\n\tid=\"${id}\"\n\ttype=\"\"\n\tdataSource=\"\"\n\tkeyName=\"\">\n\t\t<tooltip></tooltip> <!-- sap.ui.core.TooltipBase -->\n\t\t<dependents></dependents> <!-- sap.ui.core.Control, since 1.19 -->\n\t\t\n</smartvariants/PersonalizableInfo>\n"},{"name":"sap.ui.comp.smartvariants.SmartVariantManagement","prefix":"SmartVariantManagement","description":"sap.ui.comp.smartvariants.SmartVariantManagement","helpDescription":"SmartVariantManagement is a specialization of the VariantManagementControl and communicates with the flexibility layer to manage the variants.","Deprecated":false,"Experimental":false,"template":"<smartvariants/SmartVariantManagement xmlns=\"sap.ui.comp\"\n\tid=\"${id}\"\n\tinitialSelectionKey=\"\"\n\tenabled=\"true\"\n\tdefaultVariantKey=\"\"\n\tselectionKey=\"\"\n\tshowCreateTile=\"false\"\n\tshowExecuteOnSelection=\"false\"\n\tshowShare=\"false\"\n\tlifecycleSupport=\"false\"\n\tstandardItemText=\"\"\n\tsave=\"\"\n\tmanage=\"\"\n\tselect=\"\"\n\tinitialise=\"\"\n\tafterSave=\"\">\n\t\t<tooltip></tooltip> <!-- sap.ui.core.TooltipBase -->\n\t\t<dependents></dependents> <!-- sap.ui.core.Control, since 1.19 -->\n\t\t<items></items><!-- sap.ui.core.Item -->\n\t<variantItems></variantItems><!-- sap.ui.comp.variants.VariantItem -->\n\t<personalizableControls></personalizableControls><!-- sap.ui.comp.smartvariants.PersonalizableInfo -->\n</smartvariants/SmartVariantManagement>\n"},{"name":"sap.ui.comp.smartvariants.SmartVariantManagementUi2","prefix":"SmartVariantManagementUi2","description":"sap.ui.comp.smartvariants.SmartVariantManagementUi2","helpDescription":"SmartVariantManagement is a specialization of the VariantManagementControl and communicates with the Ui2 personalization layer to manage the variants.","Deprecated":false,"Experimental":false,"template":"<smartvariants/SmartVariantManagementUi2 xmlns=\"sap.ui.comp\"\n\tid=\"${id}\"\n\tinitialSelectionKey=\"\"\n\tenabled=\"true\"\n\tdefaultVariantKey=\"\"\n\tselectionKey=\"\"\n\tshowCreateTile=\"false\"\n\tshowExecuteOnSelection=\"false\"\n\tshowShare=\"false\"\n\tlifecycleSupport=\"false\"\n\tstandardItemText=\"\"\n\tcurrentVariantId=\"\"\n\tsave=\"\"\n\tmanage=\"\"\n\tselect=\"\"\n\tinitialise=\"\"\n\tafterSave=\"\">\n\t\t<tooltip></tooltip> <!-- sap.ui.core.TooltipBase -->\n\t\t<dependents></dependents> <!-- sap.ui.core.Control, since 1.19 -->\n\t\t<items></items><!-- sap.ui.core.Item -->\n\t<variantItems></variantItems><!-- sap.ui.comp.variants.VariantItem -->\n\t<personalizableControl></personalizableControl><!-- sap.ui.comp.smartvariants.PersonalizableInfo -->\n</smartvariants/SmartVariantManagementUi2>\n"},{"name":"sap.ui.comp.transport.TransportDialog","prefix":"TransportDialog","description":"sap.ui.comp.transport.TransportDialog","helpDescription":"The Transport Dialog Control can be used to implement a value help for selecting an ABAP package and transport request. It is not a generic utility, but part of the Variantmanament and therefore cannot be used in any other application.","Deprecated":false,"Experimental":false,"template":"<transport/TransportDialog xmlns=\"sap.ui.comp\"\n\tid=\"${id}\"\n\tpkg=\"\"\n\ttransports=\"\"\n\tlrepObject=\"\"\n\thidePackage=\"\"\n\tok=\"\"\n\tcancel=\"\">\n\t\t<tooltip></tooltip> <!-- sap.ui.core.TooltipBase -->\n\t\t<dependents></dependents> <!-- sap.ui.core.Control, since 1.19 -->\n\t\t\n</transport/TransportDialog>\n"},{"name":"sap.ui.comp.valuehelpdialog.ValueHelpDialog","prefix":"ValueHelpDialog","description":"sap.ui.comp.valuehelpdialog.ValueHelpDialog","helpDescription":"The ValueHelpDialog Control can be used to implement an F4 value help for a multi-input field.","Deprecated":false,"Experimental":false,"template":"<valuehelpdialog/ValueHelpDialog xmlns=\"sap.ui.comp\"\n\tid=\"${id}\"\n\tbasicSearchText=\"\"\n\tsupportMultiselect=\"true\"\n\tsupportRanges=\"false\"\n\tdescriptionKey=\"\"\n\tkey=\"\"\n\tsupportRangesOnly=\"false\"\n\tmaxIncludeRanges=\"-1\"\n\tmaxExcludeRanges=\"-1\"\n\tdisplayFormat=\"\"\n\ttokenDisplayBehaviour=\"\"\n\tfilterMode=\"false\"\n\tok=\"\"\n\tcancel=\"\">\n\t\t<tooltip></tooltip> <!-- sap.ui.core.TooltipBase -->\n\t\t<dependents></dependents> <!-- sap.ui.core.Control, since 1.19 -->\n\t\t<filterBar></filterBar><!-- sap.ui.core.Control -->\n</valuehelpdialog/ValueHelpDialog>\n"},{"name":"sap.ui.comp.variants.EditableVariantItem","prefix":"EditableVariantItem","description":"sap.ui.comp.variants.EditableVariantItem","helpDescription":"Editable Variant List item for the Management Popup","Deprecated":false,"Experimental":false,"template":"<variants/EditableVariantItem xmlns=\"sap.ui.comp\"\n\tid=\"${id}\"\n\tkey=\"\"\n\tglobal=\"\"\n\tlifecyclePackage=\"\"\n\tlifecycleTransportId=\"\"\n\tnamespace=\"\"\n\treadOnly=\"false\"\n\taccessOptions=\"\"\n\tlabelReadOnly=\"false\">\n\t\t<tooltip></tooltip> <!-- sap.ui.core.TooltipBase -->\n\t\t<dependents></dependents> <!-- sap.ui.core.Control, since 1.19 -->\n\t\t\n</variants/EditableVariantItem>\n"},{"name":"sap.ui.comp.variants.VariantItem","prefix":"VariantItem","description":"sap.ui.comp.variants.VariantItem","helpDescription":"VariantItem for VariantManagement item collection","Deprecated":false,"Experimental":false,"template":"<variants/VariantItem xmlns=\"sap.ui.comp\"\n\tid=\"${id}\"\n\texecuteOnSelection=\"false\"\n\treadOnly=\"false\"\n\tlifecycleTransportId=\"\"\n\tglobal=\"\"\n\tlifecyclePackage=\"\"\n\tnamespace=\"\"\n\taccessOptions=\"\"\n\tlabelReadOnly=\"false\">\n\t\t<tooltip></tooltip> <!-- sap.ui.core.TooltipBase -->\n\t\t<dependents></dependents> <!-- sap.ui.core.Control, since 1.19 -->\n\t\t\n</variants/VariantItem>\n"},{"name":"sap.ui.comp.variants.VariantManagement","prefix":"VariantManagement","description":"sap.ui.comp.variants.VariantManagement","helpDescription":"The variant management control can be used to manage variants, such as filter bar variants or table variants.","Deprecated":false,"Experimental":false,"template":"<variants/VariantManagement xmlns=\"sap.ui.comp\"\n\tid=\"${id}\"\n\tinitialSelectionKey=\"\"\n\tenabled=\"true\"\n\tdefaultVariantKey=\"\"\n\tselectionKey=\"\"\n\tshowCreateTile=\"false\"\n\tshowExecuteOnSelection=\"false\"\n\tshowShare=\"false\"\n\tlifecycleSupport=\"false\"\n\tstandardItemText=\"\"\n\tsave=\"\"\n\tmanage=\"\"\n\tselect=\"\">\n\t\t<tooltip></tooltip> <!-- sap.ui.core.TooltipBase -->\n\t\t<dependents></dependents> <!-- sap.ui.core.Control, since 1.19 -->\n\t\t<items></items><!-- sap.ui.core.Item -->\n\t<variantItems></variantItems><!-- sap.ui.comp.variants.VariantItem -->\n</variants/VariantManagement>\n"}]}