{"XML_KEYWORDS":["sap.ui.generic.app.transaction.BaseController","sap.ui.generic.app.transaction.DraftContext","sap.ui.generic.app.transaction.DraftController","sap.ui.generic.app.transaction.TransactionController","sap.ui.generic.app.util.ModelUtil"],"XML_TEMPLATES":[{"name":"sap.ui.generic.app.transaction.BaseController","prefix":"BaseController","description":"sap.ui.generic.app.transaction.BaseController","helpDescription":"<strong style=\"color: red;\">Experimental! </strong>","Deprecated":false,"Experimental":true,"template":"<transaction/BaseController xmlns=\"sap.ui.generic.app\"\n\tid=\"${id}\"\n\t\t<tooltip></tooltip> <!-- sap.ui.core.TooltipBase -->\n\t\t<dependents></dependents> <!-- sap.ui.core.Control, since 1.19 -->\n\t\t\n</transaction/BaseController>\n"},{"name":"sap.ui.generic.app.transaction.DraftContext","prefix":"DraftContext","description":"sap.ui.generic.app.transaction.DraftContext","helpDescription":"<strong style=\"color: red;\">Experimental! </strong>","Deprecated":false,"Experimental":true,"template":"<transaction/DraftContext xmlns=\"sap.ui.generic.app\"\n\tid=\"${id}\"\n\t\t<tooltip></tooltip> <!-- sap.ui.core.TooltipBase -->\n\t\t<dependents></dependents> <!-- sap.ui.core.Control, since 1.19 -->\n\t\t\n</transaction/DraftContext>\n"},{"name":"sap.ui.generic.app.transaction.DraftController","prefix":"DraftController","description":"sap.ui.generic.app.transaction.DraftController","helpDescription":"<strong style=\"color: red;\">Experimental! </strong>","Deprecated":false,"Experimental":true,"template":"<transaction/DraftController xmlns=\"sap.ui.generic.app\"\n\tid=\"${id}\"\n\t\t<tooltip></tooltip> <!-- sap.ui.core.TooltipBase -->\n\t\t<dependents></dependents> <!-- sap.ui.core.Control, since 1.19 -->\n\t\t\n</transaction/DraftController>\n"},{"name":"sap.ui.generic.app.transaction.TransactionController","prefix":"TransactionController","description":"sap.ui.generic.app.transaction.TransactionController","helpDescription":"<strong style=\"color: red;\">Experimental! </strong>","Deprecated":false,"Experimental":true,"template":"<transaction/TransactionController xmlns=\"sap.ui.generic.app\"\n\tid=\"${id}\"\n\t\t<tooltip></tooltip> <!-- sap.ui.core.TooltipBase -->\n\t\t<dependents></dependents> <!-- sap.ui.core.Control, since 1.19 -->\n\t\t\n</transaction/TransactionController>\n"},{"name":"sap.ui.generic.app.util.ModelUtil","prefix":"ModelUtil","description":"sap.ui.generic.app.util.ModelUtil","helpDescription":"Generic utility for model access.","Deprecated":false,"Experimental":false,"template":"<util/ModelUtil xmlns=\"sap.ui.generic.app\"\n\tid=\"${id}\"\n\t\t<tooltip></tooltip> <!-- sap.ui.core.TooltipBase -->\n\t\t<dependents></dependents> <!-- sap.ui.core.Control, since 1.19 -->\n\t\t\n</util/ModelUtil>\n"}]}