{

	"XML_KEYWORDS" : [
	"sap.viz.ui5.Area",
	"sap.viz.ui5.Area100",
	"sap.viz.ui5.Bar",
	"sap.viz.ui5.Bubble",
	"sap.viz.ui5.Bullet",
	"sap.viz.ui5.Column",
	"sap.viz.ui5.Combination",
	"sap.viz.ui5.Donut",
	"sap.viz.ui5.DualBar",
	"sap.viz.ui5.DualColumn",
	"sap.viz.ui5.DualCombination",
	"sap.viz.ui5.DualLine",
	"sap.viz.ui5.DualStackedColumn",
	"sap.viz.ui5.DualStackedColumn100",
	"sap.viz.ui5.Heatmap",
	"sap.viz.ui5.HorizontalArea",
	"sap.viz.ui5.HorizontalArea100",
	"sap.viz.ui5.Line",
	"sap.viz.ui5.Pie",
	"sap.viz.ui5.Scatter",
	"sap.viz.ui5.StackedColumn",
	"sap.viz.ui5.StackedColumn100",
	"sap.viz.ui5.TimeBubble",
	"sap.viz.ui5.Treemap",
	"sap.viz.ui5.VizContainer",
	"sap.viz.ui5.controls.Popover",
	"sap.viz.ui5.controls.VizFrame",
	"sap.viz.ui5.controls.common.BaseControl",
	"sap.viz.ui5.controls.common.feeds.AnalysisObject",
	"sap.viz.ui5.controls.common.feeds.FeedItem",
	"sap.viz.ui5.core.BaseChart",
	"sap.viz.ui5.core.BaseStructuredType",
	"sap.viz.ui5.data.Dataset",
	"sap.viz.ui5.data.DimensionDefinition",
	"sap.viz.ui5.data.FlattenedDataset",
	"sap.viz.ui5.data.MeasureDefinition",
	"sap.viz.ui5.types.Area",
	"sap.viz.ui5.types.Area_animation",
	"sap.viz.ui5.types.Area_hoverline",
	"sap.viz.ui5.types.Area_marker",
	"sap.viz.ui5.types.Area_tooltip",
	"sap.viz.ui5.types.Axis",
	"sap.viz.ui5.types.Axis_axisTick",
	"sap.viz.ui5.types.Axis_axisline",
	"sap.viz.ui5.types.Axis_gridline",
	"sap.viz.ui5.types.Axis_indicator",
	"sap.viz.ui5.types.Axis_label",
	"sap.viz.ui5.types.Axis_layoutInfo",
	"sap.viz.ui5.types.Axis_scale",
	"sap.viz.ui5.types.Axis_title",
	"sap.viz.ui5.types.Background",
	"sap.viz.ui5.types.Background_border",
	"sap.viz.ui5.types.Background_border_bottom",
	"sap.viz.ui5.types.Background_border_left",
	"sap.viz.ui5.types.Background_border_right",
	"sap.viz.ui5.types.Background_border_top",
	"sap.viz.ui5.types.Bar",
	"sap.viz.ui5.types.Bar_animation",
	"sap.viz.ui5.types.Bar_tooltip",
	"sap.viz.ui5.types.Bubble",
	"sap.viz.ui5.types.Bubble_animation",
	"sap.viz.ui5.types.Bubble_axisTooltip",
	"sap.viz.ui5.types.Bubble_hoverline",
	"sap.viz.ui5.types.Bullet",
	"sap.viz.ui5.types.Bullet_tooltip",
	"sap.viz.ui5.types.Combination",
	"sap.viz.ui5.types.Combination_animation",
	"sap.viz.ui5.types.Combination_bar",
	"sap.viz.ui5.types.Combination_dataShape",
	"sap.viz.ui5.types.Combination_line",
	"sap.viz.ui5.types.Combination_line_marker",
	"sap.viz.ui5.types.Combination_tooltip",
	"sap.viz.ui5.types.Datalabel",
	"sap.viz.ui5.types.Datatransform",
	"sap.viz.ui5.types.Datatransform_autoBinning",
	"sap.viz.ui5.types.Datatransform_dataSampling",
	"sap.viz.ui5.types.Datatransform_dataSampling_grid",
	"sap.viz.ui5.types.Heatmap",
	"sap.viz.ui5.types.Heatmap_animation",
	"sap.viz.ui5.types.Heatmap_border",
	"sap.viz.ui5.types.Heatmap_tooltip",
	"sap.viz.ui5.types.Legend",
	"sap.viz.ui5.types.Legend_layout",
	"sap.viz.ui5.types.Line",
	"sap.viz.ui5.types.Line_animation",
	"sap.viz.ui5.types.Line_hoverline",
	"sap.viz.ui5.types.Line_marker",
	"sap.viz.ui5.types.Line_tooltip",
	"sap.viz.ui5.types.Pie",
	"sap.viz.ui5.types.Pie_animation",
	"sap.viz.ui5.types.Pie_tooltip",
	"sap.viz.ui5.types.RootContainer",
	"sap.viz.ui5.types.RootContainer_layout",
	"sap.viz.ui5.types.Scatter",
	"sap.viz.ui5.types.Scatter_animation",
	"sap.viz.ui5.types.Scatter_axisTooltip",
	"sap.viz.ui5.types.Scatter_hoverline",
	"sap.viz.ui5.types.StackedVerticalBar",
	"sap.viz.ui5.types.StackedVerticalBar_animation",
	"sap.viz.ui5.types.StackedVerticalBar_tooltip",
	"sap.viz.ui5.types.Title",
	"sap.viz.ui5.types.Title_layout",
	"sap.viz.ui5.types.Tooltip",
	"sap.viz.ui5.types.Tooltip_background",
	"sap.viz.ui5.types.Tooltip_bodyDimensionLabel",
	"sap.viz.ui5.types.Tooltip_bodyDimensionValue",
	"sap.viz.ui5.types.Tooltip_bodyMeasureLabel",
	"sap.viz.ui5.types.Tooltip_bodyMeasureValue",
	"sap.viz.ui5.types.Tooltip_closeButton",
	"sap.viz.ui5.types.Tooltip_footerLabel",
	"sap.viz.ui5.types.Tooltip_separationLine",
	"sap.viz.ui5.types.Treemap",
	"sap.viz.ui5.types.Treemap_animation",
	"sap.viz.ui5.types.Treemap_border",
	"sap.viz.ui5.types.Treemap_tooltip",
	"sap.viz.ui5.types.VerticalBar",
	"sap.viz.ui5.types.VerticalBar_animation",
	"sap.viz.ui5.types.VerticalBar_tooltip",
	"sap.viz.ui5.types.XYContainer",
	"sap.viz.ui5.types.controller.Interaction",
	"sap.viz.ui5.types.controller.Interaction_pan",
	"sap.viz.ui5.types.controller.Interaction_selectability",
	"sap.viz.ui5.types.layout.Dock",
	"sap.viz.ui5.types.layout.Stack",
	"sap.viz.ui5.types.legend.Common",
	"sap.viz.ui5.types.legend.Common_title"
	],
	"XML_TEMPLATES" : [
	{
		"name": "sap.viz.ui5.Area",
		"prefix": "Area",
		"description": "sap.viz.ui5.Area",
		"template": "<ui5/Area xmlns=\"sap.viz\"\n\tid=\"${id}\"\n\tbusy=\"false\"\n\tbusyIndicatorDelay=\"1000\"\n\tvisible=\"true\"\n\twidth=\"640px\"\n\theight=\"480px\"\n\tcss=\"\"\n\tbeforeCreateViz=\"\"\n\tselectData=\"\"\n\tdeselectData=\"\"\n\tshowTooltip=\"\"\n\thideTooltip=\"\"\n\tinitialized=\"\">\n\t\t<tooltip></tooltip> <!-- sap.ui.core.TooltipBase -->\n\t\t<dependents></dependents> <!-- sap.ui.core.Control, since 1.19 -->\n\t\t<dataset></dataset> <!-- sap.viz.ui5.data.Dataset -->\n\t\t<noData></noData> <!-- sap.ui.core.Control -->\n\t\t<general></general> <!-- sap.viz.ui5.types.RootContainer -->\n\t\t<interaction></interaction> <!-- sap.viz.ui5.types.controller.Interaction -->\n\t\t<title></title> <!-- sap.viz.ui5.types.Title -->\n\t\t<legendGroup></legendGroup> <!-- sap.viz.ui5.types.Legend -->\n\t\t<legend></legend> <!-- sap.viz.ui5.types.legend.Common -->\n\t\t<toolTip></toolTip> <!-- sap.viz.ui5.types.Tooltip -->\n\t\t<xyContainer></xyContainer> <!-- sap.viz.ui5.types.XYContainer -->\n\t\t<dataLabel></dataLabel> <!-- sap.viz.ui5.types.Datalabel -->\n\t\t<yAxis></yAxis> <!-- sap.viz.ui5.types.Axis -->\n\t\t<xAxis></xAxis> <!-- sap.viz.ui5.types.Axis -->\n\t\t<background></background> <!-- sap.viz.ui5.types.Background -->\n\t\t<plotArea></plotArea> <!-- sap.viz.ui5.types.Area -->\n</ui5/Area>\n"
	},
	{
		"name": "sap.viz.ui5.Area100",
		"prefix": "Area100",
		"description": "sap.viz.ui5.Area100",
		"template": "<ui5/Area100 xmlns=\"sap.viz\"\n\tid=\"${id}\"\n\tbusy=\"false\"\n\tbusyIndicatorDelay=\"1000\"\n\tvisible=\"true\"\n\twidth=\"640px\"\n\theight=\"480px\"\n\tcss=\"\"\n\tbeforeCreateViz=\"\"\n\tselectData=\"\"\n\tdeselectData=\"\"\n\tshowTooltip=\"\"\n\thideTooltip=\"\"\n\tinitialized=\"\">\n\t\t<tooltip></tooltip> <!-- sap.ui.core.TooltipBase -->\n\t\t<dependents></dependents> <!-- sap.ui.core.Control, since 1.19 -->\n\t\t<dataset></dataset> <!-- sap.viz.ui5.data.Dataset -->\n\t\t<noData></noData> <!-- sap.ui.core.Control -->\n\t\t<general></general> <!-- sap.viz.ui5.types.RootContainer -->\n\t\t<interaction></interaction> <!-- sap.viz.ui5.types.controller.Interaction -->\n\t\t<title></title> <!-- sap.viz.ui5.types.Title -->\n\t\t<legendGroup></legendGroup> <!-- sap.viz.ui5.types.Legend -->\n\t\t<legend></legend> <!-- sap.viz.ui5.types.legend.Common -->\n\t\t<toolTip></toolTip> <!-- sap.viz.ui5.types.Tooltip -->\n\t\t<xyContainer></xyContainer> <!-- sap.viz.ui5.types.XYContainer -->\n\t\t<dataLabel></dataLabel> <!-- sap.viz.ui5.types.Datalabel -->\n\t\t<yAxis></yAxis> <!-- sap.viz.ui5.types.Axis -->\n\t\t<xAxis></xAxis> <!-- sap.viz.ui5.types.Axis -->\n\t\t<background></background> <!-- sap.viz.ui5.types.Background -->\n\t\t<plotArea></plotArea> <!-- sap.viz.ui5.types.Area -->\n</ui5/Area100>\n"
	},
	{
		"name": "sap.viz.ui5.Bar",
		"prefix": "Bar",
		"description": "sap.viz.ui5.Bar",
		"template": "<ui5/Bar xmlns=\"sap.viz\"\n\tid=\"${id}\"\n\tbusy=\"false\"\n\tbusyIndicatorDelay=\"1000\"\n\tvisible=\"true\"\n\twidth=\"640px\"\n\theight=\"480px\"\n\tcss=\"\"\n\tbeforeCreateViz=\"\"\n\tselectData=\"\"\n\tdeselectData=\"\"\n\tshowTooltip=\"\"\n\thideTooltip=\"\"\n\tinitialized=\"\">\n\t\t<tooltip></tooltip> <!-- sap.ui.core.TooltipBase -->\n\t\t<dependents></dependents> <!-- sap.ui.core.Control, since 1.19 -->\n\t\t<dataset></dataset> <!-- sap.viz.ui5.data.Dataset -->\n\t\t<noData></noData> <!-- sap.ui.core.Control -->\n\t\t<general></general> <!-- sap.viz.ui5.types.RootContainer -->\n\t\t<interaction></interaction> <!-- sap.viz.ui5.types.controller.Interaction -->\n\t\t<title></title> <!-- sap.viz.ui5.types.Title -->\n\t\t<legendGroup></legendGroup> <!-- sap.viz.ui5.types.Legend -->\n\t\t<legend></legend> <!-- sap.viz.ui5.types.legend.Common -->\n\t\t<toolTip></toolTip> <!-- sap.viz.ui5.types.Tooltip -->\n\t\t<xyContainer></xyContainer> <!-- sap.viz.ui5.types.XYContainer -->\n\t\t<dataLabel></dataLabel> <!-- sap.viz.ui5.types.Datalabel -->\n\t\t<xAxis></xAxis> <!-- sap.viz.ui5.types.Axis -->\n\t\t<yAxis></yAxis> <!-- sap.viz.ui5.types.Axis -->\n\t\t<background></background> <!-- sap.viz.ui5.types.Background -->\n\t\t<plotArea></plotArea> <!-- sap.viz.ui5.types.Bar -->\n</ui5/Bar>\n"
	},
	{
		"name": "sap.viz.ui5.Bubble",
		"prefix": "Bubble",
		"description": "sap.viz.ui5.Bubble",
		"template": "<ui5/Bubble xmlns=\"sap.viz\"\n\tid=\"${id}\"\n\tbusy=\"false\"\n\tbusyIndicatorDelay=\"1000\"\n\tvisible=\"true\"\n\twidth=\"640px\"\n\theight=\"480px\"\n\tcss=\"\"\n\tbeforeCreateViz=\"\"\n\tselectData=\"\"\n\tdeselectData=\"\"\n\tshowTooltip=\"\"\n\thideTooltip=\"\"\n\tinitialized=\"\">\n\t\t<tooltip></tooltip> <!-- sap.ui.core.TooltipBase -->\n\t\t<dependents></dependents> <!-- sap.ui.core.Control, since 1.19 -->\n\t\t<dataset></dataset> <!-- sap.viz.ui5.data.Dataset -->\n\t\t<noData></noData> <!-- sap.ui.core.Control -->\n\t\t<general></general> <!-- sap.viz.ui5.types.RootContainer -->\n\t\t<title></title> <!-- sap.viz.ui5.types.Title -->\n\t\t<legendGroup></legendGroup> <!-- sap.viz.ui5.types.Legend -->\n\t\t<legend></legend> <!-- sap.viz.ui5.types.legend.Common -->\n\t\t<sizeLegend></sizeLegend> <!-- sap.viz.ui5.types.legend.Common -->\n\t\t<xyContainer></xyContainer> <!-- sap.viz.ui5.types.XYContainer -->\n\t\t<dataLabel></dataLabel> <!-- sap.viz.ui5.types.Datalabel -->\n\t\t<xAxis></xAxis> <!-- sap.viz.ui5.types.Axis -->\n\t\t<yAxis></yAxis> <!-- sap.viz.ui5.types.Axis -->\n\t\t<background></background> <!-- sap.viz.ui5.types.Background -->\n\t\t<plotArea></plotArea> <!-- sap.viz.ui5.types.Bubble -->\n\t\t<toolTip></toolTip> <!-- sap.viz.ui5.types.Tooltip -->\n\t\t<interaction></interaction> <!-- sap.viz.ui5.types.controller.Interaction -->\n</ui5/Bubble>\n"
	},
	{
		"name": "sap.viz.ui5.Bullet",
		"prefix": "Bullet",
		"description": "sap.viz.ui5.Bullet",
		"template": "<ui5/Bullet xmlns=\"sap.viz\"\n\tid=\"${id}\"\n\tbusy=\"false\"\n\tbusyIndicatorDelay=\"1000\"\n\tvisible=\"true\"\n\twidth=\"640px\"\n\theight=\"480px\"\n\tcss=\"\"\n\tbeforeCreateViz=\"\"\n\tselectData=\"\"\n\tdeselectData=\"\"\n\tshowTooltip=\"\"\n\thideTooltip=\"\"\n\tinitialized=\"\">\n\t\t<tooltip></tooltip> <!-- sap.ui.core.TooltipBase -->\n\t\t<dependents></dependents> <!-- sap.ui.core.Control, since 1.19 -->\n\t\t<dataset></dataset> <!-- sap.viz.ui5.data.Dataset -->\n\t\t<noData></noData> <!-- sap.ui.core.Control -->\n\t\t<general></general> <!-- sap.viz.ui5.types.RootContainer -->\n\t\t<interaction></interaction> <!-- sap.viz.ui5.types.controller.Interaction -->\n\t\t<title></title> <!-- sap.viz.ui5.types.Title -->\n\t\t<toolTip></toolTip> <!-- sap.viz.ui5.types.Tooltip -->\n\t\t<xyContainer></xyContainer> <!-- sap.viz.ui5.types.XYContainer -->\n\t\t<yAxis></yAxis> <!-- sap.viz.ui5.types.Axis -->\n\t\t<background></background> <!-- sap.viz.ui5.types.Background -->\n\t\t<plotArea></plotArea> <!-- sap.viz.ui5.types.Bullet -->\n\t\t<xAxis2></xAxis2> <!-- sap.viz.ui5.types.Axis -->\n\t\t<yAxis2></yAxis2> <!-- sap.viz.ui5.types.Axis -->\n</ui5/Bullet>\n"
	},
	{
		"name": "sap.viz.ui5.Column",
		"prefix": "Column",
		"description": "sap.viz.ui5.Column",
		"template": "<ui5/Column xmlns=\"sap.viz\"\n\tid=\"${id}\"\n\tbusy=\"false\"\n\tbusyIndicatorDelay=\"1000\"\n\tvisible=\"true\"\n\twidth=\"640px\"\n\theight=\"480px\"\n\tcss=\"\"\n\tbeforeCreateViz=\"\"\n\tselectData=\"\"\n\tdeselectData=\"\"\n\tshowTooltip=\"\"\n\thideTooltip=\"\"\n\tinitialized=\"\">\n\t\t<tooltip></tooltip> <!-- sap.ui.core.TooltipBase -->\n\t\t<dependents></dependents> <!-- sap.ui.core.Control, since 1.19 -->\n\t\t<dataset></dataset> <!-- sap.viz.ui5.data.Dataset -->\n\t\t<noData></noData> <!-- sap.ui.core.Control -->\n\t\t<general></general> <!-- sap.viz.ui5.types.RootContainer -->\n\t\t<interaction></interaction> <!-- sap.viz.ui5.types.controller.Interaction -->\n\t\t<title></title> <!-- sap.viz.ui5.types.Title -->\n\t\t<legendGroup></legendGroup> <!-- sap.viz.ui5.types.Legend -->\n\t\t<legend></legend> <!-- sap.viz.ui5.types.legend.Common -->\n\t\t<toolTip></toolTip> <!-- sap.viz.ui5.types.Tooltip -->\n\t\t<xyContainer></xyContainer> <!-- sap.viz.ui5.types.XYContainer -->\n\t\t<dataLabel></dataLabel> <!-- sap.viz.ui5.types.Datalabel -->\n\t\t<yAxis></yAxis> <!-- sap.viz.ui5.types.Axis -->\n\t\t<xAxis></xAxis> <!-- sap.viz.ui5.types.Axis -->\n\t\t<background></background> <!-- sap.viz.ui5.types.Background -->\n\t\t<plotArea></plotArea> <!-- sap.viz.ui5.types.VerticalBar -->\n</ui5/Column>\n"
	},
	{
		"name": "sap.viz.ui5.Combination",
		"prefix": "Combination",
		"description": "sap.viz.ui5.Combination",
		"template": "<ui5/Combination xmlns=\"sap.viz\"\n\tid=\"${id}\"\n\tbusy=\"false\"\n\tbusyIndicatorDelay=\"1000\"\n\tvisible=\"true\"\n\twidth=\"640px\"\n\theight=\"480px\"\n\tcss=\"\"\n\tbeforeCreateViz=\"\"\n\tselectData=\"\"\n\tdeselectData=\"\"\n\tshowTooltip=\"\"\n\thideTooltip=\"\"\n\tinitialized=\"\">\n\t\t<tooltip></tooltip> <!-- sap.ui.core.TooltipBase -->\n\t\t<dependents></dependents> <!-- sap.ui.core.Control, since 1.19 -->\n\t\t<dataset></dataset> <!-- sap.viz.ui5.data.Dataset -->\n\t\t<noData></noData> <!-- sap.ui.core.Control -->\n\t\t<general></general> <!-- sap.viz.ui5.types.RootContainer -->\n\t\t<interaction></interaction> <!-- sap.viz.ui5.types.controller.Interaction -->\n\t\t<title></title> <!-- sap.viz.ui5.types.Title -->\n\t\t<legendGroup></legendGroup> <!-- sap.viz.ui5.types.Legend -->\n\t\t<legend></legend> <!-- sap.viz.ui5.types.legend.Common -->\n\t\t<toolTip></toolTip> <!-- sap.viz.ui5.types.Tooltip -->\n\t\t<xyContainer></xyContainer> <!-- sap.viz.ui5.types.XYContainer -->\n\t\t<dataLabel></dataLabel> <!-- sap.viz.ui5.types.Datalabel -->\n\t\t<yAxis></yAxis> <!-- sap.viz.ui5.types.Axis -->\n\t\t<xAxis></xAxis> <!-- sap.viz.ui5.types.Axis -->\n\t\t<background></background> <!-- sap.viz.ui5.types.Background -->\n\t\t<plotArea></plotArea> <!-- sap.viz.ui5.types.Combination -->\n</ui5/Combination>\n"
	},
	{
		"name": "sap.viz.ui5.Donut",
		"prefix": "Donut",
		"description": "sap.viz.ui5.Donut",
		"template": "<ui5/Donut xmlns=\"sap.viz\"\n\tid=\"${id}\"\n\tbusy=\"false\"\n\tbusyIndicatorDelay=\"1000\"\n\tvisible=\"true\"\n\twidth=\"640px\"\n\theight=\"480px\"\n\tcss=\"\"\n\tbeforeCreateViz=\"\"\n\tselectData=\"\"\n\tdeselectData=\"\"\n\tshowTooltip=\"\"\n\thideTooltip=\"\"\n\tinitialized=\"\">\n\t\t<tooltip></tooltip> <!-- sap.ui.core.TooltipBase -->\n\t\t<dependents></dependents> <!-- sap.ui.core.Control, since 1.19 -->\n\t\t<dataset></dataset> <!-- sap.viz.ui5.data.Dataset -->\n\t\t<noData></noData> <!-- sap.ui.core.Control -->\n\t\t<general></general> <!-- sap.viz.ui5.types.RootContainer -->\n\t\t<title></title> <!-- sap.viz.ui5.types.Title -->\n\t\t<legendGroup></legendGroup> <!-- sap.viz.ui5.types.Legend -->\n\t\t<legend></legend> <!-- sap.viz.ui5.types.legend.Common -->\n\t\t<xyContainer></xyContainer> <!-- sap.viz.ui5.types.XYContainer -->\n\t\t<plotArea></plotArea> <!-- sap.viz.ui5.types.Pie -->\n\t\t<dataLabel></dataLabel> <!-- sap.viz.ui5.types.Datalabel -->\n\t\t<interaction></interaction> <!-- sap.viz.ui5.types.controller.Interaction -->\n\t\t<toolTip></toolTip> <!-- sap.viz.ui5.types.Tooltip -->\n\t\t<dataTransform></dataTransform> <!-- sap.viz.ui5.types.Datatransform -->\n</ui5/Donut>\n"
	},
	{
		"name": "sap.viz.ui5.DualBar",
		"prefix": "DualBar,Bar",
		"description": "sap.viz.ui5.DualBar",
		"template": "<ui5/DualBar xmlns=\"sap.viz\"\n\tid=\"${id}\"\n\tbusy=\"false\"\n\tbusyIndicatorDelay=\"1000\"\n\tvisible=\"true\"\n\twidth=\"640px\"\n\theight=\"480px\"\n\tcss=\"\"\n\tbeforeCreateViz=\"\"\n\tselectData=\"\"\n\tdeselectData=\"\"\n\tshowTooltip=\"\"\n\thideTooltip=\"\"\n\tinitialized=\"\">\n\t\t<tooltip></tooltip> <!-- sap.ui.core.TooltipBase -->\n\t\t<dependents></dependents> <!-- sap.ui.core.Control, since 1.19 -->\n\t\t<dataset></dataset> <!-- sap.viz.ui5.data.Dataset -->\n\t\t<noData></noData> <!-- sap.ui.core.Control -->\n\t\t<general></general> <!-- sap.viz.ui5.types.RootContainer -->\n\t\t<interaction></interaction> <!-- sap.viz.ui5.types.controller.Interaction -->\n\t\t<title></title> <!-- sap.viz.ui5.types.Title -->\n\t\t<legendGroup></legendGroup> <!-- sap.viz.ui5.types.Legend -->\n\t\t<legend></legend> <!-- sap.viz.ui5.types.legend.Common -->\n\t\t<toolTip></toolTip> <!-- sap.viz.ui5.types.Tooltip -->\n\t\t<xyContainer></xyContainer> <!-- sap.viz.ui5.types.XYContainer -->\n\t\t<dataLabel></dataLabel> <!-- sap.viz.ui5.types.Datalabel -->\n\t\t<xAxis></xAxis> <!-- sap.viz.ui5.types.Axis -->\n\t\t<yAxis></yAxis> <!-- sap.viz.ui5.types.Axis -->\n\t\t<background></background> <!-- sap.viz.ui5.types.Background -->\n\t\t<plotArea></plotArea> <!-- sap.viz.ui5.types.Bar -->\n\t\t<xAxis2></xAxis2> <!-- sap.viz.ui5.types.Axis -->\n</ui5/DualBar>\n"
	},
	{
		"name": "sap.viz.ui5.DualColumn",
		"prefix": "DualColumn,Column",
		"description": "sap.viz.ui5.DualColumn",
		"template": "<ui5/DualColumn xmlns=\"sap.viz\"\n\tid=\"${id}\"\n\tbusy=\"false\"\n\tbusyIndicatorDelay=\"1000\"\n\tvisible=\"true\"\n\twidth=\"640px\"\n\theight=\"480px\"\n\tcss=\"\"\n\tbeforeCreateViz=\"\"\n\tselectData=\"\"\n\tdeselectData=\"\"\n\tshowTooltip=\"\"\n\thideTooltip=\"\"\n\tinitialized=\"\">\n\t\t<tooltip></tooltip> <!-- sap.ui.core.TooltipBase -->\n\t\t<dependents></dependents> <!-- sap.ui.core.Control, since 1.19 -->\n\t\t<dataset></dataset> <!-- sap.viz.ui5.data.Dataset -->\n\t\t<noData></noData> <!-- sap.ui.core.Control -->\n\t\t<general></general> <!-- sap.viz.ui5.types.RootContainer -->\n\t\t<interaction></interaction> <!-- sap.viz.ui5.types.controller.Interaction -->\n\t\t<title></title> <!-- sap.viz.ui5.types.Title -->\n\t\t<legendGroup></legendGroup> <!-- sap.viz.ui5.types.Legend -->\n\t\t<legend></legend> <!-- sap.viz.ui5.types.legend.Common -->\n\t\t<toolTip></toolTip> <!-- sap.viz.ui5.types.Tooltip -->\n\t\t<xyContainer></xyContainer> <!-- sap.viz.ui5.types.XYContainer -->\n\t\t<dataLabel></dataLabel> <!-- sap.viz.ui5.types.Datalabel -->\n\t\t<yAxis></yAxis> <!-- sap.viz.ui5.types.Axis -->\n\t\t<xAxis></xAxis> <!-- sap.viz.ui5.types.Axis -->\n\t\t<background></background> <!-- sap.viz.ui5.types.Background -->\n\t\t<plotArea></plotArea> <!-- sap.viz.ui5.types.VerticalBar -->\n\t\t<yAxis2></yAxis2> <!-- sap.viz.ui5.types.Axis -->\n</ui5/DualColumn>\n"
	},
	{
		"name": "sap.viz.ui5.DualCombination",
		"prefix": "DualCombination,Combination",
		"description": "sap.viz.ui5.DualCombination",
		"template": "<ui5/DualCombination xmlns=\"sap.viz\"\n\tid=\"${id}\"\n\tbusy=\"false\"\n\tbusyIndicatorDelay=\"1000\"\n\tvisible=\"true\"\n\twidth=\"640px\"\n\theight=\"480px\"\n\tcss=\"\"\n\tbeforeCreateViz=\"\"\n\tselectData=\"\"\n\tdeselectData=\"\"\n\tshowTooltip=\"\"\n\thideTooltip=\"\"\n\tinitialized=\"\">\n\t\t<tooltip></tooltip> <!-- sap.ui.core.TooltipBase -->\n\t\t<dependents></dependents> <!-- sap.ui.core.Control, since 1.19 -->\n\t\t<dataset></dataset> <!-- sap.viz.ui5.data.Dataset -->\n\t\t<noData></noData> <!-- sap.ui.core.Control -->\n\t\t<general></general> <!-- sap.viz.ui5.types.RootContainer -->\n\t\t<interaction></interaction> <!-- sap.viz.ui5.types.controller.Interaction -->\n\t\t<title></title> <!-- sap.viz.ui5.types.Title -->\n\t\t<legendGroup></legendGroup> <!-- sap.viz.ui5.types.Legend -->\n\t\t<legend></legend> <!-- sap.viz.ui5.types.legend.Common -->\n\t\t<toolTip></toolTip> <!-- sap.viz.ui5.types.Tooltip -->\n\t\t<xyContainer></xyContainer> <!-- sap.viz.ui5.types.XYContainer -->\n\t\t<dataLabel></dataLabel> <!-- sap.viz.ui5.types.Datalabel -->\n\t\t<yAxis></yAxis> <!-- sap.viz.ui5.types.Axis -->\n\t\t<xAxis></xAxis> <!-- sap.viz.ui5.types.Axis -->\n\t\t<background></background> <!-- sap.viz.ui5.types.Background -->\n\t\t<plotArea></plotArea> <!-- sap.viz.ui5.types.Combination -->\n\t\t<yAxis2></yAxis2> <!-- sap.viz.ui5.types.Axis -->\n</ui5/DualCombination>\n"
	},
	{
		"name": "sap.viz.ui5.DualLine",
		"prefix": "DualLine,Line",
		"description": "sap.viz.ui5.DualLine",
		"template": "<ui5/DualLine xmlns=\"sap.viz\"\n\tid=\"${id}\"\n\tbusy=\"false\"\n\tbusyIndicatorDelay=\"1000\"\n\tvisible=\"true\"\n\twidth=\"640px\"\n\theight=\"480px\"\n\tcss=\"\"\n\tbeforeCreateViz=\"\"\n\tselectData=\"\"\n\tdeselectData=\"\"\n\tshowTooltip=\"\"\n\thideTooltip=\"\"\n\tinitialized=\"\">\n\t\t<tooltip></tooltip> <!-- sap.ui.core.TooltipBase -->\n\t\t<dependents></dependents> <!-- sap.ui.core.Control, since 1.19 -->\n\t\t<dataset></dataset> <!-- sap.viz.ui5.data.Dataset -->\n\t\t<noData></noData> <!-- sap.ui.core.Control -->\n\t\t<general></general> <!-- sap.viz.ui5.types.RootContainer -->\n\t\t<interaction></interaction> <!-- sap.viz.ui5.types.controller.Interaction -->\n\t\t<title></title> <!-- sap.viz.ui5.types.Title -->\n\t\t<legendGroup></legendGroup> <!-- sap.viz.ui5.types.Legend -->\n\t\t<legend></legend> <!-- sap.viz.ui5.types.legend.Common -->\n\t\t<toolTip></toolTip> <!-- sap.viz.ui5.types.Tooltip -->\n\t\t<xyContainer></xyContainer> <!-- sap.viz.ui5.types.XYContainer -->\n\t\t<dataLabel></dataLabel> <!-- sap.viz.ui5.types.Datalabel -->\n\t\t<yAxis></yAxis> <!-- sap.viz.ui5.types.Axis -->\n\t\t<xAxis></xAxis> <!-- sap.viz.ui5.types.Axis -->\n\t\t<background></background> <!-- sap.viz.ui5.types.Background -->\n\t\t<plotArea></plotArea> <!-- sap.viz.ui5.types.Line -->\n\t\t<yAxis2></yAxis2> <!-- sap.viz.ui5.types.Axis -->\n</ui5/DualLine>\n"
	},
	{
		"name": "sap.viz.ui5.DualStackedColumn",
		"prefix": "DualStackedColumn,Column",
		"description": "sap.viz.ui5.DualStackedColumn",
		"template": "<ui5/DualStackedColumn xmlns=\"sap.viz\"\n\tid=\"${id}\"\n\tbusy=\"false\"\n\tbusyIndicatorDelay=\"1000\"\n\tvisible=\"true\"\n\twidth=\"640px\"\n\theight=\"480px\"\n\tcss=\"\"\n\tbeforeCreateViz=\"\"\n\tselectData=\"\"\n\tdeselectData=\"\"\n\tshowTooltip=\"\"\n\thideTooltip=\"\"\n\tinitialized=\"\">\n\t\t<tooltip></tooltip> <!-- sap.ui.core.TooltipBase -->\n\t\t<dependents></dependents> <!-- sap.ui.core.Control, since 1.19 -->\n\t\t<dataset></dataset> <!-- sap.viz.ui5.data.Dataset -->\n\t\t<noData></noData> <!-- sap.ui.core.Control -->\n\t\t<general></general> <!-- sap.viz.ui5.types.RootContainer -->\n\t\t<interaction></interaction> <!-- sap.viz.ui5.types.controller.Interaction -->\n\t\t<title></title> <!-- sap.viz.ui5.types.Title -->\n\t\t<legendGroup></legendGroup> <!-- sap.viz.ui5.types.Legend -->\n\t\t<legend></legend> <!-- sap.viz.ui5.types.legend.Common -->\n\t\t<toolTip></toolTip> <!-- sap.viz.ui5.types.Tooltip -->\n\t\t<xyContainer></xyContainer> <!-- sap.viz.ui5.types.XYContainer -->\n\t\t<dataLabel></dataLabel> <!-- sap.viz.ui5.types.Datalabel -->\n\t\t<yAxis></yAxis> <!-- sap.viz.ui5.types.Axis -->\n\t\t<xAxis></xAxis> <!-- sap.viz.ui5.types.Axis -->\n\t\t<background></background> <!-- sap.viz.ui5.types.Background -->\n\t\t<plotArea></plotArea> <!-- sap.viz.ui5.types.StackedVerticalBar -->\n\t\t<yAxis2></yAxis2> <!-- sap.viz.ui5.types.Axis -->\n</ui5/DualStackedColumn>\n"
	},
	{
		"name": "sap.viz.ui5.DualStackedColumn100",
		"prefix": "DualStackedColumn100,Column100",
		"description": "sap.viz.ui5.DualStackedColumn100",
		"template": "<ui5/DualStackedColumn100 xmlns=\"sap.viz\"\n\tid=\"${id}\"\n\tbusy=\"false\"\n\tbusyIndicatorDelay=\"1000\"\n\tvisible=\"true\"\n\twidth=\"640px\"\n\theight=\"480px\"\n\tcss=\"\"\n\tbeforeCreateViz=\"\"\n\tselectData=\"\"\n\tdeselectData=\"\"\n\tshowTooltip=\"\"\n\thideTooltip=\"\"\n\tinitialized=\"\">\n\t\t<tooltip></tooltip> <!-- sap.ui.core.TooltipBase -->\n\t\t<dependents></dependents> <!-- sap.ui.core.Control, since 1.19 -->\n\t\t<dataset></dataset> <!-- sap.viz.ui5.data.Dataset -->\n\t\t<noData></noData> <!-- sap.ui.core.Control -->\n\t\t<general></general> <!-- sap.viz.ui5.types.RootContainer -->\n\t\t<interaction></interaction> <!-- sap.viz.ui5.types.controller.Interaction -->\n\t\t<title></title> <!-- sap.viz.ui5.types.Title -->\n\t\t<legendGroup></legendGroup> <!-- sap.viz.ui5.types.Legend -->\n\t\t<legend></legend> <!-- sap.viz.ui5.types.legend.Common -->\n\t\t<toolTip></toolTip> <!-- sap.viz.ui5.types.Tooltip -->\n\t\t<xyContainer></xyContainer> <!-- sap.viz.ui5.types.XYContainer -->\n\t\t<dataLabel></dataLabel> <!-- sap.viz.ui5.types.Datalabel -->\n\t\t<yAxis></yAxis> <!-- sap.viz.ui5.types.Axis -->\n\t\t<xAxis></xAxis> <!-- sap.viz.ui5.types.Axis -->\n\t\t<background></background> <!-- sap.viz.ui5.types.Background -->\n\t\t<plotArea></plotArea> <!-- sap.viz.ui5.types.StackedVerticalBar -->\n\t\t<yAxis2></yAxis2> <!-- sap.viz.ui5.types.Axis -->\n</ui5/DualStackedColumn100>\n"
	},
	{
		"name": "sap.viz.ui5.Heatmap",
		"prefix": "Heatmap",
		"description": "sap.viz.ui5.Heatmap",
		"template": "<ui5/Heatmap xmlns=\"sap.viz\"\n\tid=\"${id}\"\n\tbusy=\"false\"\n\tbusyIndicatorDelay=\"1000\"\n\tvisible=\"true\"\n\twidth=\"640px\"\n\theight=\"480px\"\n\tcss=\"\"\n\tbeforeCreateViz=\"\"\n\tselectData=\"\"\n\tdeselectData=\"\"\n\tshowTooltip=\"\"\n\thideTooltip=\"\"\n\tinitialized=\"\">\n\t\t<tooltip></tooltip> <!-- sap.ui.core.TooltipBase -->\n\t\t<dependents></dependents> <!-- sap.ui.core.Control, since 1.19 -->\n\t\t<dataset></dataset> <!-- sap.viz.ui5.data.Dataset -->\n\t\t<noData></noData> <!-- sap.ui.core.Control -->\n\t\t<general></general> <!-- sap.viz.ui5.types.RootContainer -->\n\t\t<title></title> <!-- sap.viz.ui5.types.Title -->\n\t\t<legendGroup></legendGroup> <!-- sap.viz.ui5.types.Legend -->\n\t\t<legend></legend> <!-- sap.viz.ui5.types.legend.Common -->\n\t\t<xyContainer></xyContainer> <!-- sap.viz.ui5.types.XYContainer -->\n\t\t<dataLabel></dataLabel> <!-- sap.viz.ui5.types.Datalabel -->\n\t\t<xAxis></xAxis> <!-- sap.viz.ui5.types.Axis -->\n\t\t<yAxis></yAxis> <!-- sap.viz.ui5.types.Axis -->\n\t\t<plotArea></plotArea> <!-- sap.viz.ui5.types.Heatmap -->\n\t\t<toolTip></toolTip> <!-- sap.viz.ui5.types.Tooltip -->\n\t\t<interaction></interaction> <!-- sap.viz.ui5.types.controller.Interaction -->\n</ui5/Heatmap>\n"
	},
	{
		"name": "sap.viz.ui5.HorizontalArea",
		"prefix": "HorizontalArea,Area",
		"description": "sap.viz.ui5.HorizontalArea",
		"template": "<ui5/HorizontalArea xmlns=\"sap.viz\"\n\tid=\"${id}\"\n\tbusy=\"false\"\n\tbusyIndicatorDelay=\"1000\"\n\tvisible=\"true\"\n\twidth=\"640px\"\n\theight=\"480px\"\n\tcss=\"\"\n\tbeforeCreateViz=\"\"\n\tselectData=\"\"\n\tdeselectData=\"\"\n\tshowTooltip=\"\"\n\thideTooltip=\"\"\n\tinitialized=\"\">\n\t\t<tooltip></tooltip> <!-- sap.ui.core.TooltipBase -->\n\t\t<dependents></dependents> <!-- sap.ui.core.Control, since 1.19 -->\n\t\t<dataset></dataset> <!-- sap.viz.ui5.data.Dataset -->\n\t\t<noData></noData> <!-- sap.ui.core.Control -->\n\t\t<general></general> <!-- sap.viz.ui5.types.RootContainer -->\n\t\t<interaction></interaction> <!-- sap.viz.ui5.types.controller.Interaction -->\n\t\t<title></title> <!-- sap.viz.ui5.types.Title -->\n\t\t<legendGroup></legendGroup> <!-- sap.viz.ui5.types.Legend -->\n\t\t<legend></legend> <!-- sap.viz.ui5.types.legend.Common -->\n\t\t<toolTip></toolTip> <!-- sap.viz.ui5.types.Tooltip -->\n\t\t<xyContainer></xyContainer> <!-- sap.viz.ui5.types.XYContainer -->\n\t\t<dataLabel></dataLabel> <!-- sap.viz.ui5.types.Datalabel -->\n\t\t<xAxis></xAxis> <!-- sap.viz.ui5.types.Axis -->\n\t\t<yAxis></yAxis> <!-- sap.viz.ui5.types.Axis -->\n\t\t<background></background> <!-- sap.viz.ui5.types.Background -->\n\t\t<plotArea></plotArea> <!-- sap.viz.ui5.types.Area -->\n</ui5/HorizontalArea>\n"
	},
	{
		"name": "sap.viz.ui5.HorizontalArea100",
		"prefix": "HorizontalArea100,Area100",
		"description": "sap.viz.ui5.HorizontalArea100",
		"template": "<ui5/HorizontalArea100 xmlns=\"sap.viz\"\n\tid=\"${id}\"\n\tbusy=\"false\"\n\tbusyIndicatorDelay=\"1000\"\n\tvisible=\"true\"\n\twidth=\"640px\"\n\theight=\"480px\"\n\tcss=\"\"\n\tbeforeCreateViz=\"\"\n\tselectData=\"\"\n\tdeselectData=\"\"\n\tshowTooltip=\"\"\n\thideTooltip=\"\"\n\tinitialized=\"\">\n\t\t<tooltip></tooltip> <!-- sap.ui.core.TooltipBase -->\n\t\t<dependents></dependents> <!-- sap.ui.core.Control, since 1.19 -->\n\t\t<dataset></dataset> <!-- sap.viz.ui5.data.Dataset -->\n\t\t<noData></noData> <!-- sap.ui.core.Control -->\n\t\t<general></general> <!-- sap.viz.ui5.types.RootContainer -->\n\t\t<interaction></interaction> <!-- sap.viz.ui5.types.controller.Interaction -->\n\t\t<title></title> <!-- sap.viz.ui5.types.Title -->\n\t\t<legendGroup></legendGroup> <!-- sap.viz.ui5.types.Legend -->\n\t\t<legend></legend> <!-- sap.viz.ui5.types.legend.Common -->\n\t\t<toolTip></toolTip> <!-- sap.viz.ui5.types.Tooltip -->\n\t\t<xyContainer></xyContainer> <!-- sap.viz.ui5.types.XYContainer -->\n\t\t<dataLabel></dataLabel> <!-- sap.viz.ui5.types.Datalabel -->\n\t\t<xAxis></xAxis> <!-- sap.viz.ui5.types.Axis -->\n\t\t<yAxis></yAxis> <!-- sap.viz.ui5.types.Axis -->\n\t\t<background></background> <!-- sap.viz.ui5.types.Background -->\n\t\t<plotArea></plotArea> <!-- sap.viz.ui5.types.Area -->\n</ui5/HorizontalArea100>\n"
	},
	{
		"name": "sap.viz.ui5.Line",
		"prefix": "Line",
		"description": "sap.viz.ui5.Line",
		"template": "<ui5/Line xmlns=\"sap.viz\"\n\tid=\"${id}\"\n\tbusy=\"false\"\n\tbusyIndicatorDelay=\"1000\"\n\tvisible=\"true\"\n\twidth=\"640px\"\n\theight=\"480px\"\n\tcss=\"\"\n\tbeforeCreateViz=\"\"\n\tselectData=\"\"\n\tdeselectData=\"\"\n\tshowTooltip=\"\"\n\thideTooltip=\"\"\n\tinitialized=\"\">\n\t\t<tooltip></tooltip> <!-- sap.ui.core.TooltipBase -->\n\t\t<dependents></dependents> <!-- sap.ui.core.Control, since 1.19 -->\n\t\t<dataset></dataset> <!-- sap.viz.ui5.data.Dataset -->\n\t\t<noData></noData> <!-- sap.ui.core.Control -->\n\t\t<general></general> <!-- sap.viz.ui5.types.RootContainer -->\n\t\t<interaction></interaction> <!-- sap.viz.ui5.types.controller.Interaction -->\n\t\t<title></title> <!-- sap.viz.ui5.types.Title -->\n\t\t<legendGroup></legendGroup> <!-- sap.viz.ui5.types.Legend -->\n\t\t<legend></legend> <!-- sap.viz.ui5.types.legend.Common -->\n\t\t<toolTip></toolTip> <!-- sap.viz.ui5.types.Tooltip -->\n\t\t<xyContainer></xyContainer> <!-- sap.viz.ui5.types.XYContainer -->\n\t\t<dataLabel></dataLabel> <!-- sap.viz.ui5.types.Datalabel -->\n\t\t<yAxis></yAxis> <!-- sap.viz.ui5.types.Axis -->\n\t\t<xAxis></xAxis> <!-- sap.viz.ui5.types.Axis -->\n\t\t<background></background> <!-- sap.viz.ui5.types.Background -->\n\t\t<plotArea></plotArea> <!-- sap.viz.ui5.types.Line -->\n</ui5/Line>\n"
	},
	{
		"name": "sap.viz.ui5.Pie",
		"prefix": "Pie",
		"description": "sap.viz.ui5.Pie",
		"template": "<ui5/Pie xmlns=\"sap.viz\"\n\tid=\"${id}\"\n\tbusy=\"false\"\n\tbusyIndicatorDelay=\"1000\"\n\tvisible=\"true\"\n\twidth=\"640px\"\n\theight=\"480px\"\n\tcss=\"\"\n\tbeforeCreateViz=\"\"\n\tselectData=\"\"\n\tdeselectData=\"\"\n\tshowTooltip=\"\"\n\thideTooltip=\"\"\n\tinitialized=\"\">\n\t\t<tooltip></tooltip> <!-- sap.ui.core.TooltipBase -->\n\t\t<dependents></dependents> <!-- sap.ui.core.Control, since 1.19 -->\n\t\t<dataset></dataset> <!-- sap.viz.ui5.data.Dataset -->\n\t\t<noData></noData> <!-- sap.ui.core.Control -->\n\t\t<general></general> <!-- sap.viz.ui5.types.RootContainer -->\n\t\t<title></title> <!-- sap.viz.ui5.types.Title -->\n\t\t<legendGroup></legendGroup> <!-- sap.viz.ui5.types.Legend -->\n\t\t<legend></legend> <!-- sap.viz.ui5.types.legend.Common -->\n\t\t<xyContainer></xyContainer> <!-- sap.viz.ui5.types.XYContainer -->\n\t\t<plotArea></plotArea> <!-- sap.viz.ui5.types.Pie -->\n\t\t<dataLabel></dataLabel> <!-- sap.viz.ui5.types.Datalabel -->\n\t\t<interaction></interaction> <!-- sap.viz.ui5.types.controller.Interaction -->\n\t\t<toolTip></toolTip> <!-- sap.viz.ui5.types.Tooltip -->\n\t\t<dataTransform></dataTransform> <!-- sap.viz.ui5.types.Datatransform -->\n</ui5/Pie>\n"
	},
	{
		"name": "sap.viz.ui5.Scatter",
		"prefix": "Scatter",
		"description": "sap.viz.ui5.Scatter",
		"template": "<ui5/Scatter xmlns=\"sap.viz\"\n\tid=\"${id}\"\n\tbusy=\"false\"\n\tbusyIndicatorDelay=\"1000\"\n\tvisible=\"true\"\n\twidth=\"640px\"\n\theight=\"480px\"\n\tcss=\"\"\n\tbeforeCreateViz=\"\"\n\tselectData=\"\"\n\tdeselectData=\"\"\n\tshowTooltip=\"\"\n\thideTooltip=\"\"\n\tinitialized=\"\">\n\t\t<tooltip></tooltip> <!-- sap.ui.core.TooltipBase -->\n\t\t<dependents></dependents> <!-- sap.ui.core.Control, since 1.19 -->\n\t\t<dataset></dataset> <!-- sap.viz.ui5.data.Dataset -->\n\t\t<noData></noData> <!-- sap.ui.core.Control -->\n\t\t<general></general> <!-- sap.viz.ui5.types.RootContainer -->\n\t\t<title></title> <!-- sap.viz.ui5.types.Title -->\n\t\t<legendGroup></legendGroup> <!-- sap.viz.ui5.types.Legend -->\n\t\t<legend></legend> <!-- sap.viz.ui5.types.legend.Common -->\n\t\t<xyContainer></xyContainer> <!-- sap.viz.ui5.types.XYContainer -->\n\t\t<dataLabel></dataLabel> <!-- sap.viz.ui5.types.Datalabel -->\n\t\t<xAxis></xAxis> <!-- sap.viz.ui5.types.Axis -->\n\t\t<yAxis></yAxis> <!-- sap.viz.ui5.types.Axis -->\n\t\t<background></background> <!-- sap.viz.ui5.types.Background -->\n\t\t<plotArea></plotArea> <!-- sap.viz.ui5.types.Scatter -->\n\t\t<toolTip></toolTip> <!-- sap.viz.ui5.types.Tooltip -->\n\t\t<interaction></interaction> <!-- sap.viz.ui5.types.controller.Interaction -->\n\t\t<dataTransform></dataTransform> <!-- sap.viz.ui5.types.Datatransform -->\n</ui5/Scatter>\n"
	},
	{
		"name": "sap.viz.ui5.StackedColumn",
		"prefix": "StackedColumn,Column",
		"description": "sap.viz.ui5.StackedColumn",
		"template": "<ui5/StackedColumn xmlns=\"sap.viz\"\n\tid=\"${id}\"\n\tbusy=\"false\"\n\tbusyIndicatorDelay=\"1000\"\n\tvisible=\"true\"\n\twidth=\"640px\"\n\theight=\"480px\"\n\tcss=\"\"\n\tbeforeCreateViz=\"\"\n\tselectData=\"\"\n\tdeselectData=\"\"\n\tshowTooltip=\"\"\n\thideTooltip=\"\"\n\tinitialized=\"\">\n\t\t<tooltip></tooltip> <!-- sap.ui.core.TooltipBase -->\n\t\t<dependents></dependents> <!-- sap.ui.core.Control, since 1.19 -->\n\t\t<dataset></dataset> <!-- sap.viz.ui5.data.Dataset -->\n\t\t<noData></noData> <!-- sap.ui.core.Control -->\n\t\t<general></general> <!-- sap.viz.ui5.types.RootContainer -->\n\t\t<interaction></interaction> <!-- sap.viz.ui5.types.controller.Interaction -->\n\t\t<title></title> <!-- sap.viz.ui5.types.Title -->\n\t\t<legendGroup></legendGroup> <!-- sap.viz.ui5.types.Legend -->\n\t\t<legend></legend> <!-- sap.viz.ui5.types.legend.Common -->\n\t\t<toolTip></toolTip> <!-- sap.viz.ui5.types.Tooltip -->\n\t\t<xyContainer></xyContainer> <!-- sap.viz.ui5.types.XYContainer -->\n\t\t<dataLabel></dataLabel> <!-- sap.viz.ui5.types.Datalabel -->\n\t\t<yAxis></yAxis> <!-- sap.viz.ui5.types.Axis -->\n\t\t<xAxis></xAxis> <!-- sap.viz.ui5.types.Axis -->\n\t\t<background></background> <!-- sap.viz.ui5.types.Background -->\n\t\t<plotArea></plotArea> <!-- sap.viz.ui5.types.StackedVerticalBar -->\n</ui5/StackedColumn>\n"
	},
	{
		"name": "sap.viz.ui5.StackedColumn100",
		"prefix": "StackedColumn100,Column100",
		"description": "sap.viz.ui5.StackedColumn100",
		"template": "<ui5/StackedColumn100 xmlns=\"sap.viz\"\n\tid=\"${id}\"\n\tbusy=\"false\"\n\tbusyIndicatorDelay=\"1000\"\n\tvisible=\"true\"\n\twidth=\"640px\"\n\theight=\"480px\"\n\tcss=\"\"\n\tbeforeCreateViz=\"\"\n\tselectData=\"\"\n\tdeselectData=\"\"\n\tshowTooltip=\"\"\n\thideTooltip=\"\"\n\tinitialized=\"\">\n\t\t<tooltip></tooltip> <!-- sap.ui.core.TooltipBase -->\n\t\t<dependents></dependents> <!-- sap.ui.core.Control, since 1.19 -->\n\t\t<dataset></dataset> <!-- sap.viz.ui5.data.Dataset -->\n\t\t<noData></noData> <!-- sap.ui.core.Control -->\n\t\t<general></general> <!-- sap.viz.ui5.types.RootContainer -->\n\t\t<interaction></interaction> <!-- sap.viz.ui5.types.controller.Interaction -->\n\t\t<title></title> <!-- sap.viz.ui5.types.Title -->\n\t\t<legendGroup></legendGroup> <!-- sap.viz.ui5.types.Legend -->\n\t\t<legend></legend> <!-- sap.viz.ui5.types.legend.Common -->\n\t\t<toolTip></toolTip> <!-- sap.viz.ui5.types.Tooltip -->\n\t\t<xyContainer></xyContainer> <!-- sap.viz.ui5.types.XYContainer -->\n\t\t<dataLabel></dataLabel> <!-- sap.viz.ui5.types.Datalabel -->\n\t\t<yAxis></yAxis> <!-- sap.viz.ui5.types.Axis -->\n\t\t<xAxis></xAxis> <!-- sap.viz.ui5.types.Axis -->\n\t\t<background></background> <!-- sap.viz.ui5.types.Background -->\n\t\t<plotArea></plotArea> <!-- sap.viz.ui5.types.StackedVerticalBar -->\n</ui5/StackedColumn100>\n"
	},
	{
		"name": "sap.viz.ui5.TimeBubble",
		"prefix": "TimeBubble,Bubble",
		"description": "sap.viz.ui5.TimeBubble",
		"template": "<ui5/TimeBubble xmlns=\"sap.viz\"\n\tid=\"${id}\"\n\tbusy=\"false\"\n\tbusyIndicatorDelay=\"1000\"\n\tvisible=\"true\"\n\twidth=\"640px\"\n\theight=\"480px\"\n\tcss=\"\"\n\tbeforeCreateViz=\"\"\n\tselectData=\"\"\n\tdeselectData=\"\"\n\tshowTooltip=\"\"\n\thideTooltip=\"\"\n\tinitialized=\"\">\n\t\t<tooltip></tooltip> <!-- sap.ui.core.TooltipBase -->\n\t\t<dependents></dependents> <!-- sap.ui.core.Control, since 1.19 -->\n\t\t<dataset></dataset> <!-- sap.viz.ui5.data.Dataset -->\n\t\t<noData></noData> <!-- sap.ui.core.Control -->\n\t\t<general></general> <!-- sap.viz.ui5.types.RootContainer -->\n\t\t<title></title> <!-- sap.viz.ui5.types.Title -->\n\t\t<legendGroup></legendGroup> <!-- sap.viz.ui5.types.Legend -->\n\t\t<legend></legend> <!-- sap.viz.ui5.types.legend.Common -->\n\t\t<sizeLegend></sizeLegend> <!-- sap.viz.ui5.types.legend.Common -->\n\t\t<xyContainer></xyContainer> <!-- sap.viz.ui5.types.XYContainer -->\n\t\t<dataLabel></dataLabel> <!-- sap.viz.ui5.types.Datalabel -->\n\t\t<xAxis></xAxis> <!-- sap.viz.ui5.types.Axis -->\n\t\t<yAxis></yAxis> <!-- sap.viz.ui5.types.Axis -->\n\t\t<background></background> <!-- sap.viz.ui5.types.Background -->\n\t\t<plotArea></plotArea> <!-- sap.viz.ui5.types.Bubble -->\n\t\t<toolTip></toolTip> <!-- sap.viz.ui5.types.Tooltip -->\n\t\t<interaction></interaction> <!-- sap.viz.ui5.types.controller.Interaction -->\n</ui5/TimeBubble>\n"
	},
	{
		"name": "sap.viz.ui5.Treemap",
		"prefix": "Treemap",
		"description": "sap.viz.ui5.Treemap",
		"template": "<ui5/Treemap xmlns=\"sap.viz\"\n\tid=\"${id}\"\n\tbusy=\"false\"\n\tbusyIndicatorDelay=\"1000\"\n\tvisible=\"true\"\n\twidth=\"640px\"\n\theight=\"480px\"\n\tcss=\"\"\n\tbeforeCreateViz=\"\"\n\tselectData=\"\"\n\tdeselectData=\"\"\n\tshowTooltip=\"\"\n\thideTooltip=\"\"\n\tinitialized=\"\">\n\t\t<tooltip></tooltip> <!-- sap.ui.core.TooltipBase -->\n\t\t<dependents></dependents> <!-- sap.ui.core.Control, since 1.19 -->\n\t\t<dataset></dataset> <!-- sap.viz.ui5.data.Dataset -->\n\t\t<noData></noData> <!-- sap.ui.core.Control -->\n\t\t<general></general> <!-- sap.viz.ui5.types.RootContainer -->\n\t\t<title></title> <!-- sap.viz.ui5.types.Title -->\n\t\t<legendGroup></legendGroup> <!-- sap.viz.ui5.types.Legend -->\n\t\t<legend></legend> <!-- sap.viz.ui5.types.legend.Common -->\n\t\t<xyContainer></xyContainer> <!-- sap.viz.ui5.types.XYContainer -->\n\t\t<dataLabel></dataLabel> <!-- sap.viz.ui5.types.Datalabel -->\n\t\t<plotArea></plotArea> <!-- sap.viz.ui5.types.Treemap -->\n\t\t<toolTip></toolTip> <!-- sap.viz.ui5.types.Tooltip -->\n\t\t<interaction></interaction> <!-- sap.viz.ui5.types.controller.Interaction -->\n</ui5/Treemap>\n"
	},
	{
		"name": "sap.viz.ui5.VizContainer",
		"prefix": "VizContainer,Container",
		"description": "sap.viz.ui5.VizContainer",
		"template": "<ui5/VizContainer xmlns=\"sap.viz\"\n\tid=\"${id}\"\n\tbusy=\"false\"\n\tbusyIndicatorDelay=\"1000\"\n\tvisible=\"true\"\n\tuiConfig=\"\"\n\twidth=\"640px\"\n\theight=\"480px\"\n\tvizType=\"\"\n\tvizCss=\"\"\n\tvizProperties=\"\"\n\tenableMorphing=\"\"\n\tfeedsChanged=\"\"\n\tvizTypeChanged=\"\"\n\tvizDefinitionChanged=\"\"\n\tselectData=\"\"\n\tdeselectData=\"\"\n\tshowTooltip=\"\"\n\thideTooltip=\"\"\n\tinitialized=\"\">\n\t\t<tooltip></tooltip> <!-- sap.ui.core.TooltipBase -->\n\t\t<dependents></dependents> <!-- sap.ui.core.Control, since 1.19 -->\n\t\t<vizData></vizData> <!-- sap.viz.ui5.data.Dataset -->\n\t\t<analysisObjectsForPicker></analysisObjectsForPicker> <!-- sap.viz.ui5.controls.common.feeds.AnalysisObject -->\n\t\t<feeds></feeds> <!-- sap.viz.ui5.controls.common.feeds.FeedItem -->\n</ui5/VizContainer>\n"
	},
	{
		"name": "sap.viz.ui5.controls.Popover",
		"prefix": "Popover",
		"description": "sap.viz.ui5.controls.Popover",
		"template": "<ui5/controls/Popover xmlns=\"sap.viz\"\n\tid=\"${id}\"\n\tbusy=\"false\"\n\tbusyIndicatorDelay=\"1000\"\n\tvisible=\"true\"\n\tuiConfig=\"\"\n\twidth=\"640px\"\n\theight=\"480px\"\n\tcustomDataControl=\"\"\n\tactionItems=\"\"\n\tformatString=\"\">\n\t\t<tooltip></tooltip> <!-- sap.ui.core.TooltipBase -->\n\t\t<dependents></dependents> <!-- sap.ui.core.Control, since 1.19 -->\n</ui5/controls/Popover>\n"
	},
	{
		"name": "sap.viz.ui5.controls.VizFrame",
		"prefix": "VizFrame,Frame",
		"description": "sap.viz.ui5.controls.VizFrame",
		"template": "<ui5/controls/VizFrame xmlns=\"sap.viz\"\n\tid=\"${id}\"\n\tbusy=\"false\"\n\tbusyIndicatorDelay=\"1000\"\n\tvisible=\"true\"\n\tuiConfig=\"\"\n\twidth=\"640px\"\n\theight=\"480px\"\n\tvizType=\"\"\n\tvizProperties=\"\"\n\tvizScales=\"\"\n\tlegendVisible=\"true\"\n\trenderComplete=\"\"\n\tselectData=\"\"\n\tdeselectData=\"\">\n\t\t<tooltip></tooltip> <!-- sap.ui.core.TooltipBase -->\n\t\t<dependents></dependents> <!-- sap.ui.core.Control, since 1.19 -->\n\t\t<dataset></dataset> <!-- sap.viz.ui5.data.Dataset -->\n\t\t<feeds></feeds> <!-- sap.viz.ui5.controls.common.feeds.FeedItem -->\n</ui5/controls/VizFrame>\n"
	},
	{
		"name": "sap.viz.ui5.controls.common.BaseControl",
		"prefix": "BaseControl,Control",
		"description": "sap.viz.ui5.controls.common.BaseControl",
		"template": "<ui5/controls/common/BaseControl xmlns=\"sap.viz\"\n\tid=\"${id}\"\n\tbusy=\"false\"\n\tbusyIndicatorDelay=\"1000\"\n\tvisible=\"true\"\n\tuiConfig=\"\"\n\twidth=\"640px\"\n\theight=\"480px\">\n\t\t<tooltip></tooltip> <!-- sap.ui.core.TooltipBase -->\n\t\t<dependents></dependents> <!-- sap.ui.core.Control, since 1.19 -->\n</ui5/controls/common/BaseControl>\n"
	},
	{
		"name": "sap.viz.ui5.controls.common.feeds.AnalysisObject",
		"prefix": "AnalysisObject,Object",
		"description": "sap.viz.ui5.controls.common.feeds.AnalysisObject",
		"template": "<ui5/controls/common/feeds/AnalysisObject xmlns=\"sap.viz\"\n\tid=\"${id}\"\n\tuid=\"\"\n\tname=\"\"\n\ttype=\"\">\n\t\t<tooltip></tooltip> <!-- sap.ui.core.TooltipBase -->\n\t\t<dependents></dependents> <!-- sap.ui.core.Control, since 1.19 -->\n</ui5/controls/common/feeds/AnalysisObject>\n"
	},
	{
		"name": "sap.viz.ui5.controls.common.feeds.FeedItem",
		"prefix": "FeedItem,Item",
		"description": "sap.viz.ui5.controls.common.feeds.FeedItem",
		"template": "<ui5/controls/common/feeds/FeedItem xmlns=\"sap.viz\"\n\tid=\"${id}\"\n\tuid=\"\"\n\ttype=\"\"\n\tvalues=\"\">\n\t\t<tooltip></tooltip> <!-- sap.ui.core.TooltipBase -->\n\t\t<dependents></dependents> <!-- sap.ui.core.Control, since 1.19 -->\n</ui5/controls/common/feeds/FeedItem>\n"
	},
	{
		"name": "sap.viz.ui5.core.BaseChart",
		"prefix": "BaseChart,Chart",
		"description": "sap.viz.ui5.core.BaseChart",
		"template": "<ui5/core/BaseChart xmlns=\"sap.viz\"\n\tid=\"${id}\"\n\tbusy=\"false\"\n\tbusyIndicatorDelay=\"1000\"\n\tvisible=\"true\"\n\twidth=\"640px\"\n\theight=\"480px\"\n\tcss=\"\"\n\tbeforeCreateViz=\"\">\n\t\t<tooltip></tooltip> <!-- sap.ui.core.TooltipBase -->\n\t\t<dependents></dependents> <!-- sap.ui.core.Control, since 1.19 -->\n\t\t<dataset></dataset> <!-- sap.viz.ui5.data.Dataset -->\n\t\t<noData></noData> <!-- sap.ui.core.Control -->\n</ui5/core/BaseChart>\n"
	},
	{
		"name": "sap.viz.ui5.core.BaseStructuredType",
		"prefix": "BaseStructuredType,Type",
		"description": "sap.viz.ui5.core.BaseStructuredType",
		"template": "<ui5/core/BaseStructuredType xmlns=\"sap.viz\"\n\tid=\"${id}\">\n\t\t<tooltip></tooltip> <!-- sap.ui.core.TooltipBase -->\n\t\t<dependents></dependents> <!-- sap.ui.core.Control, since 1.19 -->\n</ui5/core/BaseStructuredType>\n"
	},
	{
		"name": "sap.viz.ui5.data.Dataset",
		"prefix": "Dataset",
		"description": "sap.viz.ui5.data.Dataset",
		"template": "<ui5/data/Dataset xmlns=\"sap.viz\"\n\tid=\"${id}\">\n\t\t<tooltip></tooltip> <!-- sap.ui.core.TooltipBase -->\n\t\t<dependents></dependents> <!-- sap.ui.core.Control, since 1.19 -->\n</ui5/data/Dataset>\n"
	},
	{
		"name": "sap.viz.ui5.data.DimensionDefinition",
		"prefix": "DimensionDefinition,Definition",
		"description": "sap.viz.ui5.data.DimensionDefinition",
		"template": "<ui5/data/DimensionDefinition xmlns=\"sap.viz\"\n\tid=\"${id}\"\n\taxis=\"\"\n\tvalue=\"\"\n\tname=\"\">\n\t\t<tooltip></tooltip> <!-- sap.ui.core.TooltipBase -->\n\t\t<dependents></dependents> <!-- sap.ui.core.Control, since 1.19 -->\n</ui5/data/DimensionDefinition>\n"
	},
	{
		"name": "sap.viz.ui5.data.FlattenedDataset",
		"prefix": "FlattenedDataset,Dataset",
		"description": "sap.viz.ui5.data.FlattenedDataset",
		"template": "<ui5/data/FlattenedDataset xmlns=\"sap.viz\"\n\tid=\"${id}\">\n\t\t<tooltip></tooltip> <!-- sap.ui.core.TooltipBase -->\n\t\t<dependents></dependents> <!-- sap.ui.core.Control, since 1.19 -->\n\t\t<dimensions></dimensions> <!-- sap.viz.ui5.data.DimensionDefinition -->\n\t\t<measures></measures> <!-- sap.viz.ui5.data.MeasureDefinition -->\n\t\t<data></data> <!-- sap.ui.core.Element -->\n</ui5/data/FlattenedDataset>\n"
	},
	{
		"name": "sap.viz.ui5.data.MeasureDefinition",
		"prefix": "MeasureDefinition,Definition",
		"description": "sap.viz.ui5.data.MeasureDefinition",
		"template": "<ui5/data/MeasureDefinition xmlns=\"sap.viz\"\n\tid=\"${id}\"\n\tgroup=\"1\"\n\tvalue=\"\"\n\tname=\"\">\n\t\t<tooltip></tooltip> <!-- sap.ui.core.TooltipBase -->\n\t\t<dependents></dependents> <!-- sap.ui.core.Control, since 1.19 -->\n</ui5/data/MeasureDefinition>\n"
	},
	{
		"name": "sap.viz.ui5.types.Area",
		"prefix": "Area",
		"description": "sap.viz.ui5.types.Area",
		"template": "<ui5/types/Area xmlns=\"sap.viz\"\n\tid=\"${id}\"\n\torientation=\"vertical\"\n\tcolorPalette=\"\"\n\tprimaryValuesColorPalette=\"\"\n\tsecondaryValuesColorPalette=\"\"\n\tdrawingEffect=\"normal\"\n\tmode=\"comparison\"\n\tformatRules=\"\">\n\t\t<tooltip></tooltip> <!-- sap.ui.core.TooltipBase -->\n\t\t<dependents></dependents> <!-- sap.ui.core.Control, since 1.19 -->\n\t\t<toolTip></toolTip> <!-- sap.viz.ui5.types.Area_tooltip -->\n\t\t<animation></animation> <!-- sap.viz.ui5.types.Area_animation -->\n\t\t<marker></marker> <!-- sap.viz.ui5.types.Area_marker -->\n\t\t<hoverline></hoverline> <!-- sap.viz.ui5.types.Area_hoverline -->\n</ui5/types/Area>\n"
	},
	{
		"name": "sap.viz.ui5.types.Area_animation",
		"prefix": "Area_animation",
		"description": "sap.viz.ui5.types.Area_animation",
		"template": "<ui5/types/Area_animation xmlns=\"sap.viz\"\n\tid=\"${id}\"\n\tdataLoading=\"true\"\n\tdataUpdating=\"true\"\n\tresizing=\"true\">\n\t\t<tooltip></tooltip> <!-- sap.ui.core.TooltipBase -->\n\t\t<dependents></dependents> <!-- sap.ui.core.Control, since 1.19 -->\n</ui5/types/Area_animation>\n"
	},
	{
		"name": "sap.viz.ui5.types.Area_hoverline",
		"prefix": "Area_hoverline",
		"description": "sap.viz.ui5.types.Area_hoverline",
		"template": "<ui5/types/Area_hoverline xmlns=\"sap.viz\"\n\tid=\"${id}\"\n\tvisible=\"true\">\n\t\t<tooltip></tooltip> <!-- sap.ui.core.TooltipBase -->\n\t\t<dependents></dependents> <!-- sap.ui.core.Control, since 1.19 -->\n</ui5/types/Area_hoverline>\n"
	},
	{
		"name": "sap.viz.ui5.types.Area_marker",
		"prefix": "Area_marker",
		"description": "sap.viz.ui5.types.Area_marker",
		"template": "<ui5/types/Area_marker xmlns=\"sap.viz\"\n\tid=\"${id}\"\n\tvisible=\"true\"\n\tshape=\"circle\"\n\tsize=\"8\"\n\tnumber=\"\">\n\t\t<tooltip></tooltip> <!-- sap.ui.core.TooltipBase -->\n\t\t<dependents></dependents> <!-- sap.ui.core.Control, since 1.19 -->\n</ui5/types/Area_marker>\n"
	},
	{
		"name": "sap.viz.ui5.types.Area_tooltip",
		"prefix": "Area_tooltip",
		"description": "sap.viz.ui5.types.Area_tooltip",
		"template": "<ui5/types/Area_tooltip xmlns=\"sap.viz\"\n\tid=\"${id}\"\n\tenabled=\"true\">\n\t\t<tooltip></tooltip> <!-- sap.ui.core.TooltipBase -->\n\t\t<dependents></dependents> <!-- sap.ui.core.Control, since 1.19 -->\n</ui5/types/Area_tooltip>\n"
	},
	{
		"name": "sap.viz.ui5.types.Axis",
		"prefix": "Axis",
		"description": "sap.viz.ui5.types.Axis",
		"template": "<ui5/types/Axis xmlns=\"sap.viz\"\n\tid=\"${id}\"\n\tisIndependentMode=\"false\"\n\tisPercentMode=\"false\"\n\tisKeepFirstAndLastLabel=\"false\"\n\tlineSize=\"1\"\n\tcolor=\"#6c6c6c\"\n\ttype=\"value\"\n\tvisible=\"true\"\n\tposition=\"bottom\"\n\tisTruncateAvailable=\"true\"\n\tforceLabelArea=\"false\"\n\tenableLabelSelection=\"true\"\n\thideTitleFirst=\"false\"\n\tmaxSizeRatio=\"0.25\">\n\t\t<tooltip></tooltip> <!-- sap.ui.core.TooltipBase -->\n\t\t<dependents></dependents> <!-- sap.ui.core.Control, since 1.19 -->\n\t\t<title></title> <!-- sap.viz.ui5.types.Axis_title -->\n\t\t<gridline></gridline> <!-- sap.viz.ui5.types.Axis_gridline -->\n\t\t<axisline></axisline> <!-- sap.viz.ui5.types.Axis_axisline -->\n\t\t<label></label> <!-- sap.viz.ui5.types.Axis_label -->\n\t\t<indicator></indicator> <!-- sap.viz.ui5.types.Axis_indicator -->\n\t\t<scale></scale> <!-- sap.viz.ui5.types.Axis_scale -->\n\t\t<layoutInfo></layoutInfo> <!-- sap.viz.ui5.types.Axis_layoutInfo -->\n\t\t<axisTick></axisTick> <!-- sap.viz.ui5.types.Axis_axisTick -->\n</ui5/types/Axis>\n"
	},
	{
		"name": "sap.viz.ui5.types.Axis_axisTick",
		"prefix": "Axis_axisTick,Tick",
		"description": "sap.viz.ui5.types.Axis_axisTick",
		"template": "<ui5/types/Axis_axisTick xmlns=\"sap.viz\"\n\tid=\"${id}\"\n\tvisible=\"true\">\n\t\t<tooltip></tooltip> <!-- sap.ui.core.TooltipBase -->\n\t\t<dependents></dependents> <!-- sap.ui.core.Control, since 1.19 -->\n</ui5/types/Axis_axisTick>\n"
	},
	{
		"name": "sap.viz.ui5.types.Axis_axisline",
		"prefix": "Axis_axisline",
		"description": "sap.viz.ui5.types.Axis_axisline",
		"template": "<ui5/types/Axis_axisline xmlns=\"sap.viz\"\n\tid=\"${id}\"\n\tvisible=\"true\">\n\t\t<tooltip></tooltip> <!-- sap.ui.core.TooltipBase -->\n\t\t<dependents></dependents> <!-- sap.ui.core.Control, since 1.19 -->\n</ui5/types/Axis_axisline>\n"
	},
	{
		"name": "sap.viz.ui5.types.Axis_gridline",
		"prefix": "Axis_gridline",
		"description": "sap.viz.ui5.types.Axis_gridline",
		"template": "<ui5/types/Axis_gridline xmlns=\"sap.viz\"\n\tid=\"${id}\"\n\tvisible=\"true\"\n\tdisable=\"false\"\n\tshowFirstLine=\"false\"\n\tshowLastLine=\"false\"\n\ttype=\"line\"\n\tcolor=\"#d8d8d8\"\n\tsize=\"1\">\n\t\t<tooltip></tooltip> <!-- sap.ui.core.TooltipBase -->\n\t\t<dependents></dependents> <!-- sap.ui.core.Control, since 1.19 -->\n</ui5/types/Axis_gridline>\n"
	},
	{
		"name": "sap.viz.ui5.types.Axis_indicator",
		"prefix": "Axis_indicator",
		"description": "sap.viz.ui5.types.Axis_indicator",
		"template": "<ui5/types/Axis_indicator xmlns=\"sap.viz\"\n\tid=\"${id}\"\n\tenable=\"false\">\n\t\t<tooltip></tooltip> <!-- sap.ui.core.TooltipBase -->\n\t\t<dependents></dependents> <!-- sap.ui.core.Control, since 1.19 -->\n</ui5/types/Axis_indicator>\n"
	},
	{
		"name": "sap.viz.ui5.types.Axis_label",
		"prefix": "Axis_label",
		"description": "sap.viz.ui5.types.Axis_label",
		"template": "<ui5/types/Axis_label xmlns=\"sap.viz\"\n\tid=\"${id}\"\n\tvisible=\"true\"\n\tnumberFormat=\"\"\n\tformatString=\"null\"\n\tunitFormatType=\"FinancialUnits\"\n\thideSubLevels=\"false\">\n\t\t<tooltip></tooltip> <!-- sap.ui.core.TooltipBase -->\n\t\t<dependents></dependents> <!-- sap.ui.core.Control, since 1.19 -->\n</ui5/types/Axis_label>\n"
	},
	{
		"name": "sap.viz.ui5.types.Axis_layoutInfo",
		"prefix": "Axis_layoutInfo,Info",
		"description": "sap.viz.ui5.types.Axis_layoutInfo",
		"template": "<ui5/types/Axis_layoutInfo xmlns=\"sap.viz\"\n\tid=\"${id}\"\n\twidth=\"0\"\n\theight=\"0\">\n\t\t<tooltip></tooltip> <!-- sap.ui.core.TooltipBase -->\n\t\t<dependents></dependents> <!-- sap.ui.core.Control, since 1.19 -->\n</ui5/types/Axis_layoutInfo>\n"
	},
	{
		"name": "sap.viz.ui5.types.Axis_scale",
		"prefix": "Axis_scale",
		"description": "sap.viz.ui5.types.Axis_scale",
		"template": "<ui5/types/Axis_scale xmlns=\"sap.viz\"\n\tid=\"${id}\"\n\tfixedRange=\"false\"\n\tminValue=\"0\"\n\tmaxValue=\"0\"\n\tfixedTicks=\"\">\n\t\t<tooltip></tooltip> <!-- sap.ui.core.TooltipBase -->\n\t\t<dependents></dependents> <!-- sap.ui.core.Control, since 1.19 -->\n</ui5/types/Axis_scale>\n"
	},
	{
		"name": "sap.viz.ui5.types.Axis_title",
		"prefix": "Axis_title",
		"description": "sap.viz.ui5.types.Axis_title",
		"template": "<ui5/types/Axis_title xmlns=\"sap.viz\"\n\tid=\"${id}\"\n\tvisible=\"false\"\n\ttext=\"null\"\n\tapplyAxislineColor=\"false\">\n\t\t<tooltip></tooltip> <!-- sap.ui.core.TooltipBase -->\n\t\t<dependents></dependents> <!-- sap.ui.core.Control, since 1.19 -->\n</ui5/types/Axis_title>\n"
	},
	{
		"name": "sap.viz.ui5.types.Background",
		"prefix": "Background",
		"description": "sap.viz.ui5.types.Background",
		"template": "<ui5/types/Background xmlns=\"sap.viz\"\n\tid=\"${id}\"\n\tvisible=\"true\"\n\tdrawingEffect=\"normal\"\n\tdirection=\"vertical\"\n\tcolor=\"transparent\">\n\t\t<tooltip></tooltip> <!-- sap.ui.core.TooltipBase -->\n\t\t<dependents></dependents> <!-- sap.ui.core.Control, since 1.19 -->\n\t\t<border></border> <!-- sap.viz.ui5.types.Background_border -->\n</ui5/types/Background>\n"
	},
	{
		"name": "sap.viz.ui5.types.Background_border",
		"prefix": "Background_border",
		"description": "sap.viz.ui5.types.Background_border",
		"template": "<ui5/types/Background_border xmlns=\"sap.viz\"\n\tid=\"${id}\"\n\tstroke=\"#d8d8d8\"\n\tstrokeWidth=\"1\">\n\t\t<tooltip></tooltip> <!-- sap.ui.core.TooltipBase -->\n\t\t<dependents></dependents> <!-- sap.ui.core.Control, since 1.19 -->\n\t\t<left></left> <!-- sap.viz.ui5.types.Background_border_left -->\n\t\t<right></right> <!-- sap.viz.ui5.types.Background_border_right -->\n\t\t<top></top> <!-- sap.viz.ui5.types.Background_border_top -->\n\t\t<bottom></bottom> <!-- sap.viz.ui5.types.Background_border_bottom -->\n</ui5/types/Background_border>\n"
	},
	{
		"name": "sap.viz.ui5.types.Background_border_bottom",
		"prefix": "Background_border_bottom",
		"description": "sap.viz.ui5.types.Background_border_bottom",
		"template": "<ui5/types/Background_border_bottom xmlns=\"sap.viz\"\n\tid=\"${id}\"\n\tvisible=\"true\">\n\t\t<tooltip></tooltip> <!-- sap.ui.core.TooltipBase -->\n\t\t<dependents></dependents> <!-- sap.ui.core.Control, since 1.19 -->\n</ui5/types/Background_border_bottom>\n"
	},
	{
		"name": "sap.viz.ui5.types.Background_border_left",
		"prefix": "Background_border_left",
		"description": "sap.viz.ui5.types.Background_border_left",
		"template": "<ui5/types/Background_border_left xmlns=\"sap.viz\"\n\tid=\"${id}\"\n\tvisible=\"true\">\n\t\t<tooltip></tooltip> <!-- sap.ui.core.TooltipBase -->\n\t\t<dependents></dependents> <!-- sap.ui.core.Control, since 1.19 -->\n</ui5/types/Background_border_left>\n"
	},
	{
		"name": "sap.viz.ui5.types.Background_border_right",
		"prefix": "Background_border_right",
		"description": "sap.viz.ui5.types.Background_border_right",
		"template": "<ui5/types/Background_border_right xmlns=\"sap.viz\"\n\tid=\"${id}\"\n\tvisible=\"true\">\n\t\t<tooltip></tooltip> <!-- sap.ui.core.TooltipBase -->\n\t\t<dependents></dependents> <!-- sap.ui.core.Control, since 1.19 -->\n</ui5/types/Background_border_right>\n"
	},
	{
		"name": "sap.viz.ui5.types.Background_border_top",
		"prefix": "Background_border_top",
		"description": "sap.viz.ui5.types.Background_border_top",
		"template": "<ui5/types/Background_border_top xmlns=\"sap.viz\"\n\tid=\"${id}\"\n\tvisible=\"true\">\n\t\t<tooltip></tooltip> <!-- sap.ui.core.TooltipBase -->\n\t\t<dependents></dependents> <!-- sap.ui.core.Control, since 1.19 -->\n</ui5/types/Background_border_top>\n"
	},
	{
		"name": "sap.viz.ui5.types.Bar",
		"prefix": "Bar",
		"description": "sap.viz.ui5.types.Bar",
		"template": "<ui5/types/Bar xmlns=\"sap.viz\"\n\tid=\"${id}\"\n\torientation=\"vertical\"\n\tcolorPalette=\"\"\n\tprimaryValuesColorPalette=\"\"\n\tsecondaryValuesColorPalette=\"\"\n\tdrawingEffect=\"normal\"\n\tisRoundCorner=\"false\"\n\timageFill=\"false\"\n\timagePalette=\"\"\n\tformatRules=\"\">\n\t\t<tooltip></tooltip> <!-- sap.ui.core.TooltipBase -->\n\t\t<dependents></dependents> <!-- sap.ui.core.Control, since 1.19 -->\n\t\t<toolTip></toolTip> <!-- sap.viz.ui5.types.Bar_tooltip -->\n\t\t<animation></animation> <!-- sap.viz.ui5.types.Bar_animation -->\n</ui5/types/Bar>\n"
	},
	{
		"name": "sap.viz.ui5.types.Bar_animation",
		"prefix": "Bar_animation",
		"description": "sap.viz.ui5.types.Bar_animation",
		"template": "<ui5/types/Bar_animation xmlns=\"sap.viz\"\n\tid=\"${id}\"\n\tdataLoading=\"true\"\n\tdataUpdating=\"true\"\n\tresizing=\"true\">\n\t\t<tooltip></tooltip> <!-- sap.ui.core.TooltipBase -->\n\t\t<dependents></dependents> <!-- sap.ui.core.Control, since 1.19 -->\n</ui5/types/Bar_animation>\n"
	},
	{
		"name": "sap.viz.ui5.types.Bar_tooltip",
		"prefix": "Bar_tooltip",
		"description": "sap.viz.ui5.types.Bar_tooltip",
		"template": "<ui5/types/Bar_tooltip xmlns=\"sap.viz\"\n\tid=\"${id}\"\n\tenabled=\"true\">\n\t\t<tooltip></tooltip> <!-- sap.ui.core.TooltipBase -->\n\t\t<dependents></dependents> <!-- sap.ui.core.Control, since 1.19 -->\n</ui5/types/Bar_tooltip>\n"
	},
	{
		"name": "sap.viz.ui5.types.Bubble",
		"prefix": "Bubble",
		"description": "sap.viz.ui5.types.Bubble",
		"template": "<ui5/types/Bubble xmlns=\"sap.viz\"\n\tid=\"${id}\"\n\tcolorPalette=\"\"\n\tshapePalette=\"\"\n\tminMarkerSize=\"\"\n\tmaxPriValue=\"0\"\n\tminPriValue=\"0\"\n\tmaxSecValue=\"0\"\n\tminSecValue=\"0\"\n\tmaxBubbleWidth=\"0\"\n\tminBubbleWidth=\"0\"\n\tmaxBubbleHeight=\"0\"\n\tminBubbleHeight=\"0\"\n\ttimeBased=\"false\"\n\tdrawingEffect=\"normal\"\n\tformatRules=\"\"\n\tshowNegativeValues=\"true\">\n\t\t<tooltip></tooltip> <!-- sap.ui.core.TooltipBase -->\n\t\t<dependents></dependents> <!-- sap.ui.core.Control, since 1.19 -->\n\t\t<animation></animation> <!-- sap.viz.ui5.types.Bubble_animation -->\n\t\t<axisTooltip></axisTooltip> <!-- sap.viz.ui5.types.Bubble_axisTooltip -->\n\t\t<hoverline></hoverline> <!-- sap.viz.ui5.types.Bubble_hoverline -->\n</ui5/types/Bubble>\n"
	},
	{
		"name": "sap.viz.ui5.types.Bubble_animation",
		"prefix": "Bubble_animation",
		"description": "sap.viz.ui5.types.Bubble_animation",
		"template": "<ui5/types/Bubble_animation xmlns=\"sap.viz\"\n\tid=\"${id}\"\n\tdataLoading=\"true\"\n\tdataUpdating=\"true\"\n\tresizing=\"true\">\n\t\t<tooltip></tooltip> <!-- sap.ui.core.TooltipBase -->\n\t\t<dependents></dependents> <!-- sap.ui.core.Control, since 1.19 -->\n</ui5/types/Bubble_animation>\n"
	},
	{
		"name": "sap.viz.ui5.types.Bubble_axisTooltip",
		"prefix": "Bubble_axisTooltip,Tooltip",
		"description": "sap.viz.ui5.types.Bubble_axisTooltip",
		"template": "<ui5/types/Bubble_axisTooltip xmlns=\"sap.viz\"\n\tid=\"${id}\"\n\tvisible=\"true\"\n\tformatString=\"\">\n\t\t<tooltip></tooltip> <!-- sap.ui.core.TooltipBase -->\n\t\t<dependents></dependents> <!-- sap.ui.core.Control, since 1.19 -->\n</ui5/types/Bubble_axisTooltip>\n"
	},
	{
		"name": "sap.viz.ui5.types.Bubble_hoverline",
		"prefix": "Bubble_hoverline",
		"description": "sap.viz.ui5.types.Bubble_hoverline",
		"template": "<ui5/types/Bubble_hoverline xmlns=\"sap.viz\"\n\tid=\"${id}\"\n\tvisible=\"true\">\n\t\t<tooltip></tooltip> <!-- sap.ui.core.TooltipBase -->\n\t\t<dependents></dependents> <!-- sap.ui.core.Control, since 1.19 -->\n</ui5/types/Bubble_hoverline>\n"
	},
	{
		"name": "sap.viz.ui5.types.Bullet",
		"prefix": "Bullet",
		"description": "sap.viz.ui5.types.Bullet",
		"template": "<ui5/types/Bullet xmlns=\"sap.viz\"\n\tid=\"${id}\"\n\torientation=\"vertical\"\n\tcolorPalette=\"\"\n\tprimaryValuesColorPalette=\"\"\n\tsecondaryValuesColorPalette=\"\"\n\tdrawingEffect=\"normal\"\n\tisRoundCorner=\"false\"\n\treferenceValuesColorPalette=\"\">\n\t\t<tooltip></tooltip> <!-- sap.ui.core.TooltipBase -->\n\t\t<dependents></dependents> <!-- sap.ui.core.Control, since 1.19 -->\n\t\t<toolTip></toolTip> <!-- sap.viz.ui5.types.Bullet_tooltip -->\n</ui5/types/Bullet>\n"
	},
	{
		"name": "sap.viz.ui5.types.Bullet_tooltip",
		"prefix": "Bullet_tooltip",
		"description": "sap.viz.ui5.types.Bullet_tooltip",
		"template": "<ui5/types/Bullet_tooltip xmlns=\"sap.viz\"\n\tid=\"${id}\"\n\tenabled=\"true\">\n\t\t<tooltip></tooltip> <!-- sap.ui.core.TooltipBase -->\n\t\t<dependents></dependents> <!-- sap.ui.core.Control, since 1.19 -->\n</ui5/types/Bullet_tooltip>\n"
	},
	{
		"name": "sap.viz.ui5.types.Combination",
		"prefix": "Combination",
		"description": "sap.viz.ui5.types.Combination",
		"template": "<ui5/types/Combination xmlns=\"sap.viz\"\n\tid=\"${id}\"\n\torientation=\"vertical\"\n\tcolorPalette=\"\"\n\tprimaryValuesColorPalette=\"\"\n\tsecondaryValuesColorPalette=\"\"\n\tdrawingEffect=\"normal\"\n\tformatRules=\"\">\n\t\t<tooltip></tooltip> <!-- sap.ui.core.TooltipBase -->\n\t\t<dependents></dependents> <!-- sap.ui.core.Control, since 1.19 -->\n\t\t<toolTip></toolTip> <!-- sap.viz.ui5.types.Combination_tooltip -->\n\t\t<animation></animation> <!-- sap.viz.ui5.types.Combination_animation -->\n\t\t<dataShape></dataShape> <!-- sap.viz.ui5.types.Combination_dataShape -->\n\t\t<bar></bar> <!-- sap.viz.ui5.types.Combination_bar -->\n\t\t<line></line> <!-- sap.viz.ui5.types.Combination_line -->\n</ui5/types/Combination>\n"
	},
	{
		"name": "sap.viz.ui5.types.Combination_animation",
		"prefix": "Combination_animation",
		"description": "sap.viz.ui5.types.Combination_animation",
		"template": "<ui5/types/Combination_animation xmlns=\"sap.viz\"\n\tid=\"${id}\"\n\tdataLoading=\"true\"\n\tdataUpdating=\"true\"\n\tresizing=\"true\">\n\t\t<tooltip></tooltip> <!-- sap.ui.core.TooltipBase -->\n\t\t<dependents></dependents> <!-- sap.ui.core.Control, since 1.19 -->\n</ui5/types/Combination_animation>\n"
	},
	{
		"name": "sap.viz.ui5.types.Combination_bar",
		"prefix": "Combination_bar",
		"description": "sap.viz.ui5.types.Combination_bar",
		"template": "<ui5/types/Combination_bar xmlns=\"sap.viz\"\n\tid=\"${id}\"\n\tisRoundCorner=\"false\">\n\t\t<tooltip></tooltip> <!-- sap.ui.core.TooltipBase -->\n\t\t<dependents></dependents> <!-- sap.ui.core.Control, since 1.19 -->\n</ui5/types/Combination_bar>\n"
	},
	{
		"name": "sap.viz.ui5.types.Combination_dataShape",
		"prefix": "Combination_dataShape,Shape",
		"description": "sap.viz.ui5.types.Combination_dataShape",
		"template": "<ui5/types/Combination_dataShape xmlns=\"sap.viz\"\n\tid=\"${id}\"\n\tprimaryAxis=\"\"\n\tsecondaryAxis=\"\"\n\tsecondAxis=\"\">\n\t\t<tooltip></tooltip> <!-- sap.ui.core.TooltipBase -->\n\t\t<dependents></dependents> <!-- sap.ui.core.Control, since 1.19 -->\n</ui5/types/Combination_dataShape>\n"
	},
	{
		"name": "sap.viz.ui5.types.Combination_line",
		"prefix": "Combination_line",
		"description": "sap.viz.ui5.types.Combination_line",
		"template": "<ui5/types/Combination_line xmlns=\"sap.viz\"\n\tid=\"${id}\"\n\twidth=\"2\">\n\t\t<tooltip></tooltip> <!-- sap.ui.core.TooltipBase -->\n\t\t<dependents></dependents> <!-- sap.ui.core.Control, since 1.19 -->\n\t\t<marker></marker> <!-- sap.viz.ui5.types.Combination_line_marker -->\n</ui5/types/Combination_line>\n"
	},
	{
		"name": "sap.viz.ui5.types.Combination_line_marker",
		"prefix": "Combination_line_marker",
		"description": "sap.viz.ui5.types.Combination_line_marker",
		"template": "<ui5/types/Combination_line_marker xmlns=\"sap.viz\"\n\tid=\"${id}\"\n\tvisible=\"true\"\n\tshape=\"\"\n\tsize=\"6\"\n\tnumber=\"\">\n\t\t<tooltip></tooltip> <!-- sap.ui.core.TooltipBase -->\n\t\t<dependents></dependents> <!-- sap.ui.core.Control, since 1.19 -->\n</ui5/types/Combination_line_marker>\n"
	},
	{
		"name": "sap.viz.ui5.types.Combination_tooltip",
		"prefix": "Combination_tooltip",
		"description": "sap.viz.ui5.types.Combination_tooltip",
		"template": "<ui5/types/Combination_tooltip xmlns=\"sap.viz\"\n\tid=\"${id}\"\n\tenabled=\"true\">\n\t\t<tooltip></tooltip> <!-- sap.ui.core.TooltipBase -->\n\t\t<dependents></dependents> <!-- sap.ui.core.Control, since 1.19 -->\n</ui5/types/Combination_tooltip>\n"
	},
	{
		"name": "sap.viz.ui5.types.Datalabel",
		"prefix": "Datalabel",
		"description": "sap.viz.ui5.types.Datalabel",
		"template": "<ui5/types/Datalabel xmlns=\"sap.viz\"\n\tid=\"${id}\"\n\tvisible=\"false\"\n\thideWhenOverlap=\"true\"\n\tisDonut=\"false\"\n\ttype=\"value\"\n\tautomaticInOutside=\"true\"\n\tshowZero=\"true\"\n\tisGeoChart=\"false\"\n\tisBubbleChart=\"false\"\n\tisStackMode=\"false\"\n\tisPercentMode=\"false\"\n\tpositionPreference=\"false\"\n\toutsideVisible=\"true\"\n\toutsidePosition=\"up\"\n\tpaintingMode=\"rectCoordinate\"\n\tposition=\"inside\"\n\torientation=\"vertical\"\n\trespectShapeWidth=\"false\"\n\tformatString=\"\">\n\t\t<tooltip></tooltip> <!-- sap.ui.core.TooltipBase -->\n\t\t<dependents></dependents> <!-- sap.ui.core.Control, since 1.19 -->\n</ui5/types/Datalabel>\n"
	},
	{
		"name": "sap.viz.ui5.types.Datatransform",
		"prefix": "Datatransform",
		"description": "sap.viz.ui5.types.Datatransform",
		"template": "<ui5/types/Datatransform xmlns=\"sap.viz\"\n\tid=\"${id}\">\n\t\t<tooltip></tooltip> <!-- sap.ui.core.TooltipBase -->\n\t\t<dependents></dependents> <!-- sap.ui.core.Control, since 1.19 -->\n\t\t<autoBinning></autoBinning> <!-- sap.viz.ui5.types.Datatransform_autoBinning -->\n\t\t<dataSampling></dataSampling> <!-- sap.viz.ui5.types.Datatransform_dataSampling -->\n</ui5/types/Datatransform>\n"
	},
	{
		"name": "sap.viz.ui5.types.Datatransform_autoBinning",
		"prefix": "Datatransform_autoBinning,Binning",
		"description": "sap.viz.ui5.types.Datatransform_autoBinning",
		"template": "<ui5/types/Datatransform_autoBinning xmlns=\"sap.viz\"\n\tid=\"${id}\"\n\tenable=\"false\"\n\tbinNumber=\"10\">\n\t\t<tooltip></tooltip> <!-- sap.ui.core.TooltipBase -->\n\t\t<dependents></dependents> <!-- sap.ui.core.Control, since 1.19 -->\n</ui5/types/Datatransform_autoBinning>\n"
	},
	{
		"name": "sap.viz.ui5.types.Datatransform_dataSampling",
		"prefix": "Datatransform_dataSampling,Sampling",
		"description": "sap.viz.ui5.types.Datatransform_dataSampling",
		"template": "<ui5/types/Datatransform_dataSampling xmlns=\"sap.viz\"\n\tid=\"${id}\"\n\tenable=\"false\"\n\tsizeFactor=\"1\"\n\tnumberPrecondition=\"3000\">\n\t\t<tooltip></tooltip> <!-- sap.ui.core.TooltipBase -->\n\t\t<dependents></dependents> <!-- sap.ui.core.Control, since 1.19 -->\n\t\t<grid></grid> <!-- sap.viz.ui5.types.Datatransform_dataSampling_grid -->\n</ui5/types/Datatransform_dataSampling>\n"
	},
	{
		"name": "sap.viz.ui5.types.Datatransform_dataSampling_grid",
		"prefix": "Datatransform_dataSampling_grid,Sampling_grid",
		"description": "sap.viz.ui5.types.Datatransform_dataSampling_grid",
		"template": "<ui5/types/Datatransform_dataSampling_grid xmlns=\"sap.viz\"\n\tid=\"${id}\"\n\trow=\"3\"\n\tcolumn=\"3\">\n\t\t<tooltip></tooltip> <!-- sap.ui.core.TooltipBase -->\n\t\t<dependents></dependents> <!-- sap.ui.core.Control, since 1.19 -->\n</ui5/types/Datatransform_dataSampling_grid>\n"
	},
	{
		"name": "sap.viz.ui5.types.Heatmap",
		"prefix": "Heatmap",
		"description": "sap.viz.ui5.types.Heatmap",
		"template": "<ui5/types/Heatmap xmlns=\"sap.viz\"\n\tid=\"${id}\"\n\tstartColor=\"#C2E3A9\"\n\tendColor=\"#73C03C\"\n\tcolorPalette=\"\"\n\tlegendValues=\"\"\n\tformatRules=\"\">\n\t\t<tooltip></tooltip> <!-- sap.ui.core.TooltipBase -->\n\t\t<dependents></dependents> <!-- sap.ui.core.Control, since 1.19 -->\n\t\t<border></border> <!-- sap.viz.ui5.types.Heatmap_border -->\n\t\t<animation></animation> <!-- sap.viz.ui5.types.Heatmap_animation -->\n\t\t<toolTip></toolTip> <!-- sap.viz.ui5.types.Heatmap_tooltip -->\n</ui5/types/Heatmap>\n"
	},
	{
		"name": "sap.viz.ui5.types.Heatmap_animation",
		"prefix": "Heatmap_animation",
		"description": "sap.viz.ui5.types.Heatmap_animation",
		"template": "<ui5/types/Heatmap_animation xmlns=\"sap.viz\"\n\tid=\"${id}\"\n\tdataLoading=\"true\"\n\tdataUpdating=\"true\"\n\tresizing=\"true\">\n\t\t<tooltip></tooltip> <!-- sap.ui.core.TooltipBase -->\n\t\t<dependents></dependents> <!-- sap.ui.core.Control, since 1.19 -->\n</ui5/types/Heatmap_animation>\n"
	},
	{
		"name": "sap.viz.ui5.types.Heatmap_border",
		"prefix": "Heatmap_border",
		"description": "sap.viz.ui5.types.Heatmap_border",
		"template": "<ui5/types/Heatmap_border xmlns=\"sap.viz\"\n\tid=\"${id}\"\n\tvisible=\"true\">\n\t\t<tooltip></tooltip> <!-- sap.ui.core.TooltipBase -->\n\t\t<dependents></dependents> <!-- sap.ui.core.Control, since 1.19 -->\n</ui5/types/Heatmap_border>\n"
	},
	{
		"name": "sap.viz.ui5.types.Heatmap_tooltip",
		"prefix": "Heatmap_tooltip",
		"description": "sap.viz.ui5.types.Heatmap_tooltip",
		"template": "<ui5/types/Heatmap_tooltip xmlns=\"sap.viz\"\n\tid=\"${id}\"\n\tenabled=\"true\">\n\t\t<tooltip></tooltip> <!-- sap.ui.core.TooltipBase -->\n\t\t<dependents></dependents> <!-- sap.ui.core.Control, since 1.19 -->\n</ui5/types/Heatmap_tooltip>\n"
	},
	{
		"name": "sap.viz.ui5.types.Legend",
		"prefix": "Legend",
		"description": "sap.viz.ui5.types.Legend",
		"template": "<ui5/types/Legend xmlns=\"sap.viz\"\n\tid=\"${id}\">\n\t\t<tooltip></tooltip> <!-- sap.ui.core.TooltipBase -->\n\t\t<dependents></dependents> <!-- sap.ui.core.Control, since 1.19 -->\n\t\t<layout></layout> <!-- sap.viz.ui5.types.Legend_layout -->\n</ui5/types/Legend>\n"
	},
	{
		"name": "sap.viz.ui5.types.Legend_layout",
		"prefix": "Legend_layout",
		"description": "sap.viz.ui5.types.Legend_layout",
		"template": "<ui5/types/Legend_layout xmlns=\"sap.viz\"\n\tid=\"${id}\"\n\tposition=\"right\"\n\tpriority=\"1\">\n\t\t<tooltip></tooltip> <!-- sap.ui.core.TooltipBase -->\n\t\t<dependents></dependents> <!-- sap.ui.core.Control, since 1.19 -->\n</ui5/types/Legend_layout>\n"
	},
	{
		"name": "sap.viz.ui5.types.Line",
		"prefix": "Line",
		"description": "sap.viz.ui5.types.Line",
		"template": "<ui5/types/Line xmlns=\"sap.viz\"\n\tid=\"${id}\"\n\torientation=\"vertical\"\n\tcolorPalette=\"\"\n\tprimaryValuesColorPalette=\"\"\n\tsecondaryValuesColorPalette=\"\"\n\tdrawingEffect=\"normal\"\n\twidth=\"2\"\n\tshowGroupDetail=\"false\"\n\tformatRules=\"\">\n\t\t<tooltip></tooltip> <!-- sap.ui.core.TooltipBase -->\n\t\t<dependents></dependents> <!-- sap.ui.core.Control, since 1.19 -->\n\t\t<toolTip></toolTip> <!-- sap.viz.ui5.types.Line_tooltip -->\n\t\t<animation></animation> <!-- sap.viz.ui5.types.Line_animation -->\n\t\t<marker></marker> <!-- sap.viz.ui5.types.Line_marker -->\n\t\t<hoverline></hoverline> <!-- sap.viz.ui5.types.Line_hoverline -->\n</ui5/types/Line>\n"
	},
	{
		"name": "sap.viz.ui5.types.Line_animation",
		"prefix": "Line_animation",
		"description": "sap.viz.ui5.types.Line_animation",
		"template": "<ui5/types/Line_animation xmlns=\"sap.viz\"\n\tid=\"${id}\"\n\tdataLoading=\"true\"\n\tdataUpdating=\"true\"\n\tresizing=\"true\">\n\t\t<tooltip></tooltip> <!-- sap.ui.core.TooltipBase -->\n\t\t<dependents></dependents> <!-- sap.ui.core.Control, since 1.19 -->\n</ui5/types/Line_animation>\n"
	},
	{
		"name": "sap.viz.ui5.types.Line_hoverline",
		"prefix": "Line_hoverline",
		"description": "sap.viz.ui5.types.Line_hoverline",
		"template": "<ui5/types/Line_hoverline xmlns=\"sap.viz\"\n\tid=\"${id}\"\n\tvisible=\"true\">\n\t\t<tooltip></tooltip> <!-- sap.ui.core.TooltipBase -->\n\t\t<dependents></dependents> <!-- sap.ui.core.Control, since 1.19 -->\n</ui5/types/Line_hoverline>\n"
	},
	{
		"name": "sap.viz.ui5.types.Line_marker",
		"prefix": "Line_marker",
		"description": "sap.viz.ui5.types.Line_marker",
		"template": "<ui5/types/Line_marker xmlns=\"sap.viz\"\n\tid=\"${id}\"\n\tvisible=\"true\"\n\tshape=\"circle\"\n\tsize=\"6\"\n\tnumber=\"\">\n\t\t<tooltip></tooltip> <!-- sap.ui.core.TooltipBase -->\n\t\t<dependents></dependents> <!-- sap.ui.core.Control, since 1.19 -->\n</ui5/types/Line_marker>\n"
	},
	{
		"name": "sap.viz.ui5.types.Line_tooltip",
		"prefix": "Line_tooltip",
		"description": "sap.viz.ui5.types.Line_tooltip",
		"template": "<ui5/types/Line_tooltip xmlns=\"sap.viz\"\n\tid=\"${id}\"\n\tenabled=\"true\">\n\t\t<tooltip></tooltip> <!-- sap.ui.core.TooltipBase -->\n\t\t<dependents></dependents> <!-- sap.ui.core.Control, since 1.19 -->\n</ui5/types/Line_tooltip>\n"
	},
	{
		"name": "sap.viz.ui5.types.Pie",
		"prefix": "Pie",
		"description": "sap.viz.ui5.types.Pie",
		"template": "<ui5/types/Pie xmlns=\"sap.viz\"\n\tid=\"${id}\"\n\tcolorPalette=\"\"\n\tisDonut=\"false\"\n\tisGeoPie=\"false\"\n\tvalign=\"top\"\n\tdrawingEffect=\"normal\"\n\tformatRules=\"\"\n\tplotScale=\"1\">\n\t\t<tooltip></tooltip> <!-- sap.ui.core.TooltipBase -->\n\t\t<dependents></dependents> <!-- sap.ui.core.Control, since 1.19 -->\n\t\t<animation></animation> <!-- sap.viz.ui5.types.Pie_animation -->\n\t\t<toolTip></toolTip> <!-- sap.viz.ui5.types.Pie_tooltip -->\n</ui5/types/Pie>\n"
	},
	{
		"name": "sap.viz.ui5.types.Pie_animation",
		"prefix": "Pie_animation",
		"description": "sap.viz.ui5.types.Pie_animation",
		"template": "<ui5/types/Pie_animation xmlns=\"sap.viz\"\n\tid=\"${id}\"\n\tdataLoading=\"true\"\n\tdataUpdating=\"true\"\n\tresizing=\"true\">\n\t\t<tooltip></tooltip> <!-- sap.ui.core.TooltipBase -->\n\t\t<dependents></dependents> <!-- sap.ui.core.Control, since 1.19 -->\n</ui5/types/Pie_animation>\n"
	},
	{
		"name": "sap.viz.ui5.types.Pie_tooltip",
		"prefix": "Pie_tooltip",
		"description": "sap.viz.ui5.types.Pie_tooltip",
		"template": "<ui5/types/Pie_tooltip xmlns=\"sap.viz\"\n\tid=\"${id}\"\n\tvisible=\"true\"\n\tvalueFormat=\"n\"\n\tpercentageFormat=\".0%\"\n\tformatString=\"\">\n\t\t<tooltip></tooltip> <!-- sap.ui.core.TooltipBase -->\n\t\t<dependents></dependents> <!-- sap.ui.core.Control, since 1.19 -->\n</ui5/types/Pie_tooltip>\n"
	},
	{
		"name": "sap.viz.ui5.types.RootContainer",
		"prefix": "RootContainer,Container",
		"description": "sap.viz.ui5.types.RootContainer",
		"template": "<ui5/types/RootContainer xmlns=\"sap.viz\"\n\tid=\"${id}\">\n\t\t<tooltip></tooltip> <!-- sap.ui.core.TooltipBase -->\n\t\t<dependents></dependents> <!-- sap.ui.core.Control, since 1.19 -->\n\t\t<layout></layout> <!-- sap.viz.ui5.types.RootContainer_layout -->\n</ui5/types/RootContainer>\n"
	},
	{
		"name": "sap.viz.ui5.types.RootContainer_layout",
		"prefix": "RootContainer_layout,Container_layout",
		"description": "sap.viz.ui5.types.RootContainer_layout",
		"template": "<ui5/types/RootContainer_layout xmlns=\"sap.viz\"\n\tid=\"${id}\"\n\tadjustPolicy=\"\"\n\tpadding=\"24\"\n\tpaddingTop=\"\"\n\tpaddingLeft=\"\"\n\tpaddingRight=\"\"\n\tpaddingBottom=\"\"\n\tvgap=\"8\"\n\thgap=\"8\"\n\thideAxisTitleFirst=\"true\">\n\t\t<tooltip></tooltip> <!-- sap.ui.core.TooltipBase -->\n\t\t<dependents></dependents> <!-- sap.ui.core.Control, since 1.19 -->\n</ui5/types/RootContainer_layout>\n"
	},
	{
		"name": "sap.viz.ui5.types.Scatter",
		"prefix": "Scatter",
		"description": "sap.viz.ui5.types.Scatter",
		"template": "<ui5/types/Scatter xmlns=\"sap.viz\"\n\tid=\"${id}\"\n\tcolorPalette=\"\"\n\tshapePalette=\"\"\n\tmaxPriValue=\"0\"\n\tminPriValue=\"0\"\n\tmaxSecValue=\"0\"\n\tminSecValue=\"0\"\n\ttimeBased=\"false\"\n\tdrawingEffect=\"normal\"\n\tformatRules=\"\"\n\tshowNegativeValues=\"true\"\n\tmarkerSize=\"10\">\n\t\t<tooltip></tooltip> <!-- sap.ui.core.TooltipBase -->\n\t\t<dependents></dependents> <!-- sap.ui.core.Control, since 1.19 -->\n\t\t<animation></animation> <!-- sap.viz.ui5.types.Scatter_animation -->\n\t\t<axisTooltip></axisTooltip> <!-- sap.viz.ui5.types.Scatter_axisTooltip -->\n\t\t<hoverline></hoverline> <!-- sap.viz.ui5.types.Scatter_hoverline -->\n</ui5/types/Scatter>\n"
	},
	{
		"name": "sap.viz.ui5.types.Scatter_animation",
		"prefix": "Scatter_animation",
		"description": "sap.viz.ui5.types.Scatter_animation",
		"template": "<ui5/types/Scatter_animation xmlns=\"sap.viz\"\n\tid=\"${id}\"\n\tdataLoading=\"true\"\n\tdataUpdating=\"true\"\n\tresizing=\"true\">\n\t\t<tooltip></tooltip> <!-- sap.ui.core.TooltipBase -->\n\t\t<dependents></dependents> <!-- sap.ui.core.Control, since 1.19 -->\n</ui5/types/Scatter_animation>\n"
	},
	{
		"name": "sap.viz.ui5.types.Scatter_axisTooltip",
		"prefix": "Scatter_axisTooltip,Tooltip",
		"description": "sap.viz.ui5.types.Scatter_axisTooltip",
		"template": "<ui5/types/Scatter_axisTooltip xmlns=\"sap.viz\"\n\tid=\"${id}\"\n\tvisible=\"true\"\n\tformatString=\"\">\n\t\t<tooltip></tooltip> <!-- sap.ui.core.TooltipBase -->\n\t\t<dependents></dependents> <!-- sap.ui.core.Control, since 1.19 -->\n</ui5/types/Scatter_axisTooltip>\n"
	},
	{
		"name": "sap.viz.ui5.types.Scatter_hoverline",
		"prefix": "Scatter_hoverline",
		"description": "sap.viz.ui5.types.Scatter_hoverline",
		"template": "<ui5/types/Scatter_hoverline xmlns=\"sap.viz\"\n\tid=\"${id}\"\n\tvisible=\"true\">\n\t\t<tooltip></tooltip> <!-- sap.ui.core.TooltipBase -->\n\t\t<dependents></dependents> <!-- sap.ui.core.Control, since 1.19 -->\n</ui5/types/Scatter_hoverline>\n"
	},
	{
		"name": "sap.viz.ui5.types.StackedVerticalBar",
		"prefix": "StackedVerticalBar,Bar",
		"description": "sap.viz.ui5.types.StackedVerticalBar",
		"template": "<ui5/types/StackedVerticalBar xmlns=\"sap.viz\"\n\tid=\"${id}\"\n\torientation=\"vertical\"\n\tcolorPalette=\"\"\n\tprimaryValuesColorPalette=\"\"\n\tsecondaryValuesColorPalette=\"\"\n\tdrawingEffect=\"normal\"\n\tisRoundCorner=\"false\"\n\tformatRules=\"\"\n\tmode=\"comparison\">\n\t\t<tooltip></tooltip> <!-- sap.ui.core.TooltipBase -->\n\t\t<dependents></dependents> <!-- sap.ui.core.Control, since 1.19 -->\n\t\t<toolTip></toolTip> <!-- sap.viz.ui5.types.StackedVerticalBar_tooltip -->\n\t\t<animation></animation> <!-- sap.viz.ui5.types.StackedVerticalBar_animation -->\n</ui5/types/StackedVerticalBar>\n"
	},
	{
		"name": "sap.viz.ui5.types.StackedVerticalBar_animation",
		"prefix": "StackedVerticalBar_animation,Bar_animation",
		"description": "sap.viz.ui5.types.StackedVerticalBar_animation",
		"template": "<ui5/types/StackedVerticalBar_animation xmlns=\"sap.viz\"\n\tid=\"${id}\"\n\tdataLoading=\"true\"\n\tdataUpdating=\"true\"\n\tresizing=\"true\">\n\t\t<tooltip></tooltip> <!-- sap.ui.core.TooltipBase -->\n\t\t<dependents></dependents> <!-- sap.ui.core.Control, since 1.19 -->\n</ui5/types/StackedVerticalBar_animation>\n"
	},
	{
		"name": "sap.viz.ui5.types.StackedVerticalBar_tooltip",
		"prefix": "StackedVerticalBar_tooltip,Bar_tooltip",
		"description": "sap.viz.ui5.types.StackedVerticalBar_tooltip",
		"template": "<ui5/types/StackedVerticalBar_tooltip xmlns=\"sap.viz\"\n\tid=\"${id}\"\n\tenabled=\"true\">\n\t\t<tooltip></tooltip> <!-- sap.ui.core.TooltipBase -->\n\t\t<dependents></dependents> <!-- sap.ui.core.Control, since 1.19 -->\n</ui5/types/StackedVerticalBar_tooltip>\n"
	},
	{
		"name": "sap.viz.ui5.types.Title",
		"prefix": "Title",
		"description": "sap.viz.ui5.types.Title",
		"template": "<ui5/types/Title xmlns=\"sap.viz\"\n\tid=\"${id}\"\n\tvisible=\"false\"\n\ttext=\"null\"\n\talignment=\"center\">\n\t\t<tooltip></tooltip> <!-- sap.ui.core.TooltipBase -->\n\t\t<dependents></dependents> <!-- sap.ui.core.Control, since 1.19 -->\n\t\t<layout></layout> <!-- sap.viz.ui5.types.Title_layout -->\n</ui5/types/Title>\n"
	},
	{
		"name": "sap.viz.ui5.types.Title_layout",
		"prefix": "Title_layout",
		"description": "sap.viz.ui5.types.Title_layout",
		"template": "<ui5/types/Title_layout xmlns=\"sap.viz\"\n\tid=\"${id}\"\n\tposition=\"right\"\n\tpriority=\"0\">\n\t\t<tooltip></tooltip> <!-- sap.ui.core.TooltipBase -->\n\t\t<dependents></dependents> <!-- sap.ui.core.Control, since 1.19 -->\n</ui5/types/Title_layout>\n"
	},
	{
		"name": "sap.viz.ui5.types.Tooltip",
		"prefix": "Tooltip",
		"description": "sap.viz.ui5.types.Tooltip",
		"template": "<ui5/types/Tooltip xmlns=\"sap.viz\"\n\tid=\"${id}\"\n\tpreRender=\"null\"\n\tpostRender=\"null\"\n\tvisible=\"true\"\n\tdrawingEffect=\"normal\"\n\tformatString=\"\"\n\tlayinChart=\"true\">\n\t\t<tooltip></tooltip> <!-- sap.ui.core.TooltipBase -->\n\t\t<dependents></dependents> <!-- sap.ui.core.Control, since 1.19 -->\n\t\t<background></background> <!-- sap.viz.ui5.types.Tooltip_background -->\n\t\t<footerLabel></footerLabel> <!-- sap.viz.ui5.types.Tooltip_footerLabel -->\n\t\t<separationLine></separationLine> <!-- sap.viz.ui5.types.Tooltip_separationLine -->\n\t\t<bodyDimensionLabel></bodyDimensionLabel> <!-- sap.viz.ui5.types.Tooltip_bodyDimensionLabel -->\n\t\t<bodyDimensionValue></bodyDimensionValue> <!-- sap.viz.ui5.types.Tooltip_bodyDimensionValue -->\n\t\t<bodyMeasureLabel></bodyMeasureLabel> <!-- sap.viz.ui5.types.Tooltip_bodyMeasureLabel -->\n\t\t<bodyMeasureValue></bodyMeasureValue> <!-- sap.viz.ui5.types.Tooltip_bodyMeasureValue -->\n\t\t<closeButton></closeButton> <!-- sap.viz.ui5.types.Tooltip_closeButton -->\n</ui5/types/Tooltip>\n"
	},
	{
		"name": "sap.viz.ui5.types.Tooltip_background",
		"prefix": "Tooltip_background",
		"description": "sap.viz.ui5.types.Tooltip_background",
		"template": "<ui5/types/Tooltip_background xmlns=\"sap.viz\"\n\tid=\"${id}\"\n\tcolor=\"#ffffff\"\n\tborderColor=\"#cccccc\">\n\t\t<tooltip></tooltip> <!-- sap.ui.core.TooltipBase -->\n\t\t<dependents></dependents> <!-- sap.ui.core.Control, since 1.19 -->\n</ui5/types/Tooltip_background>\n"
	},
	{
		"name": "sap.viz.ui5.types.Tooltip_bodyDimensionLabel",
		"prefix": "Tooltip_bodyDimensionLabel,Label",
		"description": "sap.viz.ui5.types.Tooltip_bodyDimensionLabel",
		"template": "<ui5/types/Tooltip_bodyDimensionLabel xmlns=\"sap.viz\"\n\tid=\"${id}\"\n\tcolor=\"#666666\">\n\t\t<tooltip></tooltip> <!-- sap.ui.core.TooltipBase -->\n\t\t<dependents></dependents> <!-- sap.ui.core.Control, since 1.19 -->\n</ui5/types/Tooltip_bodyDimensionLabel>\n"
	},
	{
		"name": "sap.viz.ui5.types.Tooltip_bodyDimensionValue",
		"prefix": "Tooltip_bodyDimensionValue,Value",
		"description": "sap.viz.ui5.types.Tooltip_bodyDimensionValue",
		"template": "<ui5/types/Tooltip_bodyDimensionValue xmlns=\"sap.viz\"\n\tid=\"${id}\"\n\tcolor=\"#666666\">\n\t\t<tooltip></tooltip> <!-- sap.ui.core.TooltipBase -->\n\t\t<dependents></dependents> <!-- sap.ui.core.Control, since 1.19 -->\n</ui5/types/Tooltip_bodyDimensionValue>\n"
	},
	{
		"name": "sap.viz.ui5.types.Tooltip_bodyMeasureLabel",
		"prefix": "Tooltip_bodyMeasureLabel,Label",
		"description": "sap.viz.ui5.types.Tooltip_bodyMeasureLabel",
		"template": "<ui5/types/Tooltip_bodyMeasureLabel xmlns=\"sap.viz\"\n\tid=\"${id}\"\n\tcolor=\"#666666\">\n\t\t<tooltip></tooltip> <!-- sap.ui.core.TooltipBase -->\n\t\t<dependents></dependents> <!-- sap.ui.core.Control, since 1.19 -->\n</ui5/types/Tooltip_bodyMeasureLabel>\n"
	},
	{
		"name": "sap.viz.ui5.types.Tooltip_bodyMeasureValue",
		"prefix": "Tooltip_bodyMeasureValue,Value",
		"description": "sap.viz.ui5.types.Tooltip_bodyMeasureValue",
		"template": "<ui5/types/Tooltip_bodyMeasureValue xmlns=\"sap.viz\"\n\tid=\"${id}\"\n\tcolor=\"#000000\">\n\t\t<tooltip></tooltip> <!-- sap.ui.core.TooltipBase -->\n\t\t<dependents></dependents> <!-- sap.ui.core.Control, since 1.19 -->\n</ui5/types/Tooltip_bodyMeasureValue>\n"
	},
	{
		"name": "sap.viz.ui5.types.Tooltip_closeButton",
		"prefix": "Tooltip_closeButton,Button",
		"description": "sap.viz.ui5.types.Tooltip_closeButton",
		"template": "<ui5/types/Tooltip_closeButton xmlns=\"sap.viz\"\n\tid=\"${id}\"\n\tbackgroundColor=\"#ffffff\"\n\tborderColor=\"#cccccc\">\n\t\t<tooltip></tooltip> <!-- sap.ui.core.TooltipBase -->\n\t\t<dependents></dependents> <!-- sap.ui.core.Control, since 1.19 -->\n</ui5/types/Tooltip_closeButton>\n"
	},
	{
		"name": "sap.viz.ui5.types.Tooltip_footerLabel",
		"prefix": "Tooltip_footerLabel,Label",
		"description": "sap.viz.ui5.types.Tooltip_footerLabel",
		"template": "<ui5/types/Tooltip_footerLabel xmlns=\"sap.viz\"\n\tid=\"${id}\"\n\tcolor=\"#000000\">\n\t\t<tooltip></tooltip> <!-- sap.ui.core.TooltipBase -->\n\t\t<dependents></dependents> <!-- sap.ui.core.Control, since 1.19 -->\n</ui5/types/Tooltip_footerLabel>\n"
	},
	{
		"name": "sap.viz.ui5.types.Tooltip_separationLine",
		"prefix": "Tooltip_separationLine,Line",
		"description": "sap.viz.ui5.types.Tooltip_separationLine",
		"template": "<ui5/types/Tooltip_separationLine xmlns=\"sap.viz\"\n\tid=\"${id}\"\n\tborderBottomColor=\"#a7a9ac\">\n\t\t<tooltip></tooltip> <!-- sap.ui.core.TooltipBase -->\n\t\t<dependents></dependents> <!-- sap.ui.core.Control, since 1.19 -->\n</ui5/types/Tooltip_separationLine>\n"
	},
	{
		"name": "sap.viz.ui5.types.Treemap",
		"prefix": "Treemap",
		"description": "sap.viz.ui5.types.Treemap",
		"template": "<ui5/types/Treemap xmlns=\"sap.viz\"\n\tid=\"${id}\"\n\tstartColor=\"#C2E3A9\"\n\tendColor=\"#73C03C\"\n\tcolorPalette=\"\"\n\tlegendValues=\"\"\n\tformatRules=\"\">\n\t\t<tooltip></tooltip> <!-- sap.ui.core.TooltipBase -->\n\t\t<dependents></dependents> <!-- sap.ui.core.Control, since 1.19 -->\n\t\t<border></border> <!-- sap.viz.ui5.types.Treemap_border -->\n\t\t<animation></animation> <!-- sap.viz.ui5.types.Treemap_animation -->\n\t\t<toolTip></toolTip> <!-- sap.viz.ui5.types.Treemap_tooltip -->\n</ui5/types/Treemap>\n"
	},
	{
		"name": "sap.viz.ui5.types.Treemap_animation",
		"prefix": "Treemap_animation",
		"description": "sap.viz.ui5.types.Treemap_animation",
		"template": "<ui5/types/Treemap_animation xmlns=\"sap.viz\"\n\tid=\"${id}\"\n\tdataLoading=\"true\"\n\tdataUpdating=\"true\"\n\tresizing=\"true\">\n\t\t<tooltip></tooltip> <!-- sap.ui.core.TooltipBase -->\n\t\t<dependents></dependents> <!-- sap.ui.core.Control, since 1.19 -->\n</ui5/types/Treemap_animation>\n"
	},
	{
		"name": "sap.viz.ui5.types.Treemap_border",
		"prefix": "Treemap_border",
		"description": "sap.viz.ui5.types.Treemap_border",
		"template": "<ui5/types/Treemap_border xmlns=\"sap.viz\"\n\tid=\"${id}\"\n\tvisible=\"true\">\n\t\t<tooltip></tooltip> <!-- sap.ui.core.TooltipBase -->\n\t\t<dependents></dependents> <!-- sap.ui.core.Control, since 1.19 -->\n</ui5/types/Treemap_border>\n"
	},
	{
		"name": "sap.viz.ui5.types.Treemap_tooltip",
		"prefix": "Treemap_tooltip",
		"description": "sap.viz.ui5.types.Treemap_tooltip",
		"template": "<ui5/types/Treemap_tooltip xmlns=\"sap.viz\"\n\tid=\"${id}\"\n\tenabled=\"true\">\n\t\t<tooltip></tooltip> <!-- sap.ui.core.TooltipBase -->\n\t\t<dependents></dependents> <!-- sap.ui.core.Control, since 1.19 -->\n</ui5/types/Treemap_tooltip>\n"
	},
	{
		"name": "sap.viz.ui5.types.VerticalBar",
		"prefix": "VerticalBar,Bar",
		"description": "sap.viz.ui5.types.VerticalBar",
		"template": "<ui5/types/VerticalBar xmlns=\"sap.viz\"\n\tid=\"${id}\"\n\torientation=\"vertical\"\n\tcolorPalette=\"\"\n\tprimaryValuesColorPalette=\"\"\n\tsecondaryValuesColorPalette=\"\"\n\tdrawingEffect=\"normal\"\n\tisRoundCorner=\"false\"\n\tformatRules=\"\">\n\t\t<tooltip></tooltip> <!-- sap.ui.core.TooltipBase -->\n\t\t<dependents></dependents> <!-- sap.ui.core.Control, since 1.19 -->\n\t\t<toolTip></toolTip> <!-- sap.viz.ui5.types.VerticalBar_tooltip -->\n\t\t<animation></animation> <!-- sap.viz.ui5.types.VerticalBar_animation -->\n</ui5/types/VerticalBar>\n"
	},
	{
		"name": "sap.viz.ui5.types.VerticalBar_animation",
		"prefix": "VerticalBar_animation,Bar_animation",
		"description": "sap.viz.ui5.types.VerticalBar_animation",
		"template": "<ui5/types/VerticalBar_animation xmlns=\"sap.viz\"\n\tid=\"${id}\"\n\tdataLoading=\"true\"\n\tdataUpdating=\"true\"\n\tresizing=\"true\">\n\t\t<tooltip></tooltip> <!-- sap.ui.core.TooltipBase -->\n\t\t<dependents></dependents> <!-- sap.ui.core.Control, since 1.19 -->\n</ui5/types/VerticalBar_animation>\n"
	},
	{
		"name": "sap.viz.ui5.types.VerticalBar_tooltip",
		"prefix": "VerticalBar_tooltip,Bar_tooltip",
		"description": "sap.viz.ui5.types.VerticalBar_tooltip",
		"template": "<ui5/types/VerticalBar_tooltip xmlns=\"sap.viz\"\n\tid=\"${id}\"\n\tenabled=\"true\">\n\t\t<tooltip></tooltip> <!-- sap.ui.core.TooltipBase -->\n\t\t<dependents></dependents> <!-- sap.ui.core.Control, since 1.19 -->\n</ui5/types/VerticalBar_tooltip>\n"
	},
	{
		"name": "sap.viz.ui5.types.XYContainer",
		"prefix": "XYContainer",
		"description": "sap.viz.ui5.types.XYContainer",
		"template": "<ui5/types/XYContainer xmlns=\"sap.viz\"\n\tid=\"${id}\"\n\tyAngle=\"0\">\n\t\t<tooltip></tooltip> <!-- sap.ui.core.TooltipBase -->\n\t\t<dependents></dependents> <!-- sap.ui.core.Control, since 1.19 -->\n</ui5/types/XYContainer>\n"
	},
	{
		"name": "sap.viz.ui5.types.controller.Interaction",
		"prefix": "Interaction",
		"description": "sap.viz.ui5.types.controller.Interaction",
		"template": "<ui5/types/controller/Interaction xmlns=\"sap.viz\"\n\tid=\"${id}\"\n\tsupportedEventNames=\"\"\n\tenableMouseMove=\"true\"\n\tenableMouseOver=\"true\"\n\tenableMouseOut=\"true\"\n\tsupportLassoEvent=\"true\"\n\tholdSelection=\"false\"\n\tpreserveSelectionWhenDragging=\"false\"\n\tdecorations=\"\"\n\ttriggers=\"\"\n\thandlers=\"\">\n\t\t<tooltip></tooltip> <!-- sap.ui.core.TooltipBase -->\n\t\t<dependents></dependents> <!-- sap.ui.core.Control, since 1.19 -->\n\t\t<selectability></selectability> <!-- sap.viz.ui5.types.controller.Interaction_selectability -->\n\t\t<pan></pan> <!-- sap.viz.ui5.types.controller.Interaction_pan -->\n</ui5/types/controller/Interaction>\n"
	},
	{
		"name": "sap.viz.ui5.types.controller.Interaction_pan",
		"prefix": "Interaction_pan",
		"description": "sap.viz.ui5.types.controller.Interaction_pan",
		"template": "<ui5/types/controller/Interaction_pan xmlns=\"sap.viz\"\n\tid=\"${id}\"\n\tenable=\"true\"\n\torientation=\"both\">\n\t\t<tooltip></tooltip> <!-- sap.ui.core.TooltipBase -->\n\t\t<dependents></dependents> <!-- sap.ui.core.Control, since 1.19 -->\n</ui5/types/controller/Interaction_pan>\n"
	},
	{
		"name": "sap.viz.ui5.types.controller.Interaction_selectability",
		"prefix": "Interaction_selectability",
		"description": "sap.viz.ui5.types.controller.Interaction_selectability",
		"template": "<ui5/types/controller/Interaction_selectability xmlns=\"sap.viz\"\n\tid=\"${id}\"\n\tmode=\"inclusive\"\n\taxisLabelSelection=\"true\"\n\tlegendSelection=\"true\"\n\tplotLassoSelection=\"true\"\n\tplotStdSelection=\"true\"\n\tlassoWithCtrlKey=\"false\"\n\tdataPointsCacheable=\"true\">\n\t\t<tooltip></tooltip> <!-- sap.ui.core.TooltipBase -->\n\t\t<dependents></dependents> <!-- sap.ui.core.Control, since 1.19 -->\n</ui5/types/controller/Interaction_selectability>\n"
	},
	{
		"name": "sap.viz.ui5.types.layout.Dock",
		"prefix": "Dock",
		"description": "sap.viz.ui5.types.layout.Dock",
		"template": "<ui5/types/layout/Dock xmlns=\"sap.viz\"\n\tid=\"${id}\">\n\t\t<tooltip></tooltip> <!-- sap.ui.core.TooltipBase -->\n\t\t<dependents></dependents> <!-- sap.ui.core.Control, since 1.19 -->\n</ui5/types/layout/Dock>\n"
	},
	{
		"name": "sap.viz.ui5.types.layout.Stack",
		"prefix": "Stack",
		"description": "sap.viz.ui5.types.layout.Stack",
		"template": "<ui5/types/layout/Stack xmlns=\"sap.viz\"\n\tid=\"${id}\">\n\t\t<tooltip></tooltip> <!-- sap.ui.core.TooltipBase -->\n\t\t<dependents></dependents> <!-- sap.ui.core.Control, since 1.19 -->\n</ui5/types/layout/Stack>\n"
	},
	{
		"name": "sap.viz.ui5.types.legend.Common",
		"prefix": "Common",
		"description": "sap.viz.ui5.types.legend.Common",
		"template": "<ui5/types/legend/Common xmlns=\"sap.viz\"\n\tid=\"${id}\"\n\tvisible=\"true\"\n\tformatString=\"null\"\n\tisHierarchical=\"false\"\n\tisScrollable=\"false\"\n\tposition=\"right\"\n\ttype=\"ColorLegend\"\n\talignment=\"start\"\n\tdrawingEffect=\"normal\">\n\t\t<tooltip></tooltip> <!-- sap.ui.core.TooltipBase -->\n\t\t<dependents></dependents> <!-- sap.ui.core.Control, since 1.19 -->\n\t\t<title></title> <!-- sap.viz.ui5.types.legend.Common_title -->\n</ui5/types/legend/Common>\n"
	},
	{
		"name": "sap.viz.ui5.types.legend.Common_title",
		"prefix": "Common_title",
		"description": "sap.viz.ui5.types.legend.Common_title",
		"template": "<ui5/types/legend/Common_title xmlns=\"sap.viz\"\n\tid=\"${id}\"\n\tvisible=\"false\"\n\ttext=\"null\">\n\t\t<tooltip></tooltip> <!-- sap.ui.core.TooltipBase -->\n\t\t<dependents></dependents> <!-- sap.ui.core.Control, since 1.19 -->\n</ui5/types/legend/Common_title>\n"
	}
	]
}