{"XML_KEYWORDS":["sap.ui.demokit.CodeSampleContainer","sap.ui.demokit.CodeViewer","sap.ui.demokit.FileUploadIntrospector","sap.ui.demokit.HexagonButton","sap.ui.demokit.HexagonButtonGroup","sap.ui.demokit.IndexLayout","sap.ui.demokit.Tag","sap.ui.demokit.TagCloud","sap.ui.demokit.UI5EntityCueCard","sap.ui.demokit.UIAreaSubstitute"],"XML_TEMPLATES":[{"name":"sap.ui.demokit.CodeSampleContainer","prefix":"CodeSampleContainer","description":"sap.ui.demokit.CodeSampleContainer","helpDescription":"A container for both the source and the runtime results of a CodeSample. By default, only the runtime results are shown. There are additional controls that allow the user to display the source, modify and run it.\n\nThe container provides a sub container that can be used in calls to sap.ui.setRoot() as if it would be a normal UIArea. So the sample code doesn't have to know that it runs in a CodeSample container.","Deprecated":false,"Experimental":false,"template":"<CodeSampleContainer xmlns=\"sap.ui.demokit\"\n\tid=\"${id}\"\n\tscriptElementId=\"\"\n\tuiAreaId=\"\"\n\ttitle=\"\"\n\tsourceVisible=\"false\"\n\twidth=\"90%\"\n\tapply=\"\">\n\t\t<tooltip></tooltip> <!-- sap.ui.core.TooltipBase -->\n\t\t<dependents></dependents> <!-- sap.ui.core.Control, since 1.19 -->\n\t\t<_uiarea></_uiarea><!-- sap.ui.demokit.UIAreaSubstitute -->\n</CodeSampleContainer>\n"},{"name":"sap.ui.demokit.CodeViewer","prefix":"CodeViewer","description":"sap.ui.demokit.CodeViewer","helpDescription":"Shows a piece of (Javascript) code and allows to edit it","Deprecated":false,"Experimental":false,"template":"<CodeViewer xmlns=\"sap.ui.demokit\"\n\tid=\"${id}\"\n\tsource=\"\"\n\twidth=\"\"\n\theight=\"\"\n\teditable=\"false\"\n\tvisible=\"true\"\n\tpress=\"\"\n\tsave=\"\">\n\t\t<tooltip></tooltip> <!-- sap.ui.core.TooltipBase -->\n\t\t<dependents></dependents> <!-- sap.ui.core.Control, since 1.19 -->\n\t\t\n</CodeViewer>\n"},{"name":"sap.ui.demokit.FileUploadIntrospector","prefix":"FileUploadIntrospector","description":"sap.ui.demokit.FileUploadIntrospector","helpDescription":"Control that allows to monitor uploaded files in a demo scenario. This is not a general purpose monitor but only works with the demo fileupload service.","Deprecated":false,"Experimental":false,"template":"<FileUploadIntrospector xmlns=\"sap.ui.demokit\"\n\tid=\"${id}\"\n\tuploadUrl=\"\"\n\tautoRefreshInterval=\"0\"\n\theight=\"\"\n\twidth=\"\">\n\t\t<tooltip></tooltip> <!-- sap.ui.core.TooltipBase -->\n\t\t<dependents></dependents> <!-- sap.ui.core.Control, since 1.19 -->\n\t\t\n</FileUploadIntrospector>\n"},{"name":"sap.ui.demokit.HexagonButton","prefix":"HexagonButton","description":"sap.ui.demokit.HexagonButton","helpDescription":"A custom button with a 'hexagon' shape","Deprecated":false,"Experimental":false,"template":"<HexagonButton xmlns=\"sap.ui.demokit\"\n\tid=\"${id}\"\n\ticon=\"\"\n\tcolor=\"blue\"\n\tposition=\"\"\n\tenabled=\"true\"\n\timagePosition=\"\"\n\tpress=\"\">\n\t\t<tooltip></tooltip> <!-- sap.ui.core.TooltipBase -->\n\t\t<dependents></dependents> <!-- sap.ui.core.Control, since 1.19 -->\n\t\t\n</HexagonButton>\n"},{"name":"sap.ui.demokit.HexagonButtonGroup","prefix":"HexagonButtonGroup","description":"sap.ui.demokit.HexagonButtonGroup","helpDescription":"A group of HexagonButtons, aligned in a packed grid","Deprecated":false,"Experimental":false,"template":"<HexagonButtonGroup xmlns=\"sap.ui.demokit\"\n\tid=\"${id}\"\n\tcolspan=\"3\">\n\t\t<tooltip></tooltip> <!-- sap.ui.core.TooltipBase -->\n\t\t<dependents></dependents> <!-- sap.ui.core.Control, since 1.19 -->\n\t\t<buttons></buttons><!-- sap.ui.demokit.HexagonButton -->\n</HexagonButtonGroup>\n"},{"name":"sap.ui.demokit.IndexLayout","prefix":"IndexLayout","description":"sap.ui.demokit.IndexLayout","helpDescription":"<strong style=\"color: red;\">Experimental! </strong>","Deprecated":false,"Experimental":true,"template":"<IndexLayout xmlns=\"sap.ui.demokit\"\n\tid=\"${id}\"\n\titemWidth=\"200px\"\n\titemHeight=\"200px\"\n\tenableScaling=\"true\">\n\t\t<tooltip></tooltip> <!-- sap.ui.core.TooltipBase -->\n\t\t<dependents></dependents> <!-- sap.ui.core.Control, since 1.19 -->\n\t\t<content></content><!-- sap.ui.core.Control -->\n</IndexLayout>\n"},{"name":"sap.ui.demokit.Tag","prefix":"Tag","description":"sap.ui.demokit.Tag","helpDescription":"A Tag in a TagCloud","Deprecated":false,"Experimental":false,"template":"<Tag xmlns=\"sap.ui.demokit\"\n\tid=\"${id}\"\n\ttext=\"\"\n\tweight=\"1\">\n\t\t<tooltip></tooltip> <!-- sap.ui.core.TooltipBase -->\n\t\t<dependents></dependents> <!-- sap.ui.core.Control, since 1.19 -->\n\t\t\n</Tag>\n"},{"name":"sap.ui.demokit.TagCloud","prefix":"TagCloud","description":"sap.ui.demokit.TagCloud","helpDescription":"A simple TagCloud representing a set of weighted tags","Deprecated":false,"Experimental":false,"template":"<TagCloud xmlns=\"sap.ui.demokit\"\n\tid=\"${id}\"\n\tmaxFontSize=\"30\"\n\tminFontSize=\"10\"\n\tpress=\"\">\n\t\t<tooltip></tooltip> <!-- sap.ui.core.TooltipBase -->\n\t\t<dependents></dependents> <!-- sap.ui.core.Control, since 1.19 -->\n\t\t<tags></tags><!-- sap.ui.demokit.Tag -->\n</TagCloud>\n"},{"name":"sap.ui.demokit.UI5EntityCueCard","prefix":"UI5EntityCueCard","description":"sap.ui.demokit.UI5EntityCueCard","helpDescription":"Displays documentation for a UI5 entity (control or type).\n\nThe documentation will be read from a UI5 metamodel file that by default is loaded from the same resource location\nwhere the control or type would be loaded from (using the UI5 resource loading). This control displays all properties,\naggregations, associations, events and methods that are described in the metamodel. For each part, it lists the name,\ntype (where applicable) and documentation. If the navigable property is set to true, all types are shown as links\nand when pressed, the navigate event is fired. This allows consumers to react on a user click on such a type\n(and to e.g. navigate to the underlying type of a property or aggregation)","Deprecated":false,"Experimental":false,"template":"<UI5EntityCueCard xmlns=\"sap.ui.demokit\"\n\tid=\"${id}\"\n\tcollapsible=\"true\"\n\texpanded=\"false\"\n\tnavigable=\"false\"\n\tentityName=\"\"\n\tstyle=\"\"\n\tnavigate=\"\">\n\t\t<tooltip></tooltip> <!-- sap.ui.core.TooltipBase -->\n\t\t<dependents></dependents> <!-- sap.ui.core.Control, since 1.19 -->\n\t\t\n</UI5EntityCueCard>\n"},{"name":"sap.ui.demokit.UIAreaSubstitute","prefix":"UIAreaSubstitute","description":"sap.ui.demokit.UIAreaSubstitute","helpDescription":"A substitute for an UIArea that can be embedded in the control tree.","Deprecated":false,"Experimental":false,"template":"<UIAreaSubstitute xmlns=\"sap.ui.demokit\"\n\tid=\"${id}\"\n\t\t<tooltip></tooltip> <!-- sap.ui.core.TooltipBase -->\n\t\t<dependents></dependents> <!-- sap.ui.core.Control, since 1.19 -->\n\t\t<content></content><!-- sap.ui.core.Control -->\n</UIAreaSubstitute>\n"}]}