{"XML_KEYWORDS":["sap.ui.table.AnalyticalColumn","sap.ui.table.AnalyticalColumnMenu","sap.ui.table.AnalyticalTable","sap.ui.table.Column","sap.ui.table.ColumnMenu","sap.ui.table.DataTable","sap.ui.table.Row","sap.ui.table.Table","sap.ui.table.TablePersoController","sap.ui.table.TreeTable"],"XML_TEMPLATES":[{"name":"sap.ui.table.AnalyticalColumn","prefix":"AnalyticalColumn","description":"sap.ui.table.AnalyticalColumn","helpDescription":"<strong style=\"color: red;\">Experimental! </strong>","Deprecated":false,"Experimental":true,"template":"<AnalyticalColumn xmlns=\"sap.ui.table\"\n\tid=\"${id}\"\n\twidth=\"\"\n\tflexible=\"true\"\n\tresizable=\"true\"\n\thAlign=\"Begin\"\n\tsorted=\"false\"\n\tsortOrder=\"Ascending\"\n\tsortProperty=\"\"\n\tfiltered=\"false\"\n\tfilterProperty=\"\"\n\tfilterValue=\"\"\n\tfilterOperator=\"\"\n\tgrouped=\"false\"\n\tvisible=\"true\"\n\tfilterType=\"\"\n\tname=\"\"\n\tshowFilterMenuEntry=\"true\"\n\tshowSortMenuEntry=\"true\"\n\theaderSpan=\"1\"\n\tautoResizable=\"false\"\n\tdefaultFilterOperator=\"\"\n\tleadingProperty=\"\"\n\tsummed=\"false\"\n\tinResult=\"false\"\n\tshowIfGrouped=\"false\"\n\tgroupHeaderFormatter=\"\">\n\t\t<tooltip></tooltip> <!-- sap.ui.core.TooltipBase -->\n\t\t<dependents></dependents> <!-- sap.ui.core.Control, since 1.19 -->\n\t\t<label></label><!-- sap.ui.core.Control -->\n\t<multiLabels></multiLabels><!-- sap.ui.core.Control -->\n\t<template></template><!-- sap.ui.core.Control -->\n\t<menu></menu><!-- sap.ui.unified.Menu -->\n</AnalyticalColumn>\n"},{"name":"sap.ui.table.AnalyticalColumnMenu","prefix":"AnalyticalColumnMenu","description":"sap.ui.table.AnalyticalColumnMenu","helpDescription":"<strong style=\"color: red;\">Experimental! </strong>","Deprecated":false,"Experimental":true,"template":"<AnalyticalColumnMenu xmlns=\"sap.ui.table\"\n\tid=\"${id}\"\n\t\t<tooltip></tooltip> <!-- sap.ui.core.TooltipBase -->\n\t\t<dependents></dependents> <!-- sap.ui.core.Control, since 1.19 -->\n\t\t\n</AnalyticalColumnMenu>\n"},{"name":"sap.ui.table.AnalyticalTable","prefix":"AnalyticalTable","description":"sap.ui.table.AnalyticalTable","helpDescription":"<strong style=\"color: red;\">Experimental! </strong>","Deprecated":false,"Experimental":true,"template":"<AnalyticalTable xmlns=\"sap.ui.table\"\n\tid=\"${id}\"\n\twidth=\"auto\"\n\trowHeight=\"\"\n\tcolumnHeaderHeight=\"\"\n\tcolumnHeaderVisible=\"true\"\n\tvisibleRowCount=\"10\"\n\tfirstVisibleRow=\"0\"\n\tselectionMode=\"Multi\"\n\tselectionBehavior=\"RowSelector\"\n\tselectedIndex=\"-1\"\n\tallowColumnReordering=\"true\"\n\teditable=\"true\"\n\tnavigationMode=\"Scrollbar\"\n\tthreshold=\"100\"\n\tenableColumnReordering=\"true\"\n\tenableGrouping=\"false\"\n\tshowColumnVisibilityMenu=\"false\"\n\tshowNoData=\"true\"\n\tvisibleRowCountMode=\"Fixed\"\n\tfixedColumnCount=\"0\"\n\tfixedRowCount=\"0\"\n\tminAutoRowCount=\"5\"\n\tfixedBottomRowCount=\"0\"\n\tenableColumnFreeze=\"false\"\n\tenableCellFilter=\"false\"\n\tnoDataText=\"\"\n\tshowOverlay=\"false\"\n\tenableSelectAll=\"true\"\n\tenableCustomFilter=\"false\"\n\tenableBusyIndicator=\"false\"\n\tsumOnTop=\"false\"\n\tnumberOfExpandedLevels=\"0\"\n\tautoExpandMode=\"Bundled\"\n\tcolumnVisibilityMenuSorter=\"\"\n\tcollapseRecursive=\"true\"\n\tdirty=\"\"\n\trowSelectionChange=\"\"\n\tcolumnSelect=\"\"\n\tcolumnResize=\"\"\n\tcolumnMove=\"\"\n\tsort=\"\"\n\tfilter=\"\"\n\tgroup=\"\"\n\tcolumnVisibility=\"\"\n\tcellClick=\"\"\n\tcellContextmenu=\"\"\n\tcolumnFreeze=\"\"\n\tcustomFilter=\"\">\n\t\t<tooltip></tooltip> <!-- sap.ui.core.TooltipBase -->\n\t\t<dependents></dependents> <!-- sap.ui.core.Control, since 1.19 -->\n\t\t<title></title><!-- sap.ui.core.Control -->\n\t<footer></footer><!-- sap.ui.core.Control -->\n\t<toolbar></toolbar><!-- sap.ui.core.Toolbar -->\n\t<extension></extension><!-- sap.ui.core.Control -->\n\t<columns></columns><!-- sap.ui.table.Column -->\n\t<rows></rows><!-- sap.ui.table.Row -->\n\t<noData></noData><!-- sap.ui.core.Control -->\n</AnalyticalTable>\n"},{"name":"sap.ui.table.Column","prefix":"Column","description":"sap.ui.table.Column","helpDescription":"The column allows to define column specific properties that will be applied when rendering the table.","Deprecated":false,"Experimental":false,"template":"<Column xmlns=\"sap.ui.table\"\n\tid=\"${id}\"\n\twidth=\"\"\n\tflexible=\"true\"\n\tresizable=\"true\"\n\thAlign=\"Begin\"\n\tsorted=\"false\"\n\tsortOrder=\"Ascending\"\n\tsortProperty=\"\"\n\tfiltered=\"false\"\n\tfilterProperty=\"\"\n\tfilterValue=\"\"\n\tfilterOperator=\"\"\n\tgrouped=\"false\"\n\tvisible=\"true\"\n\tfilterType=\"\"\n\tname=\"\"\n\tshowFilterMenuEntry=\"true\"\n\tshowSortMenuEntry=\"true\"\n\theaderSpan=\"1\"\n\tautoResizable=\"false\"\n\tdefaultFilterOperator=\"\">\n\t\t<tooltip></tooltip> <!-- sap.ui.core.TooltipBase -->\n\t\t<dependents></dependents> <!-- sap.ui.core.Control, since 1.19 -->\n\t\t<label></label><!-- sap.ui.core.Control -->\n\t<multiLabels></multiLabels><!-- sap.ui.core.Control -->\n\t<template></template><!-- sap.ui.core.Control -->\n\t<menu></menu><!-- sap.ui.unified.Menu -->\n</Column>\n"},{"name":"sap.ui.table.ColumnMenu","prefix":"ColumnMenu","description":"sap.ui.table.ColumnMenu","helpDescription":"The column menu provides all common actions that can be performed on a column.","Deprecated":false,"Experimental":false,"template":"<ColumnMenu xmlns=\"sap.ui.table\"\n\tid=\"${id}\"\n\t\t<tooltip></tooltip> <!-- sap.ui.core.TooltipBase -->\n\t\t<dependents></dependents> <!-- sap.ui.core.Control, since 1.19 -->\n\t\t\n</ColumnMenu>\n"},{"name":"sap.ui.table.DataTable","prefix":"DataTable","description":"sap.ui.table.DataTable","helpDescription":"<strong style=\"color: red;\">Deprecated! </strong>Since 1.5.1 The DataTable has been replaced via the Table/TreeTable control.<br>The DataTable control provides a set of sophisticated and comfort functions for table design. For example, you can make settings for the number of visible rows and a number for the displayed rows in the case the user expands the table. The first visible row can be explicitly set. For the selection of columns and rows, a Multi, a Single, a None, and an All mode are available. Setting the Editable property to true lets the user make changes on the table cell entries.","Deprecated":true,"Experimental":false,"template":"<DataTable xmlns=\"sap.ui.table\"\n\tid=\"${id}\"\n\twidth=\"auto\"\n\trowHeight=\"\"\n\tcolumnHeaderHeight=\"\"\n\tcolumnHeaderVisible=\"true\"\n\tvisibleRowCount=\"10\"\n\tfirstVisibleRow=\"0\"\n\tselectionMode=\"Multi\"\n\tselectionBehavior=\"RowSelector\"\n\tselectedIndex=\"-1\"\n\tallowColumnReordering=\"true\"\n\teditable=\"true\"\n\tnavigationMode=\"Scrollbar\"\n\tthreshold=\"100\"\n\tenableColumnReordering=\"true\"\n\tenableGrouping=\"false\"\n\tshowColumnVisibilityMenu=\"false\"\n\tshowNoData=\"true\"\n\tvisibleRowCountMode=\"Fixed\"\n\tfixedColumnCount=\"0\"\n\tfixedRowCount=\"0\"\n\tminAutoRowCount=\"5\"\n\tfixedBottomRowCount=\"0\"\n\tenableColumnFreeze=\"false\"\n\tenableCellFilter=\"false\"\n\tnoDataText=\"\"\n\tshowOverlay=\"false\"\n\tenableSelectAll=\"true\"\n\tenableCustomFilter=\"false\"\n\tenableBusyIndicator=\"false\"\n\texpandFirstLevel=\"false\"\n\tuseGroupMode=\"false\"\n\tgroupHeaderProperty=\"\"\n\tcollapseRecursive=\"true\"\n\trootLevel=\"0\"\n\texpandedVisibleRowCount=\"\"\n\texpanded=\"false\"\n\thierarchical=\"false\"\n\trowSelectionChange=\"\"\n\tcolumnSelect=\"\"\n\tcolumnResize=\"\"\n\tcolumnMove=\"\"\n\tsort=\"\"\n\tfilter=\"\"\n\tgroup=\"\"\n\tcolumnVisibility=\"\"\n\tcellClick=\"\"\n\tcellContextmenu=\"\"\n\tcolumnFreeze=\"\"\n\tcustomFilter=\"\"\n\ttoggleOpenState=\"\"\n\trowSelect=\"\">\n\t\t<tooltip></tooltip> <!-- sap.ui.core.TooltipBase -->\n\t\t<dependents></dependents> <!-- sap.ui.core.Control, since 1.19 -->\n\t\t<title></title><!-- sap.ui.core.Control -->\n\t<footer></footer><!-- sap.ui.core.Control -->\n\t<toolbar></toolbar><!-- sap.ui.core.Toolbar -->\n\t<extension></extension><!-- sap.ui.core.Control -->\n\t<columns></columns><!-- sap.ui.table.Column -->\n\t<rows></rows><!-- sap.ui.table.Row -->\n\t<noData></noData><!-- sap.ui.core.Control -->\n</DataTable>\n"},{"name":"sap.ui.table.Row","prefix":"Row","description":"sap.ui.table.Row","helpDescription":"The row.","Deprecated":false,"Experimental":false,"template":"<Row xmlns=\"sap.ui.table\"\n\tid=\"${id}\"\n\t\t<tooltip></tooltip> <!-- sap.ui.core.TooltipBase -->\n\t\t<dependents></dependents> <!-- sap.ui.core.Control, since 1.19 -->\n\t\t<cells></cells><!-- sap.ui.core.Control -->\n</Row>\n"},{"name":"sap.ui.table.Table","prefix":"Table","description":"sap.ui.table.Table","helpDescription":"The Table control provides a set of sophisticated and comfort functions for table design. For example, you can make settings for the number of visible rows. The first visible row can be explicitly set. For the selection of rows, a Multi, a Single, and a None mode are available.","Deprecated":false,"Experimental":false,"template":"<Table xmlns=\"sap.ui.table\"\n\tid=\"${id}\"\n\twidth=\"auto\"\n\trowHeight=\"\"\n\tcolumnHeaderHeight=\"\"\n\tcolumnHeaderVisible=\"true\"\n\tvisibleRowCount=\"10\"\n\tfirstVisibleRow=\"0\"\n\tselectionMode=\"Multi\"\n\tselectionBehavior=\"RowSelector\"\n\tselectedIndex=\"-1\"\n\tallowColumnReordering=\"true\"\n\teditable=\"true\"\n\tnavigationMode=\"Scrollbar\"\n\tthreshold=\"100\"\n\tenableColumnReordering=\"true\"\n\tenableGrouping=\"false\"\n\tshowColumnVisibilityMenu=\"false\"\n\tshowNoData=\"true\"\n\tvisibleRowCountMode=\"Fixed\"\n\tfixedColumnCount=\"0\"\n\tfixedRowCount=\"0\"\n\tminAutoRowCount=\"5\"\n\tfixedBottomRowCount=\"0\"\n\tenableColumnFreeze=\"false\"\n\tenableCellFilter=\"false\"\n\tnoDataText=\"\"\n\tshowOverlay=\"false\"\n\tenableSelectAll=\"true\"\n\tenableCustomFilter=\"false\"\n\tenableBusyIndicator=\"false\"\n\trowSelectionChange=\"\"\n\tcolumnSelect=\"\"\n\tcolumnResize=\"\"\n\tcolumnMove=\"\"\n\tsort=\"\"\n\tfilter=\"\"\n\tgroup=\"\"\n\tcolumnVisibility=\"\"\n\tcellClick=\"\"\n\tcellContextmenu=\"\"\n\tcolumnFreeze=\"\"\n\tcustomFilter=\"\">\n\t\t<tooltip></tooltip> <!-- sap.ui.core.TooltipBase -->\n\t\t<dependents></dependents> <!-- sap.ui.core.Control, since 1.19 -->\n\t\t<title></title><!-- sap.ui.core.Control -->\n\t<footer></footer><!-- sap.ui.core.Control -->\n\t<toolbar></toolbar><!-- sap.ui.core.Toolbar -->\n\t<extension></extension><!-- sap.ui.core.Control -->\n\t<columns></columns><!-- sap.ui.table.Column -->\n\t<rows></rows><!-- sap.ui.table.Row -->\n\t<noData></noData><!-- sap.ui.core.Control -->\n</Table>\n"},{"name":"sap.ui.table.TablePersoController","prefix":"TablePersoController","description":"sap.ui.table.TablePersoController","helpDescription":"The TablePersoController can be used to connect a table with a persistence service.","Deprecated":false,"Experimental":false,"template":"<TablePersoController xmlns=\"sap.ui.table\"\n\tid=\"${id}\"\n\tautoSave=\"true\"\n\tpersoService=\"\"\n\tcustomDataKey=\"persoKey\">\n\t\t<tooltip></tooltip> <!-- sap.ui.core.TooltipBase -->\n\t\t<dependents></dependents> <!-- sap.ui.core.Control, since 1.19 -->\n\t\t\n</TablePersoController>\n"},{"name":"sap.ui.table.TreeTable","prefix":"TreeTable","description":"sap.ui.table.TreeTable","helpDescription":"The TreeTable Control.","Deprecated":false,"Experimental":false,"template":"<TreeTable xmlns=\"sap.ui.table\"\n\tid=\"${id}\"\n\twidth=\"auto\"\n\trowHeight=\"\"\n\tcolumnHeaderHeight=\"\"\n\tcolumnHeaderVisible=\"true\"\n\tvisibleRowCount=\"10\"\n\tfirstVisibleRow=\"0\"\n\tselectionMode=\"Multi\"\n\tselectionBehavior=\"RowSelector\"\n\tselectedIndex=\"-1\"\n\tallowColumnReordering=\"true\"\n\teditable=\"true\"\n\tnavigationMode=\"Scrollbar\"\n\tthreshold=\"100\"\n\tenableColumnReordering=\"true\"\n\tenableGrouping=\"false\"\n\tshowColumnVisibilityMenu=\"false\"\n\tshowNoData=\"true\"\n\tvisibleRowCountMode=\"Fixed\"\n\tfixedColumnCount=\"0\"\n\tfixedRowCount=\"0\"\n\tminAutoRowCount=\"5\"\n\tfixedBottomRowCount=\"0\"\n\tenableColumnFreeze=\"false\"\n\tenableCellFilter=\"false\"\n\tnoDataText=\"\"\n\tshowOverlay=\"false\"\n\tenableSelectAll=\"true\"\n\tenableCustomFilter=\"false\"\n\tenableBusyIndicator=\"false\"\n\texpandFirstLevel=\"false\"\n\tuseGroupMode=\"false\"\n\tgroupHeaderProperty=\"\"\n\tcollapseRecursive=\"true\"\n\trootLevel=\"0\"\n\trowSelectionChange=\"\"\n\tcolumnSelect=\"\"\n\tcolumnResize=\"\"\n\tcolumnMove=\"\"\n\tsort=\"\"\n\tfilter=\"\"\n\tgroup=\"\"\n\tcolumnVisibility=\"\"\n\tcellClick=\"\"\n\tcellContextmenu=\"\"\n\tcolumnFreeze=\"\"\n\tcustomFilter=\"\"\n\ttoggleOpenState=\"\">\n\t\t<tooltip></tooltip> <!-- sap.ui.core.TooltipBase -->\n\t\t<dependents></dependents> <!-- sap.ui.core.Control, since 1.19 -->\n\t\t<title></title><!-- sap.ui.core.Control -->\n\t<footer></footer><!-- sap.ui.core.Control -->\n\t<toolbar></toolbar><!-- sap.ui.core.Toolbar -->\n\t<extension></extension><!-- sap.ui.core.Control -->\n\t<columns></columns><!-- sap.ui.table.Column -->\n\t<rows></rows><!-- sap.ui.table.Row -->\n\t<noData></noData><!-- sap.ui.core.Control -->\n</TreeTable>\n"}]}