<?xml version="1.0" encoding="utf-8"?>
<edmx:Edmx Version="1.0" xmlns:edmx="http://schemas.microsoft.com/ado/2007/06/edmx" xmlns:m="http://schemas.microsoft.com/ado/2007/08/dataservices/metadata" xmlns:sap="http://www.sap.com/Protocols/SAPData">
	<edmx:DataServices m:DataServiceVersion="2.0">
		<Schema Namespace="Demo" xml:lang="en" sap:schema-version="1" xmlns="http://schemas.microsoft.com/ado/2008/09/edm">
			<EntityType Name="Entity1">
				<Key>
					<PropertyRef Name="Id"/>
				</Key>
				<Property Name="Id" Type="Edm.String" Nullable="false" />
				<Property Name="field1" Type="Edm.String" Nullable="false" />
				<Property Name="field2" Type="Edm.String" Nullable="false" />
			</EntityType>
			<EntityType Name="Entity2">
				<Key>
					<PropertyRef Name="Id"/>
				</Key>
				<Property Name="Id" Type="Edm.String" Nullable="false" />
				<Property Name="field1" Type="Edm.String" Nullable="false" />
				<Property Name="field2" Type="Edm.Decimal" Nullable="false" />
				<Property Name="field3" Type="Edm.String" Nullable="false" />
			</EntityType>
			<EntityType Name="Entity3">
				<Key>
					<PropertyRef Name="Id"/>
				</Key>
				<Property Name="Id" Type="Edm.String" Nullable="false" />
				<Property Name="field1" Type="Edm.Int16" />
				<Property Name="field2" Type="Edm.String" Nullable="false"/>
			</EntityType>
			<EntityContainer Name="DemoSetContainer" m:IsDefaultEntityContainer="true" sap:supported-formats="atom json xlsx">
				<EntitySet Name="Entity1_Set" EntityType="Demo.Entity1" />
				<EntitySet Name="Entity2_Set" EntityType="Demo.Entity2" />
				<EntitySet Name="Entity3_Set" EntityType="Demo.Entity3" />
			</EntityContainer>
		</Schema>
	</edmx:DataServices>
</edmx:Edmx>