<?xml version="1.0" encoding="utf-8"?>
<edmx:Edmx Version="1.0"
	xmlns:edmx="http://schemas.microsoft.com/ado/2007/06/edmx"
	xmlns:m="http://schemas.microsoft.com/ado/2007/08/dataservices/metadata"
	xmlns:sap="http://www.sap.com/Protocols/SAPData">
	<edmx:DataServices m:DataServiceVersion="2.0">
		<Schema Namespace="EPM_REF_APPS_SHOP" xml:lang="en"
			sap:schema-version="1" xmlns="http://schemas.microsoft.com/ado/2008/09/edm">
			<EntityType Name="MainCategory" sap:content-version="1">
				<Key>
					<PropertyRef Name="Id" />
				</Key>
				<Property Name="Id" Type="Edm.String" Nullable="false"
					MaxLength="40" sap:label="Main Category" sap:creatable="false"
					sap:updatable="false" />
				<Property Name="Name" Type="Edm.String" Nullable="false"
					MaxLength="40" sap:label="Main Category" sap:creatable="false"
					sap:updatable="false" />
				<NavigationProperty Name="SubCategories"
					Relationship="EPM_REF_APPS_SHOP.SubCategoryMainCategories"
					FromRole="ToRole_SubCategoryMainCategories" ToRole="FromRole_SubCategoryMainCategories" />
			</EntityType>
			<EntityType Name="SubCategory" sap:content-version="1">
				<Key>
					<PropertyRef Name="Id" />
				</Key>
				<Property Name="Id" Type="Edm.String" Nullable="false"
					MaxLength="40" sap:label="Category" sap:creatable="false"
					sap:updatable="false" />
				<Property Name="Name" Type="Edm.String" Nullable="false"
					MaxLength="40" sap:label="Category" sap:creatable="false"
					sap:updatable="false" />
				<Property Name="MainCategoryId" Type="Edm.String" Nullable="false"
					MaxLength="40" sap:label="Main Category" sap:creatable="false"
					sap:updatable="false" sap:sortable="false" />
				<Property Name="MainCategoryName" Type="Edm.String"
					Nullable="false" MaxLength="40" sap:label="Main Category"
					sap:creatable="false" sap:updatable="false" sap:sortable="false" />
				<NavigationProperty Name="MainCategory"
					Relationship="EPM_REF_APPS_SHOP.SubCategoryMainCategories"
					FromRole="FromRole_SubCategoryMainCategories" ToRole="ToRole_SubCategoryMainCategories" />
			</EntityType>
			<EntityType Name="Supplier" sap:content-version="1">
				<Key>
					<PropertyRef Name="Id" />
				</Key>
				<Property Name="FormattedContactName" Type="Edm.String"
					Nullable="false" MaxLength="88" sap:label="Name"
					sap:creatable="false" sap:updatable="false" sap:sortable="false"
					sap:filterable="false" />
				<Property Name="Id" Type="Edm.String" Nullable="false"
					MaxLength="10" sap:label="Business Partner ID" sap:creatable="false"
					sap:updatable="false" sap:sortable="false" sap:filterable="false" />
				<Property Name="ContactPhone1" Type="Edm.String" Nullable="false"
					MaxLength="30" sap:label="Phone No." sap:creatable="false"
					sap:updatable="false" sap:sortable="false" sap:filterable="false" />
				<Property Name="Name" Type="Edm.String" Nullable="false"
					MaxLength="80" sap:label="Company" sap:creatable="false"
					sap:updatable="false" sap:sortable="false" sap:filterable="false" />
				<Property Name="ContactPhone2" Type="Edm.String" Nullable="false"
					MaxLength="30" sap:label="Phone No." sap:creatable="false"
					sap:updatable="false" sap:sortable="false" sap:filterable="false" />
				<Property Name="Phone" Type="Edm.String" Nullable="false"
					MaxLength="30" sap:label="Phone No." sap:creatable="false"
					sap:updatable="false" sap:sortable="false" sap:filterable="false" />
				<Property Name="Email" Type="Edm.String" Nullable="false"
					MaxLength="255" sap:label="E-Mail" sap:creatable="false"
					sap:updatable="false" sap:sortable="false" sap:filterable="false" />
				<Property Name="ContactEmail" Type="Edm.String" Nullable="false"
					MaxLength="255" sap:label="E-Mail" sap:creatable="false"
					sap:updatable="false" sap:sortable="false" sap:filterable="false" />
				<Property Name="WebAddress" Type="Edm.String" Nullable="false"
					sap:label="String" sap:creatable="false" sap:updatable="false"
					sap:sortable="false" sap:filterable="false" />
				<Property Name="FormattedAddress" Type="Edm.String"
					Nullable="false" MaxLength="164" sap:label="Address"
					sap:creatable="false" sap:updatable="false" sap:sortable="false"
					sap:filterable="false" />
			</EntityType>
			<EntityType Name="Review" sap:content-version="1">
				<Key>
					<PropertyRef Name="Id" />
				</Key>
				<Property Name="ChangedAt" Type="Edm.DateTime" Nullable="false"
					Precision="0" sap:label="Time Stamp" sap:creatable="false"
					sap:updatable="false" />
				<Property Name="Comment" Type="Edm.String" sap:label="Rating Text" />
				<Property Name="HelpfulCount" Type="Edm.Int32" Nullable="false"
					sap:label="Number of Responses" sap:creatable="false"
					sap:updatable="false" />
				<Property sap:label="Helpful" Name="HelpfulForCurrentUser"
				    sap:creatable="false" Nullable="false" Type="Edm.Boolean"/>
				<Property Name="Id" Type="Edm.Guid" Nullable="false"
					sap:label="Node Key" sap:creatable="false" sap:updatable="false" />
				<Property Name="IsReviewOfCurrentUser" Type="Edm.Boolean"
					Nullable="false" sap:label="ISREVIEWOFCURRENTUSER" sap:creatable="false"
					sap:updatable="false" />
				<Property Name="ProductId" Type="Edm.String" Nullable="false"
					MaxLength="10" sap:label="Product ID" />
				<Property Name="Rating" Type="Edm.Int32" Nullable="false"
					sap:label="Rating" />
				<Property Name="UserDisplayName" Type="Edm.String"
					Nullable="false" MaxLength="88" sap:label="USERDISPLAYNAME"
					sap:creatable="false" sap:updatable="false" />
				<NavigationProperty Name="Product"
					Relationship="EPM_REF_APPS_SHOP.ReviewsProduct" FromRole="FromRole_ReviewsProduct"
					ToRole="ToRole_ReviewsProduct" />
			</EntityType>
			<EntityType Name="Product" sap:content-version="1">
				<Key>
					<PropertyRef Name="Id" />
				</Key>
				<Property Name="AverageRating" Type="Edm.Decimal" Nullable="false"
					Precision="4" Scale="2" sap:label="Rating" sap:creatable="false"
					sap:updatable="false" sap:sortable="false" />
				<Property Name="CurrencyCode" Type="Edm.String" Nullable="false"
					MaxLength="3" sap:label="ISO code" sap:creatable="false"
					sap:updatable="false" />
				<Property Name="Description" Type="Edm.String" Nullable="false"
					MaxLength="255" sap:label="Description" sap:creatable="false"
					sap:updatable="false" sap:sortable="false" />
				<Property Name="DimensionDepth" Type="Edm.Decimal"
					Nullable="false" Precision="13" Scale="3" sap:unit="QuantityUnit"
					sap:label="Length" sap:creatable="false" sap:updatable="false"
					sap:sortable="false" />
				<Property Name="DimensionHeight" Type="Edm.Decimal"
					Nullable="false" Precision="13" Scale="3" sap:unit="QuantityUnit"
					sap:label="Height" sap:creatable="false" sap:updatable="false"
					sap:sortable="false" />
				<Property Name="DimensionUnit" Type="Edm.String" Nullable="false"
					MaxLength="3" sap:label="ISO code" sap:creatable="false"
					sap:updatable="false" sap:sortable="false" />
				<Property Name="DimensionWidth" Type="Edm.Decimal"
					Nullable="false" Precision="13" Scale="3" sap:unit="QuantityUnit"
					sap:label="Width" sap:creatable="false" sap:updatable="false"
					sap:sortable="false" />
				<Property Name="HasReviewOfCurrentUser" Type="Edm.Boolean"
					Nullable="false" sap:label="HASREVIEWOFCURRENTUSER" sap:creatable="false"
					sap:updatable="false" sap:sortable="false" />
				<Property Name="Id" Type="Edm.String" Nullable="false"
					MaxLength="10" sap:label="Product ID" sap:creatable="false"
					sap:updatable="false" />
				<Property Name="ImageUrl" Type="Edm.String" Nullable="false"
					MaxLength="255" sap:label="Image" sap:creatable="false"
					sap:updatable="false" sap:sortable="false" />
				<Property Name="IsFavoriteOfCurrentUser" Type="Edm.Boolean"
					Nullable="false" sap:label="Is Favorite" sap:creatable="false"
					sap:sortable="false" />
				<Property Name="LastModified" Type="Edm.DateTime" Nullable="false"
					Precision="7" sap:label="Time Stamp" sap:creatable="false"
					sap:updatable="false" sap:sortable="false" />
				<Property Name="MainCategoryId" Type="Edm.String" Nullable="false"
					MaxLength="40" sap:label="Main Category" sap:creatable="false"
					sap:updatable="false" sap:sortable="false" />
				<Property Name="MainCategoryName" Type="Edm.String"
					Nullable="false" MaxLength="40" sap:label="Main Category"
					sap:creatable="false" sap:updatable="false" sap:sortable="false" />
				<Property Name="MeasureUnit" Type="Edm.String" Nullable="false"
					MaxLength="10" sap:label="MEASUREUNIT" sap:creatable="false"
					sap:updatable="false" sap:sortable="false" />
				<Property Name="Name" Type="Edm.String" Nullable="false"
					MaxLength="255" sap:label="Name" sap:creatable="false"
					sap:updatable="false" />
				<Property Name="Price" Type="Edm.Decimal" Nullable="false"
					Precision="16" Scale="3" sap:label="Unit Price" sap:creatable="false"
					sap:updatable="false" />
				<Property Name="QuantityUnit" Type="Edm.String" Nullable="false"
					MaxLength="3" sap:label="Unit of Measure" sap:creatable="false"
					sap:updatable="false" sap:sortable="false" sap:semantics="unit-of-measure" />
				<Property Name="RatingCount" Type="Edm.Int32" Nullable="false"
					sap:label="Number of Reviews" sap:creatable="false" sap:updatable="false"
					sap:sortable="false" />
				<Property Name="StockQuantity" Type="Edm.Int32" Nullable="false"
					sap:label="Availability" sap:creatable="false" sap:updatable="false" />
				<Property Name="SubCategoryId" Type="Edm.String" Nullable="false"
					MaxLength="40" sap:label="Category" sap:creatable="false"
					sap:updatable="false" sap:sortable="false" />
				<Property Name="SubCategoryName" Type="Edm.String"
					Nullable="false" MaxLength="40" sap:label="Category" sap:creatable="false"
					sap:updatable="false" sap:sortable="false" />
				<Property Name="SupplierId" Type="Edm.String" Nullable="false"
					MaxLength="10" sap:label="Business Partner ID" sap:creatable="false"
					sap:updatable="false" sap:sortable="false" />
				<Property Name="SupplierName" Type="Edm.String" Nullable="false"
					MaxLength="80" sap:label="Company" sap:creatable="false"
					sap:updatable="false" sap:sortable="false" />
				<Property Name="WeightMeasure" Type="Edm.Decimal" Nullable="false"
					Precision="13" Scale="3" sap:unit="QuantityUnit" sap:label="Weight"
					sap:creatable="false" sap:updatable="false" sap:sortable="false" />
				<Property Name="WeightUnit" Type="Edm.String" Nullable="false"
					MaxLength="3" sap:label="ISO code" sap:creatable="false"
					sap:updatable="false" sap:sortable="false" />
				<NavigationProperty Name="Supplier"
					Relationship="EPM_REF_APPS_SHOP.ProductsSupplier" FromRole="FromRole_ProductsSupplier"
					ToRole="ToRole_ProductsSupplier" />
				<NavigationProperty Name="SubCategory"
					Relationship="EPM_REF_APPS_SHOP.ProductsSubCategory" FromRole="FromRole_ProductsSubCategory"
					ToRole="ToRole_ProductsSubCategory" />
				<NavigationProperty Name="Reviews"
					Relationship="EPM_REF_APPS_SHOP.ProductReviews" FromRole="FromRole_ProductReviews"
					ToRole="ToRole_ProductReviews" />
				<NavigationProperty Name="ReviewAggregates"
					Relationship="EPM_REF_APPS_SHOP.ProductReviewAggregates" FromRole="FromRole_ProductReviewAggregates"
					ToRole="ToRole_ProductReviewAggregates" />
			</EntityType>
			<EntityType Name="Currency" sap:content-version="1">
				<Key>
					<PropertyRef Name="Code" />
				</Key>
				<Property Name="Code" Type="Edm.String" Nullable="false"
					MaxLength="3" sap:label="ISO code" sap:creatable="false"
					sap:updatable="false" sap:sortable="false" sap:filterable="false" />
				<Property Name="Text" Type="Edm.String" Nullable="false"
					MaxLength="15" sap:label="TEXT" sap:creatable="false"
					sap:updatable="false" sap:sortable="false" sap:filterable="false" />
			</EntityType>
			<EntityType Name="DimensionUnit" sap:content-version="1">
				<Key>
					<PropertyRef Name="Code" />
				</Key>
				<Property Name="Code" Type="Edm.String" Nullable="false"
					MaxLength="3" sap:label="ISO code" sap:creatable="false"
					sap:updatable="false" sap:sortable="false" sap:filterable="false" />
				<Property Name="Shorttext" Type="Edm.String" Nullable="false"
					MaxLength="10" sap:label="SHORTTEXT" sap:creatable="false"
					sap:updatable="false" sap:sortable="false" sap:filterable="false" />
				<Property Name="Text" Type="Edm.String" Nullable="false"
					MaxLength="30" sap:label="TEXT" sap:creatable="false"
					sap:updatable="false" sap:sortable="false" sap:filterable="false" />
			</EntityType>
			<EntityType Name="QuantityUnit" sap:content-version="1">
				<Key>
					<PropertyRef Name="Unit" />
				</Key>
				<Property Name="Unit" Type="Edm.String" Nullable="false"
					MaxLength="3" sap:label="ISO code" sap:creatable="false"
					sap:updatable="false" sap:sortable="false" sap:filterable="false" />
				<Property Name="Shorttext" Type="Edm.String" Nullable="false"
					MaxLength="10" sap:label="SHORTTEXT" sap:creatable="false"
					sap:updatable="false" sap:sortable="false" sap:filterable="false" />
				<Property Name="Text" Type="Edm.String" Nullable="false"
					MaxLength="30" sap:label="TEXT" sap:creatable="false"
					sap:updatable="false" sap:sortable="false" sap:filterable="false" />
			</EntityType>
			<EntityType Name="WeightUnit" sap:content-version="1">
				<Key>
					<PropertyRef Name="Unit" />
				</Key>
				<Property Name="Unit" Type="Edm.String" Nullable="false"
					MaxLength="3" sap:label="ISO code" sap:creatable="false"
					sap:updatable="false" sap:sortable="false" sap:filterable="false" />
				<Property Name="Shorttext" Type="Edm.String" Nullable="false"
					MaxLength="10" sap:label="SHORTTEXT" sap:creatable="false"
					sap:updatable="false" sap:sortable="false" sap:filterable="false" />
				<Property Name="Text" Type="Edm.String" Nullable="false"
					MaxLength="30" sap:label="TEXT" sap:creatable="false"
					sap:updatable="false" sap:sortable="false" sap:filterable="false" />
			</EntityType>
			<EntityType Name="ReviewAggregate" sap:content-version="1">
				<Key>
					<PropertyRef Name="ProductId" />
					<PropertyRef Name="Rating" />
				</Key>
				<Property Name="ProductId" Type="Edm.String" Nullable="false"
					MaxLength="10" sap:label="Product ID" sap:creatable="false"
					sap:updatable="false" sap:sortable="false" sap:filterable="false" />
				<Property Name="Rating" Type="Edm.Int32" Nullable="false"
					sap:label="RATING" sap:creatable="false" sap:updatable="false"
					sap:sortable="false" sap:filterable="false" />
				<Property Name="RatingCount" Type="Edm.Int32" Nullable="false"
					sap:label="RATINGCOUNT" sap:creatable="false" sap:updatable="false"
					sap:sortable="false" sap:filterable="false" />
			</EntityType>
			<EntityType Name="ShoppingCartItem" sap:content-version="1">
				<Key>
					<PropertyRef Name="Id" />
				</Key>
				<Property Name="ShoppingCartId" Type="Edm.Int16" Nullable="false"
					sap:label="SHOPPINGCARTID" sap:creatable="false" sap:updatable="false" />
				<Property Name="Id" Type="Edm.String" Nullable="false"
					MaxLength="10" sap:label="Item Position" sap:creatable="false"
					sap:updatable="false" />
				<Property Name="ProductId" Type="Edm.String" Nullable="false"
					MaxLength="10" sap:label="Product ID" sap:creatable="false"
					sap:updatable="false" />
				<Property Name="Quantity" Type="Edm.Int32" Nullable="false"
					sap:label="Quantity" sap:creatable="false" />
				<Property Name="Unit" Type="Edm.String" Nullable="false"
					MaxLength="3" sap:label="Unit of Measure" sap:creatable="false"
					sap:updatable="false" sap:semantics="unit-of-measure" />
				<Property Name="SubTotal" Type="Edm.Decimal" Nullable="false"
					Precision="28" Scale="5" sap:label="Subtotal" sap:creatable="false"
					sap:updatable="false" />
				<Property Name="CurrencyCode" Type="Edm.String" Nullable="false"
					MaxLength="5" sap:label="Currency Code" sap:creatable="false"
					sap:updatable="false" sap:semantics="currency-code" />
				<NavigationProperty Name="Product"
					Relationship="EPM_REF_APPS_SHOP.ShoppingCartItemProduct" FromRole="FromRole_ShoppingCartItemProduct"
					ToRole="ToRole_ShoppingCartItemProduct" />
			</EntityType>
			<EntityType Name="ShoppingCart" sap:content-version="1">
				<Key>
					<PropertyRef Name="Id" />
				</Key>
				<Property Name="Id" Type="Edm.Int16" Nullable="false"
					sap:label="ID" sap:creatable="false" sap:updatable="false" />
				<Property Name="Total" Type="Edm.Decimal" Nullable="false"
					Precision="28" Scale="5" sap:label="TOTAL" sap:creatable="false"
					sap:updatable="false" />
				<Property Name="CurrencyCode" Type="Edm.String" Nullable="false"
					MaxLength="5" sap:label="CURRENCYCODE" sap:creatable="false"
					sap:updatable="false" sap:semantics="currency-code" />
				<Property Name="TotalQuantity" Type="Edm.Int32" Nullable="false"
					sap:label="TOTALQUANTITY" sap:creatable="false" sap:updatable="false" />
				<Property Name="FormattedCustomerName" Type="Edm.String"
					Nullable="false" MaxLength="88" sap:label="Ordered By"
					sap:creatable="false" sap:updatable="false" />
				<Property Name="FormattedAddress" Type="Edm.String"
					Nullable="false" MaxLength="164" sap:label="Address"
					sap:creatable="false" sap:updatable="false" />
				<NavigationProperty Name="ShoppingCartItems"
					Relationship="EPM_REF_APPS_SHOP.ShoppingCartShoppingCartItems"
					FromRole="FromRole_ShoppingCartShoppingCartItems" ToRole="ToRole_ShoppingCartShoppingCartItems" />
			</EntityType>
			<Association Name="ReviewsProduct" sap:content-version="1">
				<End Type="EPM_REF_APPS_SHOP.Review" Multiplicity="*"
					Role="FromRole_ReviewsProduct" />
				<End Type="EPM_REF_APPS_SHOP.Product" Multiplicity="1"
					Role="ToRole_ReviewsProduct" />
			</Association>
			<Association Name="SubCategoryMainCategories"
				sap:content-version="1">
				<End Type="EPM_REF_APPS_SHOP.SubCategory" Multiplicity="1"
					Role="FromRole_SubCategoryMainCategories" />
				<End Type="EPM_REF_APPS_SHOP.MainCategory" Multiplicity="*"
					Role="ToRole_SubCategoryMainCategories" />
			</Association>
			<Association Name="ShoppingCartItemProduct"
				sap:content-version="1">
				<End Type="EPM_REF_APPS_SHOP.ShoppingCartItem" Multiplicity="0..1"
					Role="FromRole_ShoppingCartItemProduct" />
				<End Type="EPM_REF_APPS_SHOP.Product" Multiplicity="1"
					Role="ToRole_ShoppingCartItemProduct" />
			    <ReferentialConstraint>
					<Principal Role="FromRole_ShoppingCartItemProduct">
						<PropertyRef Name="ProductId" />
					</Principal>
					<Dependent Role="ToRole_ShoppingCartItemProduct">
						<PropertyRef Name="Id" />
					</Dependent>
				</ReferentialConstraint>
			</Association>
			<Association Name="ProductReviews" sap:content-version="1">
				<End Type="EPM_REF_APPS_SHOP.Product" Multiplicity="1"
					Role="FromRole_ProductReviews" />
				<End Type="EPM_REF_APPS_SHOP.Review" Multiplicity="*"
					Role="ToRole_ProductReviews" />
				<ReferentialConstraint>
					<Principal Role="FromRole_ProductReviews">
						<PropertyRef Name="Id" />
					</Principal>
					<Dependent Role="ToRole_ProductReviews">
						<PropertyRef Name="ProductId" />
					</Dependent>
				</ReferentialConstraint>
			</Association>
			<Association Name="ProductsSubCategory"
				sap:content-version="1">
				<End Type="EPM_REF_APPS_SHOP.Product" Multiplicity="*"
					Role="FromRole_ProductsSubCategory" />
				<End Type="EPM_REF_APPS_SHOP.SubCategory" Multiplicity="1"
					Role="ToRole_ProductsSubCategory" />
			</Association>
			<Association Name="ProductsSupplier" sap:content-version="1">
				<End Type="EPM_REF_APPS_SHOP.Product" Multiplicity="*"
					Role="FromRole_ProductsSupplier" />
				<End Type="EPM_REF_APPS_SHOP.Supplier" Multiplicity="1"
					Role="ToRole_ProductsSupplier" />
			</Association>
			<Association Name="ProductReviewAggregates"
				sap:content-version="1">
				<End Type="EPM_REF_APPS_SHOP.Product" Multiplicity="1"
					Role="FromRole_ProductReviewAggregates" />
				<End Type="EPM_REF_APPS_SHOP.ReviewAggregate" Multiplicity="*"
					Role="ToRole_ProductReviewAggregates" />
				<ReferentialConstraint>
					<Principal Role="FromRole_ProductReviewAggregates">
						<PropertyRef Name="Id" />
					</Principal>
					<Dependent Role="ToRole_ProductReviewAggregates">
						<PropertyRef Name="ProductId" />
					</Dependent>
				</ReferentialConstraint>
			</Association>
			<Association Name="ShoppingCartShoppingCartItems"
				sap:content-version="1">
				<End Type="EPM_REF_APPS_SHOP.ShoppingCart" Multiplicity="1"
					Role="FromRole_ShoppingCartShoppingCartItems" />
				<End Type="EPM_REF_APPS_SHOP.ShoppingCartItem" Multiplicity="*"
					Role="ToRole_ShoppingCartShoppingCartItems" />
			</Association>
			<EntityContainer Name="EPM_REF_APPS_SHOP_Entities"
				m:IsDefaultEntityContainer="true" sap:supported-formats="atom json xlsx">
				<EntitySet Name="SubCategories" EntityType="EPM_REF_APPS_SHOP.SubCategory"
					sap:creatable="false" sap:updatable="false" sap:deletable="false"
					sap:content-version="1" />
				<EntitySet Name="Suppliers" EntityType="EPM_REF_APPS_SHOP.Supplier"
					sap:creatable="false" sap:updatable="false" sap:deletable="false"
					sap:content-version="1" />
				<EntitySet Name="Reviews" EntityType="EPM_REF_APPS_SHOP.Review"
					sap:content-version="1" />
				<EntitySet Name="Products" EntityType="EPM_REF_APPS_SHOP.Product"
					sap:creatable="false" sap:deletable="false" sap:content-version="1" />
				<EntitySet Name="Currencies" EntityType="EPM_REF_APPS_SHOP.Currency"
					sap:creatable="false" sap:updatable="false" sap:deletable="false"
					sap:content-version="1" />
				<EntitySet Name="DimensionUnits" EntityType="EPM_REF_APPS_SHOP.DimensionUnit"
					sap:creatable="false" sap:updatable="false" sap:deletable="false"
					sap:content-version="1" />
				<EntitySet Name="QuantityUnits" EntityType="EPM_REF_APPS_SHOP.QuantityUnit"
					sap:creatable="false" sap:updatable="false" sap:deletable="false"
					sap:content-version="1" />
				<EntitySet Name="WeightUnits" EntityType="EPM_REF_APPS_SHOP.WeightUnit"
					sap:creatable="false" sap:updatable="false" sap:deletable="false"
					sap:content-version="1" />
				<EntitySet Name="ReviewAggregates" EntityType="EPM_REF_APPS_SHOP.ReviewAggregate"
					sap:creatable="false" sap:updatable="false" sap:deletable="false"
					sap:pageable="false" sap:content-version="1" />
				<EntitySet Name="ShoppingCartItems" EntityType="EPM_REF_APPS_SHOP.ShoppingCartItem"
					sap:creatable="false" sap:updatable="false" sap:deletable="false"
					sap:pageable="false" sap:content-version="1" />
				<EntitySet Name="ShoppingCarts" EntityType="EPM_REF_APPS_SHOP.ShoppingCart"
					sap:creatable="false" sap:updatable="false" sap:deletable="false"
					sap:pageable="false" sap:content-version="1" />
				<EntitySet Name="MainCategories" EntityType="EPM_REF_APPS_SHOP.MainCategory"
					sap:creatable="false" sap:updatable="false" sap:deletable="false"
					sap:content-version="1" />
				<AssociationSet Name="ProductReviewsSet"
					Association="EPM_REF_APPS_SHOP.ProductReviews" sap:creatable="false"
					sap:updatable="false" sap:deletable="false" sap:content-version="1">
					<End EntitySet="Products" Role="FromRole_ProductReviews" />
					<End EntitySet="Reviews" Role="ToRole_ProductReviews" />
				</AssociationSet>
				<AssociationSet Name="ProductsSupplierSet"
					Association="EPM_REF_APPS_SHOP.ProductsSupplier" sap:creatable="false"
					sap:updatable="false" sap:deletable="false" sap:content-version="1">
					<End EntitySet="Products" Role="FromRole_ProductsSupplier" />
					<End EntitySet="Suppliers" Role="ToRole_ProductsSupplier" />
				</AssociationSet>
				<AssociationSet Name="ReviewsProductSet"
					Association="EPM_REF_APPS_SHOP.ReviewsProduct" sap:creatable="false"
					sap:updatable="false" sap:deletable="false" sap:content-version="1">
					<End EntitySet="Reviews" Role="FromRole_ReviewsProduct" />
					<End EntitySet="Products" Role="ToRole_ReviewsProduct" />
				</AssociationSet>
				<AssociationSet Name="ShoppingCartItemProductSet"
					Association="EPM_REF_APPS_SHOP.ShoppingCartItemProduct"
					sap:creatable="false" sap:updatable="false" sap:deletable="false"
					sap:content-version="1">
					<End EntitySet="ShoppingCartItems" Role="FromRole_ShoppingCartItemProduct" />
					<End EntitySet="Products" Role="ToRole_ShoppingCartItemProduct" />
				</AssociationSet>
				<AssociationSet Name="ProductReviewAggregatesSet"
					Association="EPM_REF_APPS_SHOP.ProductReviewAggregates"
					sap:creatable="false" sap:updatable="false" sap:deletable="false"
					sap:content-version="1">
					<End EntitySet="Products" Role="FromRole_ProductReviewAggregates" />
					<End EntitySet="ReviewAggregates" Role="ToRole_ProductReviewAggregates" />
				</AssociationSet>
				<AssociationSet Name="SubCategoryMainCategoriesSet"
					Association="EPM_REF_APPS_SHOP.SubCategoryMainCategories"
					sap:creatable="false" sap:updatable="false" sap:deletable="false"
					sap:content-version="1">
					<End EntitySet="SubCategories" Role="FromRole_SubCategoryMainCategories" />
					<End EntitySet="MainCategories" Role="ToRole_SubCategoryMainCategories" />
				</AssociationSet>
				<AssociationSet Name="ShoppingCartShoppingCartItemsSet"
					Association="EPM_REF_APPS_SHOP.ShoppingCartShoppingCartItems"
					sap:creatable="false" sap:updatable="false" sap:deletable="false"
					sap:content-version="1">
					<End EntitySet="ShoppingCarts" Role="FromRole_ShoppingCartShoppingCartItems" />
					<End EntitySet="ShoppingCartItems" Role="ToRole_ShoppingCartShoppingCartItems" />
				</AssociationSet>
				<AssociationSet Name="ProductSubCategorySet"
					Association="EPM_REF_APPS_SHOP.ProductsSubCategory" sap:creatable="false"
					sap:updatable="false" sap:deletable="false" sap:content-version="1">
					<End EntitySet="Products" Role="FromRole_ProductsSubCategory" />
					<End EntitySet="SubCategories" Role="ToRole_ProductsSubCategory" />
				</AssociationSet>
				<FunctionImport Name="AddProductToShoppingCart"
					ReturnType="EPM_REF_APPS_SHOP.ShoppingCartItem" EntitySet="ShoppingCartItems"
					m:HttpMethod="POST" sap:label="Add Product to Shopping Cart">
					<Parameter Name="ProductId" Type="Edm.String" Mode="In" />
				</FunctionImport>
				<FunctionImport Name="BuyShoppingCart" ReturnType="EPM_REF_APPS_SHOP.ShoppingCart"
					EntitySet="ShoppingCarts" m:HttpMethod="POST"
					sap:action-for="EPM_REF_APPS_SHOP.ShoppingCart" />
			</EntityContainer>
		</Schema>
	</edmx:DataServices>
</edmx:Edmx>
