[
	{
		"AverageRating": "3.33",
		"Name": "Notebook Basic 15",
		"Description": "Notebook Basic 15 with 2,80 GHz quad core, 15\" LCD, 4 GB DDR3 RAM, 500 GB Hard Disc, Windows 8 Pro",
		"StockQuantity": 145,
		"CurrencyCode": "USD",
		"DimensionDepth": "0.18",
		"DimensionHeight": "0.03",
		"DimensionUnit": "m",
		"DimensionWidth": "0.3",
		"HasReviewOfCurrentUser": false,
		"Id": "HT-1000",
		"ImageUrl": "model/images/HT-1000.jpg",
		"IsFavoriteOfCurrentUser": false,
		"LastModified": "/Date(1421960422000)/",
		"MainCategoryId": "Computer systems",
		"MainCategoryName": "Computer systems",
		"MeasureUnit": "each",
		"Price": "956.00",
		"QuantityUnit": "EA",
		"RatingCount": 3,
		"SubCategoryId": "Notebooks",
		"SubCategoryName": "Notebooks",
		"SupplierId": "100000000",
		"SupplierName": "SAP",
		"WeightMeasure": "4.2",
		"WeightUnit": "kg"
	},
	{
		"AverageRating": "0.00",
		"Name": "Notebook Basic 17",
		"Description": "Notebook Basic 17 with 2,80 GHz quad core, 17\" LCD, 4 GB DDR3 RAM, 500 GB Hard Disc, Windows 8 Pro",
		"StockQuantity": 141,
		"CurrencyCode": "USD",
		"DimensionDepth": "0.17",
		"DimensionHeight": "0.03",
		"DimensionUnit": "m",
		"DimensionWidth": "0.29",
		"HasReviewOfCurrentUser": false,
		"Id": "HT-1001",
		"ImageUrl": "model/images/HT-1001.jpg",
		"IsFavoriteOfCurrentUser": false,
		"LastModified": "/Date(1421960422000)/",
		"MainCategoryId": "Computer systems",
		"MainCategoryName": "Computer systems",
		"MeasureUnit": "each",
		"Price": "1249.00",
		"QuantityUnit": "EA",
		"RatingCount": 0,
		"SubCategoryId": "Notebooks",
		"SubCategoryName": "Notebooks",
		"SupplierId": "100000001",
		"SupplierName": "Becker Berlin",
		"WeightMeasure": "4.5",
		"WeightUnit": "kg"
	},
	{
		"AverageRating": "3.00",
		"Name": "Notebook Basic 18",
		"Description": "Notebook Basic 18 with 2,80 GHz quad core, 18\" LCD, 8 GB DDR3 RAM, 1000 GB Hard Disc, Windows 8 Pro",
		"StockQuantity": 139,
		"CurrencyCode": "USD",
		"DimensionDepth": "0.19",
		"DimensionHeight": "0.03",
		"DimensionUnit": "m",
		"DimensionWidth": "0.28",
		"HasReviewOfCurrentUser": false,
		"Id": "HT-1002",
		"ImageUrl": "model/images/HT-1002.jpg",
		"IsFavoriteOfCurrentUser": false,
		"LastModified": "/Date(1421960422000)/",
		"MainCategoryId": "Computer systems",
		"MainCategoryName": "Computer systems",
		"MeasureUnit": "each",
		"Price": "1570.00",
		"QuantityUnit": "EA",
		"RatingCount": 4,
		"SubCategoryId": "Notebooks",
		"SubCategoryName": "Notebooks",
		"SupplierId": "100000002",
		"SupplierName": "DelBont Industries",
		"WeightMeasure": "4.2",
		"WeightUnit": "kg"
	},
	{
		"AverageRating": "3.27",
		"Name": "Notebook Basic 19",
		"Description": "Notebook Basic 19 with 2,80 GHz quad core, 19\" LCD, 8 GB DDR3 RAM, 1000 GB Hard Disc, Windows 8 Pro",
		"StockQuantity": 149,
		"CurrencyCode": "USD",
		"DimensionDepth": "0.21",
		"DimensionHeight": "0.04",
		"DimensionUnit": "m",
		"DimensionWidth": "0.32",
		"HasReviewOfCurrentUser": false,
		"Id": "HT-1003",
		"ImageUrl": "model/images/HT-1003.jpg",
		"IsFavoriteOfCurrentUser": false,
		"LastModified": "/Date(1421960422000)/",
		"MainCategoryId": "Computer systems",
		"MainCategoryName": "Computer systems",
		"MeasureUnit": "each",
		"Price": "1650.00",
		"QuantityUnit": "EA",
		"RatingCount": 15,
		"SubCategoryId": "Notebooks",
		"SubCategoryName": "Notebooks",
		"SupplierId": "100000003",
		"SupplierName": "Talpa",
		"WeightMeasure": "4.2",
		"WeightUnit": "kg"
	},
	{
		"AverageRating": "3.00",
		"Name": "ITelO Vault",
		"Description": "Digital Organizer with State-of-the-Art Storage Encryption",
		"StockQuantity": 148,
		"CurrencyCode": "USD",
		"DimensionDepth": "0.22",
		"DimensionHeight": "0.03",
		"DimensionUnit": "m",
		"DimensionWidth": "0.32",
		"HasReviewOfCurrentUser": false,
		"Id": "HT-1007",
		"ImageUrl": "model/images/HT-1007.jpg",
		"IsFavoriteOfCurrentUser": false,
		"LastModified": "/Date(1421960422000)/",
		"MainCategoryId": "Computer components",
		"MainCategoryName": "Computer components",
		"MeasureUnit": "each",
		"Price": "299.00",
		"QuantityUnit": "EA",
		"RatingCount": 13,
		"SubCategoryId": "PDAs/Organizers",
		"SubCategoryName": "PDAs/Organizers",
		"SupplierId": "100000004",
		"SupplierName": "Panorama Studios",
		"WeightMeasure": "0.2",
		"WeightUnit": "kg"
	},
	{
		"AverageRating": "3.08",
		"Name": "Notebook Professional 15",
		"Description": "Notebook Professional 15 with 2,80 GHz quad core, 15\" Multitouch LCD, 8 GB DDR3 RAM, 500 GB SSD - DVD-Writer (DVD-R/+R/-RW/-RAM),Windows 8 Pro",
		"StockQuantity": 145,
		"CurrencyCode": "USD",
		"DimensionDepth": "0.2",
		"DimensionHeight": "0.03",
		"DimensionUnit": "m",
		"DimensionWidth": "0.33",
		"HasReviewOfCurrentUser": false,
		"Id": "HT-1010",
		"ImageUrl": "model/images/HT-1010.jpg",
		"IsFavoriteOfCurrentUser": false,
		"LastModified": "/Date(1421960422000)/",
		"MainCategoryId": "Computer systems",
		"MainCategoryName": "Computer systems",
		"MeasureUnit": "each",
		"Price": "1999.00",
		"QuantityUnit": "EA",
		"RatingCount": 12,
		"SubCategoryId": "Notebooks",
		"SubCategoryName": "Notebooks",
		"SupplierId": "100000005",
		"SupplierName": "TECUM",
		"WeightMeasure": "4.3",
		"WeightUnit": "kg"
	},
	{
		"AverageRating": "2.60",
		"Name": "Notebook Professional 17",
		"Description": "Notebook Professional 17 with 2,80 GHz quad core, 17\" Multitouch LCD, 8 GB DDR3 RAM, 500 GB SSD - DVD-Writer (DVD-R/+R/-RW/-RAM),Windows 8 Pro",
		"StockQuantity": 145,
		"CurrencyCode": "USD",
		"DimensionDepth": "0.23",
		"DimensionHeight": "0.02",
		"DimensionUnit": "m",
		"DimensionWidth": "0.33",
		"HasReviewOfCurrentUser": false,
		"Id": "HT-1011",
		"ImageUrl": "model/images/HT-1011.jpg",
		"IsFavoriteOfCurrentUser": false,
		"LastModified": "/Date(1421960422000)/",
		"MainCategoryId": "Computer systems",
		"MainCategoryName": "Computer systems",
		"MeasureUnit": "each",
		"Price": "2299.00",
		"QuantityUnit": "EA",
		"RatingCount": 5,
		"SubCategoryId": "Notebooks",
		"SubCategoryName": "Notebooks",
		"SupplierId": "100000006",
		"SupplierName": "Asia High tech",
		"WeightMeasure": "4.1",
		"WeightUnit": "kg"
	},
	{
		"AverageRating": "3.07",
		"Name": "ITelO Vault Net",
		"Description": "Digital Organizer with State-of-the-Art Encryption for Storage and Network Communications",
		"StockQuantity": 146,
		"CurrencyCode": "USD",
		"DimensionDepth": "0.02",
		"DimensionHeight": "0.17",
		"DimensionUnit": "m",
		"DimensionWidth": "0.1",
		"HasReviewOfCurrentUser": false,
		"Id": "HT-1020",
		"ImageUrl": "model/images/HT-1020.jpg",
		"IsFavoriteOfCurrentUser": false,
		"LastModified": "/Date(1421960422000)/",
		"MainCategoryId": "Computer components",
		"MainCategoryName": "Computer components",
		"MeasureUnit": "each",
		"Price": "459.00",
		"QuantityUnit": "EA",
		"RatingCount": 14,
		"SubCategoryId": "PDAs/Organizers",
		"SubCategoryName": "PDAs/Organizers",
		"SupplierId": "100000007",
		"SupplierName": "Laurent",
		"WeightMeasure": "0.16",
		"WeightUnit": "kg"
	},
	{
		"AverageRating": "2.33",
		"Name": "ITelO Vault SAT",
		"Description": "Digital Organizer with State-of-the-Art Encryption for Storage and Secure Stellite Link",
		"StockQuantity": 146,
		"CurrencyCode": "USD",
		"DimensionDepth": "0.02",
		"DimensionHeight": "0.18",
		"DimensionUnit": "m",
		"DimensionWidth": "0.11",
		"HasReviewOfCurrentUser": false,
		"Id": "HT-1021",
		"ImageUrl": "model/images/HT-1021.jpg",
		"IsFavoriteOfCurrentUser": false,
		"LastModified": "/Date(1421960422000)/",
		"MainCategoryId": "Computer components",
		"MainCategoryName": "Computer components",
		"MeasureUnit": "each",
		"Price": "149.00",
		"QuantityUnit": "EA",
		"RatingCount": 3,
		"SubCategoryId": "PDAs/Organizers",
		"SubCategoryName": "PDAs/Organizers",
		"SupplierId": "100000008",
		"SupplierName": "AVANTEL",
		"WeightMeasure": "0.18",
		"WeightUnit": "kg"
	},
	{
		"AverageRating": "3.44",
		"Name": "Comfort Senior",
		"Description": "64 GB Digital Assitant with high-resolution color screen and synthesized voice output",
		"StockQuantity": 140,
		"CurrencyCode": "USD",
		"DimensionDepth": "0.02",
		"DimensionHeight": "0.13",
		"DimensionUnit": "m",
		"DimensionWidth": "0.8",
		"HasReviewOfCurrentUser": false,
		"Id": "HT-1023",
		"ImageUrl": "model/images/HT-1023.jpg",
		"IsFavoriteOfCurrentUser": false,
		"LastModified": "/Date(1421960422000)/",
		"MainCategoryId": "Computer components",
		"MainCategoryName": "Computer components",
		"MeasureUnit": "each",
		"Price": "512.00",
		"QuantityUnit": "EA",
		"RatingCount": 9,
		"SubCategoryId": "PDAs/Organizers",
		"SubCategoryName": "PDAs/Organizers",
		"SupplierId": "100000010",
		"SupplierName": "Pear Computing Services",
		"WeightMeasure": "0.8",
		"WeightUnit": "kg"
	},
	{
		"AverageRating": "4.14",
		"Name": "Ergo Screen E-I",
		"Description": "Optimum Hi-Resolution max. 1920 x 1080 @ 85Hz, Dot Pitch: 0.27mm",
		"StockQuantity": 133,
		"CurrencyCode": "USD",
		"DimensionDepth": "0.12",
		"DimensionHeight": "0.36",
		"DimensionUnit": "m",
		"DimensionWidth": "0.37",
		"HasReviewOfCurrentUser": false,
		"Id": "HT-1030",
		"ImageUrl": "model/images/HT-1030.jpg",
		"IsFavoriteOfCurrentUser": false,
		"LastModified": "/Date(1421960422000)/",
		"MainCategoryId": "Computer components",
		"MainCategoryName": "Computer components",
		"MeasureUnit": "each",
		"Price": "230.00",
		"QuantityUnit": "EA",
		"RatingCount": 7,
		"SubCategoryId": "Flat screens",
		"SubCategoryName": "Flat screens",
		"SupplierId": "100000011",
		"SupplierName": "Alpine Systems",
		"WeightMeasure": "21",
		"WeightUnit": "kg"
	},
	{
		"AverageRating": "3.00",
		"Name": "Ergo Screen E-II",
		"Description": "Optimum Hi-Resolution max. 1920 x 1200 @ 85Hz, Dot Pitch: 0.26mm",
		"StockQuantity": 140,
		"CurrencyCode": "USD",
		"DimensionDepth": "0.19",
		"DimensionHeight": "0.43",
		"DimensionUnit": "m",
		"DimensionWidth": "0.41",
		"HasReviewOfCurrentUser": false,
		"Id": "HT-1031",
		"ImageUrl": "model/images/HT-1031.jpg",
		"IsFavoriteOfCurrentUser": false,
		"LastModified": "/Date(1421960422000)/",
		"MainCategoryId": "Computer components",
		"MainCategoryName": "Computer components",
		"MeasureUnit": "each",
		"Price": "285.00",
		"QuantityUnit": "EA",
		"RatingCount": 6,
		"SubCategoryId": "Flat screens",
		"SubCategoryName": "Flat screens",
		"SupplierId": "100000012",
		"SupplierName": "New Line Design",
		"WeightMeasure": "21",
		"WeightUnit": "kg"
	},
	{
		"AverageRating": "3.40",
		"Name": "Ergo Screen E-III",
		"Description": "Optimum Hi-Resolution max. 2560 x 1440 @ 85Hz, Dot Pitch: 0.25mm",
		"StockQuantity": 145,
		"CurrencyCode": "USD",
		"DimensionDepth": "0.19",
		"DimensionHeight": "0.43",
		"DimensionUnit": "m",
		"DimensionWidth": "0.41",
		"HasReviewOfCurrentUser": false,
		"Id": "HT-1032",
		"ImageUrl": "model/images/HT-1032.jpg",
		"IsFavoriteOfCurrentUser": false,
		"LastModified": "/Date(1421960422000)/",
		"MainCategoryId": "Computer components",
		"MainCategoryName": "Computer components",
		"MeasureUnit": "each",
		"Price": "345.00",
		"QuantityUnit": "EA",
		"RatingCount": 10,
		"SubCategoryId": "Flat screens",
		"SubCategoryName": "Flat screens",
		"SupplierId": "100000013",
		"SupplierName": "HEPA Tec",
		"WeightMeasure": "21",
		"WeightUnit": "kg"
	},
	{
		"AverageRating": "3.00",
		"Name": "Flat Basic",
		"Description": "Optimum Hi-Resolution max. 1600 x 1200 @ 85Hz, Dot Pitch: 0.24mm",
		"StockQuantity": 146,
		"CurrencyCode": "USD",
		"DimensionDepth": "0.2",
		"DimensionHeight": "0.41",
		"DimensionUnit": "m",
		"DimensionWidth": "0.39",
		"HasReviewOfCurrentUser": false,
		"Id": "HT-1035",
		"ImageUrl": "model/images/HT-1035.jpg",
		"IsFavoriteOfCurrentUser": false,
		"LastModified": "/Date(1421960422000)/",
		"MainCategoryId": "Computer components",
		"MainCategoryName": "Computer components",
		"MeasureUnit": "each",
		"Price": "399.00",
		"QuantityUnit": "EA",
		"RatingCount": 1,
		"SubCategoryId": "Flat screens",
		"SubCategoryName": "Flat screens",
		"SupplierId": "100000014",
		"SupplierName": "Anav Ideon",
		"WeightMeasure": "14",
		"WeightUnit": "kg"
	},
	{
		"AverageRating": "2.50",
		"Name": "Flat Future",
		"Description": "Optimum Hi-Resolution max. 2048 x 1080 @ 85Hz, Dot Pitch: 0.26mm",
		"StockQuantity": 149,
		"CurrencyCode": "USD",
		"DimensionDepth": "0.26",
		"DimensionHeight": "0.46",
		"DimensionUnit": "m",
		"DimensionWidth": "0.45",
		"HasReviewOfCurrentUser": false,
		"Id": "HT-1036",
		"ImageUrl": "model/images/HT-1036.jpg",
		"IsFavoriteOfCurrentUser": false,
		"LastModified": "/Date(1421960422000)/",
		"MainCategoryId": "Computer components",
		"MainCategoryName": "Computer components",
		"MeasureUnit": "each",
		"Price": "430.00",
		"QuantityUnit": "EA",
		"RatingCount": 2,
		"SubCategoryId": "Flat screens",
		"SubCategoryName": "Flat screens",
		"SupplierId": "100000015",
		"SupplierName": "Robert Brown Entertainment",
		"WeightMeasure": "15",
		"WeightUnit": "kg"
	},
	{
		"AverageRating": "4.50",
		"Name": "Flat XL",
		"Description": "Optimum Hi-Resolution max. 2016 x 1512 @ 85Hz, Dot Pitch: 0.24mm",
		"StockQuantity": 148,
		"CurrencyCode": "USD",
		"DimensionDepth": "0.22",
		"DimensionHeight": "0.39",
		"DimensionUnit": "m",
		"DimensionWidth": "0.55",
		"HasReviewOfCurrentUser": false,
		"Id": "HT-1037",
		"ImageUrl": "model/images/HT-1037.jpg",
		"IsFavoriteOfCurrentUser": false,
		"LastModified": "/Date(1421960422000)/",
		"MainCategoryId": "Computer components",
		"MainCategoryName": "Computer components",
		"MeasureUnit": "each",
		"Price": "1230.00",
		"QuantityUnit": "EA",
		"RatingCount": 2,
		"SubCategoryId": "Flat screens",
		"SubCategoryName": "Flat screens",
		"SupplierId": "100000016",
		"SupplierName": "Mexican Oil Trading Company",
		"WeightMeasure": "17",
		"WeightUnit": "kg"
	},
	{
		"AverageRating": "2.50",
		"Name": "Laser Professional Eco",
		"Description": "Print 2400 dpi image quality color documents at speeds of up to 32 ppm (color) or 36 ppm (monochrome), letter/A4. Powerful 500 MHz processor, 512MB of memory",
		"StockQuantity": 146,
		"CurrencyCode": "USD",
		"DimensionDepth": "0.46",
		"DimensionHeight": "0.3",
		"DimensionUnit": "m",
		"DimensionWidth": "0.51",
		"HasReviewOfCurrentUser": false,
		"Id": "HT-1040",
		"ImageUrl": "model/images/HT-1040.jpg",
		"IsFavoriteOfCurrentUser": false,
		"LastModified": "/Date(1421960422000)/",
		"MainCategoryId": "Printers and Scanners",
		"MainCategoryName": "Printers and Scanners",
		"MeasureUnit": "each",
		"Price": "830.00",
		"QuantityUnit": "EA",
		"RatingCount": 2,
		"SubCategoryId": "Laser printers",
		"SubCategoryName": "Laser printers",
		"SupplierId": "100000017",
		"SupplierName": "Meliva",
		"WeightMeasure": "32",
		"WeightUnit": "kg"
	},
	{
		"AverageRating": "3.86",
		"Name": "Laser Basic",
		"Description": "Up to 22 ppm color or 24 ppm monochrome A4/letter, powerful 500 MHz processor and 128MB of memory",
		"StockQuantity": 147,
		"CurrencyCode": "USD",
		"DimensionDepth": "0.42",
		"DimensionHeight": "0.26",
		"DimensionUnit": "m",
		"DimensionWidth": "0.48",
		"HasReviewOfCurrentUser": false,
		"Id": "HT-1041",
		"ImageUrl": "model/images/HT-1041.jpg",
		"IsFavoriteOfCurrentUser": false,
		"LastModified": "/Date(1421960422000)/",
		"MainCategoryId": "Printers and Scanners",
		"MainCategoryName": "Printers and Scanners",
		"MeasureUnit": "each",
		"Price": "490.00",
		"QuantityUnit": "EA",
		"RatingCount": 14,
		"SubCategoryId": "Laser printers",
		"SubCategoryName": "Laser printers",
		"SupplierId": "100000018",
		"SupplierName": "Compostela",
		"WeightMeasure": "23",
		"WeightUnit": "kg"
	},
	{
		"AverageRating": "2.90",
		"Name": "Laser Allround",
		"Description": "Print up to 25 ppm letter and 24 ppm A4 color or monochrome, with a first-page-out-time of less than 13 seconds for monochrome and less than 15 seconds for color",
		"StockQuantity": 0,
		"CurrencyCode": "USD",
		"DimensionDepth": "0.5",
		"DimensionHeight": "0.65",
		"DimensionUnit": "m",
		"DimensionWidth": "0.53",
		"HasReviewOfCurrentUser": false,
		"Id": "HT-1042",
		"ImageUrl": "model/images/HT-1042.jpg",
		"IsFavoriteOfCurrentUser": false,
		"LastModified": "/Date(1421960422000)/",
		"MainCategoryId": "Printers and Scanners",
		"MainCategoryName": "Printers and Scanners",
		"MeasureUnit": "each",
		"Price": "349.00",
		"QuantityUnit": "EA",
		"RatingCount": 10,
		"SubCategoryId": "Laser printers",
		"SubCategoryName": "Laser printers",
		"SupplierId": "100000019",
		"SupplierName": "Pateu",
		"WeightMeasure": "17",
		"WeightUnit": "kg"
	},
	{
		"AverageRating": "2.33",
		"Name": "Ultra Jet Super Color",
		"Description": "4800 dpi x 1200 dpi - up to 35 ppm (mono) / up to 34 ppm (color) - capacity: 250 sheets - Hi-Speed USB, Ethernet",
		"StockQuantity": 0,
		"CurrencyCode": "USD",
		"DimensionDepth": "0.41",
		"DimensionHeight": "0.28",
		"DimensionUnit": "m",
		"DimensionWidth": "0.41",
		"HasReviewOfCurrentUser": false,
		"Id": "HT-1050",
		"ImageUrl": "model/images/HT-1050.jpg",
		"IsFavoriteOfCurrentUser": false,
		"LastModified": "/Date(1421960422000)/",
		"MainCategoryId": "Printers and Scanners",
		"MainCategoryName": "Printers and Scanners",
		"MeasureUnit": "each",
		"Price": "139.00",
		"QuantityUnit": "EA",
		"RatingCount": 15,
		"SubCategoryId": "Ink jet printers",
		"SubCategoryName": "Ink jet printers",
		"SupplierId": "100000020",
		"SupplierName": "Russian Electronic Trading Company",
		"WeightMeasure": "3",
		"WeightUnit": "kg"
	},
	{
		"AverageRating": "3.18",
		"Name": "Ultra Jet Mobile",
		"Description": "1000 dpi x 1000 dpi - up to 35 ppm (mono) / up to 34 ppm (color) - capacity: 250 sheets - Hi-Speed USB - excellent dimensions for the small office",
		"StockQuantity": 0,
		"CurrencyCode": "USD",
		"DimensionDepth": "0.32",
		"DimensionHeight": "0.25",
		"DimensionUnit": "m",
		"DimensionWidth": "0.46",
		"HasReviewOfCurrentUser": false,
		"Id": "HT-1051",
		"ImageUrl": "model/images/HT-1051.jpg",
		"IsFavoriteOfCurrentUser": false,
		"LastModified": "/Date(1421960422000)/",
		"MainCategoryId": "Printers and Scanners",
		"MainCategoryName": "Printers and Scanners",
		"MeasureUnit": "each",
		"Price": "99.00",
		"QuantityUnit": "EA",
		"RatingCount": 11,
		"SubCategoryId": "Ink jet printers",
		"SubCategoryName": "Ink jet printers",
		"SupplierId": "100000021",
		"SupplierName": "Florida Holiday Company",
		"WeightMeasure": "1.9",
		"WeightUnit": "kg"
	},
	{
		"AverageRating": "2.80",
		"Name": "Ultra Jet Super Highspeed",
		"Description": "4800 dpi x 1200 dpi - up to 35 ppm (mono) / up to 34 ppm (color) - capacity: 250 sheets - Hi-Speed USB2.0, Ethernet",
		"StockQuantity": 0,
		"CurrencyCode": "USD",
		"DimensionDepth": "0.41",
		"DimensionHeight": "0.28",
		"DimensionUnit": "m",
		"DimensionWidth": "0.41",
		"HasReviewOfCurrentUser": false,
		"Id": "HT-1052",
		"ImageUrl": "model/images/HT-1052.jpg",
		"IsFavoriteOfCurrentUser": false,
		"LastModified": "/Date(1421960422000)/",
		"MainCategoryId": "Printers and Scanners",
		"MainCategoryName": "Printers and Scanners",
		"MeasureUnit": "each",
		"Price": "170.00",
		"QuantityUnit": "EA",
		"RatingCount": 5,
		"SubCategoryId": "Ink jet printers",
		"SubCategoryName": "Ink jet printers",
		"SupplierId": "100000022",
		"SupplierName": "Quimica Madrilenos",
		"WeightMeasure": "18",
		"WeightUnit": "kg"
	},
	{
		"AverageRating": "3.13",
		"Name": "Multi Print",
		"Description": "1000 dpi x 1000 dpi - up to 16 ppm (mono) / up to 15 ppm (color)- capacity 80 sheets - scanner (216 x 297 mm, 1200dpi x 2400dpi)",
		"StockQuantity": 0,
		"CurrencyCode": "USD",
		"DimensionDepth": "0.45",
		"DimensionHeight": "0.29",
		"DimensionUnit": "m",
		"DimensionWidth": "0.55",
		"HasReviewOfCurrentUser": false,
		"Id": "HT-1055",
		"ImageUrl": "model/images/HT-1055.jpg",
		"IsFavoriteOfCurrentUser": false,
		"LastModified": "/Date(1421960422000)/",
		"MainCategoryId": "Printers and Scanners",
		"MainCategoryName": "Printers and Scanners",
		"MeasureUnit": "each",
		"Price": "99.00",
		"QuantityUnit": "EA",
		"RatingCount": 15,
		"SubCategoryId": "Multifunction printers",
		"SubCategoryName": "Multifunction printers",
		"SupplierId": "100000023",
		"SupplierName": "Getränkegroßhandel Janssen",
		"WeightMeasure": "6.3",
		"WeightUnit": "kg"
	},
	{
		"AverageRating": "3.50",
		"Name": "Multi Color",
		"Description": "1200 dpi x 1200 dpi - up to 25 ppm (mono) / up to 24 ppm (color)- capacity 80 sheets - scanner (216 x 297 mm, 2400dpi x 4800dpi, high resolution)",
		"StockQuantity": 0,
		"CurrencyCode": "USD",
		"DimensionDepth": "0.41",
		"DimensionHeight": "0.22",
		"DimensionUnit": "m",
		"DimensionWidth": "0.51",
		"HasReviewOfCurrentUser": false,
		"Id": "HT-1056",
		"ImageUrl": "model/images/HT-1056.jpg",
		"IsFavoriteOfCurrentUser": false,
		"LastModified": "/Date(1421960422000)/",
		"MainCategoryId": "Printers and Scanners",
		"MainCategoryName": "Printers and Scanners",
		"MeasureUnit": "each",
		"Price": "119.00",
		"QuantityUnit": "EA",
		"RatingCount": 2,
		"SubCategoryId": "Multifunction printers",
		"SubCategoryName": "Multifunction printers",
		"SupplierId": "100000024",
		"SupplierName": "JaTeCo",
		"WeightMeasure": "4.3",
		"WeightUnit": "kg"
	},
	{
		"AverageRating": "2.33",
		"Name": "Cordless Mouse",
		"Description": "Cordless Optical USB Mice, Laptop, Color: Black, Plug&Play",
		"StockQuantity": 0,
		"CurrencyCode": "USD",
		"DimensionDepth": "0.15",
		"DimensionHeight": "0.04",
		"DimensionUnit": "m",
		"DimensionWidth": "0.06",
		"HasReviewOfCurrentUser": false,
		"Id": "HT-1060",
		"ImageUrl": "model/images/HT-1060.jpg",
		"IsFavoriteOfCurrentUser": false,
		"LastModified": "/Date(1421960422000)/",
		"MainCategoryId": "Computer components",
		"MainCategoryName": "Computer components",
		"MeasureUnit": "each",
		"Price": "9.00",
		"QuantityUnit": "EA",
		"RatingCount": 6,
		"SubCategoryId": "Mice",
		"SubCategoryName": "Mice",
		"SupplierId": "100000025",
		"SupplierName": "Tessile Casa Di Roma",
		"WeightMeasure": "0.09",
		"WeightUnit": "kg"
	},
	{
		"AverageRating": "2.90",
		"Name": "Speed Mouse",
		"Description": "Optical USB, PS/2 Mouse, Color: Blue, 3-button-functionality (incl. Scroll wheel)",
		"StockQuantity": 0,
		"CurrencyCode": "USD",
		"DimensionDepth": "0.15",
		"DimensionHeight": "0.03",
		"DimensionUnit": "m",
		"DimensionWidth": "0.07",
		"HasReviewOfCurrentUser": false,
		"Id": "HT-1061",
		"ImageUrl": "model/images/HT-1061.jpg",
		"IsFavoriteOfCurrentUser": false,
		"LastModified": "/Date(1421960422000)/",
		"MainCategoryId": "Computer components",
		"MainCategoryName": "Computer components",
		"MeasureUnit": "each",
		"Price": "7.00",
		"QuantityUnit": "EA",
		"RatingCount": 10,
		"SubCategoryId": "Mice",
		"SubCategoryName": "Mice",
		"SupplierId": "100000026",
		"SupplierName": "Vente Et Réparation de Ordinateur",
		"WeightMeasure": "0.09",
		"WeightUnit": "kg"
	},
	{
		"AverageRating": "0.00",
		"Name": "Track Mouse",
		"Description": "Optical USB Mouse, Color: Red, 5-button-functionality(incl. Scroll wheel), Plug&Play",
		"StockQuantity": 0,
		"CurrencyCode": "USD",
		"DimensionDepth": "0.01",
		"DimensionHeight": "0.04",
		"DimensionUnit": "m",
		"DimensionWidth": "0",
		"HasReviewOfCurrentUser": false,
		"Id": "HT-1062",
		"ImageUrl": "model/images/HT-1062.jpg",
		"IsFavoriteOfCurrentUser": false,
		"LastModified": "/Date(1421960422000)/",
		"MainCategoryId": "Computer components",
		"MainCategoryName": "Computer components",
		"MeasureUnit": "each",
		"Price": "11.00",
		"QuantityUnit": "EA",
		"RatingCount": 0,
		"SubCategoryId": "Mice",
		"SubCategoryName": "Mice",
		"SupplierId": "100000027",
		"SupplierName": "Developement Para O Governo",
		"WeightMeasure": "0.03",
		"WeightUnit": "kg"
	},
	{
		"AverageRating": "3.18",
		"Name": "Ergonomic Keyboard",
		"Description": "Ergonomic USB Keyboard for Desktop, Plug&Play",
		"StockQuantity": 0,
		"CurrencyCode": "USD",
		"DimensionDepth": "0.21",
		"DimensionHeight": "0.04",
		"DimensionUnit": "m",
		"DimensionWidth": "0.5",
		"HasReviewOfCurrentUser": false,
		"Id": "HT-1063",
		"ImageUrl": "model/images/HT-1063.jpg",
		"IsFavoriteOfCurrentUser": false,
		"LastModified": "/Date(1421960422000)/",
		"MainCategoryId": "Computer components",
		"MainCategoryName": "Computer components",
		"MeasureUnit": "each",
		"Price": "14.00",
		"QuantityUnit": "EA",
		"RatingCount": 11,
		"SubCategoryId": "Keyboards",
		"SubCategoryName": "Keyboards",
		"SupplierId": "100000028",
		"SupplierName": "Brazil Technologies",
		"WeightMeasure": "2.1",
		"WeightUnit": "kg"
	},
	{
		"AverageRating": "2.64",
		"Name": "Internet Keyboard",
		"Description": "Corded Keyboard with special keys for Internet Usability, USB",
		"StockQuantity": 0,
		"CurrencyCode": "USD",
		"DimensionDepth": "0.25",
		"DimensionHeight": "0.03",
		"DimensionUnit": "m",
		"DimensionWidth": "0.52",
		"HasReviewOfCurrentUser": false,
		"Id": "HT-1064",
		"ImageUrl": "model/images/HT-1064.jpg",
		"IsFavoriteOfCurrentUser": false,
		"LastModified": "/Date(1421960422000)/",
		"MainCategoryId": "Computer components",
		"MainCategoryName": "Computer components",
		"MeasureUnit": "each",
		"Price": "16.00",
		"QuantityUnit": "EA",
		"RatingCount": 14,
		"SubCategoryId": "Keyboards",
		"SubCategoryName": "Keyboards",
		"SupplierId": "100000029",
		"SupplierName": "C.R.T.U.",
		"WeightMeasure": "1.8",
		"WeightUnit": "kg"
	},
	{
		"AverageRating": "3.09",
		"Name": "Media Keyboard",
		"Description": "Corded Ergonomic Keyboard with special keys for Media Usability, USB",
		"StockQuantity": 148,
		"CurrencyCode": "USD",
		"DimensionDepth": "0.23",
		"DimensionHeight": "0.04",
		"DimensionUnit": "m",
		"DimensionWidth": "0.51",
		"HasReviewOfCurrentUser": false,
		"Id": "HT-1065",
		"ImageUrl": "model/images/HT-1065.jpg",
		"IsFavoriteOfCurrentUser": false,
		"LastModified": "/Date(1421960422000)/",
		"MainCategoryId": "Computer components",
		"MainCategoryName": "Computer components",
		"MeasureUnit": "each",
		"Price": "26.00",
		"QuantityUnit": "EA",
		"RatingCount": 11,
		"SubCategoryId": "Keyboards",
		"SubCategoryName": "Keyboards",
		"SupplierId": "100000030",
		"SupplierName": "Jologa",
		"WeightMeasure": "2.3",
		"WeightUnit": "kg"
	},
	{
		"AverageRating": "3.75",
		"Name": "Mousepad",
		"Description": "Nice mouse pad with ITelO Logo",
		"StockQuantity": 147,
		"CurrencyCode": "USD",
		"DimensionDepth": "0.06",
		"DimensionHeight": "0",
		"DimensionUnit": "m",
		"DimensionWidth": "0.15",
		"HasReviewOfCurrentUser": false,
		"Id": "HT-1066",
		"ImageUrl": "model/images/HT-1066.jpg",
		"IsFavoriteOfCurrentUser": false,
		"LastModified": "/Date(1421960422000)/",
		"MainCategoryId": "Computer components",
		"MainCategoryName": "Computer components",
		"MeasureUnit": "each",
		"Price": "6.99",
		"QuantityUnit": "EA",
		"RatingCount": 4,
		"SubCategoryId": "Mousepads",
		"SubCategoryName": "Mousepads",
		"SupplierId": "100000031",
		"SupplierName": "Baleda",
		"WeightMeasure": "80",
		"WeightUnit": "g"
	},
	{
		"AverageRating": "1.00",
		"Name": "Ergo Mousepad",
		"Description": "Ergonomic mouse pad with ITelO Logo",
		"StockQuantity": 150,
		"CurrencyCode": "USD",
		"DimensionDepth": "0.06",
		"DimensionHeight": "0",
		"DimensionUnit": "m",
		"DimensionWidth": "0.15",
		"HasReviewOfCurrentUser": false,
		"Id": "HT-1067",
		"ImageUrl": "model/images/HT-1067.jpg",
		"IsFavoriteOfCurrentUser": false,
		"LastModified": "/Date(1421960422000)/",
		"MainCategoryId": "Computer components",
		"MainCategoryName": "Computer components",
		"MeasureUnit": "each",
		"Price": "8.99",
		"QuantityUnit": "EA",
		"RatingCount": 1,
		"SubCategoryId": "Mousepads",
		"SubCategoryName": "Mousepads",
		"SupplierId": "100000032",
		"SupplierName": "Angeré",
		"WeightMeasure": "80",
		"WeightUnit": "g"
	},
	{
		"AverageRating": "2.31",
		"Name": "Designer Mousepad",
		"Description": "ITelO Mousepad Special Edition",
		"StockQuantity": 134,
		"CurrencyCode": "USD",
		"DimensionDepth": "0.24",
		"DimensionHeight": "0.01",
		"DimensionUnit": "m",
		"DimensionWidth": "0.24",
		"HasReviewOfCurrentUser": false,
		"Id": "HT-1068",
		"ImageUrl": "model/images/HT-1068.jpg",
		"IsFavoriteOfCurrentUser": false,
		"LastModified": "/Date(1421960422000)/",
		"MainCategoryId": "Computer components",
		"MainCategoryName": "Computer components",
		"MeasureUnit": "each",
		"Price": "12.99",
		"QuantityUnit": "EA",
		"RatingCount": 13,
		"SubCategoryId": "Mousepads",
		"SubCategoryName": "Mousepads",
		"SupplierId": "100000033",
		"SupplierName": "PC Gym Tec",
		"WeightMeasure": "90",
		"WeightUnit": "g"
	},
	{
		"AverageRating": "3.33",
		"Name": "Universal card reader",
		"Description": "Universal card reader",
		"StockQuantity": 4,
		"CurrencyCode": "USD",
		"DimensionDepth": "0.01",
		"DimensionHeight": "0",
		"DimensionUnit": "m",
		"DimensionWidth": "0.01",
		"HasReviewOfCurrentUser": false,
		"Id": "HT-1069",
		"ImageUrl": "model/images/HT-1069.jpg",
		"IsFavoriteOfCurrentUser": false,
		"LastModified": "/Date(1421960422000)/",
		"MainCategoryId": "Computer systems",
		"MainCategoryName": "Computer systems",
		"MeasureUnit": "each",
		"Price": "14.00",
		"QuantityUnit": "EA",
		"RatingCount": 9,
		"SubCategoryId": "Computer system accessories",
		"SubCategoryName": "Computer system accessories",
		"SupplierId": "100000034",
		"SupplierName": "Japan Insurance Partner",
		"WeightMeasure": "45",
		"WeightUnit": "g"
	},
	{
		"AverageRating": "2.57",
		"Name": "Proctra X",
		"Description": "Proctra X: PCI-E GDDR5 3072MB",
		"StockQuantity": 4,
		"CurrencyCode": "USD",
		"DimensionDepth": "0.35",
		"DimensionHeight": "0.17",
		"DimensionUnit": "m",
		"DimensionWidth": "0.22",
		"HasReviewOfCurrentUser": false,
		"Id": "HT-1070",
		"ImageUrl": "model/images/HT-1070.jpg",
		"IsFavoriteOfCurrentUser": false,
		"LastModified": "/Date(1421960422000)/",
		"MainCategoryId": "Computer components",
		"MainCategoryName": "Computer components",
		"MeasureUnit": "each",
		"Price": "70.90",
		"QuantityUnit": "EA",
		"RatingCount": 14,
		"SubCategoryId": "Graphic cards",
		"SubCategoryName": "Graphic cards",
		"SupplierId": "100000035",
		"SupplierName": "Entertainment Argentinia",
		"WeightMeasure": "0.255",
		"WeightUnit": "kg"
	},
	{
		"AverageRating": "2.50",
		"Name": "Gladiator MX",
		"Description": "Gladiator XLN: PCI-E GDDR5 3072MB DVI Out, TV Out low-noise",
		"StockQuantity": 4,
		"CurrencyCode": "USD",
		"DimensionDepth": "0.35",
		"DimensionHeight": "0.17",
		"DimensionUnit": "m",
		"DimensionWidth": "0.22",
		"HasReviewOfCurrentUser": false,
		"Id": "HT-1071",
		"ImageUrl": "model/images/HT-1071.jpg",
		"IsFavoriteOfCurrentUser": false,
		"LastModified": "/Date(1421960422000)/",
		"MainCategoryId": "Computer components",
		"MainCategoryName": "Computer components",
		"MeasureUnit": "each",
		"Price": "81.70",
		"QuantityUnit": "EA",
		"RatingCount": 12,
		"SubCategoryId": "Graphic cards",
		"SubCategoryName": "Graphic cards",
		"SupplierId": "100000036",
		"SupplierName": "African Gold And Diamond Corporation",
		"WeightMeasure": "0.3",
		"WeightUnit": "kg"
	},
	{
		"AverageRating": "3.14",
		"Name": "Hurricane GX",
		"Description": "Hurricane GX: PCI-E 691 GFLOPS game-optimized",
		"StockQuantity": 4,
		"CurrencyCode": "USD",
		"DimensionDepth": "0.35",
		"DimensionHeight": "0.17",
		"DimensionUnit": "m",
		"DimensionWidth": "0.22",
		"HasReviewOfCurrentUser": false,
		"Id": "HT-1072",
		"ImageUrl": "model/images/HT-1072.jpg",
		"IsFavoriteOfCurrentUser": false,
		"LastModified": "/Date(1421960422000)/",
		"MainCategoryId": "Computer components",
		"MainCategoryName": "Computer components",
		"MeasureUnit": "each",
		"Price": "101.20",
		"QuantityUnit": "EA",
		"RatingCount": 7,
		"SubCategoryId": "Graphic cards",
		"SubCategoryName": "Graphic cards",
		"SupplierId": "100000037",
		"SupplierName": "PicoBit",
		"WeightMeasure": "0.4",
		"WeightUnit": "kg"
	},
	{
		"AverageRating": "3.33",
		"Name": "Hurricane GX/LN",
		"Description": "Hurricane GX/LN: PCI-E 691 GFLOPS game-optimized, low-noise.",
		"StockQuantity": 4,
		"CurrencyCode": "USD",
		"DimensionDepth": "0.35",
		"DimensionHeight": "0.17",
		"DimensionUnit": "m",
		"DimensionWidth": "0.22",
		"HasReviewOfCurrentUser": false,
		"Id": "HT-1073",
		"ImageUrl": "model/images/HT-1073.jpg",
		"IsFavoriteOfCurrentUser": false,
		"LastModified": "/Date(1421960422000)/",
		"MainCategoryId": "Computer components",
		"MainCategoryName": "Computer components",
		"MeasureUnit": "each",
		"Price": "139.99",
		"QuantityUnit": "EA",
		"RatingCount": 3,
		"SubCategoryId": "Graphic cards",
		"SubCategoryName": "Graphic cards",
		"SupplierId": "100000038",
		"SupplierName": "Bionic Research Lab",
		"WeightMeasure": "0.4",
		"WeightUnit": "kg"
	},
	{
		"AverageRating": "2.56",
		"Name": "Photo Scan",
		"Description": "Flatbed scanner - 9.600 × 9.600 dpi - 216 x 297 mm - Hi-Speed USB - Bluetooth",
		"StockQuantity": 4,
		"CurrencyCode": "USD",
		"DimensionDepth": "0.48",
		"DimensionHeight": "0.05",
		"DimensionUnit": "m",
		"DimensionWidth": "0.34",
		"HasReviewOfCurrentUser": false,
		"Id": "HT-1080",
		"ImageUrl": "model/images/HT-1080.jpg",
		"IsFavoriteOfCurrentUser": false,
		"LastModified": "/Date(1421960422000)/",
		"MainCategoryId": "Printers and Scanners",
		"MainCategoryName": "Printers and Scanners",
		"MeasureUnit": "each",
		"Price": "129.00",
		"QuantityUnit": "EA",
		"RatingCount": 9,
		"SubCategoryId": "Scanners",
		"SubCategoryName": "Scanners",
		"SupplierId": "100000039",
		"SupplierName": "Indian IT Trading Company",
		"WeightMeasure": "2.3",
		"WeightUnit": "kg"
	},
	{
		"AverageRating": "3.00",
		"Name": "Power Scan",
		"Description": "Flatbed scanner - 9.600 × 9.600 dpi - 216 x 297 mm - SCSI for backward compatibility",
		"StockQuantity": 4,
		"CurrencyCode": "USD",
		"DimensionDepth": "0.43",
		"DimensionHeight": "0.07",
		"DimensionUnit": "m",
		"DimensionWidth": "0.31",
		"HasReviewOfCurrentUser": false,
		"Id": "HT-1081",
		"ImageUrl": "model/images/HT-1081.jpg",
		"IsFavoriteOfCurrentUser": false,
		"LastModified": "/Date(1421960422000)/",
		"MainCategoryId": "Printers and Scanners",
		"MainCategoryName": "Printers and Scanners",
		"MeasureUnit": "each",
		"Price": "89.00",
		"QuantityUnit": "EA",
		"RatingCount": 2,
		"SubCategoryId": "Scanners",
		"SubCategoryName": "Scanners",
		"SupplierId": "100000040",
		"SupplierName": "Chemia A Technicznie Fabryka",
		"WeightMeasure": "2.4",
		"WeightUnit": "kg"
	},
	{
		"AverageRating": "3.67",
		"Name": "Jet Scan Professional",
		"Description": "Flatbed scanner - Letter - 2400 dpi x 2400 dpi - 216 x 297 mm - add-on module",
		"StockQuantity": 4,
		"CurrencyCode": "USD",
		"DimensionDepth": "0.41",
		"DimensionHeight": "0.12",
		"DimensionUnit": "m",
		"DimensionWidth": "0.33",
		"HasReviewOfCurrentUser": false,
		"Id": "HT-1082",
		"ImageUrl": "model/images/HT-1082.jpg",
		"IsFavoriteOfCurrentUser": false,
		"LastModified": "/Date(1421960422000)/",
		"MainCategoryId": "Printers and Scanners",
		"MainCategoryName": "Printers and Scanners",
		"MeasureUnit": "each",
		"Price": "169.00",
		"QuantityUnit": "EA",
		"RatingCount": 3,
		"SubCategoryId": "Scanners",
		"SubCategoryName": "Scanners",
		"SupplierId": "100000041",
		"SupplierName": "South American IT Company",
		"WeightMeasure": "3.2",
		"WeightUnit": "kg"
	},
	{
		"AverageRating": "3.40",
		"Name": "Jet Scan Professional",
		"Description": "Flatbed scanner - A4 - 2400 dpi x 2400 dpi - 216 x 297 mm - add-on module",
		"StockQuantity": 3,
		"CurrencyCode": "USD",
		"DimensionDepth": "0.4",
		"DimensionHeight": "0.1",
		"DimensionUnit": "m",
		"DimensionWidth": "0.35",
		"HasReviewOfCurrentUser": false,
		"Id": "HT-1083",
		"ImageUrl": "model/images/HT-1083.jpg",
		"IsFavoriteOfCurrentUser": false,
		"LastModified": "/Date(1421960422000)/",
		"MainCategoryId": "Printers and Scanners",
		"MainCategoryName": "Printers and Scanners",
		"MeasureUnit": "each",
		"Price": "189.00",
		"QuantityUnit": "EA",
		"RatingCount": 5,
		"SubCategoryId": "Scanners",
		"SubCategoryName": "Scanners",
		"SupplierId": "100000042",
		"SupplierName": "Siwusha",
		"WeightMeasure": "3.2",
		"WeightUnit": "kg"
	},
	{
		"AverageRating": "3.18",
		"Name": "Copymaster",
		"Description": "Copymaster",
		"StockQuantity": 4,
		"CurrencyCode": "USD",
		"DimensionDepth": "0.42",
		"DimensionHeight": "0.22",
		"DimensionUnit": "m",
		"DimensionWidth": "0.45",
		"HasReviewOfCurrentUser": false,
		"Id": "HT-1085",
		"ImageUrl": "model/images/HT-1085.jpg",
		"IsFavoriteOfCurrentUser": false,
		"LastModified": "/Date(1421960422000)/",
		"MainCategoryId": "Printers and Scanners",
		"MainCategoryName": "Printers and Scanners",
		"MeasureUnit": "each",
		"Price": "1499.00",
		"QuantityUnit": "EA",
		"RatingCount": 11,
		"SubCategoryId": "Multifunction printers",
		"SubCategoryName": "Multifunction printers",
		"SupplierId": "100000043",
		"SupplierName": "Danish Fish Trading Company",
		"WeightMeasure": "23.2",
		"WeightUnit": "kg"
	},
	{
		"AverageRating": "2.50",
		"Name": "Surround Sound",
		"Description": "PC multimedia speakers - 5 Watt (Total)",
		"StockQuantity": 4,
		"CurrencyCode": "USD",
		"DimensionDepth": "0.1",
		"DimensionHeight": "0.16",
		"DimensionUnit": "m",
		"DimensionWidth": "0.12",
		"HasReviewOfCurrentUser": false,
		"Id": "HT-1090",
		"ImageUrl": "model/images/HT-1090.jpg",
		"IsFavoriteOfCurrentUser": false,
		"LastModified": "/Date(1421960422000)/",
		"MainCategoryId": "Computer components",
		"MainCategoryName": "Computer components",
		"MeasureUnit": "each",
		"Price": "39.00",
		"QuantityUnit": "EA",
		"RatingCount": 8,
		"SubCategoryId": "Speakers",
		"SubCategoryName": "Speakers",
		"SupplierId": "100000044",
		"SupplierName": "Sorali",
		"WeightMeasure": "3",
		"WeightUnit": "kg"
	},
	{
		"AverageRating": "3.00",
		"Name": "Blaster Extreme",
		"Description": "PC multimedia speakers - 10 Watt (Total) - 2-way",
		"StockQuantity": 4,
		"CurrencyCode": "USD",
		"DimensionDepth": "0.11",
		"DimensionHeight": "0.18",
		"DimensionUnit": "m",
		"DimensionWidth": "0.13",
		"HasReviewOfCurrentUser": false,
		"Id": "HT-1091",
		"ImageUrl": "model/images/HT-1091.jpg",
		"IsFavoriteOfCurrentUser": false,
		"LastModified": "/Date(1421960422000)/",
		"MainCategoryId": "Computer components",
		"MainCategoryName": "Computer components",
		"MeasureUnit": "each",
		"Price": "26.00",
		"QuantityUnit": "EA",
		"RatingCount": 14,
		"SubCategoryId": "Speakers",
		"SubCategoryName": "Speakers",
		"SupplierId": "100000045",
		"SupplierName": "Consumer",
		"WeightMeasure": "1.4",
		"WeightUnit": "kg"
	},
	{
		"AverageRating": "3.57",
		"Name": "Sound Booster",
		"Description": "PC multimedia speakers - optimized for Blutooth/A2DP",
		"StockQuantity": 4,
		"CurrencyCode": "USD",
		"DimensionDepth": "0.1",
		"DimensionHeight": "0.18",
		"DimensionUnit": "m",
		"DimensionWidth": "0.12",
		"HasReviewOfCurrentUser": false,
		"Id": "HT-1092",
		"ImageUrl": "model/images/HT-1092.jpg",
		"IsFavoriteOfCurrentUser": false,
		"LastModified": "/Date(1421960422000)/",
		"MainCategoryId": "Computer components",
		"MainCategoryName": "Computer components",
		"MeasureUnit": "each",
		"Price": "45.00",
		"QuantityUnit": "EA",
		"RatingCount": 7,
		"SubCategoryId": "Speakers",
		"SubCategoryName": "Speakers",
		"SupplierId": "100000000",
		"SupplierName": "SAP",
		"WeightMeasure": "2.1",
		"WeightUnit": "kg"
	},
	{
		"AverageRating": "2.25",
		"Name": "Smart Office",
		"Description": "Complete package, 1 User, Office Applications (word processing, spreadsheet, presentations)",
		"StockQuantity": 4,
		"CurrencyCode": "USD",
		"DimensionDepth": "0.07",
		"DimensionHeight": "0.21",
		"DimensionUnit": "m",
		"DimensionWidth": "0.15",
		"HasReviewOfCurrentUser": false,
		"Id": "HT-1100",
		"ImageUrl": "model/images/HT-1100.jpg",
		"IsFavoriteOfCurrentUser": false,
		"LastModified": "/Date(1421960422000)/",
		"MainCategoryId": "Software",
		"MainCategoryName": "Software",
		"MeasureUnit": "each",
		"Price": "89.90",
		"QuantityUnit": "EA",
		"RatingCount": 4,
		"SubCategoryId": "Software",
		"SubCategoryName": "Software",
		"SupplierId": "100000001",
		"SupplierName": "Becker Berlin",
		"WeightMeasure": "1.2",
		"WeightUnit": "kg"
	},
	{
		"AverageRating": "2.27",
		"Name": "Smart Design",
		"Description": "Complete package, 1 User, Image editing, processing",
		"StockQuantity": 4,
		"CurrencyCode": "USD",
		"DimensionDepth": "0.07",
		"DimensionHeight": "0.24",
		"DimensionUnit": "m",
		"DimensionWidth": "0.14",
		"HasReviewOfCurrentUser": false,
		"Id": "HT-1101",
		"ImageUrl": "model/images/HT-1101.jpg",
		"IsFavoriteOfCurrentUser": false,
		"LastModified": "/Date(1421960422000)/",
		"MainCategoryId": "Software",
		"MainCategoryName": "Software",
		"MeasureUnit": "each",
		"Price": "79.90",
		"QuantityUnit": "EA",
		"RatingCount": 15,
		"SubCategoryId": "Software",
		"SubCategoryName": "Software",
		"SupplierId": "100000002",
		"SupplierName": "DelBont Industries",
		"WeightMeasure": "0.8",
		"WeightUnit": "kg"
	},
	{
		"AverageRating": "3.07",
		"Name": "Smart Network",
		"Description": "Complete package, 1 User, Network Software Utilities, Useful Applications and Documentation",
		"StockQuantity": 143,
		"CurrencyCode": "USD",
		"DimensionDepth": "0.06",
		"DimensionHeight": "0.27",
		"DimensionUnit": "m",
		"DimensionWidth": "0.16",
		"HasReviewOfCurrentUser": false,
		"Id": "HT-1102",
		"ImageUrl": "model/images/HT-1102.jpg",
		"IsFavoriteOfCurrentUser": false,
		"LastModified": "/Date(1421960422000)/",
		"MainCategoryId": "Software",
		"MainCategoryName": "Software",
		"MeasureUnit": "each",
		"Price": "69.00",
		"QuantityUnit": "EA",
		"RatingCount": 15,
		"SubCategoryId": "Software",
		"SubCategoryName": "Software",
		"SupplierId": "100000003",
		"SupplierName": "Talpa",
		"WeightMeasure": "0.8",
		"WeightUnit": "kg"
	},
	{
		"AverageRating": "2.86",
		"Name": "Smart Multimedia",
		"Description": "Complete package, 1 User, different Multimedia applications, playing music, watching DVDs, only with this Smart package",
		"StockQuantity": 145,
		"CurrencyCode": "USD",
		"DimensionDepth": "0.03",
		"DimensionHeight": "0.22",
		"DimensionUnit": "m",
		"DimensionWidth": "0.11",
		"HasReviewOfCurrentUser": false,
		"Id": "HT-1103",
		"ImageUrl": "model/images/HT-1103.jpg",
		"IsFavoriteOfCurrentUser": false,
		"LastModified": "/Date(1421960422000)/",
		"MainCategoryId": "Software",
		"MainCategoryName": "Software",
		"MeasureUnit": "each",
		"Price": "77.00",
		"QuantityUnit": "EA",
		"RatingCount": 14,
		"SubCategoryId": "Software",
		"SubCategoryName": "Software",
		"SupplierId": "100000004",
		"SupplierName": "Panorama Studios",
		"WeightMeasure": "0.8",
		"WeightUnit": "kg"
	},
	{
		"AverageRating": "0.00",
		"Name": "Smart Games",
		"Description": "Complete package, 1 User, various games for amusement, logic, action, jump&run",
		"StockQuantity": 146,
		"CurrencyCode": "USD",
		"DimensionDepth": "0.03",
		"DimensionHeight": "0.3",
		"DimensionUnit": "m",
		"DimensionWidth": "0.1",
		"HasReviewOfCurrentUser": false,
		"Id": "HT-1104",
		"ImageUrl": "model/images/HT-1104.jpg",
		"IsFavoriteOfCurrentUser": false,
		"LastModified": "/Date(1421960422000)/",
		"MainCategoryId": "Software",
		"MainCategoryName": "Software",
		"MeasureUnit": "each",
		"Price": "55.00",
		"QuantityUnit": "EA",
		"RatingCount": 0,
		"SubCategoryId": "Software",
		"SubCategoryName": "Software",
		"SupplierId": "100000005",
		"SupplierName": "TECUM",
		"WeightMeasure": "1.1",
		"WeightUnit": "kg"
	},
	{
		"AverageRating": "3.07",
		"Name": "Smart Internet Antivirus",
		"Description": "Complete package, 1 User, highly recommended for internet users as anti-virus protection",
		"StockQuantity": 149,
		"CurrencyCode": "USD",
		"DimensionDepth": "0.04",
		"DimensionHeight": "0.21",
		"DimensionUnit": "m",
		"DimensionWidth": "0.16",
		"HasReviewOfCurrentUser": false,
		"Id": "HT-1105",
		"ImageUrl": "model/images/HT-1105.jpg",
		"IsFavoriteOfCurrentUser": false,
		"LastModified": "/Date(1421960422000)/",
		"MainCategoryId": "Software",
		"MainCategoryName": "Software",
		"MeasureUnit": "each",
		"Price": "29.00",
		"QuantityUnit": "EA",
		"RatingCount": 14,
		"SubCategoryId": "Software",
		"SubCategoryName": "Software",
		"SupplierId": "100000006",
		"SupplierName": "Asia High tech",
		"WeightMeasure": "0.7",
		"WeightUnit": "kg"
	},
	{
		"AverageRating": "3.07",
		"Name": "Smart Firewall",
		"Description": "Complete package, 1 User, recommended for internet users, protect your PC against cyber-crime",
		"StockQuantity": 150,
		"CurrencyCode": "USD",
		"DimensionDepth": "0.04",
		"DimensionHeight": "0.23",
		"DimensionUnit": "m",
		"DimensionWidth": "0.18",
		"HasReviewOfCurrentUser": false,
		"Id": "HT-1106",
		"ImageUrl": "model/images/HT-1106.jpg",
		"IsFavoriteOfCurrentUser": false,
		"LastModified": "/Date(1421960422000)/",
		"MainCategoryId": "Software",
		"MainCategoryName": "Software",
		"MeasureUnit": "each",
		"Price": "34.00",
		"QuantityUnit": "EA",
		"RatingCount": 14,
		"SubCategoryId": "Software",
		"SubCategoryName": "Software",
		"SupplierId": "100000007",
		"SupplierName": "Laurent",
		"WeightMeasure": "0.9",
		"WeightUnit": "kg"
	},
	{
		"AverageRating": "2.86",
		"Name": "Smart Money",
		"Description": "Complete package, 1 User, bring your money in your mind, see what you have and what you want",
		"StockQuantity": 150,
		"CurrencyCode": "USD",
		"DimensionDepth": "0.02",
		"DimensionHeight": "0.19",
		"DimensionUnit": "m",
		"DimensionWidth": "0.12",
		"HasReviewOfCurrentUser": false,
		"Id": "HT-1107",
		"ImageUrl": "model/images/HT-1107.jpg",
		"IsFavoriteOfCurrentUser": false,
		"LastModified": "/Date(1421960422000)/",
		"MainCategoryId": "Software",
		"MainCategoryName": "Software",
		"MeasureUnit": "each",
		"Price": "29.90",
		"QuantityUnit": "EA",
		"RatingCount": 7,
		"SubCategoryId": "Software",
		"SubCategoryName": "Software",
		"SupplierId": "100000008",
		"SupplierName": "AVANTEL",
		"WeightMeasure": "0.5",
		"WeightUnit": "kg"
	},
	{
		"AverageRating": "3.75",
		"Name": "PC Lock",
		"Description": "Robust 3m anti-burglary protection for your laptop computer",
		"StockQuantity": 150,
		"CurrencyCode": "USD",
		"DimensionDepth": "0.08",
		"DimensionHeight": "0.04",
		"DimensionUnit": "m",
		"DimensionWidth": "0.2",
		"HasReviewOfCurrentUser": false,
		"Id": "HT-1110",
		"ImageUrl": "model/images/HT-1110.jpg",
		"IsFavoriteOfCurrentUser": false,
		"LastModified": "/Date(1421960422000)/",
		"MainCategoryId": "Computer systems",
		"MainCategoryName": "Computer systems",
		"MeasureUnit": "each",
		"Price": "8.90",
		"QuantityUnit": "EA",
		"RatingCount": 12,
		"SubCategoryId": "Computer system accessories",
		"SubCategoryName": "Computer system accessories",
		"SupplierId": "100000009",
		"SupplierName": "Telecomunicaciones Star",
		"WeightMeasure": "0.03",
		"WeightUnit": "kg"
	},
	{
		"AverageRating": "2.63",
		"Name": "Notebook Lock",
		"Description": "Robust 1m anti-burglary protection for your desktop computer",
		"StockQuantity": 145,
		"CurrencyCode": "USD",
		"DimensionDepth": "0.09",
		"DimensionHeight": "0.07",
		"DimensionUnit": "m",
		"DimensionWidth": "0.31",
		"HasReviewOfCurrentUser": false,
		"Id": "HT-1111",
		"ImageUrl": "model/images/HT-1111.jpg",
		"IsFavoriteOfCurrentUser": false,
		"LastModified": "/Date(1421960422000)/",
		"MainCategoryId": "Computer systems",
		"MainCategoryName": "Computer systems",
		"MeasureUnit": "each",
		"Price": "6.90",
		"QuantityUnit": "EA",
		"RatingCount": 8,
		"SubCategoryId": "Computer system accessories",
		"SubCategoryName": "Computer system accessories",
		"SupplierId": "100000010",
		"SupplierName": "Pear Computing Services",
		"WeightMeasure": "0.02",
		"WeightUnit": "kg"
	},
	{
		"AverageRating": "2.90",
		"Name": "Web cam reality",
		"Description": "Color webcam, color, High-Speed USB",
		"StockQuantity": 148,
		"CurrencyCode": "USD",
		"DimensionDepth": "0.08",
		"DimensionHeight": "0.01",
		"DimensionUnit": "m",
		"DimensionWidth": "0.09",
		"HasReviewOfCurrentUser": false,
		"Id": "HT-1112",
		"ImageUrl": "model/images/HT-1112.jpg",
		"IsFavoriteOfCurrentUser": false,
		"LastModified": "/Date(1421960422000)/",
		"MainCategoryId": "Computer systems",
		"MainCategoryName": "Computer systems",
		"MeasureUnit": "each",
		"Price": "39.00",
		"QuantityUnit": "EA",
		"RatingCount": 10,
		"SubCategoryId": "Computer system accessories",
		"SubCategoryName": "Computer system accessories",
		"SupplierId": "100000011",
		"SupplierName": "Alpine Systems",
		"WeightMeasure": "0.075",
		"WeightUnit": "kg"
	},
	{
		"AverageRating": "2.50",
		"Name": "Screen clean",
		"Description": "10 separately packed screen wipes",
		"StockQuantity": 144,
		"CurrencyCode": "USD",
		"DimensionDepth": "0.02",
		"DimensionHeight": "0",
		"DimensionUnit": "m",
		"DimensionWidth": "0.02",
		"HasReviewOfCurrentUser": false,
		"Id": "HT-1113",
		"ImageUrl": "model/images/HT-1113.jpg",
		"IsFavoriteOfCurrentUser": false,
		"LastModified": "/Date(1421960422000)/",
		"MainCategoryId": "Computer systems",
		"MainCategoryName": "Computer systems",
		"MeasureUnit": "each",
		"Price": "2.30",
		"QuantityUnit": "EA",
		"RatingCount": 2,
		"SubCategoryId": "Computer system accessories",
		"SubCategoryName": "Computer system accessories",
		"SupplierId": "100000012",
		"SupplierName": "New Line Design",
		"WeightMeasure": "0.05",
		"WeightUnit": "kg"
	},
	{
		"AverageRating": "3.25",
		"Name": "Fabric bag professional",
		"Description": "Notebook bag, plenty of room for stationery and writing materials",
		"StockQuantity": 140,
		"CurrencyCode": "USD",
		"DimensionDepth": "0.32",
		"DimensionHeight": "0.07",
		"DimensionUnit": "m",
		"DimensionWidth": "0.42",
		"HasReviewOfCurrentUser": false,
		"Id": "HT-1114",
		"ImageUrl": "model/images/HT-1114.jpg",
		"IsFavoriteOfCurrentUser": false,
		"LastModified": "/Date(1421960422000)/",
		"MainCategoryId": "Computer systems",
		"MainCategoryName": "Computer systems",
		"MeasureUnit": "each",
		"Price": "31.00",
		"QuantityUnit": "EA",
		"RatingCount": 8,
		"SubCategoryId": "Computer system accessories",
		"SubCategoryName": "Computer system accessories",
		"SupplierId": "100000013",
		"SupplierName": "HEPA Tec",
		"WeightMeasure": "1.8",
		"WeightUnit": "kg"
	},
	{
		"AverageRating": "3.22",
		"Name": "Wireless DSL Router",
		"Description": "Wireless DSL Router (available in blue, black and silver)",
		"StockQuantity": 141,
		"CurrencyCode": "USD",
		"DimensionDepth": "0.18",
		"DimensionHeight": "0.05",
		"DimensionUnit": "m",
		"DimensionWidth": "0.19",
		"HasReviewOfCurrentUser": false,
		"Id": "HT-1115",
		"ImageUrl": "model/images/HT-1115.jpg",
		"IsFavoriteOfCurrentUser": false,
		"LastModified": "/Date(1421960422000)/",
		"MainCategoryId": "Computer components",
		"MainCategoryName": "Computer components",
		"MeasureUnit": "each",
		"Price": "49.00",
		"QuantityUnit": "EA",
		"RatingCount": 9,
		"SubCategoryId": "Telecommunication",
		"SubCategoryName": "Telecommunication",
		"SupplierId": "100000014",
		"SupplierName": "Anav Ideon",
		"WeightMeasure": "0.45",
		"WeightUnit": "kg"
	},
	{
		"AverageRating": "2.87",
		"Name": "Wireless DSL Router / Repeater",
		"Description": "Wireless DSL Router / Repeater (available in blue, black and silver)",
		"StockQuantity": 143,
		"CurrencyCode": "USD",
		"DimensionDepth": "0.18",
		"DimensionHeight": "0.05",
		"DimensionUnit": "m",
		"DimensionWidth": "0.19",
		"HasReviewOfCurrentUser": false,
		"Id": "HT-1116",
		"ImageUrl": "model/images/HT-1116.jpg",
		"IsFavoriteOfCurrentUser": false,
		"LastModified": "/Date(1421960422000)/",
		"MainCategoryId": "Computer components",
		"MainCategoryName": "Computer components",
		"MeasureUnit": "each",
		"Price": "59.00",
		"QuantityUnit": "EA",
		"RatingCount": 15,
		"SubCategoryId": "Telecommunication",
		"SubCategoryName": "Telecommunication",
		"SupplierId": "100000015",
		"SupplierName": "Robert Brown Entertainment",
		"WeightMeasure": "0.45",
		"WeightUnit": "kg"
	},
	{
		"AverageRating": "2.46",
		"Name": "Wireless DSL Router / Repeater and Print Server",
		"Description": "Wireless DSL Router / Repeater and Print Server (available in blue, black and silver)",
		"StockQuantity": 149,
		"CurrencyCode": "USD",
		"DimensionDepth": "0.18",
		"DimensionHeight": "0.05",
		"DimensionUnit": "m",
		"DimensionWidth": "0.19",
		"HasReviewOfCurrentUser": false,
		"Id": "HT-1117",
		"ImageUrl": "model/images/HT-1117.jpg",
		"IsFavoriteOfCurrentUser": false,
		"LastModified": "/Date(1421960422000)/",
		"MainCategoryId": "Computer components",
		"MainCategoryName": "Computer components",
		"MeasureUnit": "each",
		"Price": "69.00",
		"QuantityUnit": "EA",
		"RatingCount": 13,
		"SubCategoryId": "Telecommunication",
		"SubCategoryName": "Telecommunication",
		"SupplierId": "100000016",
		"SupplierName": "Mexican Oil Trading Company",
		"WeightMeasure": "0.45",
		"WeightUnit": "kg"
	},
	{
		"AverageRating": "2.00",
		"Name": "USB Stick",
		"Description": "USB 2.0 High-Speed 64 GB",
		"StockQuantity": 144,
		"CurrencyCode": "USD",
		"DimensionDepth": "0.09",
		"DimensionHeight": "0.01",
		"DimensionUnit": "m",
		"DimensionWidth": "0.02",
		"HasReviewOfCurrentUser": false,
		"Id": "HT-1118",
		"ImageUrl": "model/images/HT-1118.jpg",
		"IsFavoriteOfCurrentUser": false,
		"LastModified": "/Date(1421960422000)/",
		"MainCategoryId": "Computer systems",
		"MainCategoryName": "Computer systems",
		"MeasureUnit": "each",
		"Price": "35.00",
		"QuantityUnit": "EA",
		"RatingCount": 1,
		"SubCategoryId": "Computer system accessories",
		"SubCategoryName": "Computer system accessories",
		"SupplierId": "100000017",
		"SupplierName": "Meliva",
		"WeightMeasure": "0.015",
		"WeightUnit": "kg"
	},
	{
		"AverageRating": "3.60",
		"Name": "Cordless Bluetooth Keyboard, english international",
		"Description": "Cordless Bluetooth Keyboard with English keys",
		"StockQuantity": 131,
		"CurrencyCode": "USD",
		"DimensionDepth": "0.23",
		"DimensionHeight": "0.04",
		"DimensionUnit": "m",
		"DimensionWidth": "0.51",
		"HasReviewOfCurrentUser": false,
		"Id": "HT-1120",
		"ImageUrl": "model/images/HT-1120.jpg",
		"IsFavoriteOfCurrentUser": false,
		"LastModified": "/Date(1421960422000)/",
		"MainCategoryId": "Computer components",
		"MainCategoryName": "Computer components",
		"MeasureUnit": "each",
		"Price": "29.00",
		"QuantityUnit": "EA",
		"RatingCount": 5,
		"SubCategoryId": "Keyboards",
		"SubCategoryName": "Keyboards",
		"SupplierId": "100000018",
		"SupplierName": "Compostela",
		"WeightMeasure": "1",
		"WeightUnit": "kg"
	},
	{
		"AverageRating": "2.80",
		"Name": "Flat XXL",
		"Description": "Optimum Hi-Resolution max. 2048 × 1536 @ 85Hz, Dot Pitch: 0.24mm",
		"StockQuantity": 141,
		"CurrencyCode": "USD",
		"DimensionDepth": "0.22",
		"DimensionHeight": "0.38",
		"DimensionUnit": "m",
		"DimensionWidth": "0.54",
		"HasReviewOfCurrentUser": false,
		"Id": "HT-1137",
		"ImageUrl": "model/images/HT-1137.jpg",
		"IsFavoriteOfCurrentUser": false,
		"LastModified": "/Date(1421960422000)/",
		"MainCategoryId": "Computer components",
		"MainCategoryName": "Computer components",
		"MeasureUnit": "each",
		"Price": "1430.00",
		"QuantityUnit": "EA",
		"RatingCount": 15,
		"SubCategoryId": "Flat screens",
		"SubCategoryName": "Flat screens",
		"SupplierId": "100000019",
		"SupplierName": "Pateu",
		"WeightMeasure": "18",
		"WeightUnit": "kg"
	},
	{
		"AverageRating": "3.67",
		"Name": "Pocket Mouse",
		"Description": "Portable pocket Mouse with retracting cord",
		"StockQuantity": 141,
		"CurrencyCode": "USD",
		"DimensionDepth": "0.01",
		"DimensionHeight": "0.01",
		"DimensionUnit": "m",
		"DimensionWidth": "0",
		"HasReviewOfCurrentUser": false,
		"Id": "HT-1138",
		"ImageUrl": "model/images/HT-1138.jpg",
		"IsFavoriteOfCurrentUser": false,
		"LastModified": "/Date(1421960422000)/",
		"MainCategoryId": "Computer components",
		"MainCategoryName": "Computer components",
		"MeasureUnit": "each",
		"Price": "23.00",
		"QuantityUnit": "EA",
		"RatingCount": 6,
		"SubCategoryId": "Mice",
		"SubCategoryName": "Mice",
		"SupplierId": "100000020",
		"SupplierName": "Russian Electronic Trading Company",
		"WeightMeasure": "0.02",
		"WeightUnit": "kg"
	},
	{
		"AverageRating": "0.00",
		"Name": "PC Power Station",
		"Description": "PC Power Station with 3,4 Ghz quad-core, 32 GB DDR3 SDRAM, feels like a PC, Windows 8 Pro",
		"StockQuantity": 133,
		"CurrencyCode": "USD",
		"DimensionDepth": "0.31",
		"DimensionHeight": "0.43",
		"DimensionUnit": "m",
		"DimensionWidth": "0.28",
		"HasReviewOfCurrentUser": false,
		"Id": "HT-1210",
		"ImageUrl": "model/images/HT-1210.jpg",
		"IsFavoriteOfCurrentUser": false,
		"LastModified": "/Date(1421960422000)/",
		"MainCategoryId": "Computer systems",
		"MainCategoryName": "Computer systems",
		"MeasureUnit": "each",
		"Price": "2399.00",
		"QuantityUnit": "EA",
		"RatingCount": 0,
		"SubCategoryId": "PCs",
		"SubCategoryName": "PCs",
		"SupplierId": "100000021",
		"SupplierName": "Florida Holiday Company",
		"WeightMeasure": "2.3",
		"WeightUnit": "kg"
	},
	{
		"AverageRating": "2.78",
		"Name": "Server Basic",
		"Description": "Dual socket, quad-core processing server with 1333 MHz Front Side Bus with 10Gb connectivity",
		"StockQuantity": 140,
		"CurrencyCode": "USD",
		"DimensionDepth": "0.35",
		"DimensionHeight": "0.23",
		"DimensionUnit": "m",
		"DimensionWidth": "0.34",
		"HasReviewOfCurrentUser": false,
		"Id": "HT-1500",
		"ImageUrl": "model/images/HT-1500.jpg",
		"IsFavoriteOfCurrentUser": false,
		"LastModified": "/Date(1421960422000)/",
		"MainCategoryId": "Computer systems",
		"MainCategoryName": "Computer systems",
		"MeasureUnit": "each",
		"Price": "5000.00",
		"QuantityUnit": "EA",
		"RatingCount": 9,
		"SubCategoryId": "Servers",
		"SubCategoryName": "Servers",
		"SupplierId": "100000022",
		"SupplierName": "Quimica Madrilenos",
		"WeightMeasure": "18",
		"WeightUnit": "kg"
	},
	{
		"AverageRating": "4.00",
		"Name": "Server Professional",
		"Description": "Dual socket, quad-core processing server with 1644 MHz Front Side Bus with 10Gb connectivity",
		"StockQuantity": 139,
		"CurrencyCode": "USD",
		"DimensionDepth": "0.3",
		"DimensionHeight": "0.27",
		"DimensionUnit": "m",
		"DimensionWidth": "0.29",
		"HasReviewOfCurrentUser": false,
		"Id": "HT-1501",
		"ImageUrl": "model/images/HT-1501.jpg",
		"IsFavoriteOfCurrentUser": false,
		"LastModified": "/Date(1421960422000)/",
		"MainCategoryId": "Computer systems",
		"MainCategoryName": "Computer systems",
		"MeasureUnit": "each",
		"Price": "15000.00",
		"QuantityUnit": "EA",
		"RatingCount": 2,
		"SubCategoryId": "Servers",
		"SubCategoryName": "Servers",
		"SupplierId": "100000023",
		"SupplierName": "Getränkegroßhandel Janssen",
		"WeightMeasure": "25",
		"WeightUnit": "kg"
	},
	{
		"AverageRating": "2.60",
		"Name": "Server Power Pro",
		"Description": "Dual socket, quad-core processing server with 1644 MHz Front Side Bus with 100Gb connectivity",
		"StockQuantity": 145,
		"CurrencyCode": "USD",
		"DimensionDepth": "0.27",
		"DimensionHeight": "0.37",
		"DimensionUnit": "m",
		"DimensionWidth": "0.22",
		"HasReviewOfCurrentUser": false,
		"Id": "HT-1502",
		"ImageUrl": "model/images/HT-1502.jpg",
		"IsFavoriteOfCurrentUser": false,
		"LastModified": "/Date(1421960422000)/",
		"MainCategoryId": "Computer systems",
		"MainCategoryName": "Computer systems",
		"MeasureUnit": "each",
		"Price": "25000.00",
		"QuantityUnit": "EA",
		"RatingCount": 5,
		"SubCategoryId": "Servers",
		"SubCategoryName": "Servers",
		"SupplierId": "100000024",
		"SupplierName": "JaTeCo",
		"WeightMeasure": "35",
		"WeightUnit": "kg"
	},
	{
		"AverageRating": "3.92",
		"Name": "Flat Watch HD32",
		"Description": "32-inch, 1366x768 Pixel, 16:9, HDTV ready",
		"StockQuantity": 139,
		"CurrencyCode": "USD",
		"DimensionDepth": "0.22",
		"DimensionHeight": "0.55",
		"DimensionUnit": "m",
		"DimensionWidth": "0.78",
		"HasReviewOfCurrentUser": false,
		"Id": "HT-6130",
		"ImageUrl": "model/images/HT-6130.jpg",
		"IsFavoriteOfCurrentUser": false,
		"LastModified": "/Date(1421960422000)/",
		"MainCategoryId": "TV/Video/HiFi",
		"MainCategoryName": "TV/Video/HiFi",
		"MeasureUnit": "each",
		"Price": "1459.00",
		"QuantityUnit": "EA",
		"RatingCount": 12,
		"SubCategoryId": "TV flat screens",
		"SubCategoryName": "TV flat screens",
		"SupplierId": "100000025",
		"SupplierName": "Tessile Casa Di Roma",
		"WeightMeasure": "2.6",
		"WeightUnit": "kg"
	},
	{
		"AverageRating": "0.00",
		"Name": "Flat Watch HD37",
		"Description": "37-inch, 1366x768 Pixel, 16:9, HDTV ready",
		"StockQuantity": 149,
		"CurrencyCode": "USD",
		"DimensionDepth": "0.26",
		"DimensionHeight": "0.61",
		"DimensionUnit": "m",
		"DimensionWidth": "0.99",
		"HasReviewOfCurrentUser": false,
		"Id": "HT-6131",
		"ImageUrl": "model/images/HT-6131.jpg",
		"IsFavoriteOfCurrentUser": false,
		"LastModified": "/Date(1421960422000)/",
		"MainCategoryId": "TV/Video/HiFi",
		"MainCategoryName": "TV/Video/HiFi",
		"MeasureUnit": "each",
		"Price": "1199.00",
		"QuantityUnit": "EA",
		"RatingCount": 0,
		"SubCategoryId": "TV flat screens",
		"SubCategoryName": "TV flat screens",
		"SupplierId": "100000026",
		"SupplierName": "Vente Et Réparation de Ordinateur",
		"WeightMeasure": "2.2",
		"WeightUnit": "kg"
	},
	{
		"AverageRating": "2.46",
		"Name": "Flat Watch HD41",
		"Description": "41-inch, 1366x768 Pixel, 16:9, HDTV ready",
		"StockQuantity": 149,
		"CurrencyCode": "USD",
		"DimensionDepth": "0.23",
		"DimensionHeight": "0.79",
		"DimensionUnit": "m",
		"DimensionWidth": "1.28",
		"HasReviewOfCurrentUser": false,
		"Id": "HT-6132",
		"ImageUrl": "model/images/HT-6132.jpg",
		"IsFavoriteOfCurrentUser": false,
		"LastModified": "/Date(1421960422000)/",
		"MainCategoryId": "TV/Video/HiFi",
		"MainCategoryName": "TV/Video/HiFi",
		"MeasureUnit": "each",
		"Price": "899.00",
		"QuantityUnit": "EA",
		"RatingCount": 13,
		"SubCategoryId": "TV flat screens",
		"SubCategoryName": "TV flat screens",
		"SupplierId": "100000027",
		"SupplierName": "Developement Para O Governo",
		"WeightMeasure": "1.8",
		"WeightUnit": "kg"
	},
	{
		"AverageRating": "3.09",
		"Name": "Platinberry",
		"Description": "Our new multifunctional Handheld with phone function in platinum",
		"StockQuantity": 138,
		"CurrencyCode": "USD",
		"DimensionDepth": "0.13",
		"DimensionHeight": "0.12",
		"DimensionUnit": "m",
		"DimensionWidth": "0.08",
		"HasReviewOfCurrentUser": false,
		"Id": "HT-7030",
		"ImageUrl": "model/images/HT-7030.jpg",
		"IsFavoriteOfCurrentUser": false,
		"LastModified": "/Date(1421960422000)/",
		"MainCategoryId": "Computer components",
		"MainCategoryName": "Computer components",
		"MeasureUnit": "each",
		"Price": "549.00",
		"QuantityUnit": "EA",
		"RatingCount": 11,
		"SubCategoryId": "PDAs/Organizers",
		"SubCategoryName": "PDAs/Organizers",
		"SupplierId": "100000028",
		"SupplierName": "Brazil Technologies",
		"WeightMeasure": "0.5",
		"WeightUnit": "kg"
	},
	{
		"AverageRating": "3.00",
		"Name": "Goldberry",
		"Description": "Our new multifunctional Handheld with phone function in gold",
		"StockQuantity": 147,
		"CurrencyCode": "USD",
		"DimensionDepth": "0.13",
		"DimensionHeight": "0.12",
		"DimensionUnit": "m",
		"DimensionWidth": "0.08",
		"HasReviewOfCurrentUser": false,
		"Id": "HT-7020",
		"ImageUrl": "model/images/HT-7020.jpg",
		"IsFavoriteOfCurrentUser": false,
		"LastModified": "/Date(1421960422000)/",
		"MainCategoryId": "Computer components",
		"MainCategoryName": "Computer components",
		"MeasureUnit": "each",
		"Price": "549.00",
		"QuantityUnit": "EA",
		"RatingCount": 8,
		"SubCategoryId": "PDAs/Organizers",
		"SubCategoryName": "PDAs/Organizers",
		"SupplierId": "100000029",
		"SupplierName": "C.R.T.U.",
		"WeightMeasure": "0.5",
		"WeightUnit": "kg"
	},
	{
		"AverageRating": "3.22",
		"Name": "Silverberry",
		"Description": "Our new multifunctional Handheld with phone function in silver",
		"StockQuantity": 145,
		"CurrencyCode": "USD",
		"DimensionDepth": "0.13",
		"DimensionHeight": "0.12",
		"DimensionUnit": "m",
		"DimensionWidth": "0.08",
		"HasReviewOfCurrentUser": false,
		"Id": "HT-7010",
		"ImageUrl": "model/images/HT-7010.jpg",
		"IsFavoriteOfCurrentUser": false,
		"LastModified": "/Date(1421960422000)/",
		"MainCategoryId": "Computer components",
		"MainCategoryName": "Computer components",
		"MeasureUnit": "each",
		"Price": "549.00",
		"QuantityUnit": "EA",
		"RatingCount": 9,
		"SubCategoryId": "PDAs/Organizers",
		"SubCategoryName": "PDAs/Organizers",
		"SupplierId": "100000030",
		"SupplierName": "Jologa",
		"WeightMeasure": "0.5",
		"WeightUnit": "kg"
	},
	{
		"AverageRating": "0.00",
		"Name": "Copperberry",
		"Description": "Our new multifunctional Handheld with phone function in copper",
		"StockQuantity": 140,
		"CurrencyCode": "USD",
		"DimensionDepth": "0.13",
		"DimensionHeight": "0.12",
		"DimensionUnit": "m",
		"DimensionWidth": "0.08",
		"HasReviewOfCurrentUser": false,
		"Id": "HT-7000",
		"ImageUrl": "model/images/HT-7000.jpg",
		"IsFavoriteOfCurrentUser": false,
		"LastModified": "/Date(1421960422000)/",
		"MainCategoryId": "Computer components",
		"MainCategoryName": "Computer components",
		"MeasureUnit": "each",
		"Price": "549.00",
		"QuantityUnit": "EA",
		"RatingCount": 0,
		"SubCategoryId": "PDAs/Organizers",
		"SubCategoryName": "PDAs/Organizers",
		"SupplierId": "100000031",
		"SupplierName": "Baleda",
		"WeightMeasure": "0.5",
		"WeightUnit": "kg"
	},
	{
		"AverageRating": "2.88",
		"Name": "Lovely Sound 5.1 Wireless",
		"Description": "5.1 Headset, 40 Hz-20 kHz, Wireless",
		"StockQuantity": 148,
		"CurrencyCode": "USD",
		"DimensionDepth": "0.02",
		"DimensionHeight": "0.23",
		"DimensionUnit": "m",
		"DimensionWidth": "0.24",
		"HasReviewOfCurrentUser": false,
		"Id": "HT-1095",
		"ImageUrl": "model/images/HT-1095.jpg",
		"IsFavoriteOfCurrentUser": false,
		"LastModified": "/Date(1421960422000)/",
		"MainCategoryId": "Computer components",
		"MainCategoryName": "Computer components",
		"MeasureUnit": "each",
		"Price": "49.00",
		"QuantityUnit": "EA",
		"RatingCount": 8,
		"SubCategoryId": "Headsets",
		"SubCategoryName": "Headsets",
		"SupplierId": "100000032",
		"SupplierName": "Angeré",
		"WeightMeasure": "80",
		"WeightUnit": "g"
	},
	{
		"AverageRating": "1.00",
		"Name": "Lovely Sound 5.1",
		"Description": "5.1 Headset, 40 Hz-20 kHz, 3m cable",
		"StockQuantity": 140,
		"CurrencyCode": "USD",
		"DimensionDepth": "0.02",
		"DimensionHeight": "0.19",
		"DimensionUnit": "m",
		"DimensionWidth": "0.25",
		"HasReviewOfCurrentUser": false,
		"Id": "HT-1096",
		"ImageUrl": "model/images/HT-1096.jpg",
		"IsFavoriteOfCurrentUser": false,
		"LastModified": "/Date(1421960422000)/",
		"MainCategoryId": "Computer components",
		"MainCategoryName": "Computer components",
		"MeasureUnit": "each",
		"Price": "39.00",
		"QuantityUnit": "EA",
		"RatingCount": 1,
		"SubCategoryId": "Headsets",
		"SubCategoryName": "Headsets",
		"SupplierId": "100000033",
		"SupplierName": "PC Gym Tec",
		"WeightMeasure": "130",
		"WeightUnit": "g"
	},
	{
		"AverageRating": "3.09",
		"Name": "Lovely Sound Stereo",
		"Description": "5.1 Headset, 40 Hz-20 kHz, 1m cable",
		"StockQuantity": 122,
		"CurrencyCode": "USD",
		"DimensionDepth": "0.02",
		"DimensionHeight": "0.2",
		"DimensionUnit": "m",
		"DimensionWidth": "0.21",
		"HasReviewOfCurrentUser": false,
		"Id": "HT-1097",
		"ImageUrl": "model/images/HT-1097.jpg",
		"IsFavoriteOfCurrentUser": false,
		"LastModified": "/Date(1421960422000)/",
		"MainCategoryId": "Computer components",
		"MainCategoryName": "Computer components",
		"MeasureUnit": "each",
		"Price": "29.00",
		"QuantityUnit": "EA",
		"RatingCount": 11,
		"SubCategoryId": "Headsets",
		"SubCategoryName": "Headsets",
		"SupplierId": "100000034",
		"SupplierName": "Japan Insurance Partner",
		"WeightMeasure": "60",
		"WeightUnit": "g"
	},
	{
		"AverageRating": "3.00",
		"Name": "Power Pro Player 80",
		"Description": "MP3-Player with 80 GB SSD and Color Display, can play movies",
		"StockQuantity": 139,
		"CurrencyCode": "USD",
		"DimensionDepth": "0.06",
		"DimensionHeight": "0.01",
		"DimensionUnit": "m",
		"DimensionWidth": "0.04",
		"HasReviewOfCurrentUser": false,
		"Id": "HT-6123",
		"ImageUrl": "model/images/HT-6123.jpg",
		"IsFavoriteOfCurrentUser": false,
		"LastModified": "/Date(1421960422000)/",
		"MainCategoryId": "TV/Video/HiFi",
		"MainCategoryName": "TV/Video/HiFi",
		"MeasureUnit": "each",
		"Price": "299.00",
		"QuantityUnit": "EA",
		"RatingCount": 6,
		"SubCategoryId": "MP3-Players",
		"SubCategoryName": "MP3-Players",
		"SupplierId": "100000035",
		"SupplierName": "Entertainment Argentinia",
		"WeightMeasure": "267",
		"WeightUnit": "g"
	},
	{
		"AverageRating": "2.92",
		"Name": "Power Pro Player 40",
		"Description": "MP3-Player with 40 GB HDD and Color Display, can play movies",
		"StockQuantity": 145,
		"CurrencyCode": "USD",
		"DimensionDepth": "0.08",
		"DimensionHeight": "0.09",
		"DimensionUnit": "m",
		"DimensionWidth": "0.05",
		"HasReviewOfCurrentUser": false,
		"Id": "HT-6122",
		"ImageUrl": "model/images/HT-6122.jpg",
		"IsFavoriteOfCurrentUser": false,
		"LastModified": "/Date(1421960422000)/",
		"MainCategoryId": "TV/Video/HiFi",
		"MainCategoryName": "TV/Video/HiFi",
		"MeasureUnit": "each",
		"Price": "167.00",
		"QuantityUnit": "EA",
		"RatingCount": 12,
		"SubCategoryId": "MP3-Players",
		"SubCategoryName": "MP3-Players",
		"SupplierId": "100000036",
		"SupplierName": "African Gold And Diamond Corporation",
		"WeightMeasure": "266",
		"WeightUnit": "g"
	},
	{
		"AverageRating": "3.21",
		"Name": "ITelo Jog-Mate",
		"Description": "ITelo Jog-Mate 64 GB HDD and Color Display, can play movies",
		"StockQuantity": 147,
		"CurrencyCode": "USD",
		"DimensionDepth": "0.08",
		"DimensionHeight": "0.09",
		"DimensionUnit": "m",
		"DimensionWidth": "0.05",
		"HasReviewOfCurrentUser": false,
		"Id": "HT-6121",
		"ImageUrl": "model/images/HT-6121.jpg",
		"IsFavoriteOfCurrentUser": false,
		"LastModified": "/Date(1421960422000)/",
		"MainCategoryId": "TV/Video/HiFi",
		"MainCategoryName": "TV/Video/HiFi",
		"MeasureUnit": "each",
		"Price": "63.00",
		"QuantityUnit": "EA",
		"RatingCount": 14,
		"SubCategoryId": "MP3-Players",
		"SubCategoryName": "MP3-Players",
		"SupplierId": "100000037",
		"SupplierName": "PicoBit",
		"WeightMeasure": "134",
		"WeightUnit": "g"
	},
	{
		"AverageRating": "2.75",
		"Name": "ITelo MusickStick",
		"Description": "64 GB USB Musick-on-a-Stick",
		"StockQuantity": 147,
		"CurrencyCode": "USD",
		"DimensionDepth": "0.06",
		"DimensionHeight": "0.01",
		"DimensionUnit": "m",
		"DimensionWidth": "0.02",
		"HasReviewOfCurrentUser": false,
		"Id": "HT-6120",
		"ImageUrl": "model/images/HT-6120.jpg",
		"IsFavoriteOfCurrentUser": false,
		"LastModified": "/Date(1421960422000)/",
		"MainCategoryId": "TV/Video/HiFi",
		"MainCategoryName": "TV/Video/HiFi",
		"MeasureUnit": "each",
		"Price": "45.00",
		"QuantityUnit": "EA",
		"RatingCount": 4,
		"SubCategoryId": "MP3-Players",
		"SubCategoryName": "MP3-Players",
		"SupplierId": "100000038",
		"SupplierName": "Bionic Research Lab",
		"WeightMeasure": "134",
		"WeightUnit": "g"
	},
	{
		"AverageRating": "3.00",
		"Name": "Record Movie",
		"Description": "160 GB HDD, CD-RW, DVD+R/RW, DVD-R/RW, MPEG 2 (Video-DVD), MPEG 4, VCD, SVCD, DivX, Xvid",
		"StockQuantity": 140,
		"CurrencyCode": "USD",
		"DimensionDepth": "0.26",
		"DimensionHeight": "0.06",
		"DimensionUnit": "m",
		"DimensionWidth": "0.38",
		"HasReviewOfCurrentUser": false,
		"Id": "HT-6111",
		"ImageUrl": "model/images/HT-6111.jpg",
		"IsFavoriteOfCurrentUser": false,
		"LastModified": "/Date(1421960422000)/",
		"MainCategoryId": "TV/Video/HiFi",
		"MainCategoryName": "TV/Video/HiFi",
		"MeasureUnit": "each",
		"Price": "288.00",
		"QuantityUnit": "EA",
		"RatingCount": 4,
		"SubCategoryId": "Portable Players",
		"SubCategoryName": "Portable Players",
		"SupplierId": "100000039",
		"SupplierName": "Indian IT Trading Company",
		"WeightMeasure": "3.1",
		"WeightUnit": "kg"
	},
	{
		"AverageRating": "3.22",
		"Name": "Play Movie",
		"Description": "CD-RW, DVD+R/RW, DVD-R/RW, MPEG 2 (Video-DVD), MPEG 4, VCD, SVCD, DivX, Xvid",
		"StockQuantity": 138,
		"CurrencyCode": "USD",
		"DimensionDepth": "0.24",
		"DimensionHeight": "0.06",
		"DimensionUnit": "m",
		"DimensionWidth": "0.37",
		"HasReviewOfCurrentUser": false,
		"Id": "HT-6110",
		"ImageUrl": "model/images/HT-6110.jpg",
		"IsFavoriteOfCurrentUser": false,
		"LastModified": "/Date(1421960422000)/",
		"MainCategoryId": "TV/Video/HiFi",
		"MainCategoryName": "TV/Video/HiFi",
		"MeasureUnit": "each",
		"Price": "130.00",
		"QuantityUnit": "EA",
		"RatingCount": 9,
		"SubCategoryId": "Portable Players",
		"SubCategoryName": "Portable Players",
		"SupplierId": "100000040",
		"SupplierName": "Chemia A Technicznie Fabryka",
		"WeightMeasure": "2.4",
		"WeightUnit": "kg"
	},
	{
		"AverageRating": "2.71",
		"Name": "Beam Breaker B-3",
		"Description": "1080p, DLP max. 12,3 Meter, 3D-ready",
		"StockQuantity": 134,
		"CurrencyCode": "USD",
		"DimensionDepth": "0.23",
		"DimensionHeight": "0.23",
		"DimensionUnit": "m",
		"DimensionWidth": "0.3",
		"HasReviewOfCurrentUser": false,
		"Id": "HT-6102",
		"ImageUrl": "model/images/HT-6102.JPG",
		"IsFavoriteOfCurrentUser": false,
		"LastModified": "/Date(1421960422000)/",
		"MainCategoryId": "TV/Video/HiFi",
		"MainCategoryName": "TV/Video/HiFi",
		"MeasureUnit": "each",
		"Price": "889.00",
		"QuantityUnit": "EA",
		"RatingCount": 7,
		"SubCategoryId": "Beamers",
		"SubCategoryName": "Beamers",
		"SupplierId": "100000041",
		"SupplierName": "South American IT Company",
		"WeightMeasure": "2.5",
		"WeightUnit": "kg"
	},
	{
		"AverageRating": "2.33",
		"Name": "Portable DVD Player with 9\" LCD Monitor",
		"Description": "9\" LCD Screen, storage holds up to 8 hours, 2 speakers included",
		"StockQuantity": 135,
		"CurrencyCode": "USD",
		"DimensionDepth": "0.17",
		"DimensionHeight": "0.14",
		"DimensionUnit": "m",
		"DimensionWidth": "0.21",
		"HasReviewOfCurrentUser": false,
		"Id": "HT-2002",
		"ImageUrl": "model/images/HT-2002.JPG",
		"IsFavoriteOfCurrentUser": false,
		"LastModified": "/Date(1421960422000)/",
		"MainCategoryId": "TV/Video/HiFi",
		"MainCategoryName": "TV/Video/HiFi",
		"MeasureUnit": "each",
		"Price": "853.99",
		"QuantityUnit": "EA",
		"RatingCount": 6,
		"SubCategoryId": "Portable Players",
		"SubCategoryName": "Portable Players",
		"SupplierId": "100000043",
		"SupplierName": "Danish Fish Trading Company",
		"WeightMeasure": "0.72",
		"WeightUnit": "kg"
	},
	{
		"AverageRating": "3.75",
		"Name": "Removable CD/DVD Laser Labels",
		"Description": "Removable jewel case labels, zero residues (100)",
		"StockQuantity": 147,
		"CurrencyCode": "USD",
		"DimensionDepth": "0.02",
		"DimensionHeight": "0.02",
		"DimensionUnit": "m",
		"DimensionWidth": "0.06",
		"HasReviewOfCurrentUser": false,
		"Id": "HT-2027",
		"ImageUrl": "model/images/HT-2027.jpg",
		"IsFavoriteOfCurrentUser": false,
		"LastModified": "/Date(1421960422000)/",
		"MainCategoryId": "Computer systems",
		"MainCategoryName": "Computer systems",
		"MeasureUnit": "each",
		"Price": "8.99",
		"QuantityUnit": "EA",
		"RatingCount": 4,
		"SubCategoryId": "Computer system accessories",
		"SubCategoryName": "Computer system accessories",
		"SupplierId": "100000045",
		"SupplierName": "Consumer",
		"WeightMeasure": "0.15",
		"WeightUnit": "kg"
	},
	{
		"AverageRating": "2.00",
		"Name": "Audio/Video Cable Kit - 4m",
		"Description": "Quality cables for notebooks and beamers",
		"StockQuantity": 150,
		"CurrencyCode": "USD",
		"DimensionDepth": "0.1",
		"DimensionHeight": "0.13",
		"DimensionUnit": "m",
		"DimensionWidth": "0.21",
		"HasReviewOfCurrentUser": false,
		"Id": "HT-2026",
		"ImageUrl": "model/images/HT-2026.jpg",
		"IsFavoriteOfCurrentUser": false,
		"LastModified": "/Date(1421960422000)/",
		"MainCategoryId": "Computer systems",
		"MainCategoryName": "Computer systems",
		"MeasureUnit": "each",
		"Price": "29.99",
		"QuantityUnit": "EA",
		"RatingCount": 1,
		"SubCategoryId": "Computer system accessories",
		"SubCategoryName": "Computer system accessories",
		"SupplierId": "100000000",
		"SupplierName": "SAP",
		"WeightMeasure": "0.2",
		"WeightUnit": "kg"
	},
	{
		"AverageRating": "2.00",
		"Name": "10\" Portable DVD players",
		"Description": "10\" LCD Screen, storage battery holds up to 8 hours",
		"StockQuantity": 128,
		"CurrencyCode": "USD",
		"DimensionDepth": "0.2",
		"DimensionHeight": "0.29",
		"DimensionUnit": "m",
		"DimensionWidth": "0.24",
		"HasReviewOfCurrentUser": false,
		"Id": "HT-2001",
		"ImageUrl": "model/images/HT-2001.JPG",
		"IsFavoriteOfCurrentUser": false,
		"LastModified": "/Date(1421960422000)/",
		"MainCategoryId": "TV/Video/HiFi",
		"MainCategoryName": "TV/Video/HiFi",
		"MeasureUnit": "each",
		"Price": "449.99",
		"QuantityUnit": "EA",
		"RatingCount": 1,
		"SubCategoryId": "Portable Players",
		"SubCategoryName": "Portable Players",
		"SupplierId": "100000002",
		"SupplierName": "DelBont Industries",
		"WeightMeasure": "0.84",
		"WeightUnit": "kg"
	},
	{
		"AverageRating": "3.00",
		"Name": "7\" Widescreen Portable DVD Player w MP3",
		"Description": "7\" LCD Screen, storage battery holds up to 6 hours!",
		"StockQuantity": 134,
		"CurrencyCode": "USD",
		"DimensionDepth": "0.19",
		"DimensionHeight": "0.28",
		"DimensionUnit": "m",
		"DimensionWidth": "0.21",
		"HasReviewOfCurrentUser": false,
		"Id": "HT-2000",
		"ImageUrl": "model/images/HT-2000.JPG",
		"IsFavoriteOfCurrentUser": false,
		"LastModified": "/Date(1421960422000)/",
		"MainCategoryId": "TV/Video/HiFi",
		"MainCategoryName": "TV/Video/HiFi",
		"MeasureUnit": "each",
		"Price": "249.99",
		"QuantityUnit": "EA",
		"RatingCount": 3,
		"SubCategoryId": "Portable Players",
		"SubCategoryName": "Portable Players",
		"SupplierId": "100000003",
		"SupplierName": "Talpa",
		"WeightMeasure": "0.79",
		"WeightUnit": "kg"
	},
	{
		"AverageRating": "3.60",
		"Name": "Gaming Monster Pro",
		"Description": "3,4 Ghz quad core, 16 GB DDR3 SDRAM, 4000 GB Hard Disc, Graphic Card: Hurricane GX, Windows 8",
		"StockQuantity": 146,
		"CurrencyCode": "USD",
		"DimensionDepth": "0.28",
		"DimensionHeight": "0.42",
		"DimensionUnit": "m",
		"DimensionWidth": "0.27",
		"HasReviewOfCurrentUser": false,
		"Id": "HT-1603",
		"ImageUrl": "model/images/HT-1603.jpg",
		"IsFavoriteOfCurrentUser": false,
		"LastModified": "/Date(1421960422000)/",
		"MainCategoryId": "Computer systems",
		"MainCategoryName": "Computer systems",
		"MeasureUnit": "each",
		"Price": "1700.00",
		"QuantityUnit": "EA",
		"RatingCount": 15,
		"SubCategoryId": "PCs",
		"SubCategoryName": "PCs",
		"SupplierId": "100000004",
		"SupplierName": "Panorama Studios",
		"WeightMeasure": "6.8",
		"WeightUnit": "kg"
	},
	{
		"AverageRating": "3.56",
		"Name": "Gaming Monster",
		"Description": "3,4 Ghz quad core, 8 GB DDR3 SDRAM, 2000 GB Hard Disc, Graphic Card: Gladiator MX, Windows 8",
		"StockQuantity": 118,
		"CurrencyCode": "USD",
		"DimensionDepth": "0.34",
		"DimensionHeight": "0.47",
		"DimensionUnit": "m",
		"DimensionWidth": "0.27",
		"HasReviewOfCurrentUser": false,
		"Id": "HT-1602",
		"ImageUrl": "model/images/HT-1602.jpg",
		"IsFavoriteOfCurrentUser": false,
		"LastModified": "/Date(1421960422000)/",
		"MainCategoryId": "Computer systems",
		"MainCategoryName": "Computer systems",
		"MeasureUnit": "each",
		"Price": "1200.00",
		"QuantityUnit": "EA",
		"RatingCount": 9,
		"SubCategoryId": "PCs",
		"SubCategoryName": "PCs",
		"SupplierId": "100000005",
		"SupplierName": "TECUM",
		"WeightMeasure": "5.9",
		"WeightUnit": "kg"
	},
	{
		"AverageRating": "3.21",
		"Name": "Family PC Pro",
		"Description": "2,8 Ghz dual core, 4 GB DDR3 SDRAM, 1000 GB Hard Disc, Graphic Card: Gladiator MX, Windows 8",
		"StockQuantity": 150,
		"CurrencyCode": "USD",
		"DimensionDepth": "0.32",
		"DimensionHeight": "0.4",
		"DimensionUnit": "m",
		"DimensionWidth": "0.25",
		"HasReviewOfCurrentUser": false,
		"Id": "HT-1601",
		"ImageUrl": "model/images/HT-1601.jpg",
		"IsFavoriteOfCurrentUser": false,
		"LastModified": "/Date(1421960422000)/",
		"MainCategoryId": "Computer systems",
		"MainCategoryName": "Computer systems",
		"MeasureUnit": "each",
		"Price": "900.00",
		"QuantityUnit": "EA",
		"RatingCount": 14,
		"SubCategoryId": "PCs",
		"SubCategoryName": "PCs",
		"SupplierId": "100000006",
		"SupplierName": "Asia High tech",
		"WeightMeasure": "5.3",
		"WeightUnit": "kg"
	},
	{
		"AverageRating": "2.60",
		"Name": "Family PC Basic",
		"Description": "2,8 Ghz dual core, 4 GB DDR3 SDRAM, 500 GB Hard Disc, Graphic Card: Proctra X, Windows 8",
		"StockQuantity": 136,
		"CurrencyCode": "USD",
		"DimensionDepth": "0.29",
		"DimensionHeight": "0.38",
		"DimensionUnit": "m",
		"DimensionWidth": "0.21",
		"HasReviewOfCurrentUser": false,
		"Id": "HT-1600",
		"ImageUrl": "model/images/HT-1600.jpg",
		"IsFavoriteOfCurrentUser": false,
		"LastModified": "/Date(1421960422000)/",
		"MainCategoryId": "Computer systems",
		"MainCategoryName": "Computer systems",
		"MeasureUnit": "each",
		"Price": "600.00",
		"QuantityUnit": "EA",
		"RatingCount": 10,
		"SubCategoryId": "PCs",
		"SubCategoryName": "PCs",
		"SupplierId": "100000007",
		"SupplierName": "Laurent",
		"WeightMeasure": "4.8",
		"WeightUnit": "kg"
	},
	{
		"AverageRating": "2.75",
		"Name": "Travel Adapter",
		"Description": "Universal Travel Adapter",
		"StockQuantity": 149,
		"CurrencyCode": "USD",
		"DimensionDepth": "0.03",
		"DimensionHeight": "0.04",
		"DimensionUnit": "m",
		"DimensionWidth": "0.02",
		"HasReviewOfCurrentUser": false,
		"Id": "HT-1119",
		"ImageUrl": "model/images/HT-1119.jpg",
		"IsFavoriteOfCurrentUser": false,
		"LastModified": "/Date(1421960422000)/",
		"MainCategoryId": "Computer systems",
		"MainCategoryName": "Computer systems",
		"MeasureUnit": "each",
		"Price": "79.00",
		"QuantityUnit": "EA",
		"RatingCount": 4,
		"SubCategoryId": "Computer system accessories",
		"SubCategoryName": "Computer system accessories",
		"SupplierId": "100000008",
		"SupplierName": "AVANTEL",
		"WeightMeasure": "88",
		"WeightUnit": "g"
	},
	{
		"AverageRating": "2.63",
		"Name": "ITelO FlexTop I4000",
		"Description": "Notebook with 2,80 GHz dual core, 4 GB DDR3 SDRAM, 500 GB Hard Disc, Windows 8",
		"StockQuantity": 138,
		"CurrencyCode": "USD",
		"DimensionDepth": "0.19",
		"DimensionHeight": "0.03",
		"DimensionUnit": "m",
		"DimensionWidth": "0.31",
		"HasReviewOfCurrentUser": false,
		"Id": "HT-8000",
		"ImageUrl": "model/images/HT-8000.jpg",
		"IsFavoriteOfCurrentUser": false,
		"LastModified": "/Date(1421960422000)/",
		"MainCategoryId": "Computer systems",
		"MainCategoryName": "Computer systems",
		"MeasureUnit": "each",
		"Price": "799.00",
		"QuantityUnit": "EA",
		"RatingCount": 8,
		"SubCategoryId": "Notebooks",
		"SubCategoryName": "Notebooks",
		"SupplierId": "100000009",
		"SupplierName": "Telecomunicaciones Star",
		"WeightMeasure": "4",
		"WeightUnit": "kg"
	},
	{
		"AverageRating": "1.67",
		"Name": "ITelO FlexTop I6300c",
		"Description": "Notebook with 2,80 GHz dual core, 8 GB DDR3 SDRAM, 500 GB Hard Disc, Windows 8",
		"StockQuantity": 138,
		"CurrencyCode": "USD",
		"DimensionDepth": "0.2",
		"DimensionHeight": "0.03",
		"DimensionUnit": "m",
		"DimensionWidth": "0.32",
		"HasReviewOfCurrentUser": false,
		"Id": "HT-8001",
		"ImageUrl": "model/images/HT-8001.jpg",
		"IsFavoriteOfCurrentUser": false,
		"LastModified": "/Date(1421960422000)/",
		"MainCategoryId": "Computer systems",
		"MainCategoryName": "Computer systems",
		"MeasureUnit": "each",
		"Price": "999.00",
		"QuantityUnit": "EA",
		"RatingCount": 3,
		"SubCategoryId": "Notebooks",
		"SubCategoryName": "Notebooks",
		"SupplierId": "100000010",
		"SupplierName": "Pear Computing Services",
		"WeightMeasure": "4.2",
		"WeightUnit": "kg"
	},
	{
		"AverageRating": "2.64",
		"Name": "ITelO FlexTop I9100",
		"Description": "Notebook with 2,80 GHz quad core, 4 GB DDR3 SDRAM, 1000 GB Hard Disc, Windows 8",
		"StockQuantity": 150,
		"CurrencyCode": "USD",
		"DimensionDepth": "0.21",
		"DimensionHeight": "0.04",
		"DimensionUnit": "m",
		"DimensionWidth": "0.38",
		"HasReviewOfCurrentUser": false,
		"Id": "HT-8002",
		"ImageUrl": "model/images/HT-8002.jpg",
		"IsFavoriteOfCurrentUser": false,
		"LastModified": "/Date(1421960422000)/",
		"MainCategoryId": "Computer systems",
		"MainCategoryName": "Computer systems",
		"MeasureUnit": "each",
		"Price": "1199.00",
		"QuantityUnit": "EA",
		"RatingCount": 11,
		"SubCategoryId": "Notebooks",
		"SubCategoryName": "Notebooks",
		"SupplierId": "100000011",
		"SupplierName": "Alpine Systems",
		"WeightMeasure": "3.5",
		"WeightUnit": "kg"
	},
	{
		"AverageRating": "3.67",
		"Name": "ITelO FlexTop I9800",
		"Description": "Notebook with 2,80 GHz quad core, 8 GB DDR3 SDRAM, 1000 GB Hard Disc, Windows 8",
		"StockQuantity": 148,
		"CurrencyCode": "USD",
		"DimensionDepth": "0.31",
		"DimensionHeight": "0.05",
		"DimensionUnit": "m",
		"DimensionWidth": "0.48",
		"HasReviewOfCurrentUser": false,
		"Id": "HT-8003",
		"ImageUrl": "model/images/HT-8003.jpg",
		"IsFavoriteOfCurrentUser": false,
		"LastModified": "/Date(1421960422000)/",
		"MainCategoryId": "Computer systems",
		"MainCategoryName": "Computer systems",
		"MeasureUnit": "each",
		"Price": "1388.00",
		"QuantityUnit": "EA",
		"RatingCount": 12,
		"SubCategoryId": "Notebooks",
		"SubCategoryName": "Notebooks",
		"SupplierId": "100000012",
		"SupplierName": "New Line Design",
		"WeightMeasure": "3.8",
		"WeightUnit": "kg"
	},
	{
		"AverageRating": "2.70",
		"Name": "Flyer",
		"Description": "Flyer for our product palette",
		"StockQuantity": 150,
		"CurrencyCode": "USD",
		"DimensionDepth": "0.3",
		"DimensionHeight": "0.03",
		"DimensionUnit": "m",
		"DimensionWidth": "0.46",
		"HasReviewOfCurrentUser": false,
		"Id": "PF-1000",
		"ImageUrl": "model/images/PF-1000.jpg",
		"IsFavoriteOfCurrentUser": false,
		"LastModified": "/Date(1421960422000)/",
		"MainCategoryId": "Computer systems",
		"MainCategoryName": "Computer systems",
		"MeasureUnit": "each",
		"Price": "0.00",
		"QuantityUnit": "EA",
		"RatingCount": 10,
		"SubCategoryId": "Computer system accessories",
		"SubCategoryName": "Computer system accessories",
		"SupplierId": "100000013",
		"SupplierName": "HEPA Tec",
		"WeightMeasure": "0.01",
		"WeightUnit": "kg"
	},
	{
		"AverageRating": "2.50",
		"Name": "Maxi Tablet",
		"Description": "10.1-inch Multitouch HD Screen (1280 x 800), 16GB Internal Memory, Wireless N Wi-Fi; Bluetooth, GPS Enabled, 1GHz Dual-Core Processor",
		"StockQuantity": 142,
		"CurrencyCode": "USD",
		"DimensionDepth": "0.31",
		"DimensionHeight": "0.05",
		"DimensionUnit": "m",
		"DimensionWidth": "0.48",
		"HasReviewOfCurrentUser": false,
		"Id": "HT-9999",
		"ImageUrl": "model/images/HT-9999.jpg",
		"IsFavoriteOfCurrentUser": false,
		"LastModified": "/Date(1421960422000)/",
		"MainCategoryId": "Smartphones & Tablets",
		"MainCategoryName": "Smartphones & Tablets",
		"MeasureUnit": "each",
		"Price": "749.00",
		"QuantityUnit": "EA",
		"RatingCount": 8,
		"SubCategoryId": "Tablets",
		"SubCategoryName": "Tablets",
		"SupplierId": "100000014",
		"SupplierName": "Anav Ideon",
		"WeightMeasure": "3.8",
		"WeightUnit": "kg"
	},
	{
		"AverageRating": "3.00",
		"Name": "Smartphone Beta",
		"Description": "5 Megapixel Camera, Wi-Fi 802.11 b/g/n, Bluetooth, GPS A-GPS support",
		"StockQuantity": 147,
		"CurrencyCode": "USD",
		"DimensionDepth": "0.31",
		"DimensionHeight": "0.05",
		"DimensionUnit": "m",
		"DimensionWidth": "0.48",
		"HasReviewOfCurrentUser": false,
		"Id": "HT-9998",
		"ImageUrl": "model/images/HT-9998.jpg",
		"IsFavoriteOfCurrentUser": false,
		"LastModified": "/Date(1421960422000)/",
		"MainCategoryId": "Smartphones & Tablets",
		"MainCategoryName": "Smartphones & Tablets",
		"MeasureUnit": "each",
		"Price": "699.00",
		"QuantityUnit": "EA",
		"RatingCount": 2,
		"SubCategoryId": "Smartphones",
		"SubCategoryName": "Smartphones",
		"SupplierId": "100000015",
		"SupplierName": "Robert Brown Entertainment",
		"WeightMeasure": "0.75",
		"WeightUnit": "kg"
	},
	{
		"AverageRating": "3.67",
		"Name": "e-Book Reader ReadMe",
		"Description": "6-Inch E Ink Screen, Access To e-book Store, Adjustable Font Styles and Sizes, Stores Up To 1,000 Books",
		"StockQuantity": 142,
		"CurrencyCode": "USD",
		"DimensionDepth": "0.31",
		"DimensionHeight": "0.05",
		"DimensionUnit": "m",
		"DimensionWidth": "0.48",
		"HasReviewOfCurrentUser": false,
		"Id": "HT-9997",
		"ImageUrl": "model/images/HT-9997.jpg",
		"IsFavoriteOfCurrentUser": false,
		"LastModified": "/Date(1421960422000)/",
		"MainCategoryId": "Smartphones & Tablets",
		"MainCategoryName": "Smartphones & Tablets",
		"MeasureUnit": "each",
		"Price": "633.00",
		"QuantityUnit": "EA",
		"RatingCount": 3,
		"SubCategoryId": "Tablets",
		"SubCategoryName": "Tablets",
		"SupplierId": "100000016",
		"SupplierName": "Mexican Oil Trading Company",
		"WeightMeasure": "3.8",
		"WeightUnit": "kg"
	},
	{
		"AverageRating": "2.71",
		"Name": "Tablet Pouch",
		"Description": "Stylish tablet pouch, protects from scratches, color: black",
		"StockQuantity": 146,
		"CurrencyCode": "USD",
		"DimensionDepth": "0.4",
		"DimensionHeight": "0.05",
		"DimensionUnit": "m",
		"DimensionWidth": "0.25",
		"HasReviewOfCurrentUser": false,
		"Id": "HT-9996",
		"ImageUrl": "model/images/HT-9996.jpg",
		"IsFavoriteOfCurrentUser": false,
		"LastModified": "/Date(1421960422000)/",
		"MainCategoryId": "Smartphones & Tablets",
		"MainCategoryName": "Smartphones & Tablets",
		"MeasureUnit": "each",
		"Price": "20.00",
		"QuantityUnit": "EA",
		"RatingCount": 7,
		"SubCategoryId": "Accessories",
		"SubCategoryName": "Accessories",
		"SupplierId": "100000017",
		"SupplierName": "Meliva",
		"WeightMeasure": "0.03",
		"WeightUnit": "kg"
	},
	{
		"AverageRating": "2.92",
		"Name": "Smartphone Cover",
		"Description": "Durable high quality plastic bump-sleeve, lightweight, protects from scratches, rubber coating, multiple colors available, Accurate design and cut-outs for your device, snap-on design",
		"StockQuantity": 143,
		"CurrencyCode": "USD",
		"DimensionDepth": "0.31",
		"DimensionHeight": "0.05",
		"DimensionUnit": "m",
		"DimensionWidth": "0.48",
		"HasReviewOfCurrentUser": false,
		"Id": "HT-9995",
		"ImageUrl": "model/images/HT-9995.jpg",
		"IsFavoriteOfCurrentUser": false,
		"LastModified": "/Date(1421960422000)/",
		"MainCategoryId": "Smartphones & Tablets",
		"MainCategoryName": "Smartphones & Tablets",
		"MeasureUnit": "each",
		"Price": "15.00",
		"QuantityUnit": "EA",
		"RatingCount": 13,
		"SubCategoryId": "Accessories",
		"SubCategoryName": "Accessories",
		"SupplierId": "100000018",
		"SupplierName": "Compostela",
		"WeightMeasure": "0.02",
		"WeightUnit": "kg"
	},
	{
		"AverageRating": "3.50",
		"Name": "Camcorder View",
		"Description": "1920x1080 Full HD, image stabilization reduces blur, 27x Optical / 32x Extended Zoom, wide angle Lens, 2.7\" wide LCD display",
		"StockQuantity": 150,
		"CurrencyCode": "USD",
		"DimensionDepth": "0.31",
		"DimensionHeight": "0.27",
		"DimensionUnit": "m",
		"DimensionWidth": "0.48",
		"HasReviewOfCurrentUser": false,
		"Id": "HT-9994",
		"ImageUrl": "model/images/HT-9994.jpg",
		"IsFavoriteOfCurrentUser": false,
		"LastModified": "/Date(1421960422000)/",
		"MainCategoryId": "TV/Video/HiFi",
		"MainCategoryName": "TV/Video/HiFi",
		"MeasureUnit": "each",
		"Price": "1388.00",
		"QuantityUnit": "EA",
		"RatingCount": 2,
		"SubCategoryId": "Camcorders",
		"SubCategoryName": "Camcorders",
		"SupplierId": "100000019",
		"SupplierName": "Pateu",
		"WeightMeasure": "3.8",
		"WeightUnit": "kg"
	},
	{
		"AverageRating": "3.00",
		"Name": "Mini Tablet",
		"Description": "7 inch 1280x800 HD display (216 ppi), Quad-core processor, 16 GB internal storage, 4325 mAh battery (Up to 8 hours of active use)",
		"StockQuantity": 143,
		"CurrencyCode": "USD",
		"DimensionDepth": "0.31",
		"DimensionHeight": "0.05",
		"DimensionUnit": "m",
		"DimensionWidth": "0.48",
		"HasReviewOfCurrentUser": false,
		"Id": "HT-9993",
		"ImageUrl": "model/images/HT-9993.jpg",
		"IsFavoriteOfCurrentUser": false,
		"LastModified": "/Date(1421960422000)/",
		"MainCategoryId": "Smartphones & Tablets",
		"MainCategoryName": "Smartphones & Tablets",
		"MeasureUnit": "each",
		"Price": "833.00",
		"QuantityUnit": "EA",
		"RatingCount": 3,
		"SubCategoryId": "Tablets",
		"SubCategoryName": "Tablets",
		"SupplierId": "100000020",
		"SupplierName": "Russian Electronic Trading Company",
		"WeightMeasure": "3.8",
		"WeightUnit": "kg"
	},
	{
		"AverageRating": "2.00",
		"Name": "Smartphone Alpha",
		"Description": "7 inch 1280x800 HD display (216 ppi), Quad-core processor, 16 GB internal storage (actual formatted capacity will be less), 4325 mAh battery (Up to 8 hours of active use), white or black",
		"StockQuantity": 132,
		"CurrencyCode": "USD",
		"DimensionDepth": "0.31",
		"DimensionHeight": "0.05",
		"DimensionUnit": "m",
		"DimensionWidth": "0.48",
		"HasReviewOfCurrentUser": false,
		"Id": "HT-9992",
		"ImageUrl": "model/images/HT-9992.jpg",
		"IsFavoriteOfCurrentUser": false,
		"LastModified": "/Date(1421960422000)/",
		"MainCategoryId": "Smartphones & Tablets",
		"MainCategoryName": "Smartphones & Tablets",
		"MeasureUnit": "each",
		"Price": "599.00",
		"QuantityUnit": "EA",
		"RatingCount": 11,
		"SubCategoryId": "Smartphones",
		"SubCategoryName": "Smartphones",
		"SupplierId": "100000021",
		"SupplierName": "Florida Holiday Company",
		"WeightMeasure": "0.75",
		"WeightUnit": "kg"
	},
	{
		"AverageRating": "2.83",
		"Name": "Smartphone Leather Case",
		"Description": "Button Clasp, Quality Material, 100% Leather, compatible with many smartphone models",
		"StockQuantity": 150,
		"CurrencyCode": "USD",
		"DimensionDepth": "0.31",
		"DimensionHeight": "0.05",
		"DimensionUnit": "m",
		"DimensionWidth": "0.48",
		"HasReviewOfCurrentUser": false,
		"Id": "HT-9991",
		"ImageUrl": "model/images/HT-9991.jpg",
		"IsFavoriteOfCurrentUser": false,
		"LastModified": "/Date(1421960422000)/",
		"MainCategoryId": "Smartphones & Tablets",
		"MainCategoryName": "Smartphones & Tablets",
		"MeasureUnit": "each",
		"Price": "25.00",
		"QuantityUnit": "EA",
		"RatingCount": 6,
		"SubCategoryId": "Accessories",
		"SubCategoryName": "Accessories",
		"SupplierId": "100000022",
		"SupplierName": "Quimica Madrilenos",
		"WeightMeasure": "0.02",
		"WeightUnit": "kg"
	},
	{
		"AverageRating": "5.00",
		"Name": "Beam Breaker B-1",
		"Description": "720p, DLP beamer max. 8,45 Meter, 2D",
		"StockQuantity": 150,
		"CurrencyCode": "USD",
		"DimensionDepth": "0.23",
		"DimensionHeight": "0.23",
		"DimensionUnit": "m",
		"DimensionWidth": "0.3",
		"HasReviewOfCurrentUser": false,
		"Id": "HT-6100",
		"ImageUrl": "model/images/HT-6100.JPG",
		"IsFavoriteOfCurrentUser": false,
		"LastModified": "/Date(1422023823566)/",
		"MainCategoryId": "TV/Video/HiFi",
		"MainCategoryName": "TV/Video/HiFi",
		"MeasureUnit": "each",
		"Price": "8.02",
		"QuantityUnit": "EA",
		"RatingCount": 1,
		"SubCategoryId": "Beamers",
		"SubCategoryName": "Beamers",
		"SupplierId": "100000044",
		"SupplierName": "Sorali",
		"WeightMeasure": "1.7",
		"WeightUnit": "kg"
	},
	{
		"AverageRating": "0.00",
		"Name": "Comfort Easy",
		"Description": "32 GB Digital Assitant with high-resolution color screen",
		"StockQuantity": 146,
		"CurrencyCode": "USD",
		"DimensionDepth": "0.02",
		"DimensionHeight": "0.14",
		"DimensionUnit": "m",
		"DimensionWidth": "0.84",
		"HasReviewOfCurrentUser": false,
		"Id": "HT-1022",
		"ImageUrl": "model/images/HT-1022.jpg",
		"IsFavoriteOfCurrentUser": false,
		"LastModified": "/Date(1422024296705)/",
		"MainCategoryId": "Computer components",
		"MainCategoryName": "Computer components",
		"MeasureUnit": "each",
		"Price": "1679.08",
		"QuantityUnit": "EA",
		"RatingCount": 0,
		"SubCategoryId": "PDAs/Organizers",
		"SubCategoryName": "PDAs/Organizers",
		"SupplierId": "100000009",
		"SupplierName": "Telecomunicaciones Star",
		"WeightMeasure": "0.2",
		"WeightUnit": "kg"
	},
	{
		"AverageRating": "3.38",
		"Name": "Beam Breaker B-2",
		"Description": "1080p, DLP max.9,34 Meter, 2D-ready",
		"StockQuantity": 149,
		"CurrencyCode": "USD",
		"DimensionDepth": "0.23",
		"DimensionHeight": "0.23",
		"DimensionUnit": "m",
		"DimensionWidth": "0.3",
		"HasReviewOfCurrentUser": false,
		"Id": "HT-6101",
		"ImageUrl": "model/images/HT-6101.JPG",
		"IsFavoriteOfCurrentUser": false,
		"LastModified": "/Date(1422024414219)/",
		"MainCategoryId": "TV/Video/HiFi",
		"MainCategoryName": "TV/Video/HiFi",
		"MeasureUnit": "each",
		"Price": "679.09",
		"QuantityUnit": "EA",
		"RatingCount": 13,
		"SubCategoryId": "Beamers",
		"SubCategoryName": "Beamers",
		"SupplierId": "100000042",
		"SupplierName": "Siwusha",
		"WeightMeasure": "2",
		"WeightUnit": "kg"
	},
	{
		"AverageRating": "3.20",
		"Name": "CD/DVD case: 264 sleeves",
		"Description": "Organizer and protective case for 264 CDs and DVDs.",
		"StockQuantity": 136,
		"CurrencyCode": "USD",
		"DimensionDepth": "0.13",
		"DimensionHeight": "0.2",
		"DimensionUnit": "m",
		"DimensionWidth": "0.13",
		"HasReviewOfCurrentUser": false,
		"Id": "HT-2025",
		"ImageUrl": "model/images/HT-2025.jpg",
		"IsFavoriteOfCurrentUser": false,
		"LastModified": "/Date(1422025255006)/",
		"MainCategoryId": "Computer systems",
		"MainCategoryName": "Computer systems",
		"MeasureUnit": "each",
		"Price": "44.00",
		"QuantityUnit": "EA",
		"RatingCount": 10,
		"SubCategoryId": "Computer system accessories",
		"SubCategoryName": "Computer system accessories",
		"SupplierId": "100000001",
		"SupplierName": "Becker Berlin",
		"WeightMeasure": "0.65",
		"WeightUnit": "kg"
	}
]