[
	{
		"Id": "Notebooks",
		"Name": "Notebooks",
		"MainCategoryId": "Computer systems",
		"MainCategoryName": "Computer systems"
	},
	{
		"Id": "PDAs/Organizers",
		"Name": "PDAs/Organizers",
		"MainCategoryId": "Computer components",
		"MainCategoryName": "Computer components"
	},
	{
		"Id": "Flat screens",
		"Name": "Flat screens",
		"MainCategoryId": "Computer components",
		"MainCategoryName": "Computer components"
	},
	{
		"Id": "Laser printers",
		"Name": "Laser printers",
		"MainCategoryId": "Printers and Scanners",
		"MainCategoryName": "Printers and Scanners"
	},
	{
		"Id": "Ink jet printers",
		"Name": "Ink jet printers",
		"MainCategoryId": "Printers and Scanners",
		"MainCategoryName": "Printers and Scanners"
	},
	{
		"Id": "Multifunction printers",
		"Name": "Multifunction printers",
		"MainCategoryId": "Printers and Scanners",
		"MainCategoryName": "Printers and Scanners"
	},
	{
		"Id": "Mice",
		"Name": "Mice",
		"MainCategoryId": "Computer components",
		"MainCategoryName": "Computer components"
	},
	{
		"Id": "Keyboards",
		"Name": "Keyboards",
		"MainCategoryId": "Computer components",
		"MainCategoryName": "Computer components"
	},
	{
		"Id": "Mousepads",
		"Name": "Mousepads",
		"MainCategoryId": "Computer components",
		"MainCategoryName": "Computer components"
	},
	{
		"Id": "Computer system accessories",
		"Name": "Computer system accessories",
		"MainCategoryId": "Computer systems",
		"MainCategoryName": "Computer systems"
	},
	{
		"Id": "Graphic cards",
		"Name": "Graphic cards",
		"MainCategoryId": "Computer components",
		"MainCategoryName": "Computer components"
	},
	{
		"Id": "Scanners",
		"Name": "Scanners",
		"MainCategoryId": "Printers and Scanners",
		"MainCategoryName": "Printers and Scanners"
	},
	{
		"Id": "Speakers",
		"Name": "Speakers",
		"MainCategoryId": "Computer components",
		"MainCategoryName": "Computer components"
	},
	{
		"Id": "Software",
		"Name": "Software",
		"MainCategoryId": "Software",
		"MainCategoryName": "Software"
	},
	{
		"Id": "Telecommunication",
		"Name": "Telecommunication",
		"MainCategoryId": "Computer components",
		"MainCategoryName": "Computer components"
	},
	{
		"Id": "PCs",
		"Name": "PCs",
		"MainCategoryId": "Computer systems",
		"MainCategoryName": "Computer systems"
	},
	{
		"Id": "Servers",
		"Name": "Servers",
		"MainCategoryId": "Computer systems",
		"MainCategoryName": "Computer systems"
	},
	{
		"Id": "TV flat screens",
		"Name": "TV flat screens",
		"MainCategoryId": "TV/Video/HiFi",
		"MainCategoryName": "TV/Video/HiFi"
	},
	{
		"Id": "Headsets",
		"Name": "Headsets",
		"MainCategoryId": "Computer components",
		"MainCategoryName": "Computer components"
	},
	{
		"Id": "MP3-Players",
		"Name": "MP3-Players",
		"MainCategoryId": "TV/Video/HiFi",
		"MainCategoryName": "TV/Video/HiFi"
	},
	{
		"Id": "Portable Players",
		"Name": "Portable Players",
		"MainCategoryId": "TV/Video/HiFi",
		"MainCategoryName": "TV/Video/HiFi"
	},
	{
		"Id": "Beamers",
		"Name": "Beamers",
		"MainCategoryId": "TV/Video/HiFi",
		"MainCategoryName": "TV/Video/HiFi"
	},
	{
		"Id": "Tablets",
		"Name": "Tablets",
		"MainCategoryId": "Smartphones & Tablets",
		"MainCategoryName": "Smartphones & Tablets"
	},
	{
		"Id": "Smartphones",
		"Name": "Smartphones",
		"MainCategoryId": "Smartphones & Tablets",
		"MainCategoryName": "Smartphones & Tablets"
	},
	{
		"Id": "Accessories",
		"Name": "Accessories",
		"MainCategoryId": "Smartphones & Tablets",
		"MainCategoryName": "Smartphones & Tablets"
	},
	{
		"Id": "Camcorders",
		"Name": "Camcorders",
		"MainCategoryId": "TV/Video/HiFi",
		"MainCategoryName": "TV/Video/HiFi"
	}
]