{"metadatas":{"sap.ui.unified.Calendar":{"description":"Basic Calendar.\nThis calendar is used for DatePickers","helpDescription":"Basic Calendar.\nThis calendar is used for DatePickers","Deprecated":false,"Experimental":false,"extend":"sap.ui.core.Control","properties":{"intervalSelection":{"method":"#getIntervalSelection","group":"Misc","type":"boolean","defaultValue":"false","description":"If set, interval selection is allowed","helpDescription":"If set, interval selection is allowed","Deprecated":false,"Experimental":false,"fullName":"sap.ui.unified.Calendar#intervalSelection"},"singleSelection":{"method":"#getSingleSelection","group":"Misc","type":"boolean","defaultValue":"true","description":"If set, only a single date or interval, if intervalSelection is enabled, can be selected","helpDescription":"If set, only a single date or interval, if intervalSelection is enabled, can be selected","Deprecated":false,"Experimental":false,"fullName":"sap.ui.unified.Calendar#singleSelection"},"months":{"method":"#getMonths","group":"Misc","type":"int","defaultValue":"1","description":"number of months displayed\non phones always only one month is displayed","helpDescription":"number of months displayed\non phones always only one month is displayed","Deprecated":false,"Experimental":false,"fullName":"sap.ui.unified.Calendar#months"}},"associations":{"ariaLabelledBy":{"method":"#getAriaLabelledBy","multiple":"true","type":"sap.ui.core.Control","description":"Association to controls / ids which label this control (see WAI-ARIA attribute aria-labelledby).","helpDescription":"Association to controls / ids which label this control (see WAI-ARIA attribute aria-labelledby).","Deprecated":false,"Experimental":false,"fullName":"sap.ui.unified.Calendar#ariaLabelledBy"}},"aggregations":{"selectedDates":{"method":"#getSelectedDates","multiple":"true","type":"sap.ui.unified.DateRange","description":"Date Ranges for selected dates of the DatePicker","helpDescription":"Date Ranges for selected dates of the DatePicker","Deprecated":false,"Experimental":false,"fullName":"sap.ui.unified.Calendar#selectedDates"},"specialDates":{"method":"#getSpecialDates","multiple":"true","type":"sap.ui.unified.DateTypeRange","description":"Date Range with type to visualize special days in the Calendar.\nIf one day is assigned to more than one Type, only the first one will be used.","helpDescription":"Date Range with type to visualize special days in the Calendar.\nIf one day is assigned to more than one Type, only the first one will be used.","Deprecated":false,"Experimental":false,"fullName":"sap.ui.unified.Calendar#specialDates"},"header":{"method":"#getHeader","multiple":"false","type":"sap.ui.unified.calendar.Header","description":"Hidden, for internal use only.","helpDescription":"Hidden, for internal use only.","Deprecated":false,"Experimental":false,"fullName":"sap.ui.unified.Calendar#header"},"month":{"method":"#getMonth","multiple":"true","type":"sap.ui.unified.calendar.Month","Deprecated":false,"Experimental":false,"fullName":"sap.ui.unified.Calendar#month"},"monthPicker":{"method":"#getMonthPicker","multiple":"false","type":"sap.ui.unified.calendar.MonthPicker","Deprecated":false,"Experimental":false,"fullName":"sap.ui.unified.Calendar#monthPicker"},"yearPicker":{"method":"#getYearPicker","multiple":"false","type":"sap.ui.unified.calendar.YearPicker","Deprecated":false,"Experimental":false,"fullName":"sap.ui.unified.Calendar#yearPicker"}},"events":{"cancel":{"method":"sap.ui.unified.Calendar#event:select","type":"fnListenerFunction or [fnListenerFunction, oListenerObject] or [oData, fnListenerFunction, oListenerObject]","description":"Date selection changed","helpDescription":"Date selection changed","Deprecated":false,"Experimental":false,"fullName":"sap.ui.unified.Calendar#select"},"select":{"method":"sap.ui.unified.Calendar#event:select","type":"fnListenerFunction or [fnListenerFunction, oListenerObject] or [oData, fnListenerFunction, oListenerObject]","description":"Date selection changed","helpDescription":"Date selection changed","Deprecated":false,"Experimental":false,"fullName":"sap.ui.unified.Calendar#select"}},"filetype":"class"},"sap.ui.unified.CalendarDateInterval":{"description":"Calendar with dates displayed in one line.","helpDescription":"Calendar with dates displayed in one line.","Deprecated":false,"Experimental":false,"extend":"sap.ui.unified.Calendar","properties":{"intervalSelection":{"method":"#getIntervalSelection","group":"Misc","type":"boolean","defaultValue":"false","description":"If set, interval selection is allowed","helpDescription":"If set, interval selection is allowed","Deprecated":false,"Experimental":false,"fullName":"sap.ui.unified.CalendarDateInterval#intervalSelection"},"singleSelection":{"method":"#getSingleSelection","group":"Misc","type":"boolean","defaultValue":"true","description":"If set, only a single date or interval, if intervalSelection is enabled, can be selected","helpDescription":"If set, only a single date or interval, if intervalSelection is enabled, can be selected","Deprecated":false,"Experimental":false,"fullName":"sap.ui.unified.CalendarDateInterval#singleSelection"},"months":{"method":"#getMonths","group":"Misc","type":"int","defaultValue":"1","description":"number of months displayed\non phones always only one month is displayed","helpDescription":"number of months displayed\non phones always only one month is displayed","Deprecated":false,"Experimental":false,"fullName":"sap.ui.unified.CalendarDateInterval#months"},"startDate":{"method":"#getStartDate","group":"Misc","type":"object","defaultValue":"null","description":"Start date of the Interval","helpDescription":"Start date of the Interval","Deprecated":false,"Experimental":false,"fullName":"sap.ui.unified.CalendarDateInterval#startDate"},"days":{"method":"#getDays","group":"Misc","type":"int","defaultValue":"7","description":"number of days displayed\non phones the maximum rendered number of days is 8.","helpDescription":"number of days displayed\non phones the maximum rendered number of days is 8.","Deprecated":false,"Experimental":false,"fullName":"sap.ui.unified.CalendarDateInterval#days"},"width":{"method":"#getWidth","group":"Dimension","type":"sap.ui.core.CSSSize","defaultValue":"null","description":"Width of Calendar","helpDescription":"Width of Calendar","Deprecated":false,"Experimental":false,"fullName":"sap.ui.unified.CalendarDateInterval#width"}},"associations":{"ariaLabelledBy":{"method":"#getAriaLabelledBy","multiple":"true","type":"sap.ui.core.Control","description":"Association to controls / ids which label this control (see WAI-ARIA attribute aria-labelledby).","helpDescription":"Association to controls / ids which label this control (see WAI-ARIA attribute aria-labelledby).","Deprecated":false,"Experimental":false,"fullName":"sap.ui.unified.CalendarDateInterval#ariaLabelledBy"}},"aggregations":{"selectedDates":{"method":"#getSelectedDates","multiple":"true","type":"sap.ui.unified.DateRange","description":"Date Ranges for selected dates of the DatePicker","helpDescription":"Date Ranges for selected dates of the DatePicker","Deprecated":false,"Experimental":false,"fullName":"sap.ui.unified.CalendarDateInterval#selectedDates"},"specialDates":{"method":"#getSpecialDates","multiple":"true","type":"sap.ui.unified.DateTypeRange","description":"Date Range with type to visualize special days in the Calendar.\nIf one day is assigned to more than one Type, only the first one will be used.","helpDescription":"Date Range with type to visualize special days in the Calendar.\nIf one day is assigned to more than one Type, only the first one will be used.","Deprecated":false,"Experimental":false,"fullName":"sap.ui.unified.CalendarDateInterval#specialDates"},"header":{"method":"#getHeader","multiple":"false","type":"sap.ui.unified.calendar.Header","description":"Hidden, for internal use only.","helpDescription":"Hidden, for internal use only.","Deprecated":false,"Experimental":false,"fullName":"sap.ui.unified.CalendarDateInterval#header"},"month":{"method":"#getMonth","multiple":"true","type":"sap.ui.unified.calendar.Month","Deprecated":false,"Experimental":false,"fullName":"sap.ui.unified.CalendarDateInterval#month"},"monthPicker":{"method":"#getMonthPicker","multiple":"false","type":"sap.ui.unified.calendar.MonthPicker","Deprecated":false,"Experimental":false,"fullName":"sap.ui.unified.CalendarDateInterval#monthPicker"},"yearPicker":{"method":"#getYearPicker","multiple":"false","type":"sap.ui.unified.calendar.YearPicker","Deprecated":false,"Experimental":false,"fullName":"sap.ui.unified.CalendarDateInterval#yearPicker"}},"events":{},"filetype":"class"},"sap.ui.unified.CalendarLegend":{"description":"A legend for the Calendar Control. Displays special dates colors with their corresponding description. The aggregation specialDates can be set herefor.","helpDescription":"A legend for the Calendar Control. Displays special dates colors with their corresponding description. The aggregation specialDates can be set herefor.","Deprecated":false,"Experimental":false,"extend":"sap.ui.core.Control","properties":{"columnWidth":{"method":"#getColumnWidth","group":"Misc","type":"sap.ui.core.CSSSize","defaultValue":"120px","description":"Width of the columns created in which the items are arranged.","helpDescription":"Width of the columns created in which the items are arranged.","Deprecated":false,"Experimental":false,"fullName":"sap.ui.unified.CalendarLegend#columnWidth"}},"associations":{},"aggregations":{"items":{"method":"#getItems","multiple":"true","type":"sap.ui.unified.CalendarLegendItem","description":"Items to be displayed.","helpDescription":"Items to be displayed.","Deprecated":false,"Experimental":false,"fullName":"sap.ui.unified.CalendarLegend#items"}},"events":{},"filetype":"class"},"sap.ui.unified.CalendarLegendItem":{"description":"Item to be displayed in a CalendarLegend.","helpDescription":"Item to be displayed in a CalendarLegend.","Deprecated":false,"Experimental":false,"extend":"sap.ui.core.Element","properties":{"text":{"method":"#getText","group":"Misc","type":"string","defaultValue":"null","description":"Text to be displayed for the item.","helpDescription":"Text to be displayed for the item.","Deprecated":false,"Experimental":false,"fullName":"sap.ui.unified.CalendarLegendItem#text"}},"associations":{},"aggregations":{},"events":{},"filetype":"class"},"sap.ui.unified.ContentSwitcher":{"description":"Switches between two control areas and animates it via CSS transitions","helpDescription":"<strong style=\"color: red;\">Experimental! </strong>","Deprecated":false,"Experimental":true,"extend":"sap.ui.core.Control","properties":{"animation":{"method":"#getAnimation","group":"Appearance","type":"string","defaultValue":"None","description":"Set the used animation when changing content. This just sets a CSS-class named \"sapUiUnifiedACSwitcherAnimation\" + this value on the root element of the control. The animation has to be implemented in CSS. This also enables applications to implement their own animations via CSS by reacting to the parent class.\nSee the types sap.ui.unified.ContentSwitcherAnimation for default implementations.","helpDescription":"Set the used animation when changing content. This just sets a CSS-class named \"sapUiUnifiedACSwitcherAnimation\" + this value on the root element of the control. The animation has to be implemented in CSS. This also enables applications to implement their own animations via CSS by reacting to the parent class.\nSee the types sap.ui.unified.ContentSwitcherAnimation for default implementations.","Deprecated":false,"Experimental":false,"fullName":"sap.ui.unified.ContentSwitcher#animation"},"activeContent":{"method":"#getActiveContent","group":"Behavior","type":"int","defaultValue":"1","description":"The number of the currently active content (1 or 2).","helpDescription":"The number of the currently active content (1 or 2).","Deprecated":false,"Experimental":false,"fullName":"sap.ui.unified.ContentSwitcher#activeContent"}},"associations":{},"aggregations":{"content1":{"method":"#getContent1","multiple":"true","type":"sap.ui.core.Control","description":"The controls that should be shown in the first content","helpDescription":"The controls that should be shown in the first content","Deprecated":false,"Experimental":false,"fullName":"sap.ui.unified.ContentSwitcher#content1"},"content2":{"method":"#getContent2","multiple":"true","type":"sap.ui.core.Control","description":"The controls that should be shown in the second content","helpDescription":"The controls that should be shown in the second content","Deprecated":false,"Experimental":false,"fullName":"sap.ui.unified.ContentSwitcher#content2"}},"events":{},"filetype":"class"},"sap.ui.unified.Currency":{"description":"A text view which displays currency values and aligns them at the separator","helpDescription":"A text view which displays currency values and aligns them at the separator","Deprecated":false,"Experimental":false,"extend":"sap.ui.core.Control","properties":{"value":{"method":"#getValue","group":"Appearance","type":"float","defaultValue":"0","description":"The currency value","helpDescription":"The currency value","Deprecated":false,"Experimental":false,"fullName":"sap.ui.unified.Currency#value"},"currency":{"method":"#getCurrency","group":"Appearance","type":"string","defaultValue":"null","description":"The ISO 4217 currency code","helpDescription":"The ISO 4217 currency code","Deprecated":false,"Experimental":false,"fullName":"sap.ui.unified.Currency#currency"},"maxPrecision":{"method":"#getMaxPrecision","group":"Appearance","type":"int","defaultValue":"3","description":"Defines the space that is available for the precision of the various currencies.","helpDescription":"Defines the space that is available for the precision of the various currencies.","Deprecated":false,"Experimental":false,"fullName":"sap.ui.unified.Currency#maxPrecision"},"useSymbol":{"method":"#getUseSymbol","group":"Appearance","type":"boolean","defaultValue":"true","description":"Show the currency symbol instead of the ISO currency code","helpDescription":"Show the currency symbol instead of the ISO currency code","Deprecated":false,"Experimental":false,"fullName":"sap.ui.unified.Currency#useSymbol"}},"associations":{},"aggregations":{},"events":{},"filetype":"class"},"sap.ui.unified.DateRange":{"description":"Date range for use in DatePicker","helpDescription":"Date range for use in DatePicker","Deprecated":false,"Experimental":false,"extend":"sap.ui.core.Element","properties":{"startDate":{"method":"#getStartDate","group":"Misc","type":"object","defaultValue":"null","description":"Start date for a date range. This must be a JavaScript date object.","helpDescription":"Start date for a date range. This must be a JavaScript date object.","Deprecated":false,"Experimental":false,"fullName":"sap.ui.unified.DateRange#startDate"},"endDate":{"method":"#getEndDate","group":"Misc","type":"object","defaultValue":"null","description":"Start date for a date range. If empty only a single date is presented by this DateRange element. This must be a JavaScript date object.","helpDescription":"Start date for a date range. If empty only a single date is presented by this DateRange element. This must be a JavaScript date object.","Deprecated":false,"Experimental":false,"fullName":"sap.ui.unified.DateRange#endDate"}},"associations":{},"aggregations":{},"events":{},"filetype":"class"},"sap.ui.unified.DateTypeRange":{"description":"Date range with calendar day type information. Used to visualize special days in the Calendar.","helpDescription":"Date range with calendar day type information. Used to visualize special days in the Calendar.","Deprecated":false,"Experimental":false,"extend":"sap.ui.unified.DateRange","properties":{"startDate":{"method":"#getStartDate","group":"Misc","type":"object","defaultValue":"null","description":"Start date for a date range. This must be a JavaScript date object.","helpDescription":"Start date for a date range. This must be a JavaScript date object.","Deprecated":false,"Experimental":false,"fullName":"sap.ui.unified.DateTypeRange#startDate"},"endDate":{"method":"#getEndDate","group":"Misc","type":"object","defaultValue":"null","description":"Start date for a date range. If empty only a single date is presented by this DateRange element. This must be a JavaScript date object.","helpDescription":"Start date for a date range. If empty only a single date is presented by this DateRange element. This must be a JavaScript date object.","Deprecated":false,"Experimental":false,"fullName":"sap.ui.unified.DateTypeRange#endDate"},"type":{"method":"#getType","group":"Appearance","type":"sap.ui.unified.CalendarDayType","defaultValue":"null","description":"Type of the dayte range.","helpDescription":"Type of the dayte range.","Deprecated":false,"Experimental":false,"fullName":"sap.ui.unified.DateTypeRange#type"}},"associations":{},"aggregations":{},"events":{},"filetype":"class"},"sap.ui.unified.FileUploader":{"description":"The framework generates an input field and a button with text \"Browse ...\". The API supports features such as on change uploads (the upload starts immediately after a file has been selected), file uploads with explicit calls, adjustable control sizes, text display after uploads, or tooltips containing complete file paths.","helpDescription":"The framework generates an input field and a button with text \"Browse ...\". The API supports features such as on change uploads (the upload starts immediately after a file has been selected), file uploads with explicit calls, adjustable control sizes, text display after uploads, or tooltips containing complete file paths.","Deprecated":false,"Experimental":false,"extend":"sap.ui.core.Control","properties":{"value":{"method":"#getValue","group":"Data","type":"string","description":"Value of the path for file upload.","helpDescription":"Value of the path for file upload.","Deprecated":false,"Experimental":false,"fullName":"sap.ui.unified.FileUploader#value"},"enabled":{"method":"#getEnabled","group":"Behavior","type":"boolean","defaultValue":"true","description":"Disabled controls have different colors, depending on customer settings.","helpDescription":"Disabled controls have different colors, depending on customer settings.","Deprecated":false,"Experimental":false,"fullName":"sap.ui.unified.FileUploader#enabled"},"uploadUrl":{"method":"#getUploadUrl","group":"Data","type":"sap.ui.core.URI","description":"Used when URL address is on a remote server.","helpDescription":"Used when URL address is on a remote server.","Deprecated":false,"Experimental":false,"fullName":"sap.ui.unified.FileUploader#uploadUrl"},"name":{"method":"#getName","group":"Data","type":"string","defaultValue":"null","description":"Unique control name for identification on the server side after sending data to the server.","helpDescription":"Unique control name for identification on the server side after sending data to the server.","Deprecated":false,"Experimental":false,"fullName":"sap.ui.unified.FileUploader#name"},"width":{"method":"#getWidth","group":"Misc","type":"sap.ui.core.CSSSize","description":"Specifies the displayed control width.","helpDescription":"Specifies the displayed control width.","Deprecated":false,"Experimental":false,"fullName":"sap.ui.unified.FileUploader#width"},"uploadOnChange":{"method":"#getUploadOnChange","group":"Behavior","type":"boolean","defaultValue":"false","description":"If set to \"true\", the upload immediately starts after file selection. With the default setting, the upload needs to be explicitly triggered.","helpDescription":"If set to \"true\", the upload immediately starts after file selection. With the default setting, the upload needs to be explicitly triggered.","Deprecated":false,"Experimental":false,"fullName":"sap.ui.unified.FileUploader#uploadOnChange"},"additionalData":{"method":"#getAdditionalData","group":"Data","type":"string","defaultValue":"null","description":"Additional data that is sent to the back end service. Data will be transmitted as value of a hidden input where the name is derived from the name property with suffix -data.","helpDescription":"Additional data that is sent to the back end service. Data will be transmitted as value of a hidden input where the name is derived from the name property with suffix -data.","Deprecated":false,"Experimental":false,"fullName":"sap.ui.unified.FileUploader#additionalData"},"sameFilenameAllowed":{"method":"#getSameFilenameAllowed","group":"Behavior","type":"boolean","defaultValue":"false","description":"If the FileUploader is configured to upload the file directly after the file is selected it is not allowed to upload a file with the same name again. If a user should be allowed to upload a file with the same name again this parameter has to be \"true\". A typical use case would be if the files have different paths.","helpDescription":"If the FileUploader is configured to upload the file directly after the file is selected it is not allowed to upload a file with the same name again. If a user should be allowed to upload a file with the same name again this parameter has to be \"true\". A typical use case would be if the files have different paths.","Deprecated":false,"Experimental":false,"fullName":"sap.ui.unified.FileUploader#sameFilenameAllowed"},"buttonText":{"method":"#getButtonText","group":"Misc","type":"string","defaultValue":"null","description":"The Button text can be overwritten using this property.","helpDescription":"The Button text can be overwritten using this property.","Deprecated":false,"Experimental":false,"fullName":"sap.ui.unified.FileUploader#buttonText"},"fileType":{"method":"#getFileType","group":"Data","type":"string[]","defaultValue":"null","description":"The chosen files will be checked against an array of file types. If at least one file does not fit the file type restriction the upload is prevented.\nExample: [\"jpg\", \"png\", \"bmp\"].","helpDescription":"The chosen files will be checked against an array of file types. If at least one file does not fit the file type restriction the upload is prevented.\nExample: [\"jpg\", \"png\", \"bmp\"].","Deprecated":false,"Experimental":false,"fullName":"sap.ui.unified.FileUploader#fileType"},"multiple":{"method":"#getMultiple","group":"Behavior","type":"boolean","defaultValue":"false","description":"Allows multiple files to be chosen and uploaded from the same folder. This property is not supported by Internet Explorer 9.","helpDescription":"Allows multiple files to be chosen and uploaded from the same folder. This property is not supported by Internet Explorer 9.","Deprecated":false,"Experimental":false,"fullName":"sap.ui.unified.FileUploader#multiple"},"maximumFileSize":{"method":"#getMaximumFileSize","group":"Data","type":"float","defaultValue":"null","description":"A file size limit in megabytes which prevents the upload if at least one file exceeds it. This property is not supported by Internet Explorer 9.","helpDescription":"A file size limit in megabytes which prevents the upload if at least one file exceeds it. This property is not supported by Internet Explorer 9.","Deprecated":false,"Experimental":false,"fullName":"sap.ui.unified.FileUploader#maximumFileSize"},"mimeType":{"method":"#getMimeType","group":"Data","type":"string[]","defaultValue":"null","description":"The chosen files will be checked against an array of mime types. If at least one file does not fit the mime type restriction the upload is prevented. This property is not supported by Internet Explorer 9.\nExample: mimeType [\"image/png\", \"image/jpeg\"].","helpDescription":"The chosen files will be checked against an array of mime types. If at least one file does not fit the mime type restriction the upload is prevented. This property is not supported by Internet Explorer 9.\nExample: mimeType [\"image/png\", \"image/jpeg\"].","Deprecated":false,"Experimental":false,"fullName":"sap.ui.unified.FileUploader#mimeType"},"sendXHR":{"method":"#getSendXHR","group":"Behavior","type":"boolean","defaultValue":"false","description":"If set to \"true\", the request will be sent as XHR request instead of a form submit. This property is not supported by Internet Explorer 9.","helpDescription":"If set to \"true\", the request will be sent as XHR request instead of a form submit. This property is not supported by Internet Explorer 9.","Deprecated":false,"Experimental":false,"fullName":"sap.ui.unified.FileUploader#sendXHR"},"placeholder":{"method":"#getPlaceholder","group":"Appearance","type":"string","defaultValue":"null","description":"Placeholder for the text field.","helpDescription":"Placeholder for the text field.","Deprecated":false,"Experimental":false,"fullName":"sap.ui.unified.FileUploader#placeholder"},"style":{"method":"#getStyle","group":"Appearance","type":"string","defaultValue":"null","description":"Style of the button. \"Transparent, \"Accept\", \"Reject\", or \"Emphasized\" is allowed.","helpDescription":"Style of the button. \"Transparent, \"Accept\", \"Reject\", or \"Emphasized\" is allowed.","Deprecated":false,"Experimental":false,"fullName":"sap.ui.unified.FileUploader#style"},"buttonOnly":{"method":"#getButtonOnly","group":"Appearance","type":"boolean","defaultValue":"false","description":"If set to \"true\", the FileUploader will be rendered as Button only, without showing the InputField.","helpDescription":"If set to \"true\", the FileUploader will be rendered as Button only, without showing the InputField.","Deprecated":false,"Experimental":false,"fullName":"sap.ui.unified.FileUploader#buttonOnly"},"useMultipart":{"method":"#getUseMultipart","group":"Behavior","type":"boolean","defaultValue":"true","description":"If set to \"false\", the request will be sent as file only request instead of a multipart/form-data request. Only one file could be uploaded using this type of request. Required for sending such a request is to set the property \"sendXHR\" to \"true\". This property is not supported by Internet Explorer 9.","helpDescription":"If set to \"false\", the request will be sent as file only request instead of a multipart/form-data request. Only one file could be uploaded using this type of request. Required for sending such a request is to set the property \"sendXHR\" to \"true\". This property is not supported by Internet Explorer 9.","Deprecated":false,"Experimental":false,"fullName":"sap.ui.unified.FileUploader#useMultipart"},"maximumFilenameLength":{"method":"#getMaximumFilenameLength","group":"Data","type":"int","defaultValue":"null","description":"The maximum length of a filename which the FileUploader will accept. If the maximum filename length is exceeded, the corresponding Event 'filenameLengthExceed' is fired.","helpDescription":"The maximum length of a filename which the FileUploader will accept. If the maximum filename length is exceeded, the corresponding Event 'filenameLengthExceed' is fired.","Deprecated":false,"Experimental":false,"fullName":"sap.ui.unified.FileUploader#maximumFilenameLength"},"valueState":{"method":"#getValueState","group":"Data","type":"sap.ui.core.ValueState","defaultValue":"None","description":"Visualizes warnings or errors related to the text field. Possible values: Warning, Error, Success, None.","helpDescription":"Visualizes warnings or errors related to the text field. Possible values: Warning, Error, Success, None.","Deprecated":false,"Experimental":false,"fullName":"sap.ui.unified.FileUploader#valueState"},"icon":{"method":"#getIcon","group":"Appearance","type":"sap.ui.core.URI","description":"Icon to be displayed as graphical element within the button.\nThis can be an URI to an image or an icon font URI.","helpDescription":"Icon to be displayed as graphical element within the button.\nThis can be an URI to an image or an icon font URI.","Deprecated":false,"Experimental":false,"fullName":"sap.ui.unified.FileUploader#icon"},"iconHovered":{"method":"#getIconHovered","group":"Appearance","type":"sap.ui.core.URI","description":"Icon to be displayed as graphical element within the button when it is hovered (only if also a base icon was specified). If not specified the base icon is used.\nIf a icon font icon is used, this property is ignored.","helpDescription":"Icon to be displayed as graphical element within the button when it is hovered (only if also a base icon was specified). If not specified the base icon is used.\nIf a icon font icon is used, this property is ignored.","Deprecated":false,"Experimental":false,"fullName":"sap.ui.unified.FileUploader#iconHovered"},"iconSelected":{"method":"#getIconSelected","group":"Appearance","type":"sap.ui.core.URI","description":"Icon to be displayed as graphical element within the button when it is selected (only if also a base icon was specified). If not specified the base or hovered icon is used.\nIf a icon font icon is used, this property is ignored.","helpDescription":"Icon to be displayed as graphical element within the button when it is selected (only if also a base icon was specified). If not specified the base or hovered icon is used.\nIf a icon font icon is used, this property is ignored.","Deprecated":false,"Experimental":false,"fullName":"sap.ui.unified.FileUploader#iconSelected"},"iconFirst":{"method":"#getIconFirst","group":"Appearance","type":"boolean","defaultValue":"true","description":"If set to true (default), the display sequence is 1. icon 2. control text.","helpDescription":"If set to true (default), the display sequence is 1. icon 2. control text.","Deprecated":false,"Experimental":false,"fullName":"sap.ui.unified.FileUploader#iconFirst"},"iconOnly":{"method":"#getIconOnly","group":"Appearance","type":"boolean","defaultValue":"false","description":"If set to true, the button is displayed without any text.","helpDescription":"If set to true, the button is displayed without any text.","Deprecated":false,"Experimental":false,"fullName":"sap.ui.unified.FileUploader#iconOnly"}},"associations":{},"aggregations":{"parameters":{"method":"#getParameters","multiple":"true","type":"sap.ui.unified.FileUploaderParameter","description":"The parameters for the FileUploader which are rendered as a hidden inputfield.","helpDescription":"The parameters for the FileUploader which are rendered as a hidden inputfield.","Deprecated":false,"Experimental":false,"fullName":"sap.ui.unified.FileUploader#parameters"},"headerParameters":{"method":"#getHeaderParameters","multiple":"true","type":"sap.ui.unified.FileUploaderParameter","description":"The header parameters for the FileUploader which are only submitted with XHR requests. Header parameters are not supported by Internet Explorer 9.","helpDescription":"The header parameters for the FileUploader which are only submitted with XHR requests. Header parameters are not supported by Internet Explorer 9.","Deprecated":false,"Experimental":false,"fullName":"sap.ui.unified.FileUploader#headerParameters"}},"events":{"change":{"method":"sap.ui.unified.FileUploader#event:uploadStart","type":"fnListenerFunction or [fnListenerFunction, oListenerObject] or [oData, fnListenerFunction, oListenerObject]","description":"Event is fired before an upload is started.","helpDescription":"Event is fired before an upload is started.","Deprecated":false,"Experimental":false,"fullName":"sap.ui.unified.FileUploader#uploadStart"},"fileAllowed":{"method":"sap.ui.unified.FileUploader#event:uploadStart","type":"fnListenerFunction or [fnListenerFunction, oListenerObject] or [oData, fnListenerFunction, oListenerObject]","description":"Event is fired before an upload is started.","helpDescription":"Event is fired before an upload is started.","Deprecated":false,"Experimental":false,"fullName":"sap.ui.unified.FileUploader#uploadStart"},"filenameLengthExceed":{"method":"sap.ui.unified.FileUploader#event:uploadStart","type":"fnListenerFunction or [fnListenerFunction, oListenerObject] or [oData, fnListenerFunction, oListenerObject]","description":"Event is fired before an upload is started.","helpDescription":"Event is fired before an upload is started.","Deprecated":false,"Experimental":false,"fullName":"sap.ui.unified.FileUploader#uploadStart"},"fileSizeExceed":{"method":"sap.ui.unified.FileUploader#event:uploadStart","type":"fnListenerFunction or [fnListenerFunction, oListenerObject] or [oData, fnListenerFunction, oListenerObject]","description":"Event is fired before an upload is started.","helpDescription":"Event is fired before an upload is started.","Deprecated":false,"Experimental":false,"fullName":"sap.ui.unified.FileUploader#uploadStart"},"typeMissmatch":{"method":"sap.ui.unified.FileUploader#event:uploadStart","type":"fnListenerFunction or [fnListenerFunction, oListenerObject] or [oData, fnListenerFunction, oListenerObject]","description":"Event is fired before an upload is started.","helpDescription":"Event is fired before an upload is started.","Deprecated":false,"Experimental":false,"fullName":"sap.ui.unified.FileUploader#uploadStart"},"uploadAborted":{"method":"sap.ui.unified.FileUploader#event:uploadStart","type":"fnListenerFunction or [fnListenerFunction, oListenerObject] or [oData, fnListenerFunction, oListenerObject]","description":"Event is fired before an upload is started.","helpDescription":"Event is fired before an upload is started.","Deprecated":false,"Experimental":false,"fullName":"sap.ui.unified.FileUploader#uploadStart"},"uploadComplete":{"method":"sap.ui.unified.FileUploader#event:uploadStart","type":"fnListenerFunction or [fnListenerFunction, oListenerObject] or [oData, fnListenerFunction, oListenerObject]","description":"Event is fired before an upload is started.","helpDescription":"Event is fired before an upload is started.","Deprecated":false,"Experimental":false,"fullName":"sap.ui.unified.FileUploader#uploadStart"},"uploadProgress":{"method":"sap.ui.unified.FileUploader#event:uploadStart","type":"fnListenerFunction or [fnListenerFunction, oListenerObject] or [oData, fnListenerFunction, oListenerObject]","description":"Event is fired before an upload is started.","helpDescription":"Event is fired before an upload is started.","Deprecated":false,"Experimental":false,"fullName":"sap.ui.unified.FileUploader#uploadStart"},"uploadStart":{"method":"sap.ui.unified.FileUploader#event:uploadStart","type":"fnListenerFunction or [fnListenerFunction, oListenerObject] or [oData, fnListenerFunction, oListenerObject]","description":"Event is fired before an upload is started.","helpDescription":"Event is fired before an upload is started.","Deprecated":false,"Experimental":false,"fullName":"sap.ui.unified.FileUploader#uploadStart"}},"filetype":"class"},"sap.ui.unified.FileUploaderParameter":{"description":"Represents a parameter for the FileUploader which is rendered as a hidden inputfield.","helpDescription":"Represents a parameter for the FileUploader which is rendered as a hidden inputfield.","Deprecated":false,"Experimental":false,"extend":"sap.ui.core.Element","properties":{"name":{"method":"#getName","group":"Data","type":"string","defaultValue":"null","description":"The name of the hidden inputfield.","helpDescription":"The name of the hidden inputfield.","Deprecated":false,"Experimental":false,"fullName":"sap.ui.unified.FileUploaderParameter#name"},"value":{"method":"#getValue","group":"Data","type":"string","defaultValue":"null","description":"The value of the hidden inputfield.","helpDescription":"The value of the hidden inputfield.","Deprecated":false,"Experimental":false,"fullName":"sap.ui.unified.FileUploaderParameter#value"}},"associations":{},"aggregations":{},"events":{},"filetype":"class"},"sap.ui.unified.Menu":{"description":"A container for menu items. When the space in the browser is not large enough to display all defined items, a scroll bar is provided.","helpDescription":"A container for menu items. When the space in the browser is not large enough to display all defined items, a scroll bar is provided.","Deprecated":false,"Experimental":false,"extend":"sap.ui.core.Control","properties":{"enabled":{"method":"#getEnabled","group":"Behavior","type":"boolean","defaultValue":"true","description":"\nDisabled menus have other colors than enabled ones, depending on customer settings.","helpDescription":"\nDisabled menus have other colors than enabled ones, depending on customer settings.","Deprecated":false,"Experimental":false,"fullName":"sap.ui.unified.Menu#enabled"},"ariaDescription":{"method":"#getAriaDescription","group":"Accessibility","type":"string","defaultValue":"null","description":"<strong style=\"color: red;\">Deprecated! </strong>Since 1.27.0 Please use association ariaLabelledBy instead.<br>\nThe label/description provided for screen readers","helpDescription":"<strong style=\"color: red;\">Deprecated! </strong>Since 1.27.0 Please use association ariaLabelledBy instead.<br>\nThe label/description provided for screen readers","Deprecated":true,"Experimental":false,"fullName":"sap.ui.unified.Menu#ariaDescription"},"maxVisibleItems":{"method":"#getMaxVisibleItems","group":"Behavior","type":"int","defaultValue":"0","description":"\nMax. number of items to be displayed before an overflow mechanimn appears. Values smaller than 1 mean infinite number of visible items.\nThe menu can not become larger than the screen height.","helpDescription":"\nMax. number of items to be displayed before an overflow mechanimn appears. Values smaller than 1 mean infinite number of visible items.\nThe menu can not become larger than the screen height.","Deprecated":false,"Experimental":false,"fullName":"sap.ui.unified.Menu#maxVisibleItems"},"pageSize":{"method":"#getPageSize","group":"Behavior","type":"int","defaultValue":"5","description":"\nThe number of items to be shifted up or down upon Page-up or Page-up key navigation. Values smaller than 1 mean infinite number of page items.","helpDescription":"\nThe number of items to be shifted up or down upon Page-up or Page-up key navigation. Values smaller than 1 mean infinite number of page items.","Deprecated":false,"Experimental":false,"fullName":"sap.ui.unified.Menu#pageSize"}},"associations":{"ariaLabelledBy":{"method":"#getAriaLabelledBy","multiple":"true","type":"sap.ui.core.Control","description":"Association to controls / ids which label this control (see WAI-ARIA attribute aria-labelledby).","helpDescription":"Association to controls / ids which label this control (see WAI-ARIA attribute aria-labelledby).","Deprecated":false,"Experimental":false,"fullName":"sap.ui.unified.Menu#ariaLabelledBy"}},"aggregations":{"items":{"method":"#getItems","multiple":"true","type":"sap.ui.unified.MenuItemBase","description":"Aggregation of menu items","helpDescription":"Aggregation of menu items","Deprecated":false,"Experimental":false,"fullName":"sap.ui.unified.Menu#items"}},"events":{"itemSelect":{"method":"sap.ui.unified.Menu#event:itemSelect","type":"fnListenerFunction or [fnListenerFunction, oListenerObject] or [oData, fnListenerFunction, oListenerObject]","description":"\nProvides the application an alternative option to listen to select events. This event is only fired on the root menu of a menu hierarchy.\nNote that there is also a select event available for MenuItem; if the current event is used, the select event of a MenuItem becomes redundant.","helpDescription":"\nProvides the application an alternative option to listen to select events. This event is only fired on the root menu of a menu hierarchy.\nNote that there is also a select event available for MenuItem; if the current event is used, the select event of a MenuItem becomes redundant.","Deprecated":false,"Experimental":false,"fullName":"sap.ui.unified.Menu#itemSelect"}},"filetype":"class"},"sap.ui.unified.MenuItem":{"description":"Smallest unit in the menu hierarchy. An item can be a direct part of a menu bar, of a menu, or of a sub menu.","helpDescription":"Smallest unit in the menu hierarchy. An item can be a direct part of a menu bar, of a menu, or of a sub menu.","Deprecated":false,"Experimental":false,"extend":"sap.ui.unified.MenuItemBase","properties":{"enabled":{"method":"#getEnabled","group":"Behavior","type":"boolean","defaultValue":"true","description":"\nDisabled items have different colors, depending on customer settings.","helpDescription":"\nDisabled items have different colors, depending on customer settings.","Deprecated":false,"Experimental":false,"fullName":"sap.ui.unified.MenuItem#enabled"},"visible":{"method":"#getVisible","group":"Behavior","type":"boolean","defaultValue":"true","description":"\nInvisible controls are not rendered.","helpDescription":"\nInvisible controls are not rendered.","Deprecated":false,"Experimental":false,"fullName":"sap.ui.unified.MenuItem#visible"},"startsSection":{"method":"#getStartsSection","group":"Behavior","type":"boolean","defaultValue":"false","description":"\nIf set to true, a divider is displayed before the item","helpDescription":"\nIf set to true, a divider is displayed before the item","Deprecated":false,"Experimental":false,"fullName":"sap.ui.unified.MenuItem#startsSection"},"text":{"method":"#getText","group":"Appearance","type":"string","description":"\nItem text","helpDescription":"\nItem text","Deprecated":false,"Experimental":false,"fullName":"sap.ui.unified.MenuItem#text"},"icon":{"method":"#getIcon","group":"Appearance","type":"sap.ui.core.URI","description":"\nIcon to be displayed","helpDescription":"\nIcon to be displayed","Deprecated":false,"Experimental":false,"fullName":"sap.ui.unified.MenuItem#icon"}},"associations":{},"aggregations":{"submenu":{"method":"#getSubmenu","multiple":"false","type":"sap.ui.unified.Menu","description":"Aggregation of a menu item's sub menu.","helpDescription":"Aggregation of a menu item's sub menu.","Deprecated":false,"Experimental":false,"fullName":"sap.ui.unified.MenuItem#submenu"}},"events":{},"filetype":"class"},"sap.ui.unified.MenuItemBase":{"description":"Provides the standard properties for menu items.","helpDescription":"Provides the standard properties for menu items.","Deprecated":false,"Experimental":false,"extend":"sap.ui.core.Element","properties":{"enabled":{"method":"#getEnabled","group":"Behavior","type":"boolean","defaultValue":"true","description":"\nDisabled items have different colors, depending on customer settings.","helpDescription":"\nDisabled items have different colors, depending on customer settings.","Deprecated":false,"Experimental":false,"fullName":"sap.ui.unified.MenuItemBase#enabled"},"visible":{"method":"#getVisible","group":"Behavior","type":"boolean","defaultValue":"true","description":"\nInvisible controls are not rendered.","helpDescription":"\nInvisible controls are not rendered.","Deprecated":false,"Experimental":false,"fullName":"sap.ui.unified.MenuItemBase#visible"},"startsSection":{"method":"#getStartsSection","group":"Behavior","type":"boolean","defaultValue":"false","description":"\nIf set to true, a divider is displayed before the item","helpDescription":"\nIf set to true, a divider is displayed before the item","Deprecated":false,"Experimental":false,"fullName":"sap.ui.unified.MenuItemBase#startsSection"}},"associations":{},"aggregations":{"submenu":{"method":"#getSubmenu","multiple":"false","type":"sap.ui.unified.Menu","description":"Aggregation of a menu item's sub menu.","helpDescription":"Aggregation of a menu item's sub menu.","Deprecated":false,"Experimental":false,"fullName":"sap.ui.unified.MenuItemBase#submenu"}},"events":{"select":{"method":"sap.ui.unified.MenuItemBase#event:select","type":"fnListenerFunction or [fnListenerFunction, oListenerObject] or [oData, fnListenerFunction, oListenerObject]","description":"Event is fired when an item is selected. The event is also available for items having a sub menu.\nA mouse click or space bar click on a sub menu item fires the event.","helpDescription":"Event is fired when an item is selected. The event is also available for items having a sub menu.\nA mouse click or space bar click on a sub menu item fires the event.","Deprecated":false,"Experimental":false,"fullName":"sap.ui.unified.MenuItemBase#select"}},"filetype":"class"},"sap.ui.unified.MenuTextFieldItem":{"description":"Menu item which contains an text field. This menu item is e.g. helpful for filters.\nThe aggregation 'submenu' (inherited from parent class) is not supported for this type of menu item.","helpDescription":"Menu item which contains an text field. This menu item is e.g. helpful for filters.\nThe aggregation 'submenu' (inherited from parent class) is not supported for this type of menu item.","Deprecated":false,"Experimental":false,"extend":"sap.ui.unified.MenuItemBase","properties":{"enabled":{"method":"#getEnabled","group":"Behavior","type":"boolean","defaultValue":"true","description":"\nDisabled items have different colors, depending on customer settings.","helpDescription":"\nDisabled items have different colors, depending on customer settings.","Deprecated":false,"Experimental":false,"fullName":"sap.ui.unified.MenuTextFieldItem#enabled"},"visible":{"method":"#getVisible","group":"Behavior","type":"boolean","defaultValue":"true","description":"\nInvisible controls are not rendered.","helpDescription":"\nInvisible controls are not rendered.","Deprecated":false,"Experimental":false,"fullName":"sap.ui.unified.MenuTextFieldItem#visible"},"startsSection":{"method":"#getStartsSection","group":"Behavior","type":"boolean","defaultValue":"false","description":"\nIf set to true, a divider is displayed before the item","helpDescription":"\nIf set to true, a divider is displayed before the item","Deprecated":false,"Experimental":false,"fullName":"sap.ui.unified.MenuTextFieldItem#startsSection"},"label":{"method":"#getLabel","group":"Appearance","type":"string","defaultValue":"null","description":"The label of the contained text field.","helpDescription":"The label of the contained text field.","Deprecated":false,"Experimental":false,"fullName":"sap.ui.unified.MenuTextFieldItem#label"},"icon":{"method":"#getIcon","group":"Appearance","type":"sap.ui.core.URI","defaultValue":"null","description":"Icon to be displayed.","helpDescription":"Icon to be displayed.","Deprecated":false,"Experimental":false,"fullName":"sap.ui.unified.MenuTextFieldItem#icon"},"value":{"method":"#getValue","group":"Misc","type":"string","defaultValue":"null","description":"Value of the contained text field.","helpDescription":"Value of the contained text field.","Deprecated":false,"Experimental":false,"fullName":"sap.ui.unified.MenuTextFieldItem#value"},"valueState":{"method":"#getValueState","group":"Appearance","type":"sap.ui.core.ValueState","defaultValue":"None","description":"Visualizes warnings or errors.","helpDescription":"Visualizes warnings or errors.","Deprecated":false,"Experimental":false,"fullName":"sap.ui.unified.MenuTextFieldItem#valueState"}},"associations":{},"aggregations":{"submenu":{"method":"#getSubmenu","multiple":"false","type":"sap.ui.unified.Menu","description":"Aggregation of a menu item's sub menu.","helpDescription":"Aggregation of a menu item's sub menu.","Deprecated":false,"Experimental":false,"fullName":"sap.ui.unified.MenuTextFieldItem#submenu"}},"events":{},"filetype":"class"},"sap.ui.unified.Shell":{"description":"The shell control is meant as root control (full-screen) of an application.\nIt was build as root control of the Fiori Launchpad application and provides the basic capabilities\nfor this purpose. Do not use this control within applications which run inside the Fiori Lauchpad and\ndo not use it for other scenarios than the root control usecase.","helpDescription":"The shell control is meant as root control (full-screen) of an application.\nIt was build as root control of the Fiori Launchpad application and provides the basic capabilities\nfor this purpose. Do not use this control within applications which run inside the Fiori Lauchpad and\ndo not use it for other scenarios than the root control usecase.","Deprecated":false,"Experimental":false,"extend":"sap.ui.unified.ShellLayout","properties":{"showPane":{"method":"#getShowPane","group":"Appearance","type":"boolean","defaultValue":"false","description":"Shows / Hides the side pane.","helpDescription":"Shows / Hides the side pane.","Deprecated":false,"Experimental":false,"fullName":"sap.ui.unified.Shell#showPane"},"headerHiding":{"method":"#getHeaderHiding","group":"Appearance","type":"boolean","defaultValue":"false","description":"Whether the header can be hidden (manually or automatically). This feature is only available when touch events are supported.","helpDescription":"Whether the header can be hidden (manually or automatically). This feature is only available when touch events are supported.","Deprecated":false,"Experimental":false,"fullName":"sap.ui.unified.Shell#headerHiding"},"headerVisible":{"method":"#getHeaderVisible","group":"Appearance","type":"boolean","defaultValue":"true","description":"If set to false, no header (and no items, search, ...) is shown.","helpDescription":"If set to false, no header (and no items, search, ...) is shown.","Deprecated":false,"Experimental":false,"fullName":"sap.ui.unified.Shell#headerVisible"},"icon":{"method":"#getIcon","group":"Appearance","type":"sap.ui.core.URI","defaultValue":"null","description":"The application icon. If a custom header is set this property has no effect.","helpDescription":"The application icon. If a custom header is set this property has no effect.","Deprecated":false,"Experimental":false,"fullName":"sap.ui.unified.Shell#icon"},"showCurtain":{"method":"#getShowCurtain","group":"Appearance","type":"boolean","defaultValue":"null","description":"<strong style=\"color: red;\">Deprecated! </strong>Since 1.16.3 Curtain is deprecated and replaced by ShellOverlay mechanism.<br>Shows / Hides the curtain.","helpDescription":"<strong style=\"color: red;\">Deprecated! </strong>Since 1.16.3 Curtain is deprecated and replaced by ShellOverlay mechanism.<br>Shows / Hides the curtain.","Deprecated":true,"Experimental":false,"fullName":"sap.ui.unified.Shell#showCurtain"},"showCurtainPane":{"method":"#getShowCurtainPane","group":"Appearance","type":"boolean","defaultValue":"null","description":"<strong style=\"color: red;\">Deprecated! </strong>Since 1.16.3 Curtain is deprecated and replaced by ShellOverlay mechanism.<br>Shows / Hides the side pane on the curtain.","helpDescription":"<strong style=\"color: red;\">Deprecated! </strong>Since 1.16.3 Curtain is deprecated and replaced by ShellOverlay mechanism.<br>Shows / Hides the side pane on the curtain.","Deprecated":true,"Experimental":false,"fullName":"sap.ui.unified.Shell#showCurtainPane"},"searchVisible":{"method":"#getSearchVisible","group":"Appearance","type":"boolean","defaultValue":"true","description":"If set to false, the search area (aggregation 'search') is hidden. If a custom header is set this property has no effect.","helpDescription":"If set to false, the search area (aggregation 'search') is hidden. If a custom header is set this property has no effect.","Deprecated":false,"Experimental":false,"fullName":"sap.ui.unified.Shell#searchVisible"}},"associations":{},"aggregations":{"content":{"method":"#getContent","multiple":"true","type":"sap.ui.core.Control","description":"The content to appear in the main canvas.","helpDescription":"The content to appear in the main canvas.","Deprecated":false,"Experimental":false,"fullName":"sap.ui.unified.Shell#content"},"paneContent":{"method":"#getPaneContent","multiple":"true","type":"sap.ui.core.Control","description":"The content to appear in the pane area.","helpDescription":"The content to appear in the pane area.","Deprecated":false,"Experimental":false,"fullName":"sap.ui.unified.Shell#paneContent"},"header":{"method":"#getHeader","multiple":"false","type":"sap.ui.core.Control","description":"The control to appear in the header area.","helpDescription":"The control to appear in the header area.","Deprecated":false,"Experimental":false,"fullName":"sap.ui.unified.Shell#header"},"canvasSplitContainer":{"method":"#getCanvasSplitContainer","multiple":"false","type":"sap.ui.unified.SplitContainer","description":"Private storage for the internal split container for the canvas.","helpDescription":"Private storage for the internal split container for the canvas.","Deprecated":false,"Experimental":false,"fullName":"sap.ui.unified.Shell#canvasSplitContainer"},"curtainSplitContainer":{"method":"#getCurtainSplitContainer","multiple":"false","type":"sap.ui.unified.SplitContainer","description":"Private storage for the internal split container for the curtain.","helpDescription":"Private storage for the internal split container for the curtain.","Deprecated":false,"Experimental":false,"fullName":"sap.ui.unified.Shell#curtainSplitContainer"},"curtainContent":{"method":"#getCurtainContent","multiple":"true","type":"sap.ui.core.Control","description":"The content to appear in the curtain area.","helpDescription":"The content to appear in the curtain area.","Deprecated":false,"Experimental":false,"fullName":"sap.ui.unified.Shell#curtainContent"},"curtainPaneContent":{"method":"#getCurtainPaneContent","multiple":"true","type":"sap.ui.core.Control","description":"The content to appear in the pane area of the curtain.","helpDescription":"The content to appear in the pane area of the curtain.","Deprecated":false,"Experimental":false,"fullName":"sap.ui.unified.Shell#curtainPaneContent"},"headItems":{"method":"#getHeadItems","multiple":"true","type":"sap.ui.unified.ShellHeadItem","description":"The buttons shown in the begin (left in left-to-right case) of the Shell header. Currently max. 3 visible buttons are supported. If a custom header is set this aggregation has no effect.","helpDescription":"The buttons shown in the begin (left in left-to-right case) of the Shell header. Currently max. 3 visible buttons are supported. If a custom header is set this aggregation has no effect.","Deprecated":false,"Experimental":false,"fullName":"sap.ui.unified.Shell#headItems"},"headEndItems":{"method":"#getHeadEndItems","multiple":"true","type":"sap.ui.unified.ShellHeadItem","description":"The buttons shown in the end (right in left-to-right case) of the Shell header. Currently max. 3 visible buttons are supported (when user is set only 1). If a custom header is set this aggregation has no effect.","helpDescription":"The buttons shown in the end (right in left-to-right case) of the Shell header. Currently max. 3 visible buttons are supported (when user is set only 1). If a custom header is set this aggregation has no effect.","Deprecated":false,"Experimental":false,"fullName":"sap.ui.unified.Shell#headEndItems"},"search":{"method":"#getSearch","multiple":"false","type":"sap.ui.core.Control","description":"Experimental (This aggregation might change in future!): The search control which should be displayed in the shell header. If a custom header is set this aggregation has no effect.","helpDescription":"Experimental (This aggregation might change in future!): The search control which should be displayed in the shell header. If a custom header is set this aggregation has no effect.","Deprecated":false,"Experimental":false,"fullName":"sap.ui.unified.Shell#search"},"user":{"method":"#getUser","multiple":"false","type":"sap.ui.unified.ShellHeadUserItem","description":"The user item which is rendered in the shell header beside the items. If a custom header is set this aggregation has no effect.","helpDescription":"The user item which is rendered in the shell header beside the items. If a custom header is set this aggregation has no effect.","Deprecated":false,"Experimental":false,"fullName":"sap.ui.unified.Shell#user"}},"events":{},"filetype":"class"},"sap.ui.unified.ShellHeadItem":{"description":"Header Action item of the Shell.","helpDescription":"Header Action item of the Shell.","Deprecated":false,"Experimental":false,"extend":"sap.ui.core.Element","properties":{"startsSection":{"method":"#getStartsSection","group":"Appearance","type":"boolean","defaultValue":"false","description":"<strong style=\"color: red;\">Deprecated! </strong>Since 1.18 Dividers are not supported anymore.<br>If set to true, a divider is displayed before the item.","helpDescription":"<strong style=\"color: red;\">Deprecated! </strong>Since 1.18 Dividers are not supported anymore.<br>If set to true, a divider is displayed before the item.","Deprecated":true,"Experimental":false,"fullName":"sap.ui.unified.ShellHeadItem#startsSection"},"showSeparator":{"method":"#getShowSeparator","group":"Appearance","type":"boolean","defaultValue":"true","description":"If set to true, a separator is displayed after the item.","helpDescription":"If set to true, a separator is displayed after the item.","Deprecated":false,"Experimental":false,"fullName":"sap.ui.unified.ShellHeadItem#showSeparator"},"selected":{"method":"#getSelected","group":"Appearance","type":"boolean","defaultValue":"false","description":"If set to true, the item gets a special design.","helpDescription":"If set to true, the item gets a special design.","Deprecated":false,"Experimental":false,"fullName":"sap.ui.unified.ShellHeadItem#selected"},"showMarker":{"method":"#getShowMarker","group":"Appearance","type":"boolean","defaultValue":"false","description":"<strong style=\"color: red;\">Deprecated! </strong>Since 1.18 Markers should not be used anymore.<br>If set to true, a theme dependent marker is shown on the item.","helpDescription":"<strong style=\"color: red;\">Deprecated! </strong>Since 1.18 Markers should not be used anymore.<br>If set to true, a theme dependent marker is shown on the item.","Deprecated":true,"Experimental":false,"fullName":"sap.ui.unified.ShellHeadItem#showMarker"},"icon":{"method":"#getIcon","group":"Appearance","type":"sap.ui.core.URI","defaultValue":"null","description":"The icon of the item, either defined in the sap.ui.core.IconPool or an URI to a custom image. An icon must be set.","helpDescription":"The icon of the item, either defined in the sap.ui.core.IconPool or an URI to a custom image. An icon must be set.","Deprecated":false,"Experimental":false,"fullName":"sap.ui.unified.ShellHeadItem#icon"},"visible":{"method":"#getVisible","group":"Appearance","type":"boolean","defaultValue":"true","description":"Invisible items are not shown on the UI.","helpDescription":"Invisible items are not shown on the UI.","Deprecated":false,"Experimental":false,"fullName":"sap.ui.unified.ShellHeadItem#visible"}},"associations":{"ariaLabelledBy":{"method":"#getAriaLabelledBy","multiple":"true","type":"sap.ui.core.Control","description":"Association to controls / ids which label this control (see WAI-ARIA attribute aria-labelledby).","helpDescription":"Association to controls / ids which label this control (see WAI-ARIA attribute aria-labelledby).","Deprecated":false,"Experimental":false,"fullName":"sap.ui.unified.ShellHeadItem#ariaLabelledBy"}},"aggregations":{},"events":{"press":{"method":"sap.ui.unified.ShellHeadItem#event:press","type":"fnListenerFunction or [fnListenerFunction, oListenerObject] or [oData, fnListenerFunction, oListenerObject]","description":"Event is fired when the user presses the item.","helpDescription":"Event is fired when the user presses the item.","Deprecated":false,"Experimental":false,"fullName":"sap.ui.unified.ShellHeadItem#press"}},"filetype":"class"},"sap.ui.unified.ShellHeadUserItem":{"description":"User Header Action Item of the Shell.","helpDescription":"User Header Action Item of the Shell.","Deprecated":false,"Experimental":false,"extend":"sap.ui.core.Element","properties":{"username":{"method":"#getUsername","group":"Appearance","type":"string","description":"The name of the user.","helpDescription":"The name of the user.","Deprecated":false,"Experimental":false,"fullName":"sap.ui.unified.ShellHeadUserItem#username"},"showPopupIndicator":{"method":"#getShowPopupIndicator","group":"Accessibility","type":"boolean","defaultValue":"true","description":"The user item is intended to be used for user settings. Normally these settings are done via a Menu or Dialog.\nIf this property is set to true an indicator for such a popup mechanismn is shown in the item.","helpDescription":"The user item is intended to be used for user settings. Normally these settings are done via a Menu or Dialog.\nIf this property is set to true an indicator for such a popup mechanismn is shown in the item.","Deprecated":false,"Experimental":false,"fullName":"sap.ui.unified.ShellHeadUserItem#showPopupIndicator"},"image":{"method":"#getImage","group":"Appearance","type":"sap.ui.core.URI","defaultValue":"null","description":"An image of the user, normally an URI to a image but also an icon from the sap.ui.core.IconPool is possible.","helpDescription":"An image of the user, normally an URI to a image but also an icon from the sap.ui.core.IconPool is possible.","Deprecated":false,"Experimental":false,"fullName":"sap.ui.unified.ShellHeadUserItem#image"}},"associations":{"ariaLabelledBy":{"method":"#getAriaLabelledBy","multiple":"true","type":"sap.ui.core.Control","description":"Association to controls / ids which label this control (see WAI-ARIA attribute aria-labelledby).","helpDescription":"Association to controls / ids which label this control (see WAI-ARIA attribute aria-labelledby).","Deprecated":false,"Experimental":false,"fullName":"sap.ui.unified.ShellHeadUserItem#ariaLabelledBy"}},"aggregations":{},"events":{"press":{"method":"sap.ui.unified.ShellHeadUserItem#event:press","type":"fnListenerFunction or [fnListenerFunction, oListenerObject] or [oData, fnListenerFunction, oListenerObject]","description":"Event is fired when the user presses the button.","helpDescription":"Event is fired when the user presses the button.","Deprecated":false,"Experimental":false,"fullName":"sap.ui.unified.ShellHeadUserItem#press"}},"filetype":"class"},"sap.ui.unified.ShellLayout":{"description":"The shell layout is the base for the shell control which is meant as root control (full-screen) of an application.\nIt was build as root control of the Fiori Launchpad application and provides the basic capabilities\nfor this purpose. Do not use this control within applications which run inside the Fiori Lauchpad and\ndo not use it for other scenarios than the root control usecase.","helpDescription":"The shell layout is the base for the shell control which is meant as root control (full-screen) of an application.\nIt was build as root control of the Fiori Launchpad application and provides the basic capabilities\nfor this purpose. Do not use this control within applications which run inside the Fiori Lauchpad and\ndo not use it for other scenarios than the root control usecase.","Deprecated":false,"Experimental":false,"extend":"sap.ui.core.Control","properties":{"showPane":{"method":"#getShowPane","group":"Appearance","type":"boolean","defaultValue":"false","description":"Shows / Hides the side pane.","helpDescription":"Shows / Hides the side pane.","Deprecated":false,"Experimental":false,"fullName":"sap.ui.unified.ShellLayout#showPane"},"headerHiding":{"method":"#getHeaderHiding","group":"Appearance","type":"boolean","defaultValue":"false","description":"Whether the header can be hidden (manually or automatically). This feature is only available when touch events are supported.","helpDescription":"Whether the header can be hidden (manually or automatically). This feature is only available when touch events are supported.","Deprecated":false,"Experimental":false,"fullName":"sap.ui.unified.ShellLayout#headerHiding"},"headerVisible":{"method":"#getHeaderVisible","group":"Appearance","type":"boolean","defaultValue":"true","description":"If set to false, no header (and no items, search, ...) is shown.","helpDescription":"If set to false, no header (and no items, search, ...) is shown.","Deprecated":false,"Experimental":false,"fullName":"sap.ui.unified.ShellLayout#headerVisible"}},"associations":{},"aggregations":{"content":{"method":"#getContent","multiple":"true","type":"sap.ui.core.Control","description":"The content to appear in the main canvas.","helpDescription":"The content to appear in the main canvas.","Deprecated":false,"Experimental":false,"fullName":"sap.ui.unified.ShellLayout#content"},"paneContent":{"method":"#getPaneContent","multiple":"true","type":"sap.ui.core.Control","description":"The content to appear in the pane area.","helpDescription":"The content to appear in the pane area.","Deprecated":false,"Experimental":false,"fullName":"sap.ui.unified.ShellLayout#paneContent"},"header":{"method":"#getHeader","multiple":"false","type":"sap.ui.core.Control","description":"The control to appear in the header area.","helpDescription":"The control to appear in the header area.","Deprecated":false,"Experimental":false,"fullName":"sap.ui.unified.ShellLayout#header"},"canvasSplitContainer":{"method":"#getCanvasSplitContainer","multiple":"false","type":"sap.ui.unified.SplitContainer","description":"Private storage for the internal split container for the canvas.","helpDescription":"Private storage for the internal split container for the canvas.","Deprecated":false,"Experimental":false,"fullName":"sap.ui.unified.ShellLayout#canvasSplitContainer"},"curtainSplitContainer":{"method":"#getCurtainSplitContainer","multiple":"false","type":"sap.ui.unified.SplitContainer","description":"Private storage for the internal split container for the curtain.","helpDescription":"Private storage for the internal split container for the curtain.","Deprecated":false,"Experimental":false,"fullName":"sap.ui.unified.ShellLayout#curtainSplitContainer"}},"events":{},"filetype":"class"},"sap.ui.unified.ShellOverlay":{"description":"ShellOverlay to be opened in front of a sap.ui.unified.Shell","helpDescription":"ShellOverlay to be opened in front of a sap.ui.unified.Shell","Deprecated":false,"Experimental":false,"extend":"sap.ui.core.Control","properties":{},"associations":{"shell":{"method":"#getShell","multiple":"false","type":"sap.ui.unified.ShellLayout","description":"Reference to the sap.ui.unified.Shell or sap.ui.unified.ShellLayout control.","helpDescription":"Reference to the sap.ui.unified.Shell or sap.ui.unified.ShellLayout control.","Deprecated":false,"Experimental":false,"fullName":"sap.ui.unified.ShellOverlay#shell"},"ariaLabelledBy":{"method":"#getAriaLabelledBy","multiple":"true","type":"sap.ui.core.Control","description":"Association to controls / ids which label this control (see WAI-ARIA attribute aria-labelledby).","helpDescription":"Association to controls / ids which label this control (see WAI-ARIA attribute aria-labelledby).","Deprecated":false,"Experimental":false,"fullName":"sap.ui.unified.ShellOverlay#ariaLabelledBy"}},"aggregations":{"content":{"method":"#getContent","multiple":"true","type":"sap.ui.core.Control","description":"The content to appear in the overlay.","helpDescription":"The content to appear in the overlay.","Deprecated":false,"Experimental":false,"fullName":"sap.ui.unified.ShellOverlay#content"},"search":{"method":"#getSearch","multiple":"false","type":"sap.ui.core.Control","description":"Experimental (This aggregation might change in future!): The search control which should be displayed in the overlay header.","helpDescription":"Experimental (This aggregation might change in future!): The search control which should be displayed in the overlay header.","Deprecated":false,"Experimental":false,"fullName":"sap.ui.unified.ShellOverlay#search"}},"events":{"closed":{"method":"sap.ui.unified.ShellOverlay#event:closed","type":"fnListenerFunction or [fnListenerFunction, oListenerObject] or [oData, fnListenerFunction, oListenerObject]","description":"Fired when the overlay was closed.","helpDescription":"Fired when the overlay was closed.","Deprecated":false,"Experimental":false,"fullName":"sap.ui.unified.ShellOverlay#closed"}},"filetype":"class"},"sap.ui.unified.SplitContainer":{"description":"Provides a main content and a secondary content area","helpDescription":"<strong style=\"color: red;\">Experimental! </strong>","Deprecated":false,"Experimental":true,"extend":"sap.ui.core.Control","properties":{"showSecondaryContent":{"method":"#getShowSecondaryContent","group":"Appearance","type":"boolean","defaultValue":"null","description":"Shows / Hides the secondary area.","helpDescription":"Shows / Hides the secondary area.","Deprecated":false,"Experimental":false,"fullName":"sap.ui.unified.SplitContainer#showSecondaryContent"},"secondaryContentSize":{"method":"#getSecondaryContentSize","group":"Appearance","type":"sap.ui.core.CSSSize","defaultValue":"250px","description":"The width if the secondary content. The height is always 100%.","helpDescription":"The width if the secondary content. The height is always 100%.","Deprecated":false,"Experimental":false,"fullName":"sap.ui.unified.SplitContainer#secondaryContentSize"},"secondaryContentWidth":{"method":"#getSecondaryContentWidth","group":"Appearance","type":"sap.ui.core.CSSSize","defaultValue":"250px","description":"<strong style=\"color: red;\">Deprecated! </strong>Since 1.22 \nOnly available for backwards compatibility.<br>Do not use. Use secondaryContentSize instead.","helpDescription":"<strong style=\"color: red;\">Deprecated! </strong>Since 1.22 \nOnly available for backwards compatibility.<br>Do not use. Use secondaryContentSize instead.","Deprecated":true,"Experimental":false,"fullName":"sap.ui.unified.SplitContainer#secondaryContentWidth"},"orientation":{"method":"#getOrientation","group":"Appearance","type":"sap.ui.core.Orientation","defaultValue":"Horizontal","description":"Whether to show the secondary content on the left (\"Horizontal\", default) or on the top (\"Vertical\").","helpDescription":"Whether to show the secondary content on the left (\"Horizontal\", default) or on the top (\"Vertical\").","Deprecated":false,"Experimental":false,"fullName":"sap.ui.unified.SplitContainer#orientation"}},"associations":{},"aggregations":{"content":{"method":"#getContent","multiple":"true","type":"sap.ui.core.Control","description":"The content to appear in the main area.","helpDescription":"The content to appear in the main area.","Deprecated":false,"Experimental":false,"fullName":"sap.ui.unified.SplitContainer#content"},"secondaryContent":{"method":"#getSecondaryContent","multiple":"true","type":"sap.ui.core.Control","description":"The content to appear in the secondary area.","helpDescription":"The content to appear in the secondary area.","Deprecated":false,"Experimental":false,"fullName":"sap.ui.unified.SplitContainer#secondaryContent"}},"events":{},"filetype":"class"},"sap.ui.unified.calendar.DatesRow":{"description":"renders a row of days with ItemNavigation\nThis is used inside the calendar. Not for stand alone usage\nIf used inside the calendar the properties and aggregation are directly taken from the parent\n(To not duplicate and sync DateRanges and so on...)","helpDescription":"renders a row of days with ItemNavigation\nThis is used inside the calendar. Not for stand alone usage\nIf used inside the calendar the properties and aggregation are directly taken from the parent\n(To not duplicate and sync DateRanges and so on...)","Deprecated":false,"Experimental":false,"extend":"sap.ui.unified.calendar.Month","properties":{"date":{"method":"#getDate","group":"Misc","type":"object","defaultValue":"null","description":"the month including this date is rendered and this date is initial focused (if no other focus set)","helpDescription":"the month including this date is rendered and this date is initial focused (if no other focus set)","Deprecated":false,"Experimental":false,"fullName":"sap.ui.unified.calendar.DatesRow#date"},"intervalSelection":{"method":"#getIntervalSelection","group":"Misc","type":"boolean","defaultValue":"false","description":"If set, interval selection is allowed","helpDescription":"If set, interval selection is allowed","Deprecated":false,"Experimental":false,"fullName":"sap.ui.unified.calendar.DatesRow#intervalSelection"},"singleSelection":{"method":"#getSingleSelection","group":"Misc","type":"boolean","defaultValue":"true","description":"If set, only a single date or interval, if intervalSelection is enabled, can be selected","helpDescription":"If set, only a single date or interval, if intervalSelection is enabled, can be selected","Deprecated":false,"Experimental":false,"fullName":"sap.ui.unified.calendar.DatesRow#singleSelection"},"showHeader":{"method":"#getShowHeader","group":"Misc","type":"boolean","defaultValue":"false","description":"If set, a header with the month name is shown","helpDescription":"If set, a header with the month name is shown","Deprecated":false,"Experimental":false,"fullName":"sap.ui.unified.calendar.DatesRow#showHeader"},"startDate":{"method":"#getStartDate","group":"Misc","type":"object","defaultValue":"null","description":"Start date of the row\nIf in rendering phase the date property is not in the range startDate + days,\nit is set to the start date\nSo after setting the start date the date should be set to be in the range of the start date","helpDescription":"Start date of the row\nIf in rendering phase the date property is not in the range startDate + days,\nit is set to the start date\nSo after setting the start date the date should be set to be in the range of the start date","Deprecated":false,"Experimental":false,"fullName":"sap.ui.unified.calendar.DatesRow#startDate"},"days":{"method":"#getDays","group":"Misc","type":"int","defaultValue":"7","description":"number of days displayed","helpDescription":"number of days displayed","Deprecated":false,"Experimental":false,"fullName":"sap.ui.unified.calendar.DatesRow#days"}},"associations":{"ariaLabelledBy":{"method":"#getAriaLabelledBy","multiple":"true","type":"sap.ui.core.Control","description":"Association to controls / ids which label this control (see WAI-ARIA attribute aria-labelledby).","helpDescription":"Association to controls / ids which label this control (see WAI-ARIA attribute aria-labelledby).","Deprecated":false,"Experimental":false,"fullName":"sap.ui.unified.calendar.DatesRow#ariaLabelledBy"}},"aggregations":{"selectedDates":{"method":"#getSelectedDates","multiple":"true","type":"sap.ui.unified.DateRange","description":"Date Ranges for selected dates of the DatePicker","helpDescription":"Date Ranges for selected dates of the DatePicker","Deprecated":false,"Experimental":false,"fullName":"sap.ui.unified.calendar.DatesRow#selectedDates"},"specialDates":{"method":"#getSpecialDates","multiple":"true","type":"sap.ui.unified.DateTypeRange","description":"Date Range with type to visualize special days in the Calendar.\nIf one day is assigned to more than one Type, only the first one will be used.","helpDescription":"Date Range with type to visualize special days in the Calendar.\nIf one day is assigned to more than one Type, only the first one will be used.","Deprecated":false,"Experimental":false,"fullName":"sap.ui.unified.calendar.DatesRow#specialDates"}},"events":{},"filetype":"class"},"sap.ui.unified.calendar.Header":{"description":"renders a calendar header\nThis is used inside the calendar. Not for stand alone usage","helpDescription":"renders a calendar header\nThis is used inside the calendar. Not for stand alone usage","Deprecated":false,"Experimental":false,"extend":"sap.ui.core.Control","properties":{"textButton1":{"method":"#getTextButton1","group":"Misc","type":"string","defaultValue":"null","description":"Text of the first button (normally month)","helpDescription":"Text of the first button (normally month)","Deprecated":false,"Experimental":false,"fullName":"sap.ui.unified.calendar.Header#textButton1"},"ariaLabelButton1":{"method":"#getAriaLabelButton1","group":"Misc","type":"string","defaultValue":"null","description":"aria-label of the first button (normally month)","helpDescription":"aria-label of the first button (normally month)","Deprecated":false,"Experimental":false,"fullName":"sap.ui.unified.calendar.Header#ariaLabelButton1"},"textButton2":{"method":"#getTextButton2","group":"Misc","type":"string","defaultValue":"null","description":"Text of the second button (normally year)","helpDescription":"Text of the second button (normally year)","Deprecated":false,"Experimental":false,"fullName":"sap.ui.unified.calendar.Header#textButton2"},"ariaLabelButton2":{"method":"#getAriaLabelButton2","group":"Misc","type":"string","defaultValue":"null","description":"aria-label of the second button (normally year)","helpDescription":"aria-label of the second button (normally year)","Deprecated":false,"Experimental":false,"fullName":"sap.ui.unified.calendar.Header#ariaLabelButton2"},"enabledPrevious":{"method":"#getEnabledPrevious","group":"Misc","type":"boolean","defaultValue":"true","description":"enables the previous button","helpDescription":"enables the previous button","Deprecated":false,"Experimental":false,"fullName":"sap.ui.unified.calendar.Header#enabledPrevious"},"enabledNext":{"method":"#getEnabledNext","group":"Misc","type":"boolean","defaultValue":"true","description":"enables the Next button","helpDescription":"enables the Next button","Deprecated":false,"Experimental":false,"fullName":"sap.ui.unified.calendar.Header#enabledNext"}},"associations":{},"aggregations":{},"events":{"pressButton1":{"method":"sap.ui.unified.calendar.Header#event:pressPrevious","type":"fnListenerFunction or [fnListenerFunction, oListenerObject] or [oData, fnListenerFunction, oListenerObject]","description":"previous button pressed","helpDescription":"previous button pressed","Deprecated":false,"Experimental":false,"fullName":"sap.ui.unified.calendar.Header#pressPrevious"},"pressButton2":{"method":"sap.ui.unified.calendar.Header#event:pressPrevious","type":"fnListenerFunction or [fnListenerFunction, oListenerObject] or [oData, fnListenerFunction, oListenerObject]","description":"previous button pressed","helpDescription":"previous button pressed","Deprecated":false,"Experimental":false,"fullName":"sap.ui.unified.calendar.Header#pressPrevious"},"pressNext":{"method":"sap.ui.unified.calendar.Header#event:pressPrevious","type":"fnListenerFunction or [fnListenerFunction, oListenerObject] or [oData, fnListenerFunction, oListenerObject]","description":"previous button pressed","helpDescription":"previous button pressed","Deprecated":false,"Experimental":false,"fullName":"sap.ui.unified.calendar.Header#pressPrevious"},"pressPrevious":{"method":"sap.ui.unified.calendar.Header#event:pressPrevious","type":"fnListenerFunction or [fnListenerFunction, oListenerObject] or [oData, fnListenerFunction, oListenerObject]","description":"previous button pressed","helpDescription":"previous button pressed","Deprecated":false,"Experimental":false,"fullName":"sap.ui.unified.calendar.Header#pressPrevious"}},"filetype":"class"},"sap.ui.unified.calendar.Month":{"description":"renders a month with ItemNavigation\nThis is used inside the calendar. Not for stand alone usage\nIf used inside the calendar the properties and aggregation are directly taken from the parent\n(To not duplicate and sync DateRanges and so on...)","helpDescription":"renders a month with ItemNavigation\nThis is used inside the calendar. Not for stand alone usage\nIf used inside the calendar the properties and aggregation are directly taken from the parent\n(To not duplicate and sync DateRanges and so on...)","Deprecated":false,"Experimental":false,"extend":"sap.ui.core.Control","properties":{"date":{"method":"#getDate","group":"Misc","type":"object","defaultValue":"null","description":"the month including this date is rendered and this date is initial focused (if no other focus set)","helpDescription":"the month including this date is rendered and this date is initial focused (if no other focus set)","Deprecated":false,"Experimental":false,"fullName":"sap.ui.unified.calendar.Month#date"},"intervalSelection":{"method":"#getIntervalSelection","group":"Misc","type":"boolean","defaultValue":"false","description":"If set, interval selection is allowed","helpDescription":"If set, interval selection is allowed","Deprecated":false,"Experimental":false,"fullName":"sap.ui.unified.calendar.Month#intervalSelection"},"singleSelection":{"method":"#getSingleSelection","group":"Misc","type":"boolean","defaultValue":"true","description":"If set, only a single date or interval, if intervalSelection is enabled, can be selected","helpDescription":"If set, only a single date or interval, if intervalSelection is enabled, can be selected","Deprecated":false,"Experimental":false,"fullName":"sap.ui.unified.calendar.Month#singleSelection"},"showHeader":{"method":"#getShowHeader","group":"Misc","type":"boolean","defaultValue":"false","description":"If set, a header with the month name is shown","helpDescription":"If set, a header with the month name is shown","Deprecated":false,"Experimental":false,"fullName":"sap.ui.unified.calendar.Month#showHeader"}},"associations":{"ariaLabelledBy":{"method":"#getAriaLabelledBy","multiple":"true","type":"sap.ui.core.Control","description":"Association to controls / ids which label this control (see WAI-ARIA attribute aria-labelledby).","helpDescription":"Association to controls / ids which label this control (see WAI-ARIA attribute aria-labelledby).","Deprecated":false,"Experimental":false,"fullName":"sap.ui.unified.calendar.Month#ariaLabelledBy"}},"aggregations":{"selectedDates":{"method":"#getSelectedDates","multiple":"true","type":"sap.ui.unified.DateRange","description":"Date Ranges for selected dates of the DatePicker","helpDescription":"Date Ranges for selected dates of the DatePicker","Deprecated":false,"Experimental":false,"fullName":"sap.ui.unified.calendar.Month#selectedDates"},"specialDates":{"method":"#getSpecialDates","multiple":"true","type":"sap.ui.unified.DateTypeRange","description":"Date Range with type to visualize special days in the Calendar.\nIf one day is assigned to more than one Type, only the first one will be used.","helpDescription":"Date Range with type to visualize special days in the Calendar.\nIf one day is assigned to more than one Type, only the first one will be used.","Deprecated":false,"Experimental":false,"fullName":"sap.ui.unified.calendar.Month#specialDates"}},"events":{"focus":{"method":"sap.ui.unified.calendar.Month#event:select","type":"fnListenerFunction or [fnListenerFunction, oListenerObject] or [oData, fnListenerFunction, oListenerObject]","description":"Date selection changed","helpDescription":"Date selection changed","Deprecated":false,"Experimental":false,"fullName":"sap.ui.unified.calendar.Month#select"},"select":{"method":"sap.ui.unified.calendar.Month#event:select","type":"fnListenerFunction or [fnListenerFunction, oListenerObject] or [oData, fnListenerFunction, oListenerObject]","description":"Date selection changed","helpDescription":"Date selection changed","Deprecated":false,"Experimental":false,"fullName":"sap.ui.unified.calendar.Month#select"}},"filetype":"class"},"sap.ui.unified.calendar.MonthPicker":{"description":"renders a MonthPicker with ItemNavigation\nThis is used inside the calendar. Not for stand alone usage","helpDescription":"renders a MonthPicker with ItemNavigation\nThis is used inside the calendar. Not for stand alone usage","Deprecated":false,"Experimental":false,"extend":"sap.ui.core.Control","properties":{"month":{"method":"#getMonth","group":"Misc","type":"int","defaultValue":"0","description":"The month is initial focused and selected\nThe value must be between 0 and 11","helpDescription":"The month is initial focused and selected\nThe value must be between 0 and 11","Deprecated":false,"Experimental":false,"fullName":"sap.ui.unified.calendar.MonthPicker#month"},"months":{"method":"#getMonths","group":"Misc","type":"int","defaultValue":"12","description":"number of displayed months\nThe value must be between 1 and 12","helpDescription":"number of displayed months\nThe value must be between 1 and 12","Deprecated":false,"Experimental":false,"fullName":"sap.ui.unified.calendar.MonthPicker#months"},"columns":{"method":"#getColumns","group":"Misc","type":"int","defaultValue":"3","description":"number of months in each row\nThe value must be between 0 and 12 (0 means just to have all months in one row, independent of the number)","helpDescription":"number of months in each row\nThe value must be between 0 and 12 (0 means just to have all months in one row, independent of the number)","Deprecated":false,"Experimental":false,"fullName":"sap.ui.unified.calendar.MonthPicker#columns"}},"associations":{},"aggregations":{},"events":{"select":{"method":"sap.ui.unified.calendar.MonthPicker#event:select","type":"fnListenerFunction or [fnListenerFunction, oListenerObject] or [oData, fnListenerFunction, oListenerObject]","description":"Month selection changed","helpDescription":"Month selection changed","Deprecated":false,"Experimental":false,"fullName":"sap.ui.unified.calendar.MonthPicker#select"}},"filetype":"class"},"sap.ui.unified.calendar.YearPicker":{"description":"renders a YearPicker with ItemNavigation\nThis is used inside the calendar. Not for stand alone usage","helpDescription":"renders a YearPicker with ItemNavigation\nThis is used inside the calendar. Not for stand alone usage","Deprecated":false,"Experimental":false,"extend":"sap.ui.core.Control","properties":{"year":{"method":"#getYear","group":"Misc","type":"int","defaultValue":"2000","description":"The year is initial focused and selected\nThe value must be between 0 and 9999","helpDescription":"The year is initial focused and selected\nThe value must be between 0 and 9999","Deprecated":false,"Experimental":false,"fullName":"sap.ui.unified.calendar.YearPicker#year"},"years":{"method":"#getYears","group":"Misc","type":"int","defaultValue":"20","description":"number of displayed years","helpDescription":"number of displayed years","Deprecated":false,"Experimental":false,"fullName":"sap.ui.unified.calendar.YearPicker#years"},"columns":{"method":"#getColumns","group":"Misc","type":"int","defaultValue":"4","description":"number of years in each row\n0 means just to have all years in one row, independent of the number","helpDescription":"number of years in each row\n0 means just to have all years in one row, independent of the number","Deprecated":false,"Experimental":false,"fullName":"sap.ui.unified.calendar.YearPicker#columns"}},"associations":{},"aggregations":{},"events":{"select":{"method":"sap.ui.unified.calendar.YearPicker#event:select","type":"fnListenerFunction or [fnListenerFunction, oListenerObject] or [oData, fnListenerFunction, oListenerObject]","description":"Month selection changed","helpDescription":"Month selection changed","Deprecated":false,"Experimental":false,"fullName":"sap.ui.unified.calendar.YearPicker#select"}},"filetype":"class"},"sap.ui.unified.calendar":{"name":"sap.ui.unified.calendar","controls":["sap.ui.unified.calendar.Header","sap.ui.unified.calendar.Month","sap.ui.unified.calendar.MonthPicker","sap.ui.unified.calendar.YearPicker"],"version":"1.29.1","filetype":"library"},"sap.ui.unified":{"name":"sap.ui.unified","types":["sap.ui.unified.calendar","sap.ui.unified.CalendarDayType","sap.ui.unified.ContentSwitcherAnimation"],"controls":["sap.ui.unified.Calendar","sap.ui.unified.CalendarLegend","sap.ui.unified.ContentSwitcher","sap.ui.unified.Currency","sap.ui.unified.FileUploader","sap.ui.unified.Menu","sap.ui.unified.ShellLayout","sap.ui.unified.ShellOverlay","sap.ui.unified.SplitContainer"],"elements":["sap.ui.unified.CalendarLegendItem","sap.ui.unified.DateRange","sap.ui.unified.FileUploaderParameter","sap.ui.unified.MenuItemBase","sap.ui.unified.ShellHeadItem","sap.ui.unified.ShellHeadUserItem"],"version":"1.29.1","filetype":"library"},"sap.ui":{"name":"sap.ui","types":["sap.ui.unified"],"version":"1.29.1","filetype":"library"},"sap":{"name":"sap","types":["sap.ui"],"version":"1.29.1","filetype":"library"}},"enums":{"sap.ui.unified.CalendarDayType":{"Type01":{"description":"Type 01: The semantic meaning must be defined by the application. It can be shown in a legend.","helpDescription":"Type 01: The semantic meaning must be defined by the application. It can be shown in a legend.","Deprecated":false,"Experimental":false,"value":"Type01"},"Type02":{"description":"Type 02: The semantic meaning must be defined by the application. It can be shown in a legend.","helpDescription":"Type 02: The semantic meaning must be defined by the application. It can be shown in a legend.","Deprecated":false,"Experimental":false,"value":"Type02"},"Type03":{"description":"Type 03: The semantic meaning must be defined by the application. It can be shown in a legend.","helpDescription":"Type 03: The semantic meaning must be defined by the application. It can be shown in a legend.","Deprecated":false,"Experimental":false,"value":"Type03"},"Type04":{"description":"Type 04: The semantic meaning must be defined by the application. It can be shown in a legend.","helpDescription":"Type 04: The semantic meaning must be defined by the application. It can be shown in a legend.","Deprecated":false,"Experimental":false,"value":"Type04"},"Type05":{"description":"Type 05: The semantic meaning must be defined by the application. It can be shown in a legend.","helpDescription":"Type 05: The semantic meaning must be defined by the application. It can be shown in a legend.","Deprecated":false,"Experimental":false,"value":"Type05"},"Type06":{"description":"Type 06: The semantic meaning must be defined by the application. It can be shown in a legend.","helpDescription":"Type 06: The semantic meaning must be defined by the application. It can be shown in a legend.","Deprecated":false,"Experimental":false,"value":"Type06"},"Type07":{"description":"Type 07: The semantic meaning must be defined by the application. It can be shown in a legend.","helpDescription":"Type 07: The semantic meaning must be defined by the application. It can be shown in a legend.","Deprecated":false,"Experimental":false,"value":"Type07"},"Type08":{"description":"Type 08: The semantic meaning must be defined by the application. It can be shown in a legend.","helpDescription":"Type 08: The semantic meaning must be defined by the application. It can be shown in a legend.","Deprecated":false,"Experimental":false,"value":"Type08"},"Type09":{"description":"Type 09: The semantic meaning must be defined by the application. It can be shown in a legend.","helpDescription":"Type 09: The semantic meaning must be defined by the application. It can be shown in a legend.","Deprecated":false,"Experimental":false,"value":"Type09"},"Type10":{"description":"Type 10: The semantic meaning must be defined by the application. It can be shown in a legend.","helpDescription":"Type 10: The semantic meaning must be defined by the application. It can be shown in a legend.","Deprecated":false,"Experimental":false,"value":"Type10"}},"sap.ui.unified.ContentSwitcherAnimation":{"Fade":{"description":"Content is faded (opacity change).","helpDescription":"Content is faded (opacity change).","Deprecated":false,"Experimental":false,"value":"Fade"},"None":{"description":"No animation. Content is switched instantly.","helpDescription":"No animation. Content is switched instantly.","Deprecated":false,"Experimental":false,"value":"None"},"Rotate":{"description":"The new content rotates in. (Just like one of those old newspaper-animations.)","helpDescription":"The new content rotates in. (Just like one of those old newspaper-animations.)","Deprecated":false,"Experimental":false,"value":"Rotate"},"SlideOver":{"description":"The new content slides in from the left while the old content slides out to the left at the same time.","helpDescription":"The new content slides in from the left while the old content slides out to the left at the same time.","Deprecated":false,"Experimental":false,"value":"SlideOver"},"SlideRight":{"description":"The new slides in from the left (to the right).","helpDescription":"The new slides in from the left (to the right).","Deprecated":false,"Experimental":false,"value":"SlideRight"},"ZoomIn":{"description":"The new content is \"zoomed in\" from the center and grows to fill the full content area.","helpDescription":"The new content is \"zoomed in\" from the center and grows to fill the full content area.","Deprecated":false,"Experimental":false,"value":"ZoomIn"},"ZoomOut":{"description":"The old content is \"zoomed out\", i.e. shrinks to a point at the center of the content area.","helpDescription":"The old content is \"zoomed out\", i.e. shrinks to a point at the center of the content area.","Deprecated":false,"Experimental":false,"value":"ZoomOut"}}}}