{"metadatas":{"sap.ui.richtexteditor.RichTextEditor":{"description":"The RichTextEditor-Control is used to enter formatted text.","helpDescription":"The RichTextEditor-Control is used to enter formatted text.","Deprecated":false,"Experimental":false,"extend":"sap.ui.core.Control","properties":{"value":{"method":"#getValue","group":"Data","type":"string","description":"An HTML string representing the editor content. Because this is HTML, the value cannot be generically escaped to prevent cross-site scripting, so the application is responsible for doing so.","helpDescription":"An HTML string representing the editor content. Because this is HTML, the value cannot be generically escaped to prevent cross-site scripting, so the application is responsible for doing so.","Deprecated":false,"Experimental":false,"fullName":"sap.ui.richtexteditor.RichTextEditor#value"},"textDirection":{"method":"#getTextDirection","group":"Appearance","type":"sap.ui.core.TextDirection","defaultValue":"Inherit","description":"The text direction","helpDescription":"The text direction","Deprecated":false,"Experimental":false,"fullName":"sap.ui.richtexteditor.RichTextEditor#textDirection"},"width":{"method":"#getWidth","group":"Dimension","type":"sap.ui.core.CSSSize","defaultValue":"null","description":"Width of RichTextEditor control in CSS units.","helpDescription":"Width of RichTextEditor control in CSS units.","Deprecated":false,"Experimental":false,"fullName":"sap.ui.richtexteditor.RichTextEditor#width"},"height":{"method":"#getHeight","group":"Dimension","type":"sap.ui.core.CSSSize","defaultValue":"null","description":"Height of RichTextEditor control in CSS units.","helpDescription":"Height of RichTextEditor control in CSS units.","Deprecated":false,"Experimental":false,"fullName":"sap.ui.richtexteditor.RichTextEditor#height"},"editorType":{"method":"#getEditorType","group":"Misc","type":"string","defaultValue":"TinyMCE","description":"The editor implementation to use.\nValid values are the ones found under sap.ui.richtexteditor.EditorType and any other editor identifier that may be introduced by other groups (hence this is not an enumeration).\nAny attempts to set this property after the first rendering will not have any effect.","helpDescription":"The editor implementation to use.\nValid values are the ones found under sap.ui.richtexteditor.EditorType and any other editor identifier that may be introduced by other groups (hence this is not an enumeration).\nAny attempts to set this property after the first rendering will not have any effect.","Deprecated":false,"Experimental":false,"fullName":"sap.ui.richtexteditor.RichTextEditor#editorType"},"editorLocation":{"method":"#getEditorLocation","group":"Misc","type":"string","defaultValue":"js/tiny_mce/tiny_mce_src.js","description":"<strong style=\"color: red;\">Deprecated! </strong>Since 1.25.0 The editorLocation is set implicitly when choosing the editorType.<br>Relative or absolute URL where the editor is available. Must be on the same server.\nAny attempts to set this property after the first rendering will not have any effect.","helpDescription":"<strong style=\"color: red;\">Deprecated! </strong>Since 1.25.0 The editorLocation is set implicitly when choosing the editorType.<br>Relative or absolute URL where the editor is available. Must be on the same server.\nAny attempts to set this property after the first rendering will not have any effect.","Deprecated":true,"Experimental":false,"fullName":"sap.ui.richtexteditor.RichTextEditor#editorLocation"},"editable":{"method":"#getEditable","group":"Misc","type":"boolean","defaultValue":"true","description":"Whether the editor content can be modified by the user. When set to \"false\" there might not be any editor toolbar.","helpDescription":"Whether the editor content can be modified by the user. When set to \"false\" there might not be any editor toolbar.","Deprecated":false,"Experimental":false,"fullName":"sap.ui.richtexteditor.RichTextEditor#editable"},"showGroupFontStyle":{"method":"#getShowGroupFontStyle","group":"Misc","type":"boolean","defaultValue":"true","description":"Whether the toolbar button group containing commands like Bold, Italic, Underline and Strikethrough is available. Changing this after the initial rendering will result in some visible redrawing.","helpDescription":"Whether the toolbar button group containing commands like Bold, Italic, Underline and Strikethrough is available. Changing this after the initial rendering will result in some visible redrawing.","Deprecated":false,"Experimental":false,"fullName":"sap.ui.richtexteditor.RichTextEditor#showGroupFontStyle"},"showGroupTextAlign":{"method":"#getShowGroupTextAlign","group":"Misc","type":"boolean","defaultValue":"true","description":"Whether the toolbar button group containing text alignment commands is available. Changing this after the initial rendering will result in some visible redrawing.","helpDescription":"Whether the toolbar button group containing text alignment commands is available. Changing this after the initial rendering will result in some visible redrawing.","Deprecated":false,"Experimental":false,"fullName":"sap.ui.richtexteditor.RichTextEditor#showGroupTextAlign"},"showGroupStructure":{"method":"#getShowGroupStructure","group":"Misc","type":"boolean","defaultValue":"true","description":"Whether the toolbar button group containing commands like Bullets and Indentation is available. Changing this after the initial rendering will result in some visible redrawing.","helpDescription":"Whether the toolbar button group containing commands like Bullets and Indentation is available. Changing this after the initial rendering will result in some visible redrawing.","Deprecated":false,"Experimental":false,"fullName":"sap.ui.richtexteditor.RichTextEditor#showGroupStructure"},"showGroupFont":{"method":"#getShowGroupFont","group":"Misc","type":"boolean","defaultValue":"false","description":"Whether the toolbar button group containing commands like Font, Font Size and Colors is available. Changing this after the initial rendering will result in some visible redrawing.","helpDescription":"Whether the toolbar button group containing commands like Font, Font Size and Colors is available. Changing this after the initial rendering will result in some visible redrawing.","Deprecated":false,"Experimental":false,"fullName":"sap.ui.richtexteditor.RichTextEditor#showGroupFont"},"showGroupClipboard":{"method":"#getShowGroupClipboard","group":"Misc","type":"boolean","defaultValue":"true","description":"Whether the toolbar button group containing commands like Cut, Copy and Paste is available. Changing this after the initial rendering will result in some visible redrawing.","helpDescription":"Whether the toolbar button group containing commands like Cut, Copy and Paste is available. Changing this after the initial rendering will result in some visible redrawing.","Deprecated":false,"Experimental":false,"fullName":"sap.ui.richtexteditor.RichTextEditor#showGroupClipboard"},"showGroupInsert":{"method":"#getShowGroupInsert","group":"Misc","type":"boolean","defaultValue":"false","description":"Whether the toolbar button group containing commands like Insert Image and Insert Smiley is available. Changing this after the initial rendering will result in some visible redrawing.","helpDescription":"Whether the toolbar button group containing commands like Insert Image and Insert Smiley is available. Changing this after the initial rendering will result in some visible redrawing.","Deprecated":false,"Experimental":false,"fullName":"sap.ui.richtexteditor.RichTextEditor#showGroupInsert"},"showGroupLink":{"method":"#getShowGroupLink","group":"Misc","type":"boolean","defaultValue":"false","description":"Whether the toolbar button group containing commands like Create Link and Remove Link is available. Changing this after the initial rendering will result in some visible redrawing.","helpDescription":"Whether the toolbar button group containing commands like Create Link and Remove Link is available. Changing this after the initial rendering will result in some visible redrawing.","Deprecated":false,"Experimental":false,"fullName":"sap.ui.richtexteditor.RichTextEditor#showGroupLink"},"showGroupUndo":{"method":"#getShowGroupUndo","group":"Misc","type":"boolean","defaultValue":"false","description":"Whether the toolbar button group containing commands like Undo and Redo is available. Changing this after the initial rendering will result in some visible redrawing.","helpDescription":"Whether the toolbar button group containing commands like Undo and Redo is available. Changing this after the initial rendering will result in some visible redrawing.","Deprecated":false,"Experimental":false,"fullName":"sap.ui.richtexteditor.RichTextEditor#showGroupUndo"},"wrapping":{"method":"#getWrapping","group":"Appearance","type":"boolean","defaultValue":"true","description":"Whether the text in the editor is wrapped. This does not affect the editor's value, only the representation in the control.","helpDescription":"Whether the text in the editor is wrapped. This does not affect the editor's value, only the representation in the control.","Deprecated":false,"Experimental":false,"fullName":"sap.ui.richtexteditor.RichTextEditor#wrapping"},"required":{"method":"#getRequired","group":"Misc","type":"boolean","defaultValue":"false","description":"Whether a value is required.","helpDescription":"Whether a value is required.","Deprecated":false,"Experimental":false,"fullName":"sap.ui.richtexteditor.RichTextEditor#required"},"sanitizeValue":{"method":"#getSanitizeValue","group":"Misc","type":"boolean","defaultValue":"true","description":"Whether to run the HTML sanitizer once the value (HTML markup) is applied or not. To configure allowed URLs please use the whitelist API via jQuery.sap.addUrlWhitelist","helpDescription":"Whether to run the HTML sanitizer once the value (HTML markup) is applied or not. To configure allowed URLs please use the whitelist API via jQuery.sap.addUrlWhitelist","Deprecated":false,"Experimental":false,"fullName":"sap.ui.richtexteditor.RichTextEditor#sanitizeValue"},"plugins":{"method":"#getPlugins","group":"Behavior","type":"object[]","defaultValue":"[]","description":"An array of plugin configuration objects with the obligatory property \"name\".\nEach object has to contain a property \"name\" which then contains the plugin name/ID.","helpDescription":"An array of plugin configuration objects with the obligatory property \"name\".\nEach object has to contain a property \"name\" which then contains the plugin name/ID.","Deprecated":false,"Experimental":false,"fullName":"sap.ui.richtexteditor.RichTextEditor#plugins"},"useLegacyTheme":{"method":"#getUseLegacyTheme","group":"Appearance","type":"boolean","defaultValue":"true","description":"Whether or not to use the legacy theme for the toolbar buttons. If this is set to false, the default theme for the editor will be used (which might change slightly with every update). The legacy theme has the disadvantage that not all functionality has its own icon, so using non default buttons might lead to invisible buttons with the legacy theme - use the default editor theme in this case.","helpDescription":"Whether or not to use the legacy theme for the toolbar buttons. If this is set to false, the default theme for the editor will be used (which might change slightly with every update). The legacy theme has the disadvantage that not all functionality has its own icon, so using non default buttons might lead to invisible buttons with the legacy theme - use the default editor theme in this case.","Deprecated":false,"Experimental":false,"fullName":"sap.ui.richtexteditor.RichTextEditor#useLegacyTheme"},"buttonGroups":{"method":"#getButtonGroups","group":"Behavior","type":"object[]","defaultValue":"[]","description":"An array of button configurations. These configurations contain the names of buttons as array in the property \"buttons\" and the name of the group in \"name\", they can also contain the \"row\" where the buttons should be placed, a \"priority\" and whether the buttons are \"visible\". See method addButtonGroup() for more details on the structure of the objects in this array.","helpDescription":"An array of button configurations. These configurations contain the names of buttons as array in the property \"buttons\" and the name of the group in \"name\", they can also contain the \"row\" where the buttons should be placed, a \"priority\" and whether the buttons are \"visible\". See method addButtonGroup() for more details on the structure of the objects in this array.","Deprecated":false,"Experimental":false,"fullName":"sap.ui.richtexteditor.RichTextEditor#buttonGroups"}},"associations":{},"aggregations":{},"events":{"beforeEditorInit":{"method":"sap.ui.richtexteditor.RichTextEditor#event:ready","type":"fnListenerFunction or [fnListenerFunction, oListenerObject] or [oData, fnListenerFunction, oListenerObject]","description":"Fired when the used editor is loaded and ready (its HTML is also created).","helpDescription":"Fired when the used editor is loaded and ready (its HTML is also created).","Deprecated":false,"Experimental":false,"fullName":"sap.ui.richtexteditor.RichTextEditor#ready"},"change":{"method":"sap.ui.richtexteditor.RichTextEditor#event:ready","type":"fnListenerFunction or [fnListenerFunction, oListenerObject] or [oData, fnListenerFunction, oListenerObject]","description":"Fired when the used editor is loaded and ready (its HTML is also created).","helpDescription":"Fired when the used editor is loaded and ready (its HTML is also created).","Deprecated":false,"Experimental":false,"fullName":"sap.ui.richtexteditor.RichTextEditor#ready"},"ready":{"method":"sap.ui.richtexteditor.RichTextEditor#event:ready","type":"fnListenerFunction or [fnListenerFunction, oListenerObject] or [oData, fnListenerFunction, oListenerObject]","description":"Fired when the used editor is loaded and ready (its HTML is also created).","helpDescription":"Fired when the used editor is loaded and ready (its HTML is also created).","Deprecated":false,"Experimental":false,"fullName":"sap.ui.richtexteditor.RichTextEditor#ready"}},"filetype":"class"},"sap.ui.richtexteditor":{"name":"sap.ui.richtexteditor","types":["sap.ui.richtexteditor.EditorType"],"controls":["sap.ui.richtexteditor.RichTextEditor"],"version":"1.29.1","filetype":"library"},"sap.ui":{"name":"sap.ui","types":["sap.ui.richtexteditor"],"version":"1.29.1","filetype":"library"},"sap":{"name":"sap","types":["sap.ui"],"version":"1.29.1","filetype":"library"}},"enums":{"sap.ui.richtexteditor.EditorType":{"TinyMCE":{"description":"Uses TinyMCE version 3 as editor (default)","helpDescription":"Uses TinyMCE version 3 as editor (default)","Deprecated":false,"Experimental":false,"value":"TinyMCE"},"TinyMCE4":{"description":"Uses TinyMCE version 4 as editor","helpDescription":"Uses TinyMCE version 4 as editor","Deprecated":false,"Experimental":false,"value":"TinyMCE4"}}}}