{"metadatas":{"sap.ui.suite.TaskCircle":{"description":"This control shows a circle which radius and color depends on the given parameters","helpDescription":"<strong style=\"color: red;\">Experimental! </strong>","Deprecated":false,"Experimental":true,"extend":"sap.ui.core.Control","properties":{"value":{"method":"#getValue","group":"Misc","type":"int","defaultValue":"0","description":"Current value of the task circle to be displayed. In dependency of the parameters maxValue and minValue it controls the size of the circle.","helpDescription":"Current value of the task circle to be displayed. In dependency of the parameters maxValue and minValue it controls the size of the circle.","Deprecated":false,"Experimental":false,"fullName":"sap.ui.suite.TaskCircle#value"},"maxValue":{"method":"#getMaxValue","group":"Misc","type":"int","defaultValue":"100","description":"Upper limit of the displayed values. Default is 100.","helpDescription":"Upper limit of the displayed values. Default is 100.","Deprecated":false,"Experimental":false,"fullName":"sap.ui.suite.TaskCircle#maxValue"},"minValue":{"method":"#getMinValue","group":"Misc","type":"int","defaultValue":"0","description":"Lower limit of the displayed values. Default is 0.","helpDescription":"Lower limit of the displayed values. Default is 0.","Deprecated":false,"Experimental":false,"fullName":"sap.ui.suite.TaskCircle#minValue"},"color":{"method":"#getColor","group":"Misc","type":"sap.ui.suite.TaskCircleColor","defaultValue":"Gray","description":"Color of the circle. The default color is red.","helpDescription":"Color of the circle. The default color is red.","Deprecated":false,"Experimental":false,"fullName":"sap.ui.suite.TaskCircle#color"}},"associations":{"ariaLabelledBy":{"method":"#getAriaLabelledBy","multiple":"true","type":"sap.ui.core.Control","description":"Association to controls / ids which label this control (see WAI-ARIA attribute aria-labelledby).","helpDescription":"Association to controls / ids which label this control (see WAI-ARIA attribute aria-labelledby).","Deprecated":false,"Experimental":false,"fullName":"sap.ui.suite.TaskCircle#ariaLabelledBy"},"ariaDescribedBy":{"method":"#getAriaDescribedBy","multiple":"true","type":"sap.ui.core.Control","description":"Association to controls / ids which describe this control (see WAI-ARIA attribute aria-describedby).","helpDescription":"Association to controls / ids which describe this control (see WAI-ARIA attribute aria-describedby).","Deprecated":false,"Experimental":false,"fullName":"sap.ui.suite.TaskCircle#ariaDescribedBy"}},"aggregations":{},"events":{"press":{"method":"sap.ui.suite.TaskCircle#event:press","type":"fnListenerFunction or [fnListenerFunction, oListenerObject] or [oData, fnListenerFunction, oListenerObject]","description":"Event is fired when the user clicks the control.","helpDescription":"Event is fired when the user clicks the control.","Deprecated":false,"Experimental":false,"fullName":"sap.ui.suite.TaskCircle#press"}},"filetype":"class"},"sap.ui.suite.VerticalProgressIndicator":{"description":"This control shows a vertical progress bar in dependency of the given percentage. Only values between 0 and 100 are valid.","helpDescription":"<strong style=\"color: red;\">Experimental! </strong>","Deprecated":false,"Experimental":true,"extend":"sap.ui.core.Control","properties":{"percentage":{"method":"#getPercentage","group":"Misc","type":"int","defaultValue":"null","description":"The numerical value between 0 and 100 which determines the height of the vertical bar. Values higher than 100 will be displayed as 100%, values lower than zero will be displayed as 0%.","helpDescription":"The numerical value between 0 and 100 which determines the height of the vertical bar. Values higher than 100 will be displayed as 100%, values lower than zero will be displayed as 0%.","Deprecated":false,"Experimental":false,"fullName":"sap.ui.suite.VerticalProgressIndicator#percentage"}},"associations":{"ariaLabelledBy":{"method":"#getAriaLabelledBy","multiple":"true","type":"sap.ui.core.Control","description":"Association to controls / ids which label this control (see WAI-ARIA attribute aria-labelledby).","helpDescription":"Association to controls / ids which label this control (see WAI-ARIA attribute aria-labelledby).","Deprecated":false,"Experimental":false,"fullName":"sap.ui.suite.VerticalProgressIndicator#ariaLabelledBy"},"ariaDescribedBy":{"method":"#getAriaDescribedBy","multiple":"true","type":"sap.ui.core.Control","description":"Association to controls / ids which describe this control (see WAI-ARIA attribute aria-describedby).","helpDescription":"Association to controls / ids which describe this control (see WAI-ARIA attribute aria-describedby).","Deprecated":false,"Experimental":false,"fullName":"sap.ui.suite.VerticalProgressIndicator#ariaDescribedBy"}},"aggregations":{},"events":{"press":{"method":"sap.ui.suite.VerticalProgressIndicator#event:press","type":"fnListenerFunction or [fnListenerFunction, oListenerObject] or [oData, fnListenerFunction, oListenerObject]","description":"Event is fired when the user clicks the control.","helpDescription":"Event is fired when the user clicks the control.","Deprecated":false,"Experimental":false,"fullName":"sap.ui.suite.VerticalProgressIndicator#press"}},"filetype":"class"},"sap.ui.suite":{"name":"sap.ui.suite","types":["sap.ui.suite.TaskCircleColor"],"controls":["sap.ui.suite.TaskCircle","sap.ui.suite.VerticalProgressIndicator"],"version":"1.29.1","filetype":"library"},"sap.ui":{"name":"sap.ui","types":["sap.ui.suite"],"version":"1.29.1","filetype":"library"},"sap":{"name":"sap","types":["sap.ui"],"version":"1.29.1","filetype":"library"}},"enums":{"sap.ui.suite.TaskCircleColor":{"Gray":{"description":"Default value","helpDescription":"Default value","Deprecated":false,"Experimental":false,"value":"Gray"},"Green":{"description":"Green","helpDescription":"Green","Deprecated":false,"Experimental":false,"value":"Green"},"Red":{"description":"Red","helpDescription":"Red","Deprecated":false,"Experimental":false,"value":"Red"},"Yellow":{"description":"Yellow","helpDescription":"Yellow","Deprecated":false,"Experimental":false,"value":"Yellow"}}}}