{"metadatas":{"sap.ui.generic.app.transaction.BaseController":{"description":"Common base class for <code>sap.ui.generic.app.transaction.TransactionController</code> and\n       <code>sap.ui.generic.app.transaction.DraftController</code>, which offers basic functionality to invoke OData functions and\n       actions as CRUD functions in general.","helpDescription":"<strong style=\"color: red;\">Experimental! </strong>","Deprecated":false,"Experimental":true,"properties":{},"associations":{},"aggregations":{},"events":{},"filetype":"class"},"sap.ui.generic.app.transaction.DraftContext":{"description":"<code>sap.ui.generic.app.transaction.DraftContext</code> provides access to information on draft handling that is available in the\n       current OData service's meta model as it interprets draft-specific annotations of an OData Service.","helpDescription":"<strong style=\"color: red;\">Experimental! </strong>","Deprecated":false,"Experimental":true,"properties":{},"associations":{},"aggregations":{},"events":{},"filetype":"class"},"sap.ui.generic.app.transaction.DraftController":{"description":"<code>sap.ui.generic.app.transaction.DraftController</code> provides access to the simple interaction patterns of runtime handling for\n       drafts according to the draft specification, which can be recombined by client applications. It implements the interaction patterns\n       specified for OData services supporting Draft Documents and provide methods for draft-specific actions, e.g. validate, prepare,\n       activate. It takes care of general transactional request processing, ensures data consistency and\n       prohibits loss-of-data, ensures concurrency control and correct ETag handling. Additionally error handling capabilities are provided to notify \n       client implementations of error situations. The event <code>fatalError</code> is thrown, if fatal errors occur during execution of OData\n       requests.","helpDescription":"<strong style=\"color: red;\">Experimental! </strong>","Deprecated":false,"Experimental":true,"properties":{},"associations":{},"aggregations":{},"events":{},"filetype":"class"},"sap.ui.generic.app.transaction.TransactionController":{"description":"<code>sap.ui.generic.app.transaction.TransactionController</code> gives access to runtime draft handling for applications. Assuming\n       state-less communication, each single data modification request (or change set in an OData $batch request) is a \"mini-transaction\",\n       which saves data to the database. The <code>sap.ui.generic.app.transaction.TransactionController</code> guarantees data consistency\n       and correct handling of OData $batch requests. It takes care of general transactional request processing, ensures data consistency and\n       prohibits loss-of-data. It triggers client-side validations, submits changes to the back-end, invokes actions and CRUD operations,\n       ensures concurrency control and correct ETag handling. Additionally error handling capabilities are provided to notify client\n       implementations of error situations. The event <code>fatalError</code> is thrown, if fatal errors occur during execution of OData\n       requests.","helpDescription":"<strong style=\"color: red;\">Experimental! </strong>","Deprecated":false,"Experimental":true,"properties":{},"associations":{},"aggregations":{},"events":{},"filetype":"class"},"sap.ui.generic.app.util.ModelUtil":{"description":"Generic utility for model access.","helpDescription":"Generic utility for model access.","Deprecated":false,"Experimental":false,"properties":{},"associations":{},"aggregations":{},"events":{},"filetype":"class"},"sap.ui.generic.app":{"name":"sap.ui.generic.app","types":["sap.ui.generic.app.transaction","sap.ui.generic.app.util"],"version":"1.29.1","filetype":"library"},"sap.ui.generic":{"name":"sap.ui.generic","types":["sap.ui.generic.app"],"version":"1.29.1","filetype":"library"},"sap.ui":{"name":"sap.ui","types":["sap.ui.generic"],"version":"1.29.1","filetype":"library"},"sap":{"name":"sap","types":["sap.ui"],"version":"1.29.1","filetype":"library"}},"enums":[]}