{"metadatas":{"sap.ui.demokit.CodeSampleContainer":{"description":"A container for both the source and the runtime results of a CodeSample. By default, only the runtime results are shown. There are additional controls that allow the user to display the source, modify and run it.\n\nThe container provides a sub container that can be used in calls to sap.ui.setRoot() as if it would be a normal UIArea. So the sample code doesn't have to know that it runs in a CodeSample container.","helpDescription":"A container for both the source and the runtime results of a CodeSample. By default, only the runtime results are shown. There are additional controls that allow the user to display the source, modify and run it.\n\nThe container provides a sub container that can be used in calls to sap.ui.setRoot() as if it would be a normal UIArea. So the sample code doesn't have to know that it runs in a CodeSample container.","Deprecated":false,"Experimental":false,"extend":"sap.ui.core.Control","properties":{"scriptElementId":{"method":"#getScriptElementId","group":"Misc","type":"string","defaultValue":"null","description":"Id of the script element that contains the initial sample code for this code sample.","helpDescription":"Id of the script element that contains the initial sample code for this code sample.","Deprecated":false,"Experimental":false,"fullName":"sap.ui.demokit.CodeSampleContainer#scriptElementId"},"uiAreaId":{"method":"#getUiAreaId","group":"Misc","type":"string","defaultValue":"null","description":"Id of the container for the running code. This Id can be used in calls to sap.ui.setRoot as if it would be a normal UIArea. Internally, a container UIElement is created with that Id.","helpDescription":"Id of the container for the running code. This Id can be used in calls to sap.ui.setRoot as if it would be a normal UIArea. Internally, a container UIElement is created with that Id.","Deprecated":false,"Experimental":false,"fullName":"sap.ui.demokit.CodeSampleContainer#uiAreaId"},"title":{"method":"#getTitle","group":"Misc","type":"string","defaultValue":"null","description":"A title to be displayed above the code.","helpDescription":"A title to be displayed above the code.","Deprecated":false,"Experimental":false,"fullName":"sap.ui.demokit.CodeSampleContainer#title"},"sourceVisible":{"method":"#getSourceVisible","group":"Misc","type":"boolean","defaultValue":"false","description":"Whether the source code is visible or not.","helpDescription":"Whether the source code is visible or not.","Deprecated":false,"Experimental":false,"fullName":"sap.ui.demokit.CodeSampleContainer#sourceVisible"},"width":{"method":"#getWidth","group":"Misc","type":"sap.ui.core.CSSSize","defaultValue":"90%","description":"Width of the CodeSample container.","helpDescription":"Width of the CodeSample container.","Deprecated":false,"Experimental":false,"fullName":"sap.ui.demokit.CodeSampleContainer#width"}},"associations":{},"aggregations":{"_uiarea":{"method":"#get_uiarea","multiple":"false","type":"sap.ui.demokit.UIAreaSubstitute","description":"The UIAreaSubstitute used by this code sample container","helpDescription":"The UIAreaSubstitute used by this code sample container","Deprecated":false,"Experimental":false,"fullName":"sap.ui.demokit.CodeSampleContainer#_uiarea"}},"events":{"apply":{"method":"sap.ui.demokit.CodeSampleContainer#event:apply","type":"fnListenerFunction or [fnListenerFunction, oListenerObject] or [oData, fnListenerFunction, oListenerObject]","description":"Fired when the user decides to apply his/her changes to the sample code","helpDescription":"Fired when the user decides to apply his/her changes to the sample code","Deprecated":false,"Experimental":false,"fullName":"sap.ui.demokit.CodeSampleContainer#apply"}},"filetype":"class"},"sap.ui.demokit.CodeViewer":{"description":"Shows a piece of (Javascript) code and allows to edit it","helpDescription":"Shows a piece of (Javascript) code and allows to edit it","Deprecated":false,"Experimental":false,"extend":"sap.ui.core.Control","properties":{"source":{"method":"#getSource","group":"Misc","type":"string","defaultValue":"null","description":"The source code to display.","helpDescription":"The source code to display.","Deprecated":false,"Experimental":false,"fullName":"sap.ui.demokit.CodeViewer#source"},"width":{"method":"#getWidth","group":"Misc","type":"sap.ui.core.CSSSize","defaultValue":"null","description":"The CSS width property","helpDescription":"The CSS width property","Deprecated":false,"Experimental":false,"fullName":"sap.ui.demokit.CodeViewer#width"},"height":{"method":"#getHeight","group":"Misc","type":"sap.ui.core.CSSSize","defaultValue":"null","description":"The CSS height property","helpDescription":"The CSS height property","Deprecated":false,"Experimental":false,"fullName":"sap.ui.demokit.CodeViewer#height"},"editable":{"method":"#getEditable","group":"Misc","type":"boolean","defaultValue":"false","description":"Whether the code can be edited or not","helpDescription":"Whether the code can be edited or not","Deprecated":false,"Experimental":false,"fullName":"sap.ui.demokit.CodeViewer#editable"},"visible":{"method":"#getVisible","group":"Misc","type":"boolean","defaultValue":"true","description":"Whether the code viewer should be visible","helpDescription":"Whether the code viewer should be visible","Deprecated":false,"Experimental":false,"fullName":"sap.ui.demokit.CodeViewer#visible"}},"associations":{},"aggregations":{},"events":{"press":{"method":"sap.ui.demokit.CodeViewer#event:save","type":"fnListenerFunction or [fnListenerFunction, oListenerObject] or [oData, fnListenerFunction, oListenerObject]","description":"Called when the editor is active and should be saved","helpDescription":"Called when the editor is active and should be saved","Deprecated":false,"Experimental":false,"fullName":"sap.ui.demokit.CodeViewer#save"},"save":{"method":"sap.ui.demokit.CodeViewer#event:save","type":"fnListenerFunction or [fnListenerFunction, oListenerObject] or [oData, fnListenerFunction, oListenerObject]","description":"Called when the editor is active and should be saved","helpDescription":"Called when the editor is active and should be saved","Deprecated":false,"Experimental":false,"fullName":"sap.ui.demokit.CodeViewer#save"}},"filetype":"class"},"sap.ui.demokit.FileUploadIntrospector":{"description":"Control that allows to monitor uploaded files in a demo scenario. This is not a general purpose monitor but only works with the demo fileupload service.","helpDescription":"Control that allows to monitor uploaded files in a demo scenario. This is not a general purpose monitor but only works with the demo fileupload service.","Deprecated":false,"Experimental":false,"extend":"sap.ui.core.Control","properties":{"uploadUrl":{"method":"#getUploadUrl","group":"Misc","type":"string","defaultValue":"null","description":"The URL to check the upload content with....","helpDescription":"The URL to check the upload content with....","Deprecated":false,"Experimental":false,"fullName":"sap.ui.demokit.FileUploadIntrospector#uploadUrl"},"autoRefreshInterval":{"method":"#getAutoRefreshInterval","group":"Misc","type":"string","defaultValue":"0","description":"Interval in milliseconds after which the content is checked again. values lower or equal to 0 mean 'no automatic refresh'.","helpDescription":"Interval in milliseconds after which the content is checked again. values lower or equal to 0 mean 'no automatic refresh'.","Deprecated":false,"Experimental":false,"fullName":"sap.ui.demokit.FileUploadIntrospector#autoRefreshInterval"},"height":{"method":"#getHeight","group":"Misc","type":"sap.ui.core.CSSSize","defaultValue":"null","description":"(CSS) Height of the control","helpDescription":"(CSS) Height of the control","Deprecated":false,"Experimental":false,"fullName":"sap.ui.demokit.FileUploadIntrospector#height"},"width":{"method":"#getWidth","group":"Misc","type":"sap.ui.core.CSSSize","defaultValue":"null","description":"Width of the file list","helpDescription":"Width of the file list","Deprecated":false,"Experimental":false,"fullName":"sap.ui.demokit.FileUploadIntrospector#width"}},"associations":{},"aggregations":{},"events":{},"filetype":"class"},"sap.ui.demokit.HexagonButton":{"description":"A custom button with a 'hexagon' shape","helpDescription":"A custom button with a 'hexagon' shape","Deprecated":false,"Experimental":false,"extend":"sap.ui.core.Control","properties":{"icon":{"method":"#getIcon","group":"Misc","type":"string","defaultValue":"null","description":"Icon to display","helpDescription":"Icon to display","Deprecated":false,"Experimental":false,"fullName":"sap.ui.demokit.HexagonButton#icon"},"color":{"method":"#getColor","group":"Misc","type":"string","defaultValue":"blue","description":"The color of the hexagon","helpDescription":"The color of the hexagon","Deprecated":false,"Experimental":false,"fullName":"sap.ui.demokit.HexagonButton#color"},"position":{"method":"#getPosition","group":"Misc","type":"string","defaultValue":"null","description":"The position. If set, the button is rendered with an absolute position.","helpDescription":"The position. If set, the button is rendered with an absolute position.","Deprecated":false,"Experimental":false,"fullName":"sap.ui.demokit.HexagonButton#position"},"enabled":{"method":"#getEnabled","group":"Misc","type":"boolean","defaultValue":"true","description":"Whether the button is enabled or not.","helpDescription":"Whether the button is enabled or not.","Deprecated":false,"Experimental":false,"fullName":"sap.ui.demokit.HexagonButton#enabled"},"imagePosition":{"method":"#getImagePosition","group":"Misc","type":"string","defaultValue":"null","description":"The position of the contained image. If not set the image is rendered with a fixed relative position.","helpDescription":"The position of the contained image. If not set the image is rendered with a fixed relative position.","Deprecated":false,"Experimental":false,"fullName":"sap.ui.demokit.HexagonButton#imagePosition"}},"associations":{},"aggregations":{},"events":{"press":{"method":"sap.ui.demokit.HexagonButton#event:press","type":"fnListenerFunction or [fnListenerFunction, oListenerObject] or [oData, fnListenerFunction, oListenerObject]","description":"Fired when the user clicks the hex button","helpDescription":"Fired when the user clicks the hex button","Deprecated":false,"Experimental":false,"fullName":"sap.ui.demokit.HexagonButton#press"}},"filetype":"class"},"sap.ui.demokit.HexagonButtonGroup":{"description":"A group of HexagonButtons, aligned in a packed grid","helpDescription":"A group of HexagonButtons, aligned in a packed grid","Deprecated":false,"Experimental":false,"extend":"sap.ui.core.Control","properties":{"colspan":{"method":"#getColspan","group":"Misc","type":"int","defaultValue":"3","description":"How many buttons might be placed in the same row of the grid","helpDescription":"How many buttons might be placed in the same row of the grid","Deprecated":false,"Experimental":false,"fullName":"sap.ui.demokit.HexagonButtonGroup#colspan"}},"associations":{},"aggregations":{"buttons":{"method":"#getButtons","multiple":"true","type":"sap.ui.demokit.HexagonButton","description":"The buttons to layout in a grid","helpDescription":"The buttons to layout in a grid","Deprecated":false,"Experimental":false,"fullName":"sap.ui.demokit.HexagonButtonGroup#buttons"}},"events":{},"filetype":"class"},"sap.ui.demokit.IndexLayout":{"description":"Layout which renders content items with equal width and height. The items are arranged in rows.","helpDescription":"<strong style=\"color: red;\">Experimental! </strong>","Deprecated":false,"Experimental":true,"extend":"sap.ui.core.Control","properties":{"itemWidth":{"method":"#getItemWidth","group":"Appearance","type":"sap.ui.core.CSSSize","defaultValue":"200px","description":"The width of a content item. Only px values are allowed.","helpDescription":"The width of a content item. Only px values are allowed.","Deprecated":false,"Experimental":false,"fullName":"sap.ui.demokit.IndexLayout#itemWidth"},"itemHeight":{"method":"#getItemHeight","group":"Appearance","type":"sap.ui.core.CSSSize","defaultValue":"200px","description":"The height of a content item. Only px values are allowed.","helpDescription":"The height of a content item. Only px values are allowed.","Deprecated":false,"Experimental":false,"fullName":"sap.ui.demokit.IndexLayout#itemHeight"},"enableScaling":{"method":"#getEnableScaling","group":"Appearance","type":"boolean","defaultValue":"true","description":"Whether the given item width/height should be scaled according to the screen size.","helpDescription":"Whether the given item width/height should be scaled according to the screen size.","Deprecated":false,"Experimental":false,"fullName":"sap.ui.demokit.IndexLayout#enableScaling"}},"associations":{},"aggregations":{"content":{"method":"#getContent","multiple":"true","type":"sap.ui.core.Control","description":"The content items","helpDescription":"The content items","Deprecated":false,"Experimental":false,"fullName":"sap.ui.demokit.IndexLayout#content"}},"events":{},"filetype":"class"},"sap.ui.demokit.Tag":{"description":"A Tag in a TagCloud","helpDescription":"A Tag in a TagCloud","Deprecated":false,"Experimental":false,"extend":"sap.ui.core.Element","properties":{"text":{"method":"#getText","group":"Misc","type":"string","defaultValue":"null","description":"The text to be disaplyed for this tag.","helpDescription":"The text to be disaplyed for this tag.","Deprecated":false,"Experimental":false,"fullName":"sap.ui.demokit.Tag#text"},"weight":{"method":"#getWeight","group":"Misc","type":"int","defaultValue":"1","description":"The weight for this tag. Can be any integer value.","helpDescription":"The weight for this tag. Can be any integer value.","Deprecated":false,"Experimental":false,"fullName":"sap.ui.demokit.Tag#weight"}},"associations":{},"aggregations":{},"events":{},"filetype":"class"},"sap.ui.demokit.TagCloud":{"description":"A simple TagCloud representing a set of weighted tags","helpDescription":"A simple TagCloud representing a set of weighted tags","Deprecated":false,"Experimental":false,"extend":"sap.ui.core.Control","properties":{"maxFontSize":{"method":"#getMaxFontSize","group":"Misc","type":"int","defaultValue":"30","description":"Maximum font size that may be chosen for a tag in this cloud","helpDescription":"Maximum font size that may be chosen for a tag in this cloud","Deprecated":false,"Experimental":false,"fullName":"sap.ui.demokit.TagCloud#maxFontSize"},"minFontSize":{"method":"#getMinFontSize","group":"Misc","type":"int","defaultValue":"10","description":"Minimum font size that must be used for a tag in this cloud","helpDescription":"Minimum font size that must be used for a tag in this cloud","Deprecated":false,"Experimental":false,"fullName":"sap.ui.demokit.TagCloud#minFontSize"}},"associations":{},"aggregations":{"tags":{"method":"#getTags","multiple":"true","type":"sap.ui.demokit.Tag","description":"The tags displayed in this tag cloud","helpDescription":"The tags displayed in this tag cloud","Deprecated":false,"Experimental":false,"fullName":"sap.ui.demokit.TagCloud#tags"}},"events":{"press":{"method":"sap.ui.demokit.TagCloud#event:press","type":"fnListenerFunction or [fnListenerFunction, oListenerObject] or [oData, fnListenerFunction, oListenerObject]","description":"Fired when a Tag is clicked.","helpDescription":"Fired when a Tag is clicked.","Deprecated":false,"Experimental":false,"fullName":"sap.ui.demokit.TagCloud#press"}},"filetype":"class"},"sap.ui.demokit.UI5EntityCueCard":{"description":"Displays documentation for a UI5 entity (control or type).\n\nThe documentation will be read from a UI5 metamodel file that by default is loaded from the same resource location\nwhere the control or type would be loaded from (using the UI5 resource loading). This control displays all properties,\naggregations, associations, events and methods that are described in the metamodel. For each part, it lists the name,\ntype (where applicable) and documentation. If the navigable property is set to true, all types are shown as links\nand when pressed, the navigate event is fired. This allows consumers to react on a user click on such a type\n(and to e.g. navigate to the underlying type of a property or aggregation)","helpDescription":"Displays documentation for a UI5 entity (control or type).\n\nThe documentation will be read from a UI5 metamodel file that by default is loaded from the same resource location\nwhere the control or type would be loaded from (using the UI5 resource loading). This control displays all properties,\naggregations, associations, events and methods that are described in the metamodel. For each part, it lists the name,\ntype (where applicable) and documentation. If the navigable property is set to true, all types are shown as links\nand when pressed, the navigate event is fired. This allows consumers to react on a user click on such a type\n(and to e.g. navigate to the underlying type of a property or aggregation)","Deprecated":false,"Experimental":false,"extend":"sap.ui.core.Control","properties":{"collapsible":{"method":"#getCollapsible","group":"Misc","type":"boolean","defaultValue":"true","description":"Whether the cue card can be collapsed at all. When set to true, the value of property expanded determines the current collapsed/expanded state. When false, the control is always expanded.","helpDescription":"Whether the cue card can be collapsed at all. When set to true, the value of property expanded determines the current collapsed/expanded state. When false, the control is always expanded.","Deprecated":false,"Experimental":false,"fullName":"sap.ui.demokit.UI5EntityCueCard#collapsible"},"expanded":{"method":"#getExpanded","group":"Misc","type":"boolean","defaultValue":"false","description":"Whether the cue card is currently expanded.","helpDescription":"Whether the cue card is currently expanded.","Deprecated":false,"Experimental":false,"fullName":"sap.ui.demokit.UI5EntityCueCard#expanded"},"navigable":{"method":"#getNavigable","group":"Misc","type":"boolean","defaultValue":"false","description":"Whether type information is navigable. Also see event 'navigate'.","helpDescription":"Whether type information is navigable. Also see event 'navigate'.","Deprecated":false,"Experimental":false,"fullName":"sap.ui.demokit.UI5EntityCueCard#navigable"},"entityName":{"method":"#getEntityName","group":"Misc","type":"string","defaultValue":"null","description":"Qualified name of the control or type to show the documentation for. The name can be specified in the metamodel notation ('sap.ui.core/Control' or in the UI5 resource notation (sap.ui.core.Control).","helpDescription":"Qualified name of the control or type to show the documentation for. The name can be specified in the metamodel notation ('sap.ui.core/Control' or in the UI5 resource notation (sap.ui.core.Control).","Deprecated":false,"Experimental":false,"fullName":"sap.ui.demokit.UI5EntityCueCard#entityName"},"style":{"method":"#getStyle","group":"Misc","type":"sap.ui.demokit.UI5EntityCueCardStyle","defaultValue":"null","description":"Style of the cue card.","helpDescription":"Style of the cue card.","Deprecated":false,"Experimental":false,"fullName":"sap.ui.demokit.UI5EntityCueCard#style"}},"associations":{},"aggregations":{},"events":{"navigate":{"method":"sap.ui.demokit.UI5EntityCueCard#event:navigate","type":"fnListenerFunction or [fnListenerFunction, oListenerObject] or [oData, fnListenerFunction, oListenerObject]","description":"Fired when a link for a type is activated (clicked) by the user.\n\nWhen property \"navigable\" is set to true, type links are created for the types of properties, aggregations and associations, for the types of event or method parameters and for the return types of methods (if not void).\n\nThe default behavior for this event is to set the entityName property to the clicked entityName. Applications can prevent the default by calling the corresponding method on the event object.","helpDescription":"Fired when a link for a type is activated (clicked) by the user.\n\nWhen property \"navigable\" is set to true, type links are created for the types of properties, aggregations and associations, for the types of event or method parameters and for the return types of methods (if not void).\n\nThe default behavior for this event is to set the entityName property to the clicked entityName. Applications can prevent the default by calling the corresponding method on the event object.","Deprecated":false,"Experimental":false,"fullName":"sap.ui.demokit.UI5EntityCueCard#navigate"}},"filetype":"class"},"sap.ui.demokit.UIAreaSubstitute":{"description":"A substitute for an UIArea that can be embedded in the control tree.","helpDescription":"A substitute for an UIArea that can be embedded in the control tree.","Deprecated":false,"Experimental":false,"extend":"sap.ui.core.Element","properties":{},"associations":{},"aggregations":{"content":{"method":"#getContent","multiple":"true","type":"sap.ui.core.Control","description":"Content Area used for the running sample code","helpDescription":"Content Area used for the running sample code","Deprecated":false,"Experimental":false,"fullName":"sap.ui.demokit.UIAreaSubstitute#content"}},"events":{},"filetype":"class"},"sap.ui.demokit":{"name":"sap.ui.demokit","types":["sap.ui.demokit.UI5EntityCueCardStyle"],"controls":["sap.ui.demokit.CodeSampleContainer","sap.ui.demokit.CodeViewer","sap.ui.demokit.FileUploadIntrospector","sap.ui.demokit.HexagonButton","sap.ui.demokit.HexagonButtonGroup","sap.ui.demokit.IndexLayout","sap.ui.demokit.TagCloud","sap.ui.demokit.UI5EntityCueCard"],"elements":["sap.ui.demokit.Tag","sap.ui.demokit.UIAreaSubstitute"],"version":"1.29.1","filetype":"library"},"sap.ui":{"name":"sap.ui","types":["sap.ui.demokit"],"version":"1.29.1","filetype":"library"},"sap":{"name":"sap","types":["sap.ui"],"version":"1.29.1","filetype":"library"}},"enums":{"sap.ui.demokit.UI5EntityCueCardStyle":{"Demokit":{"description":"Demokit style","helpDescription":"Demokit style","Deprecated":false,"Experimental":false,"value":"Demokit"},"Standard":{"description":"default style (no special styling).","helpDescription":"default style (no special styling).","Deprecated":false,"Experimental":false,"value":"Standard"}}}}