{"metadatas":{"sap.ui.rta.ContextMenu":{"description":"Context - Menu for Runtime Authoring","helpDescription":"<strong style=\"color: red;\">Experimental! </strong>","Deprecated":false,"Experimental":true,"extend":"sap.ui.core.Control","properties":{},"associations":{},"aggregations":{},"events":{},"filetype":"class"},"sap.ui.rta.FieldRepository":{"description":"Context - Dialog for Field Repository in Runtime Authoring","helpDescription":"<strong style=\"color: red;\">Experimental! </strong>","Deprecated":false,"Experimental":true,"extend":"sap.ui.core.Control","properties":{},"associations":{},"aggregations":{},"events":{"closed":{"method":"sap.ui.rta.FieldRepository#event:opened","type":"fnListenerFunction or [fnListenerFunction, oListenerObject] or [oData, fnListenerFunction, oListenerObject]","Deprecated":false,"Experimental":false,"fullName":"sap.ui.rta.FieldRepository#opened"},"openCCF":{"method":"sap.ui.rta.FieldRepository#event:opened","type":"fnListenerFunction or [fnListenerFunction, oListenerObject] or [oData, fnListenerFunction, oListenerObject]","Deprecated":false,"Experimental":false,"fullName":"sap.ui.rta.FieldRepository#opened"},"opened":{"method":"sap.ui.rta.FieldRepository#event:opened","type":"fnListenerFunction or [fnListenerFunction, oListenerObject] or [oData, fnListenerFunction, oListenerObject]","Deprecated":false,"Experimental":false,"fullName":"sap.ui.rta.FieldRepository#opened"}},"filetype":"class"},"sap.ui.rta.RuntimeAuthoring":{"description":"Contains all the necessary Objects for the Runtime Authoring","helpDescription":"<strong style=\"color: red;\">Experimental! </strong>","Deprecated":false,"Experimental":true,"extend":"sap.ui.core.BaseObject","properties":{"customFieldUrl":{"method":"#getCustomFieldUrl","type":"string","defaultValue":"null","Deprecated":false,"Experimental":false,"fullName":"sap.ui.rta.RuntimeAuthoring#customFieldUrl"},"showCCF":{"method":"#getShowCCF","type":"boolean","defaultValue":"null","Deprecated":false,"Experimental":false,"fullName":"sap.ui.rta.RuntimeAuthoring#showCCF"}},"associations":{"rootControl":{"method":"#getRootControl","multiple":"false","type":"sap.ui.core.Control","Deprecated":false,"Experimental":false,"fullName":"sap.ui.rta.RuntimeAuthoring#rootControl"}},"aggregations":{},"events":{"start":{"method":"sap.ui.rta.RuntimeAuthoring#event:stop","type":"fnListenerFunction or [fnListenerFunction, oListenerObject] or [oData, fnListenerFunction, oListenerObject]","Deprecated":false,"Experimental":false,"fullName":"sap.ui.rta.RuntimeAuthoring#stop"},"stop":{"method":"sap.ui.rta.RuntimeAuthoring#event:stop","type":"fnListenerFunction or [fnListenerFunction, oListenerObject] or [oData, fnListenerFunction, oListenerObject]","Deprecated":false,"Experimental":false,"fullName":"sap.ui.rta.RuntimeAuthoring#stop"}},"filetype":"class"},"sap.ui.rta.ToolsMenu":{"description":"Contains all the necessary Toolbars for the Runtime Authoring","helpDescription":"<strong style=\"color: red;\">Experimental! </strong>","Deprecated":false,"Experimental":true,"extend":"sap.ui.core.Control","properties":{},"associations":{},"aggregations":{"toolbars":{"method":"#getToolbars","multiple":"true","type":"sap.m.Toolbar","Deprecated":false,"Experimental":false,"fullName":"sap.ui.rta.ToolsMenu#toolbars"}},"events":{"close":{"method":"sap.ui.rta.ToolsMenu#event:selectedTool","type":"fnListenerFunction or [fnListenerFunction, oListenerObject] or [oData, fnListenerFunction, oListenerObject]","Deprecated":false,"Experimental":false,"fullName":"sap.ui.rta.ToolsMenu#selectedTool"},"selectedTool":{"method":"sap.ui.rta.ToolsMenu#event:selectedTool","type":"fnListenerFunction or [fnListenerFunction, oListenerObject] or [oData, fnListenerFunction, oListenerObject]","Deprecated":false,"Experimental":false,"fullName":"sap.ui.rta.ToolsMenu#selectedTool"}},"filetype":"class"},"sap.ui.rta":{"name":"sap.ui.rta","controls":["sap.ui.rta.ContextMenu","sap.ui.rta.FieldRepository","sap.ui.rta.ToolsMenu"],"version":"1.29.1","filetype":"library"},"sap.ui":{"name":"sap.ui","types":["sap.ui.rta"],"version":"1.29.1","filetype":"library"},"sap":{"name":"sap","types":["sap.ui"],"version":"1.29.1","filetype":"library"}},"enums":[]}