{"metadatas":{"sap.ndc.BarcodeScannerButton":{"description":"A button control (displaying a bar code icon) to start the bar code scanning process. If the native scanning feature is\nnot available, the button is either hidden or it provides a fallback by opening a dialog with an input field where the bar code can\nbe entered manually.","helpDescription":"A button control (displaying a bar code icon) to start the bar code scanning process. If the native scanning feature is\nnot available, the button is either hidden or it provides a fallback by opening a dialog with an input field where the bar code can\nbe entered manually.","Deprecated":false,"Experimental":false,"extend":"sap.ui.core.Control","properties":{"provideFallback":{"method":"#getProvideFallback","group":"Misc","type":"boolean","defaultValue":"true","description":"If set to true, the button remains visible if the scanner is not available and triggers a dialog to enter bar code.","helpDescription":"If set to true, the button remains visible if the scanner is not available and triggers a dialog to enter bar code.","Deprecated":false,"Experimental":false,"fullName":"sap.ndc.BarcodeScannerButton#provideFallback"},"visible":{"method":"#getVisible","group":"Misc","type":"boolean","defaultValue":"true","description":"The invisible bar code scanner button is not rendered regardless of the availability of the native scan feature.","helpDescription":"The invisible bar code scanner button is not rendered regardless of the availability of the native scan feature.","Deprecated":false,"Experimental":false,"fullName":"sap.ndc.BarcodeScannerButton#visible"}},"associations":{},"aggregations":{"_btn":{"method":"#get_btn","multiple":"false","type":"sap.m.Button","description":"Internal aggregation to hold the inner Button.","helpDescription":"Internal aggregation to hold the inner Button.","Deprecated":false,"Experimental":false,"fullName":"sap.ndc.BarcodeScannerButton#_btn"}},"events":{"inputLiveUpdate":{"method":"sap.ndc.BarcodeScannerButton#event:scanSuccess","type":"fnListenerFunction or [fnListenerFunction, oListenerObject] or [oData, fnListenerFunction, oListenerObject]","description":"Event is fired when the scanning is finished or cancelled","helpDescription":"Event is fired when the scanning is finished or cancelled","Deprecated":false,"Experimental":false,"fullName":"sap.ndc.BarcodeScannerButton#scanSuccess"},"scanFail":{"method":"sap.ndc.BarcodeScannerButton#event:scanSuccess","type":"fnListenerFunction or [fnListenerFunction, oListenerObject] or [oData, fnListenerFunction, oListenerObject]","description":"Event is fired when the scanning is finished or cancelled","helpDescription":"Event is fired when the scanning is finished or cancelled","Deprecated":false,"Experimental":false,"fullName":"sap.ndc.BarcodeScannerButton#scanSuccess"},"scanSuccess":{"method":"sap.ndc.BarcodeScannerButton#event:scanSuccess","type":"fnListenerFunction or [fnListenerFunction, oListenerObject] or [oData, fnListenerFunction, oListenerObject]","description":"Event is fired when the scanning is finished or cancelled","helpDescription":"Event is fired when the scanning is finished or cancelled","Deprecated":false,"Experimental":false,"fullName":"sap.ndc.BarcodeScannerButton#scanSuccess"}},"filetype":"class"},"sap.ndc":{"name":"sap.ndc","types":["sap.ndc.BarcodeScanner"],"controls":["sap.ndc.BarcodeScannerButton"],"version":"1.29.1","filetype":"library"},"sap":{"name":"sap","types":["sap.ndc"],"version":"1.29.1","filetype":"library"}},"enums":[]}