{ 
	"metadatas": {
		"sap.ca.ui": {
			"name": "sap.ca.ui",
			"dependencies": [
				"sap.ui.core",
				"sap.m"
			],
			"types": [
				"sap.ca.ui.charts.ChartColor",
				"sap.ca.ui.charts.ChartSelectionMode",
				"sap.ca.ui.charts.ChartSemanticColor"
			],
			"interfaces": [],
			"controls": [
				"sap.ca.ui.AddPicture",
				"sap.ca.ui.CustomerContext",
				"sap.ca.ui.CustomerControlListItem",
				"sap.ca.ui.DatePicker",
				"sap.ca.ui.ExpansibleFeedListItem",
				"sap.ca.ui.FileUpload",
				"sap.ca.ui.GrowingTileContainer",
				"sap.ca.ui.HierarchicalSelectDialog",
				"sap.ca.ui.Hierarchy",
				"sap.ca.ui.HierarchyItem",
				"sap.ca.ui.InPlaceEdit",
				"sap.ca.ui.Notes",
				"sap.ca.ui.OverflowContainer",
				"sap.ca.ui.OverviewTile",
				"sap.ca.ui.PictureItem",
				"sap.ca.ui.PictureTile",
				"sap.ca.ui.PictureTileContainer",
				"sap.ca.ui.PictureViewer",
				"sap.ca.ui.PictureViewerItem",
				"sap.ca.ui.ZoomableScrollContainer",
				"sap.ca.ui.charts.BarListItem",
				"sap.ca.ui.charts.BubbleChart",
				"sap.ca.ui.charts.Chart",
				"sap.ca.ui.charts.ChartToolBar",
				"sap.ca.ui.charts.ClusterListItem",
				"sap.ca.ui.charts.CombinedChart",
				"sap.ca.ui.charts.HorizontalBarChart",
				"sap.ca.ui.charts.LineChart",
				"sap.ca.ui.charts.StackedHorizontalBarChart",
				"sap.ca.ui.charts.StackedVerticalColumnChart",
				"sap.ca.ui.charts.VerticalBarChart"
			],
			"elements": [
				"sap.ca.ui.HierarchicalSelectDialogItem"
			],
			"version": "1.28.3-SNAPSHOT",
			"filetype": "library"
		},
		"sap.ca.ui.AddPicture": {
			"description": "Enables users to add pictures into a form. Contains PictureItem controls that describe the media.\nIt is designed to be used simultaneously with the PictureViewer control",
			"extend": "sap.ui.core.Control",
			"name": "sap.ca.ui.AddPicture",
			"properties": {
				"buttonPageType": {
					"description": "The page container type in which the button is embedded : Tab or Form\n\nDefault value is <code>Tab</code>",
					"type": "string",
					"group": "Appearance",
					"defaultValue": "Tab",
					"method": "#getButtonPageType",
					"fullName": "sap.ca.ui.AddPicture#buttonPageType"
				},
				"editable": {
					"type": "boolean",
					"group": "Appearance",
					"defaultValue": true,
					"method": "#getEditable",
					"description": "Defines whether the button should appear or not.\n\nDefault value is <code>true</code>",
					"fullName": "sap.ca.ui.AddPicture#editable"
				},
				"maxPictureNumber": {
					"type": "int",
					"group": "Behavior",
					"defaultValue": 10,
					"method": "#getMaxPictureNumber",
					"description": "Defines the maximum number of pictures you can add. Default is set to 10\n\nDefault value is <code>10</code>",
					"fullName": "sap.ca.ui.AddPicture#maxPictureNumber"
				},
				"uploadUrl": {
					"type": "string",
					"group": "Misc",
					"defaultValue": null,
					"method": "#getUploadUrl",
					"description": "Url of server we wish to upload to, only used as a fallback when FileReader is not supported by the browser\n\nDefault value is empty/<code>undefined</code>",
					"fullName": "sap.ca.ui.AddPicture#uploadUrl"
				},
				"width": {
					"type": "sap.ui.core.CSSSize",
					"group": "Appearance",
					"defaultValue": "100%",
					"method": "#getWidth",
					"description": "The width of the control.\n\nDefault value is <code>100%</code>",
					"fullName": "sap.ca.ui.AddPicture#width"
				},
				"text": {
					"type": "string",
					"group": "Appearance",
					"defaultValue": null,
					"method": "#getText",
					"description": "The text of the button.\n\nDefault value is empty/<code>undefined</code>",
					"fullName": "sap.ca.ui.AddPicture#text"
				},
				"pictureAlign": {
					"type": "sap.ui.core.TextAlign",
					"group": "Appearance",
					"method": "#getPictureAlign",
					"description": "The text of the button.\n\nDefault value is <code>Left</code>",
					"fullName": "sap.ca.ui.AddPicture#pictureAlign"
				},
				"itemSize": {
					"type": "int",
					"group": "Appearance",
					"defaultValue": 64,
					"method": "#getItemSize",
					"description": "Defines thumbnail size (height / width) in Pixels\n\nDefault value is <code>64</code>",
					"fullName": "sap.ca.ui.AddPicture#itemSize"
				},
				"compression": {
					"type": "string",
					"group": "Appearance",
					"defaultValue": "low",
					"method": "#getCompression",
					"description": "Defines whether or not you want to maximize the compression. Possible values : \"Low\" (thumbnail size) or \"High\" (screen size)\n\nDefault value is <code>low</code>",
					"fullName": "sap.ca.ui.AddPicture#compression"
				}
			},
			"aggregations": {
				"pictures": {
					"type": "sap.ca.ui.PictureItem",
					"multiple": true,
					"singularName": "picture",
					"bindable": "bindable",
					"method": "#getPictures",
					"description": "The list of pictures",
					"fullName": "sap.ca.ui.AddPicture#pictures"
				}
			},
			"events": {
				"show": {
					"method": "#event:show",
					"description": "Indicates that the user wishes to view the picture",
					"fullName": "sap.ca.ui.AddPicture#show"
				},
				"pictureAdded": {
					"method": "#event:pictureAdded",
					"description": "Indicates that the image upload failed, only used as a fallback when FileReader is not supported by the browser",
					"fullName": "sap.ca.ui.AddPicture#pictureAdded"
				},
				"maxPictureLimitReached": {
					"method": "#event:maxPictureLimitReached",
					"description": "Indicates that the limit number of pictures has been reached",
					"fullName": "sap.ca.ui.AddPicture#maxPictureLimitReached"
				},
				"imageUploadFailed": {
					"method": "#event:imageUploadFailed",
					"description": "Indicates that the image upload failed, only used as a fallback when FileReader is not supported by the browser",
					"fullName": "sap.ca.ui.AddPicture#imageUploadFailed"
				},
				"fileNotSupported": {
					"method": "#event:fileNotSupported",
					"description": "Image upload failed, only supports image format files",
					"fullName": "sap.ca.ui.AddPicture#fileNotSupported"
				}
			},
			"filetype": "class"
		},
		"sap.ca.ui.CustomerContext": {
			"description": "This control allows you to open a dialog containing a list of customers for users to pick.\nThe chosen selected customer is persisted using sap.ushell services that shall be fully configured outside of this control.\n\nThe dialog can be open following two modes:\n\"select\" : exiting without choosing a customer is firing the customerSelected event with a null customer before closing the dialog\n\"change\" : exiting without choosing a customer is simply closing the dialog\n\nWhen opening the dialog in \"select\" mode, if a customer has been persisted in a previous session, it will be retrieved and the dialog won't open at all.",
			"extend": "sap.ui.core.Control",
			"name": "sap.ca.ui.CustomerContext",
			"properties": {
				"personalizationPageName": {
					"description": "Name of your app that shall be unique.\n\nDefault value is <code>AppCustomerContext</code>",
					"type": "string",
					"group": "Misc",
					"defaultValue": "AppCustomerContext",
					"method": "#getPersonalizationPageName",
					"fullName": "sap.ca.ui.CustomerContext#personalizationPageName"
				},
				"showSalesArea": {
					"type": "boolean",
					"group": "Misc",
					"defaultValue": false,
					"method": "#getShowSalesArea",
					"description": "Display or not the customers sales area as well as its name and id.\n\nDefault value is <code>false</code>",
					"fullName": "sap.ca.ui.CustomerContext#showSalesArea"
				},
				"path": {
					"type": "string",
					"group": "Misc",
					"defaultValue": "/Customers",
					"method": "#getPath",
					"description": "Model path to the customer collection to be displayed\n\nDefault value is <code>/Customers</code>",
					"fullName": "sap.ca.ui.CustomerContext#path"
				},
				"customerIDProperty": {
					"type": "string",
					"group": "Misc",
					"defaultValue": "CustomerID",
					"method": "#getCustomerIDProperty",
					"description": "Property name of the customer ID\n\nDefault value is <code>CustomerID</code>",
					"fullName": "sap.ca.ui.CustomerContext#customerIDProperty"
				},
				"customerNameProperty": {
					"type": "string",
					"group": "Misc",
					"defaultValue": "CustomerName",
					"method": "#getCustomerNameProperty",
					"description": "Property name of the customer name\n\nDefault value is <code>CustomerName</code>",
					"fullName": "sap.ca.ui.CustomerContext#customerNameProperty"
				},
				"salesOrganizationNameProperty": {
					"type": "string",
					"group": "Misc",
					"defaultValue": "SalesOrganizationName",
					"method": "#getSalesOrganizationNameProperty",
					"description": "Property name of the sales organization name\n\nDefault value is <code>SalesOrganizationName</code>",
					"fullName": "sap.ca.ui.CustomerContext#salesOrganizationNameProperty"
				},
				"distributionChannelNameProperty": {
					"type": "string",
					"group": "Misc",
					"defaultValue": "DistributionChannelName",
					"method": "#getDistributionChannelNameProperty",
					"description": "Property name of the distribution channel name\n\nDefault value is <code>DistributionChannelName</code>",
					"fullName": "sap.ca.ui.CustomerContext#distributionChannelNameProperty"
				},
				"divisionNameProperty": {
					"type": "string",
					"group": "Misc",
					"defaultValue": "DivisionName",
					"method": "#getDivisionNameProperty",
					"description": "Property name of the division name\n\nDefault value is <code>DivisionName</code>",
					"fullName": "sap.ca.ui.CustomerContext#divisionNameProperty"
				},
				"dialogTitle": {
					"type": "string",
					"group": "Misc",
					"defaultValue": null,
					"method": "#getDialogTitle",
					"description": "Overrides the default Dialog title\n\nDefault value is empty/<code>undefined</code>",
					"fullName": "sap.ca.ui.CustomerContext#dialogTitle"
				}
			},
			"events": {
				"customerSelected": {
					"method": "#event:customerSelected",
					"description": "Fired when a customer is selected in the list. The fired customer can be empty in case the user press the cancel button while the Customer Context has been open using select()",
					"fullName": "sap.ca.ui.CustomerContext#customerSelected"
				}
			},
			"filetype": "class"
		},
		"sap.ca.ui.CustomerControlListItem": {
			"description": "Extends the ObjectListItem to display a line in the customer context control.",
			"extend": "sap.m.CustomListItem",
			"name": "sap.ca.ui.CustomerControlListItem",
			"properties": {
				"showSalesArea": {
					"description": "Display or not the customers sales area as well as its name and id.\n\nDefault value is <code>false</code>",
					"type": "boolean",
					"group": "Misc",
					"defaultValue": false,
					"method": "#getShowSalesArea",
					"fullName": "sap.ca.ui.CustomerControlListItem#showSalesArea"
				},
				"customerID": {
					"type": "string",
					"group": "Misc",
					"defaultValue": "CustomerID",
					"method": "#getCustomerID",
					"description": "The ID of the customer\n\nDefault value is <code>CustomerID</code>",
					"fullName": "sap.ca.ui.CustomerControlListItem#customerID"
				},
				"customerName": {
					"type": "string",
					"group": "Misc",
					"defaultValue": "CustomerName",
					"method": "#getCustomerName",
					"description": "The name of the customer\n\nDefault value is <code>CustomerName</code>",
					"fullName": "sap.ca.ui.CustomerControlListItem#customerName"
				},
				"salesOrganizationName": {
					"type": "string",
					"group": "Misc",
					"defaultValue": "SalesOrganizationName",
					"method": "#getSalesOrganizationName",
					"description": "The sales organization name\n\nDefault value is <code>SalesOrganizationName</code>",
					"fullName": "sap.ca.ui.CustomerControlListItem#salesOrganizationName"
				},
				"distributionChannelName": {
					"type": "string",
					"group": "Misc",
					"defaultValue": "DistributionChannelName",
					"method": "#getDistributionChannelName",
					"description": "The distribution channel name\n\nDefault value is <code>DistributionChannelName</code>",
					"fullName": "sap.ca.ui.CustomerControlListItem#distributionChannelName"
				},
				"divisionName": {
					"type": "string",
					"group": "Misc",
					"defaultValue": "DivisionName",
					"method": "#getDivisionName",
					"description": "The division name\n\nDefault value is <code>DivisionName</code>",
					"fullName": "sap.ca.ui.CustomerControlListItem#divisionName"
				}
			},
			"filetype": "class"
		},
		"sap.ca.ui.DatePicker": {
			"description": "Allows end users to interact with dates.\nEntries can directly be written in, or selected from a calendar pad.",
			"extend": "sap.m.InputBase",
			"name": "sap.ca.ui.DatePicker",
			"properties": {
				"firstDayOffset": {
					"description": "This property is used to offset the first day of the week (0 = sunday). Returns int, default\n0\n\nDefault value is <code>0</code>",
					"type": "int",
					"group": "Data",
					"defaultValue": 0,
					"method": "#getFirstDayOffset",
					"fullName": "sap.ca.ui.DatePicker#firstDayOffset"
				},
				"dateValue": {
					"type": "string",
					"group": "Misc",
					"defaultValue": null,
					"method": "#getDateValue",
					"description": "This is a date string formatted as per the format for the control. If there is no valid input\nfor the control, this value will be null.\n\nDefault value is empty/<code>undefined</code>",
					"fullName": "sap.ca.ui.DatePicker#dateValue"
				}
			},
			"filetype": "class"
		},
		"sap.ca.ui.ExpansibleFeedListItem": {
			"description": "Extends the FeedListItem to hide text when it is longer than maxLines. When text is hidden a See more\nlink is displayed, clicking on the link displays the entire text.",
			"extend": "sap.m.FeedListItem",
			"name": "sap.ca.ui.ExpansibleFeedListItem",
			"properties": {
				"maxLines": {
					"description": "The maximum number of lines to display before adding the \"See more\" link.\n\nDefault value is <code>5</code>",
					"type": "int",
					"group": "Misc",
					"defaultValue": 5,
					"method": "#getMaxLines",
					"fullName": "sap.ca.ui.ExpansibleFeedListItem#maxLines"
				}
			},
			"filetype": "class"
		},
		"sap.ca.ui.FileUpload": {
			"description": "Allows you to display a list of uploaded files. You can also upload a new one, rename or delete them",
			"extend": "sap.ui.core.Control",
			"name": "sap.ca.ui.FileUpload",
			"properties": {
				"uploadUrl": {
					"description": "Url of server we wish to upload to\n\nDefault value is empty/<code>undefined</code>",
					"type": "string",
					"group": "Misc",
					"defaultValue": null,
					"method": "#getUploadUrl",
					"fullName": "sap.ca.ui.FileUpload#uploadUrl"
				},
				"fileName": {
					"type": "string",
					"group": "Misc",
					"defaultValue": null,
					"method": "#getFileName",
					"description": "Relative path in model, pointing to property that stores the name of a file.\n\nDefault value is empty/<code>undefined</code>",
					"fullName": "sap.ca.ui.FileUpload#fileName"
				},
				"size": {
					"type": "string",
					"group": "Misc",
					"defaultValue": null,
					"method": "#getSize",
					"description": "Relative path in model, pointing to property that stores the size of a file.\n\nDefault value is empty/<code>undefined</code>",
					"fullName": "sap.ca.ui.FileUpload#size"
				},
				"url": {
					"type": "string",
					"group": "Misc",
					"defaultValue": null,
					"method": "#getUrl",
					"description": "Relative path in model, pointing to property that stores the url at which the file is stored.\n\nDefault value is empty/<code>undefined</code>",
					"fullName": "sap.ca.ui.FileUpload#url"
				},
				"uploadedDate": {
					"type": "string",
					"group": "Misc",
					"defaultValue": null,
					"method": "#getUploadedDate",
					"description": "Relative path in model, pointing to property that stores the date at which a file was uploaded.\n\nDefault value is empty/<code>undefined</code>",
					"fullName": "sap.ca.ui.FileUpload#uploadedDate"
				},
				"contributor": {
					"type": "string",
					"group": "Misc",
					"defaultValue": null,
					"method": "#getContributor",
					"description": "Relative path in model, pointing to property that stores the name of the person who uploaded the file.\n\nDefault value is empty/<code>undefined</code>",
					"fullName": "sap.ca.ui.FileUpload#contributor"
				},
				"fileExtension": {
					"type": "string",
					"group": "Misc",
					"defaultValue": null,
					"method": "#getFileExtension",
					"description": "Relative path in model, pointing to property that stores the uploaded files extension. Note: either fileExtension or mimeType may be used, but mimeType is preferable.\n\nDefault value is empty/<code>undefined</code>",
					"fullName": "sap.ca.ui.FileUpload#fileExtension"
				},
				"mimeType": {
					"type": "string",
					"group": "Misc",
					"defaultValue": null,
					"method": "#getMimeType",
					"description": "Relative path in model, pointing to property that stores the file's mimeType. Note: either fileExtension or mimeType may be used, but mimeType is preferable.\n\nDefault value is empty/<code>undefined</code>",
					"fullName": "sap.ca.ui.FileUpload#mimeType"
				},
				"items": {
					"type": "string",
					"group": "Misc",
					"defaultValue": null,
					"method": "#getItems",
					"description": "The base path in the model for the control. Avoid trailing forward slashes in value, as per default value.\n\nDefault value is empty/<code>undefined</code>",
					"fullName": "sap.ca.ui.FileUpload#items"
				},
				"uploadEnabled": {
					"type": "boolean",
					"group": "Misc",
					"defaultValue": null,
					"method": "#getUploadEnabled",
					"description": "This property enables & disables the ability to upload a file\n\nDefault value is empty/<code>undefined</code>",
					"fullName": "sap.ca.ui.FileUpload#uploadEnabled"
				},
				"fileId": {
					"type": "string",
					"group": "Misc",
					"defaultValue": null,
					"method": "#getFileId",
					"description": "An identifier property name that is used to uniquely reference the file on the server.\n\nDefault value is empty/<code>undefined</code>",
					"fullName": "sap.ca.ui.FileUpload#fileId"
				},
				"xsrfToken": {
					"type": "string",
					"group": "Misc",
					"defaultValue": null,
					"method": "#getXsrfToken",
					"description": "The XSRF token the control should use when making the upload request. If it is not set, the control will not use a security token.\n\nDefault value is empty/<code>undefined</code>",
					"fullName": "sap.ca.ui.FileUpload#xsrfToken"
				},
				"useMultipart": {
					"type": "boolean",
					"group": "Misc",
					"defaultValue": false,
					"method": "#getUseMultipart",
					"description": "Indicates if the control should send multipart/form data request when uploading\n\nDefault value is <code>false</code>",
					"fullName": "sap.ca.ui.FileUpload#useMultipart"
				},
				"acceptRequestHeader": {
					"type": "string",
					"group": "Misc",
					"defaultValue": "application/json",
					"method": "#getAcceptRequestHeader",
					"description": "The Accept request header the control should use when sending the upload request\n\nDefault value is <code>application/json</code>",
					"fullName": "sap.ca.ui.FileUpload#acceptRequestHeader"
				},
				"encodeUrl": {
					"type": "string",
					"group": "Misc",
					"defaultValue": null,
					"method": "#getEncodeUrl",
					"description": "Url of server that will base64 encode the file\n\nDefault value is empty/<code>undefined</code>",
					"fullName": "sap.ca.ui.FileUpload#encodeUrl"
				},
				"renameEnabled": {
					"type": "boolean",
					"group": "Misc",
					"defaultValue": null,
					"method": "#getRenameEnabled",
					"description": "Indicates whether rename functionality should be enabled\n\nDefault value is empty/<code>undefined</code>",
					"fullName": "sap.ca.ui.FileUpload#renameEnabled"
				},
				"deleteEnabled": {
					"type": "boolean",
					"group": "Misc",
					"defaultValue": null,
					"method": "#getDeleteEnabled",
					"description": "Indicates whether delete functionality should be enabled\n\nDefault value is empty/<code>undefined</code>",
					"fullName": "sap.ca.ui.FileUpload#deleteEnabled"
				},
				"multipleSelectionEnabled": {
					"type": "boolean",
					"group": "Misc",
					"defaultValue": true,
					"method": "#getMultipleSelectionEnabled",
					"description": "Indicates whether the user is allowed to select multiple file at once from his desktop\n\nDefault value is <code>true</code>",
					"fullName": "sap.ca.ui.FileUpload#multipleSelectionEnabled"
				},
				"showNoData": {
					"type": "boolean",
					"group": "Misc",
					"defaultValue": false,
					"method": "#getShowNoData",
					"description": "Show the label \"No data\" when the control doesn't have files\n\nDefault value is <code>false</code>",
					"fullName": "sap.ca.ui.FileUpload#showNoData"
				},
				"sequentialUploadsEnabled": {
					"type": "boolean",
					"group": "Misc",
					"defaultValue": false,
					"method": "#getSequentialUploadsEnabled",
					"description": "Indicates whether file uploads should occur sequentially or in parallel. The default is in parallel.\n\nDefault value is <code>false</code>",
					"fullName": "sap.ca.ui.FileUpload#sequentialUploadsEnabled"
				},
				"showAttachmentsLabel": {
					"type": "boolean",
					"group": "Misc",
					"defaultValue": true,
					"method": "#getShowAttachmentsLabel",
					"description": "Show the Attachments count label\n\nDefault value is <code>true</code>",
					"fullName": "sap.ca.ui.FileUpload#showAttachmentsLabel"
				},
				"useEditControls": {
					"type": "boolean",
					"group": "Misc",
					"defaultValue": false,
					"method": "#getUseEditControls",
					"description": "Show the edit user controls to rename and delete files (same as deleteEnabled and renameEnabled)\n\nDefault value is <code>false</code>",
					"fullName": "sap.ca.ui.FileUpload#useEditControls"
				},
				"showAttachmentsLabelInEditMode": {
					"type": "boolean",
					"group": "Misc",
					"defaultValue": true,
					"deprecated": true,
					"method": "#getShowAttachmentsLabelInEditMode",
					"description": "Show the Attachments label in edit mode\n\nDefault value is <code>true</code>",
					"fullName": "sap.ca.ui.FileUpload#showAttachmentsLabelInEditMode"
				},
				"editMode": {
					"type": "boolean",
					"group": "Misc",
					"defaultValue": false,
					"deprecated": true,
					"method": "#getEditMode",
					"description": "Property to allow toggling between edit and view screens.\n\nDefault value is <code>false</code>",
					"fullName": "sap.ca.ui.FileUpload#editMode"
				}
			},
			"aggregations": {
				"_fileList": {
					"type": "sap.m.List",
					"multiple": false,
					"visibility": "hidden",
					"method": "#get_fileList",
					"fullName": "sap.ca.ui.FileUpload#_fileList"
				},
				"uploadProgressLabel": {
					"type": "sap.m.Label",
					"multiple": false,
					"method": "#getUploadProgressLabel",
					"description": "Aggregation that displays the current number of items that are being uploaded",
					"fullName": "sap.ca.ui.FileUpload#uploadProgressLabel"
				},
				"attachmentNumberLabel": {
					"type": "sap.m.Label",
					"multiple": false,
					"deprecated": true,
					"method": "#getAttachmentNumberLabel",
					"description": "Aggregation that shows the number of files currently uploaded",
					"fullName": "sap.ca.ui.FileUpload#attachmentNumberLabel"
				},
				"toolBar": {
					"type": "sap.m.Toolbar",
					"multiple": false,
					"method": "#getToolBar",
					"description": "Aggregation that contains the buttons for adding",
					"fullName": "sap.ca.ui.FileUpload#toolBar"
				}
			},
			"events": {
				"deleteFile": {
					"method": "#event:deleteFile",
					"description": "Fired when a file deletion event occurs typically by clicking a the delete icon. The file descriptor json for the file to be deleted is passed in the event data",
					"fullName": "sap.ca.ui.FileUpload#deleteFile"
				},
				"renameFile": {
					"method": "#event:renameFile",
					"description": "Fired when a file is renamed. The file descripter json for the file to be renamed is passed in the event data and also a property, newFilename, that contains the new filename.",
					"fullName": "sap.ca.ui.FileUpload#renameFile"
				},
				"uploadFile": {
					"method": "#event:uploadFile",
					"description": "Fired when a file is uploaded and the response comes back from service. The service response for the file to be added to the list is passed in the event data and the consumer must format it in the correct json structure and pass it back to the control using commitUploadFile method.",
					"fullName": "sap.ca.ui.FileUpload#uploadFile"
				},
				"fileUploadFailed": {
					"method": "#event:fileUploadFailed",
					"description": "Fired when a file fails to upload. The error code and response data is passed in this event. The consumer should handle the error by showing the appropriate message.",
					"fullName": "sap.ca.ui.FileUpload#fileUploadFailed"
				},
				"beforeUploadFile": {
					"method": "#event:beforeUploadFile",
					"description": "Fired just before the control is about to make a file upload request. The data passed is the file object selected by the user. You may handle this event to attach custom headers for example if your service implementation requires it.",
					"fullName": "sap.ca.ui.FileUpload#beforeUploadFile"
				},
				"saveClicked": {
					"deprecated": true,
					"method": "#event:saveClicked",
					"description": "Fired when the save button is clicked. The consumer should handle the event and save all the file renames to backend.",
					"fullName": "sap.ca.ui.FileUpload#saveClicked"
				},
				"cancelClicked": {
					"deprecated": true,
					"method": "#event:cancelClicked",
					"description": "Fired when the cancel button is clicked. The consumer may handle the event if required.",
					"fullName": "sap.ca.ui.FileUpload#cancelClicked"
				}
			},
			"filetype": "class"
		},
		"sap.ca.ui.GrowingTileContainer": {
			"description": "A Tile container for the Overview tile with growing capabilities",
			"extend": "sap.m.ScrollContainer",
			"name": "sap.ca.ui.GrowingTileContainer",
			"properties": {
				"growing": {
					"description": "growing enablement\n\nDefault value is <code>false</code>",
					"type": "boolean",
					"group": "Misc",
					"defaultValue": false,
					"method": "#getGrowing",
					"fullName": "sap.ca.ui.GrowingTileContainer#growing"
				},
				"growingThreshold": {
					"type": "int",
					"group": "Misc",
					"defaultValue": 20,
					"method": "#getGrowingThreshold",
					"description": "growing Threshold\n\nDefault value is <code>20</code>",
					"fullName": "sap.ca.ui.GrowingTileContainer#growingThreshold"
				},
				"growingScrollToLoad": {
					"type": "boolean",
					"group": "Misc",
					"defaultValue": false,
					"method": "#getGrowingScrollToLoad",
					"description": "load when scrolling\n\nDefault value is <code>false</code>",
					"fullName": "sap.ca.ui.GrowingTileContainer#growingScrollToLoad"
				}
			},
			"filetype": "class"
		},
		"sap.ca.ui.HierarchicalSelectDialog": {
			"description": "Select an item in a dialog from a hierarchical list",
			"extend": "sap.m.Dialog",
			"name": "sap.ca.ui.HierarchicalSelectDialog",
			"aggregations": {
				"items": {
					"type": "sap.ca.ui.HierarchicalSelectDialogItem",
					"multiple": true,
					"singularName": "item",
					"method": "#getItems",
					"description": "Type checker, only HierarchicalSelectDialogItem are allowed. Please do NOT use the \"content\" aggregation of the dialog\n\n<strong>Note</strong>: this is the default aggregation for HierarchicalSelectDialog.",
					"fullName": "sap.ca.ui.HierarchicalSelectDialog#items"
				}
			},
			"events": {
				"select": {
					"method": "#event:select",
					"description": "Thrown when user selects an item",
					"fullName": "sap.ca.ui.HierarchicalSelectDialog#select"
				},
				"cancel": {
					"method": "#event:cancel",
					"description": "Thrown when user clicks cancel",
					"fullName": "sap.ca.ui.HierarchicalSelectDialog#cancel"
				}
			},
			"filetype": "class"
		},
		"sap.ca.ui.Hierarchy": {
			"description": "Display the Hierarchy of an item. Useful to indicates where an object stand in a chain of\nhierarchical data. The emphasized item shows the one item to display. Optional item can be hidden using the\nhideOptionalLevels property. Hidden items will stay accessible with an expand button.",
			"extend": "sap.ui.core.Control",
			"name": "sap.ca.ui.Hierarchy",
			"properties": {
				"hideOptionalLevels": {
					"type": "boolean",
					"group": "Appearance",
					"defaultValue": true,
					"method": "#getHideOptionalLevels",
					"description": "Hide the levels marked optional. An expand button will appear\n\nDefault value is <code>true</code>",
					"fullName": "sap.ca.ui.Hierarchy#hideOptionalLevels"
				}
			},
			"aggregations": {
				"items": {
					"type": "sap.ca.ui.HierarchyItem",
					"multiple": true,
					"singularName": "item",
					"bindable": "bindable",
					"method": "#getItems",
					"description": "The array of HierarchyItem ordered and starting from the root hierarchy",
					"fullName": "sap.ca.ui.Hierarchy#items"
				}
			},
			"filetype": "class"
		},
		"sap.ca.ui.HierarchyItem": {
			"description": "Item that represent a line of the Hierarchy control. The emphasized property should apply to the item\nthat we want to represent in his hierarchy. Optionals item will be hidden if the option is true on the Hierarchy\ncontrol.",
			"extend": "sap.ui.core.Control",
			"name": "sap.ca.ui.HierarchyItem",
			"properties": {
				"icon": {
					"type": "sap.ui.core.URI",
					"group": "Appearance",
					"defaultValue": null,
					"method": "#getIcon",
					"description": "Icon for the item\n\nDefault value is empty/<code>undefined</code>",
					"fullName": "sap.ca.ui.HierarchyItem#icon"
				},
				"levelType": {
					"type": "string",
					"group": "Data",
					"defaultValue": null,
					"method": "#getLevelType",
					"description": "Level type\n\nDefault value is empty/<code>undefined</code>",
					"fullName": "sap.ca.ui.HierarchyItem#levelType"
				},
				"title": {
					"type": "string",
					"group": "Data",
					"defaultValue": null,
					"method": "#getTitle",
					"description": "Title\n\nDefault value is empty/<code>undefined</code>",
					"fullName": "sap.ca.ui.HierarchyItem#title"
				},
				"identifier": {
					"type": "string",
					"group": "Data",
					"defaultValue": null,
					"method": "#getIdentifier",
					"description": "Identifier text\n\nDefault value is empty/<code>undefined</code>",
					"fullName": "sap.ca.ui.HierarchyItem#identifier"
				},
				"link": {
					"type": "string",
					"group": "Data",
					"defaultValue": null,
					"method": "#getLink",
					"description": "Text of the link\n\nDefault value is empty/<code>undefined</code>",
					"fullName": "sap.ca.ui.HierarchyItem#link"
				},
				"emphasized": {
					"type": "boolean",
					"group": "Data",
					"defaultValue": false,
					"method": "#getEmphasized",
					"description": "Does the item looks emphasized\n\nDefault value is <code>false</code>",
					"fullName": "sap.ca.ui.HierarchyItem#emphasized"
				},
				"optional": {
					"type": "boolean",
					"group": "Data",
					"defaultValue": false,
					"method": "#getOptional",
					"description": "Is the item optional, so we hide it if option is set on the Hierarchy control\n\nDefault value is <code>false</code>",
					"fullName": "sap.ca.ui.HierarchyItem#optional"
				}
			},
			"aggregations": {
				"_iconControl": {
					"type": "sap.ui.core.Icon",
					"multiple": false,
					"visibility": "hidden",
					"method": "#get_iconControl",
					"fullName": "sap.ca.ui.HierarchyItem#_iconControl"
				},
				"_levelTypeLabel": {
					"type": "sap.m.Label",
					"multiple": false,
					"visibility": "hidden",
					"method": "#get_levelTypeLabel",
					"fullName": "sap.ca.ui.HierarchyItem#_levelTypeLabel"
				},
				"_identifierLabel": {
					"type": "sap.m.Label",
					"multiple": false,
					"visibility": "hidden",
					"method": "#get_identifierLabel",
					"fullName": "sap.ca.ui.HierarchyItem#_identifierLabel"
				},
				"_titleLabel": {
					"type": "sap.m.Label",
					"multiple": false,
					"visibility": "hidden",
					"method": "#get_titleLabel",
					"fullName": "sap.ca.ui.HierarchyItem#_titleLabel"
				},
				"_linkControl": {
					"type": "sap.m.Link",
					"multiple": false,
					"visibility": "hidden",
					"method": "#get_linkControl",
					"fullName": "sap.ca.ui.HierarchyItem#_linkControl"
				}
			},
			"events": {
				"linkPress": {
					"method": "#event:linkPress",
					"description": "Event when a link is pressed",
					"fullName": "sap.ca.ui.HierarchyItem#linkPress"
				}
			},
			"filetype": "class"
		},
		"sap.ca.ui.InPlaceEdit": {
			"description": "This control is used to switch between readonly and edit modes. A typical use case would be to change the value of a Label.",
			"extend": "sap.ui.core.Control",
			"name": "sap.ca.ui.InPlaceEdit",
			"properties": {
				"valueState": {
					"description": "Visualizes warnings or errors related to the InPlaceEdit. Possible values: Warning, Error, Success.\nIf the content control has a own valueState property this will be used.\n\nDefault value is <code>None</code>",
					"type": "sap.ui.core.ValueState",
					"group": "Data",
					"method": "#getValueState",
					"fullName": "sap.ca.ui.InPlaceEdit#valueState"
				},
				"undoEnabled": {
					"type": "boolean",
					"group": "Misc",
					"defaultValue": false,
					"method": "#getUndoEnabled",
					"description": "If undo is enabled after changing the text an undo button appears.\n\nDefault value is <code>false</code>",
					"fullName": "sap.ca.ui.InPlaceEdit#undoEnabled"
				}
			},
			"aggregations": {
				"content": {
					"type": "sap.ui.core.Control",
					"multiple": false,
					"method": "#getContent",
					"description": "Content control of the InPlaceEdit.\nThe following control is allowed: sap.m.Input, sap.m.Link",
					"fullName": "sap.ca.ui.InPlaceEdit#content"
				}
			},
			"events": {
				"change": {
					"method": "#event:change",
					"description": "Event is fired when the text in the field has changed AND the focus leaves the InPlaceEdit or the Enter key is pressed.",
					"fullName": "sap.ca.ui.InPlaceEdit#change"
				}
			},
			"filetype": "class"
		},
		"sap.ca.ui.Notes": {
			"description": "This control is a List with the ability to render an additional control on top of it to add new\nnotes. The developer is responsible to give the correct template to use to display notes (recommended are either\nthe FeedListItem or the ExpansibleFeedListItem). The developer is also responsible to implement the code to send\nthe notes to the backend system, by responding to the addNote event.",
			"extend": "sap.m.List",
			"name": "sap.ca.ui.Notes",
			"properties": {
				"showNoteInput": {
					"type": "boolean",
					"group": "Misc",
					"defaultValue": true,
					"method": "#getShowNoteInput",
					"description": "If set to true, this control will render an additional control to create new notes.\n\nDefault value is <code>true</code>",
					"fullName": "sap.ca.ui.Notes#showNoteInput"
				},
				"textMaxLength": {
					"type": "int",
					"group": "Misc",
					"defaultValue": 1000,
					"method": "#getTextMaxLength",
					"description": "max text input length\n\nDefault value is <code>1000</code>",
					"fullName": "sap.ca.ui.Notes#textMaxLength"
				},
				"placeholder": {
					"type": "string",
					"group": "Misc",
					"defaultValue": null,
					"method": "#getPlaceholder",
					"description": "Placeholder text shown when no value available . Default value is \"Add note\".\n\nDefault value is empty/<code>undefined</code>",
					"fullName": "sap.ca.ui.Notes#placeholder"
				}
			},
			"events": {
				"addNote": {
					"method": "#event:addNote",
					"description": "press event for button\n\n(oControlEvent) Event is fired when the user clicks on the control.\n\nfnListenerFunction or [fnListenerFunction, oListenerObject] or [oData, fnListenerFunction,\noListenerObject]",
					"fullName": "sap.ca.ui.Notes#addNote"
				}
			},
			"filetype": "class"
		},
		"sap.ca.ui.OverflowContainer": {
			"description": "The OverflowContainer allows the content of a control to be partially displayed before being fully expanded.\nIt will cut its content to a fixed height that can be defined. It is fully suitable within an IconTabBar.",
			"extend": "sap.ui.core.Control",
			"name": "sap.ca.ui.OverflowContainer",
			"properties": {
				"overflowHeight": {
					"description": "\nThe height of the container when not expanded. It should be determined by the application.\nThe default value is set to 200px.\n\nDefault value is <code>200px</code>",
					"type": "sap.ui.core.CSSSize",
					"group": "Dimension",
					"defaultValue": "200px",
					"method": "#getOverflowHeight",
					"fullName": "sap.ca.ui.OverflowContainer#overflowHeight"
				},
				"expanded": {
					"type": "boolean",
					"group": "Behavior",
					"defaultValue": false,
					"method": "#getExpanded",
					"description": "This property allows to fully expand the container\n\nDefault value is <code>false</code>",
					"fullName": "sap.ca.ui.OverflowContainer#expanded"
				}
			},
			"aggregations": {
				"content": {
					"type": "sap.ui.core.Control",
					"multiple": true,
					"singularName": "content",
					"method": "#getContent",
					"description": "Controls to be embedded.",
					"fullName": "sap.ca.ui.OverflowContainer#content"
				}
			},
			"filetype": "class"
		},
		"sap.ca.ui.OverviewTile": {
			"description": "Display aTile that presents an overview of a customer",
			"extend": "sap.m.Tile",
			"name": "sap.ca.ui.OverviewTile",
			"properties": {
				"title": {
					"description": "This property is used to set the title of the tile\n\nDefault value is <code>null</code>",
					"type": "string",
					"group": "Misc",
					"defaultValue": "null",
					"method": "#getTitle",
					"fullName": "sap.ca.ui.OverviewTile#title"
				},
				"icon": {
					"type": "sap.ui.core.URI",
					"group": "Misc",
					"defaultValue": "null",
					"method": "#getIcon",
					"description": "This property is used to set the image of the tile\n\nDefault value is <code>null</code>",
					"fullName": "sap.ca.ui.OverviewTile#icon"
				},
				"contact": {
					"type": "string",
					"group": "Misc",
					"defaultValue": "null",
					"method": "#getContact",
					"description": "This property is used to set the contact of the tile\n\nDefault value is <code>null</code>",
					"fullName": "sap.ca.ui.OverviewTile#contact"
				},
				"address": {
					"type": "string",
					"group": "Misc",
					"defaultValue": "null",
					"method": "#getAddress",
					"description": "This property is used to set the address field in the form of the tile\n\nDefault value is <code>null</code>",
					"fullName": "sap.ca.ui.OverviewTile#address"
				},
				"opportunities": {
					"type": "string",
					"group": "Misc",
					"defaultValue": "null",
					"method": "#getOpportunities",
					"description": "This property is used to set the opportunities field in the form of the tile\n\nDefault value is <code>null</code>",
					"fullName": "sap.ca.ui.OverviewTile#opportunities"
				},
				"rating": {
					"type": "string",
					"group": "Misc",
					"defaultValue": "null",
					"method": "#getRating",
					"description": "This property is used to set the rating field in the form of the tile\n\nDefault value is <code>null</code>",
					"fullName": "sap.ca.ui.OverviewTile#rating"
				},
				"lastContact": {
					"type": "string",
					"group": "Misc",
					"defaultValue": "null",
					"method": "#getLastContact",
					"description": "This property is used to set the last contact field in the form of the tile\n\nDefault value is <code>null</code>",
					"fullName": "sap.ca.ui.OverviewTile#lastContact"
				},
				"nextContact": {
					"type": "string",
					"group": "Misc",
					"defaultValue": "null",
					"method": "#getNextContact",
					"description": "This property is used to set the next contact field in the form of the tile\n\nDefault value is <code>null</code>",
					"fullName": "sap.ca.ui.OverviewTile#nextContact"
				},
				"revenue": {
					"type": "string",
					"group": "Misc",
					"defaultValue": "null",
					"method": "#getRevenue",
					"description": "This property is used to set the revenue to date field in the form of the tile\n\nDefault value is <code>null</code>",
					"fullName": "sap.ca.ui.OverviewTile#revenue"
				},
				"visible": {
					"type": "boolean",
					"group": "Misc",
					"defaultValue": true,
					"method": "#getVisible",
					"description": "This property is used to show/hide the tile\n\nDefault value is <code>true</code>",
					"fullName": "sap.ca.ui.OverviewTile#visible"
				},
				"width": {
					"type": "sap.ui.core.CSSSize",
					"group": "Dimension",
					"defaultValue": null,
					"method": "#getWidth",
					"description": "This property is used to set the width of the control\n\nDefault value is empty/<code>undefined</code>",
					"fullName": "sap.ca.ui.OverviewTile#width"
				},
				"contactActive": {
					"type": "boolean",
					"group": "Behavior",
					"defaultValue": false,
					"method": "#getContactActive",
					"description": "This property is used to enable an event to be thrown when clicking on the contact's name\n\nDefault value is <code>false</code>",
					"fullName": "sap.ca.ui.OverviewTile#contactActive"
				}
			},
			"events": {
				"contactPress": {
					"method": "#event:contactPress",
					"description": "This event is fired when the end user clicks on the contact link.",
					"fullName": "sap.ca.ui.OverviewTile#contactPress"
				}
			},
			"filetype": "class"
		},
		"sap.ca.ui.PictureItem": {
			"description": "A picture / photo Item for AddPicture and PictureViewer Controls",
			"extend": "sap.ui.core.Control",
			"name": "sap.ca.ui.PictureItem",
			"properties": {
				"status": {
					"description": "The status of the picture / photo : Added, Deleted, Read\n\nDefault value is empty/<code>undefined</code>",
					"type": "string",
					"group": "Behavior",
					"defaultValue": null,
					"method": "#getStatus",
					"fullName": "sap.ca.ui.PictureItem#status"
				},
				"source": {
					"type": "string",
					"group": "Data",
					"defaultValue": null,
					"method": "#getSource",
					"description": "The content of the picture. Either the uri or base64 content.\n\nDefault value is empty/<code>undefined</code>",
					"fullName": "sap.ca.ui.PictureItem#source"
				},
				"name": {
					"type": "string",
					"group": "Data",
					"defaultValue": null,
					"method": "#getName",
					"description": "The original name of the picture.\n\nDefault value is empty/<code>undefined</code>",
					"fullName": "sap.ca.ui.PictureItem#name"
				},
				"width": {
					"type": "sap.ui.core.CSSSize",
					"group": "Data",
					"defaultValue": "62px",
					"deprecated": true,
					"method": "#getWidth",
					"description": "The width of the picture.\n\nDefault value is <code>62px</code>",
					"fullName": "sap.ca.ui.PictureItem#width"
				},
				"height": {
					"type": "sap.ui.core.CSSSize",
					"group": "Data",
					"defaultValue": "62px",
					"deprecated": true,
					"method": "#getHeight",
					"description": "The height of the picture.\n\nDefault value is <code>62px</code>",
					"fullName": "sap.ca.ui.PictureItem#height"
				}
			},
			"events": {
				"loaded": {
					"method": "#event:loaded",
					"description": "Fired when the Image is really loaded",
					"fullName": "sap.ca.ui.PictureItem#loaded"
				}
			},
			"filetype": "class"
		},
		"sap.ca.ui.PictureTile": {
			"description": "Tile control embedding an image and allowing custom sizing",
			"extend": "sap.m.CustomTile",
			"name": "sap.ca.ui.PictureTile",
			"properties": {
				"height": {
					"type": "sap.ui.core.CSSSize",
					"group": "Dimension",
					"defaultValue": "32px",
					"method": "#getHeight",
					"description": "height (in pixels) of the picture viewer control.\n\nDefault value is <code>32px</code>",
					"fullName": "sap.ca.ui.PictureTile#height"
				},
				"width": {
					"type": "sap.ui.core.CSSSize",
					"group": "Dimension",
					"defaultValue": "32px",
					"method": "#getWidth",
					"description": "width (in pixels) of the picture viewer control.\n\nDefault value is <code>32px</code>",
					"fullName": "sap.ca.ui.PictureTile#width"
				}
			},
			"associations": {
				"tileContent": {
					"type": "sap.ca.ui.PictureViewerItem",
					"multiple": false,
					"method": "#getTileContent",
					"description": "Reference to one PictureViewerItem coming from the PictureViewer.",
					"fullName": "sap.ca.ui.PictureTile#tileContent"
				}
			},
			"events": {
				"pictureDelete": {
					"method": "#event:pictureDelete",
					"description": "Fired when the user deletes a picture",
					"fullName": "sap.ca.ui.PictureTile#pictureDelete"
				}
			},
			"filetype": "class"
		},
		"sap.ca.ui.PictureViewer": {
			"description": "Picture viewer control relying on the TileContainer control",
			"extend": "sap.m.TileContainer",
			"name": "sap.ca.ui.PictureViewer",
			"properties": {
				"tileScaling": {
					"type": "float",
					"group": "Misc",
					"defaultValue": 0.95,
					"method": "#getTileScaling",
					"description": "Percentage of the space occupied by the image in the picture viewer control. Please note that\nif the factor is too close to 1, the navigation arrows usually displayed in desktop mode will not be\navailable\n\nDefault value is <code>0.95</code>",
					"fullName": "sap.ca.ui.PictureViewer#tileScaling"
				},
				"removable": {
					"type": "boolean",
					"group": "Misc",
					"defaultValue": false,
					"method": "#getRemovable",
					"description": "Defines whether or not you can remove a picture\n\nDefault value is <code>false</code>",
					"fullName": "sap.ca.ui.PictureViewer#removable"
				}
			},
			"aggregations": {
				"items": {
					"type": "sap.ca.ui.PictureViewerItem",
					"multiple": true,
					"singularName": "item",
					"method": "#getItems",
					"description": "Aggregation of PictureViewerItem that contains either a picture URI or the actual Image\ncontrol.\n\n<strong>Note</strong>: this is the default aggregation for PictureViewer.",
					"fullName": "sap.ca.ui.PictureViewer#items"
				}
			},
			"events": {
				"pictureDeleted": {
					"method": "#event:pictureDeleted",
					"description": "Thrown when user delete an image",
					"fullName": "sap.ca.ui.PictureViewer#pictureDeleted"
				}
			},
			"filetype": "class"
		},
		"sap.ca.ui.PictureViewerItem": {
			"description": "Picture viewer control relying on the TileContainer control",
			"extend": "sap.ui.core.Control",
			"name": "sap.ca.ui.PictureViewerItem",
			"properties": {
				"src": {
					"type": "string",
					"group": "Misc",
					"defaultValue": null,
					"method": "#getSrc",
					"description": "Image source url.\n\nDefault value is empty/<code>undefined</code>",
					"fullName": "sap.ca.ui.PictureViewerItem#src"
				}
			},
			"aggregations": {
				"image": {
					"type": "sap.m.Image",
					"multiple": false,
					"method": "#getImage",
					"description": "Pass in an existing Image control to be used inside the PictureViewer",
					"fullName": "sap.ca.ui.PictureViewerItem#image"
				}
			},
			"filetype": "class"
		},
		"sap.ca.ui.ZoomableScrollContainer": {
			"description": "Based on a ScrollContainer, it allows you to pinch and zoom on mobile devices",
			"extend": "sap.m.ScrollContainer",
			"name": "sap.ca.ui.ZoomableScrollContainer",
			"properties": {
				"zoomable": {
					"type": "boolean",
					"group": "Misc",
					"defaultValue": true,
					"method": "#getZoomable",
					"description": "Activate or not the zooming functionality. If FALSE, it acts exactly as a basic\nScrollContainer.\n\nDefault value is <code>true</code>",
					"fullName": "sap.ca.ui.ZoomableScrollContainer#zoomable"
				},
				"initialScale": {
					"type": "float",
					"group": "Misc",
					"defaultValue": 1,
					"method": "#getInitialScale",
					"description": "Initial scaling factor\n\nDefault value is <code>1</code>",
					"fullName": "sap.ca.ui.ZoomableScrollContainer#initialScale"
				},
				"minScale": {
					"type": "float",
					"group": "Misc",
					"defaultValue": 1,
					"method": "#getMinScale",
					"description": "Lowest scaling factor allowed\n\nDefault value is <code>1</code>",
					"fullName": "sap.ca.ui.ZoomableScrollContainer#minScale"
				},
				"maxScale": {
					"type": "float",
					"group": "Misc",
					"defaultValue": 4,
					"method": "#getMaxScale",
					"description": "Highest scaling factor allowed\n\nDefault value is <code>4</code>",
					"fullName": "sap.ca.ui.ZoomableScrollContainer#maxScale"
				}
			},
			"filetype": "class"
		},
		"sap.ca.ui.charts.BarListItem": {
			"description": "The display list item consists of a label and a value.",
			"extend": "sap.m.ListItemBase",
			"name": "sap.ca.ui.charts.BarListItem",
			"properties": {
				"axis": {
					"type": "string",
					"group": "Misc",
					"defaultValue": null,
					"method": "#getAxis",
					"description": "List item label\n\nDefault value is empty/<code>undefined</code>",
					"fullName": "sap.ca.ui.charts.BarListItem#axis"
				},
				"group": {
					"type": "string",
					"group": "Misc",
					"defaultValue": null,
					"method": "#getGroup",
					"description": "List item label\n\nDefault value is empty/<code>undefined</code>",
					"fullName": "sap.ca.ui.charts.BarListItem#group"
				},
				"value": {
					"type": "string",
					"group": "Data",
					"defaultValue": null,
					"method": "#getValue",
					"description": "List item value\n\nDefault value is empty/<code>undefined</code>",
					"fullName": "sap.ca.ui.charts.BarListItem#value"
				}
			},
			"filetype": "class"
		},
		"sap.ca.ui.charts.BubbleChart": {
			"description": "Bubble chart.",
			"extend": "sap.ca.ui.charts.Chart",
			"name": "sap.ca.ui.charts.BubbleChart",
			"properties": {
				"dataLabelFormat": {
					"type": "any",
					"group": "Appearance",
					"defaultValue": null,
					"deprecated": true,
					"method": "#getDataLabelFormat",
					"description": "Defines the formater string for the dataLabel value to be displayed on the bubble\n\nDefault value is empty/<code>undefined</code>",
					"fullName": "sap.ca.ui.charts.BubbleChart#dataLabelFormat"
				},
				"showTitle": {
					"type": "boolean",
					"group": "Appearance",
					"defaultValue": false,
					"method": "#getShowTitle",
					"description": "Flag to display the title for the chart, default is set to false\n\nDefault value is <code>false</code>",
					"fullName": "sap.ca.ui.charts.BubbleChart#showTitle"
				},
				"showXAxisLabel": {
					"type": "boolean",
					"group": "Appearance",
					"defaultValue": true,
					"method": "#getShowXAxisLabel",
					"description": "Flag to set the visibility of x-axis label, default is set to true.\n\nDefault value is <code>true</code>",
					"fullName": "sap.ca.ui.charts.BubbleChart#showXAxisLabel"
				},
				"xAxisFixedRange": {
					"type": "boolean",
					"group": "Appearance",
					"defaultValue": false,
					"method": "#getXAxisFixedRange",
					"description": "Flag to define x-axis scale range.\n\nDefault value is <code>false</code>",
					"fullName": "sap.ca.ui.charts.BubbleChart#xAxisFixedRange"
				},
				"xAxisMinValue": {
					"type": "float",
					"group": "Appearance",
					"defaultValue": 0,
					"method": "#getXAxisMinValue",
					"description": "Define the minimum value for x-axis scale\n\nDefault value is <code>0</code>",
					"fullName": "sap.ca.ui.charts.BubbleChart#xAxisMinValue"
				},
				"xAxisMaxValue": {
					"type": "float",
					"group": "Appearance",
					"defaultValue": 0,
					"method": "#getXAxisMaxValue",
					"description": "Define the max value for x-axis scale\n\nDefault value is <code>0</code>",
					"fullName": "sap.ca.ui.charts.BubbleChart#xAxisMaxValue"
				},
				"showYAxisLabel": {
					"type": "boolean",
					"group": "Appearance",
					"defaultValue": true,
					"method": "#getShowYAxisLabel",
					"description": "Flag to set the visibility of y-axis label, default is set to true.\n\nDefault value is <code>true</code>",
					"fullName": "sap.ca.ui.charts.BubbleChart#showYAxisLabel"
				},
				"yAxisFixedRange": {
					"type": "boolean",
					"group": "Appearance",
					"defaultValue": false,
					"method": "#getYAxisFixedRange",
					"description": "Flag to define y-axis scale range.\n\nDefault value is <code>false</code>",
					"fullName": "sap.ca.ui.charts.BubbleChart#yAxisFixedRange"
				},
				"yAxisMinValue": {
					"type": "float",
					"group": "Appearance",
					"defaultValue": 0,
					"method": "#getYAxisMinValue",
					"description": "Define the minimum value for y-axis scale\n\nDefault value is <code>0</code>",
					"fullName": "sap.ca.ui.charts.BubbleChart#yAxisMinValue"
				},
				"yAxisMaxValue": {
					"type": "float",
					"group": "Appearance",
					"defaultValue": 0,
					"method": "#getYAxisMaxValue",
					"description": "Define the max value for y-axis scale\n\nDefault value is <code>0</code>",
					"fullName": "sap.ca.ui.charts.BubbleChart#yAxisMaxValue"
				},
				"minimumLabelSize": {
					"type": "int",
					"group": "Appearance",
					"defaultValue": 60,
					"method": "#getMinimumLabelSize",
					"description": "The minimum size of the bubble before a label gets displayed\n\nDefault value is <code>60</code>",
					"fullName": "sap.ca.ui.charts.BubbleChart#minimumLabelSize"
				},
				"showSizeLegend": {
					"type": "boolean",
					"group": "Appearance",
					"defaultValue": false,
					"method": "#getShowSizeLegend",
					"description": "Show / Hide the visibility the size legend of the chart\n\nDefault value is <code>false</code>",
					"fullName": "sap.ca.ui.charts.BubbleChart#showSizeLegend"
				},
				"xAxisTitle": {
					"type": "string",
					"group": "Appearance",
					"defaultValue": null,
					"method": "#getXAxisTitle",
					"description": "Set x-axis title\n\nDefault value is empty/<code>undefined</code>",
					"fullName": "sap.ca.ui.charts.BubbleChart#xAxisTitle"
				},
				"yAxisTitle": {
					"type": "string",
					"group": "Appearance",
					"defaultValue": null,
					"method": "#getYAxisTitle",
					"description": "Set y-axis title\n\nDefault value is empty/<code>undefined</code>",
					"fullName": "sap.ca.ui.charts.BubbleChart#yAxisTitle"
				},
				"showCustomLabels": {
					"type": "boolean",
					"group": "Appearance",
					"defaultValue": false,
					"method": "#getShowCustomLabels",
					"description": "Flag to show custom data labels\n\nDefault value is <code>false</code>",
					"fullName": "sap.ca.ui.charts.BubbleChart#showCustomLabels"
				},
				"labelProperty": {
					"type": "object",
					"group": "Appearance",
					"defaultValue": null,
					"method": "#getLabelProperty",
					"description": "Set the binding property values for the labels as array eg. ['property1','property2']. Only 2 labels are supported.\n\nDefault value is empty/<code>undefined</code>",
					"fullName": "sap.ca.ui.charts.BubbleChart#labelProperty"
				},
				"xAxisFormatFunction": {
					"type": "object",
					"group": "Appearance",
					"defaultValue": null,
					"deprecated": true,
					"method": "#getXAxisFormatFunction",
					"description": "Set the formatter function for the x-axis.\n\nDefault value is empty/<code>undefined</code>",
					"fullName": "sap.ca.ui.charts.BubbleChart#xAxisFormatFunction"
				},
				"xAxisFormatString": {
					"type": "string",
					"group": "Appearance",
					"defaultValue": null,
					"deprecated": true,
					"method": "#getXAxisFormatString",
					"description": "Set the format string for x-axis\n\nDefault value is empty/<code>undefined</code>",
					"fullName": "sap.ca.ui.charts.BubbleChart#xAxisFormatString"
				},
				"yAxisFormatFunction": {
					"type": "object",
					"group": "Appearance",
					"defaultValue": null,
					"deprecated": true,
					"method": "#getYAxisFormatFunction",
					"description": "Set the formatter function for the y-axis.\n\nDefault value is empty/<code>undefined</code>",
					"fullName": "sap.ca.ui.charts.BubbleChart#yAxisFormatFunction"
				},
				"yAxisFormatString": {
					"type": "string",
					"group": "Appearance",
					"defaultValue": null,
					"deprecated": true,
					"method": "#getYAxisFormatString",
					"description": "Set the format string for y-axis\n\nDefault value is empty/<code>undefined</code>",
					"fullName": "sap.ca.ui.charts.BubbleChart#yAxisFormatString"
				},
				"axisTooltipFormatString": {
					"type": "any",
					"group": "Appearance",
					"defaultValue": null,
					"deprecated": true,
					"method": "#getAxisTooltipFormatString",
					"description": "Flag to set the formatting of the tooltip on x-axis\n\nDefault value is empty/<code>undefined</code>",
					"fullName": "sap.ca.ui.charts.BubbleChart#axisTooltipFormatString"
				},
				"axisFormatFunction": {
					"type": "object",
					"group": "Appearance",
					"defaultValue": null,
					"deprecated": true,
					"method": "#getAxisFormatFunction",
					"description": "Set the formatter function for the axis labels or tooltips\n\nDefault value is empty/<code>undefined</code>",
					"fullName": "sap.ca.ui.charts.BubbleChart#axisFormatFunction"
				}
			},
			"aggregations": {
				"content": {
					"type": "sap.ui.core.Control",
					"multiple": true,
					"singularName": "content",
					"deprecated": true,
					"method": "#getContent",
					"description": "Deprecated aggregation, do not use. Left for compatibility purposes.",
					"fullName": "sap.ca.ui.charts.BubbleChart#content"
				}
			},
			"filetype": "class"
		},
		"sap.ca.ui.charts.Chart": {
			"description": "Chart implementation on top of sap.viz that takes care of common functionality.\n- Embedding in a scroll container\n- Common color palette\n- Minimum bar / dot / blip ... size\n- Integration with ChartToolbar and ChartPopover",
			"extend": "sap.ui.core.Control",
			"name": "sap.ca.ui.charts.Chart",
			"properties": {
				"width": {
					"type": "sap.ui.core.CSSSize",
					"group": "Dimension",
					"defaultValue": "100%",
					"method": "#getWidth",
					"description": "Target width for the charting area\n\nDefault value is <code>100%</code>",
					"fullName": "sap.ca.ui.charts.Chart#width"
				},
				"height": {
					"type": "sap.ui.core.CSSSize",
					"group": "Dimension",
					"defaultValue": "100%",
					"method": "#getHeight",
					"description": "Target height for the charting area\n\nDefault value is <code>100%</code>",
					"fullName": "sap.ca.ui.charts.Chart#height"
				},
				"dataset": {
					"type": "object",
					"group": "Data",
					"defaultValue": null,
					"method": "#getDataset",
					"description": "Viz Dataset that will hold the data to be displayed.\n\nDefault value is empty/<code>undefined</code>",
					"fullName": "sap.ca.ui.charts.Chart#dataset"
				},
				"chartType": {
					"type": "string",
					"group": "Data",
					"defaultValue": "Bar",
					"method": "#getChartType",
					"description": "Type of viz chart that will be displayed.\n\nDefault value is <code>Bar</code>",
					"fullName": "sap.ca.ui.charts.Chart#chartType"
				},
				"minShapeSize": {
					"type": "sap.ui.core.CSSSize",
					"group": "Data",
					"defaultValue": "48px",
					"method": "#getMinShapeSize",
					"description": "Minimum shape size for touch enabled actions, default and minimum to 48px !\n\nDefault value is <code>48px</code>",
					"fullName": "sap.ca.ui.charts.Chart#minShapeSize"
				},
				"label": {
					"type": "string",
					"group": "Data",
					"defaultValue": "",
					"bindable": "bindable",
					"method": "#getLabel",
					"description": "User friendly name for the current chart type\n\nDefault value is empty/<code>undefined</code>",
					"fullName": "sap.ca.ui.charts.Chart#label"
				},
				"title": {
					"type": "string",
					"group": "Appearance",
					"defaultValue": "",
					"method": "#getTitle",
					"description": "Title of the chart\n\nDefault value is empty/<code>undefined</code>",
					"fullName": "sap.ca.ui.charts.Chart#title"
				},
				"icon": {
					"type": "string",
					"group": "Appearance",
					"defaultValue": "",
					"method": "#getIcon",
					"description": "Icon of the Chart\n\nDefault value is empty/<code>undefined</code>",
					"fullName": "sap.ca.ui.charts.Chart#icon"
				},
				"secondAxisVisible": {
					"type": "boolean",
					"group": "Appearance",
					"defaultValue": true,
					"method": "#getSecondAxisVisible",
					"description": "Flag to show the second axis. Default is true\n\nDefault value is <code>true</code>",
					"fullName": "sap.ca.ui.charts.Chart#secondAxisVisible"
				},
				"showLegend": {
					"type": "boolean",
					"group": "Behavior",
					"defaultValue": true,
					"method": "#getShowLegend",
					"description": "Hide / Show the legend of the chart\n\nDefault value is <code>true</code>",
					"fullName": "sap.ca.ui.charts.Chart#showLegend"
				},
				"selectionMode": {
					"type": "sap.ca.ui.charts.ChartSelectionMode",
					"group": "Behavior",
					"method": "#getSelectionMode",
					"description": "Define the selection mode for the chart\n\nDefault value is <code>Multiple</code>",
					"fullName": "sap.ca.ui.charts.Chart#selectionMode"
				},
				"showHoverBackground": {
					"type": "boolean",
					"group": "Behavior",
					"defaultValue": false,
					"method": "#getShowHoverBackground",
					"description": "Hide / Show the hover background\n\nDefault value is <code>false</code>",
					"fullName": "sap.ca.ui.charts.Chart#showHoverBackground"
				},
				"showTooltip": {
					"type": "boolean",
					"group": "Behavior",
					"defaultValue": false,
					"method": "#getShowTooltip",
					"description": "Hide / Show the CVOM tooltip\n\nDefault value is <code>false</code>",
					"fullName": "sap.ca.ui.charts.Chart#showTooltip"
				},
				"showPopover": {
					"type": "boolean",
					"group": "Behavior",
					"defaultValue": true,
					"method": "#getShowPopover",
					"description": "Hide / Show the sap.ca popover that gives information about what is available\n\nDefault value is <code>true</code>",
					"fullName": "sap.ca.ui.charts.Chart#showPopover"
				},
				"showDataLabel": {
					"type": "boolean",
					"group": "Behavior",
					"defaultValue": true,
					"method": "#getShowDataLabel",
					"description": "Flag to display data values on the bar, default is set to true\n\nDefault value is <code>true</code>",
					"fullName": "sap.ca.ui.charts.Chart#showDataLabel"
				},
				"yAxisLabelFormatter": {
					"type": "string",
					"group": "Data",
					"defaultValue": null,
					"method": "#getYAxisLabelFormatter",
					"description": "Formatter for Y Axis Label\n\nDefault value is empty/<code>undefined</code>",
					"fullName": "sap.ca.ui.charts.Chart#yAxisLabelFormatter"
				},
				"yAxis2LabelFormatter": {
					"type": "string",
					"group": "Data",
					"defaultValue": null,
					"method": "#getYAxis2LabelFormatter",
					"description": "Formatter for Y Axis 2 Label\n\nDefault value is empty/<code>undefined</code>",
					"fullName": "sap.ca.ui.charts.Chart#yAxis2LabelFormatter"
				},
				"xAxisLabelFormatter": {
					"type": "string",
					"group": "Data",
					"defaultValue": null,
					"method": "#getXAxisLabelFormatter",
					"description": "Formatter for X Axis Label\n\nDefault value is empty/<code>undefined</code>",
					"fullName": "sap.ca.ui.charts.Chart#xAxisLabelFormatter"
				},
				"xAxis2LabelFormatter": {
					"type": "string",
					"group": "Data",
					"defaultValue": null,
					"method": "#getXAxis2LabelFormatter",
					"description": "Formatter for X Axis 2 Label\n\nDefault value is empty/<code>undefined</code>",
					"fullName": "sap.ca.ui.charts.Chart#xAxis2LabelFormatter"
				},
				"plotAreaAxisTooltipFormatter": {
					"type": "object",
					"group": "Data",
					"defaultValue": null,
					"method": "#getPlotAreaAxisTooltipFormatter",
					"description": "Formatter for plotArea Axis Tooltip in bubble charts\n\nDefault value is empty/<code>undefined</code>",
					"fullName": "sap.ca.ui.charts.Chart#plotAreaAxisTooltipFormatter"
				},
				"tooltipFormatter": {
					"type": "object",
					"group": "Data",
					"defaultValue": null,
					"method": "#getTooltipFormatter",
					"description": "Formatter for toolTip\n\nDefault value is empty/<code>undefined</code>",
					"fullName": "sap.ca.ui.charts.Chart#tooltipFormatter"
				},
				"dataLabelFormatter": {
					"type": "object",
					"group": "Data",
					"defaultValue": null,
					"method": "#getDataLabelFormatter",
					"description": "Formatter for Data Label\n\nDefault value is empty/<code>undefined</code>",
					"fullName": "sap.ca.ui.charts.Chart#dataLabelFormatter"
				},
				"popoverFormatter": {
					"type": "object",
					"group": "Data",
					"defaultValue": null,
					"method": "#getPopoverFormatter",
					"description": "Formatter for popover\n\nDefault value is empty/<code>undefined</code>",
					"fullName": "sap.ca.ui.charts.Chart#popoverFormatter"
				},
				"popoverGroupFormatter": {
					"type": "string",
					"group": "Data",
					"defaultValue": null,
					"method": "#getPopoverGroupFormatter",
					"description": "Formatter for group label in the popover\n\nDefault value is empty/<code>undefined</code>",
					"fullName": "sap.ca.ui.charts.Chart#popoverGroupFormatter"
				},
				"chartSemanticColorFormatter": {
					"type": "object",
					"group": "Data",
					"defaultValue": null,
					"method": "#getChartSemanticColorFormatter",
					"description": "Function that will be called when the chart is rendered in order to let the\napplication decide which color should be use for each bar.\nThe method should take the following parameter as input :\n- The data context of the current datashape\nAnd as output :\n- One of sap.ca.ui.charts.ChartSemanticColor type\n\nDefault value is empty/<code>undefined</code>",
					"fullName": "sap.ca.ui.charts.Chart#chartSemanticColorFormatter"
				},
				"internalVizChart": {
					"type": "sap.ui.core.Control",
					"group": "Data",
					"defaultValue": null,
					"method": "#getInternalVizChart",
					"description": "Retrieve the internal viz chart to allow some operation on it.\n\nDefault value is empty/<code>undefined</code>",
					"fullName": "sap.ca.ui.charts.Chart#internalVizChart"
				},
				"chartPopOver": {
					"type": "sap.ui.core.Control",
					"group": "Data",
					"defaultValue": null,
					"method": "#getChartPopOver",
					"description": "Retrieve the chart popover instance to allow some operation on it.\n\nDefault value is empty/<code>undefined</code>",
					"fullName": "sap.ca.ui.charts.Chart#chartPopOver"
				},
				"popoverSubHeader": {
					"type": "sap.ui.core.Control",
					"group": "Appearance",
					"defaultValue": null,
					"method": "#getPopoverSubHeader",
					"description": "custom subHeader for popover\n\nDefault value is empty/<code>undefined</code>",
					"fullName": "sap.ca.ui.charts.Chart#popoverSubHeader"
				},
				"popoverFooter": {
					"type": "sap.ui.core.Control",
					"group": "Appearance",
					"defaultValue": null,
					"method": "#getPopoverFooter",
					"description": "custom footer for popover\n\nDefault value is empty/<code>undefined</code>",
					"fullName": "sap.ca.ui.charts.Chart#popoverFooter"
				},
				"advancedChartSettings": {
					"type": "object",
					"group": "Appearance",
					"defaultValue": null,
					"method": "#getAdvancedChartSettings",
					"description": "You can specify here any advanced viz chart settings that have not been exposed as a chart\nproperty.\n\nDefault value is empty/<code>undefined</code>",
					"fullName": "sap.ca.ui.charts.Chart#advancedChartSettings"
				},
				"stackedChartWidthEnhancer": {
					"type": "boolean",
					"group": "Appearance",
					"defaultValue": false,
					"method": "#getStackedChartWidthEnhancer",
					"description": "You can use it if stacked bar width are to big. Disabled by default\n\nDefault value is <code>false</code>",
					"fullName": "sap.ca.ui.charts.Chart#stackedChartWidthEnhancer"
				},
				"noData": {
					"type": "sap.ui.core.Control",
					"group": "Appearance",
					"defaultValue": null,
					"method": "#getNoData",
					"description": "Control tree to display when there is no data available\n\nDefault value is empty/<code>undefined</code>",
					"fullName": "sap.ca.ui.charts.Chart#noData"
				}
			},
			"aggregations": {
				"internalContent": {
					"type": "sap.ui.core.Control",
					"multiple": false,
					"visibility": "hidden",
					"method": "#getInternalContent",
					"fullName": "sap.ca.ui.charts.Chart#internalContent"
				},
				"chartPopover": {
					"type": "sap.ui.core.Control",
					"multiple": false,
					"visibility": "hidden",
					"method": "#getChartPopover",
					"fullName": "sap.ca.ui.charts.Chart#chartPopover"
				}
			},
			"events": {
				"selectDataPoint": {
					"method": "#event:selectDataPoint",
					"description": "Event is fired when the data point is selected/unselected on the chart",
					"fullName": "sap.ca.ui.charts.Chart#selectDataPoint"
				},
				"popoverBeforeOpen": {
					"method": "#event:popoverBeforeOpen",
					"description": "Event is fired before the popover is opened",
					"fullName": "sap.ca.ui.charts.Chart#popoverBeforeOpen"
				},
				"popoverAfterOpen": {
					"method": "#event:popoverAfterOpen",
					"description": "Event is fired after the popover is opened",
					"fullName": "sap.ca.ui.charts.Chart#popoverAfterOpen"
				}
			},
			"filetype": "class"
		},
		"sap.ca.ui.charts.ChartToolBar": {
			"description": "ToolBar used for displaying one chart amongst several and provide additional features:\n- 2 select boxes for selecting dimensions\n- fullscreen toggle\n- personalization icon\n- showLegend toggle",
			"extend": "sap.ui.core.Control",
			"name": "sap.ca.ui.charts.ChartToolBar",
			"properties": {
				"showPersonalization": {
					"type": "boolean",
					"group": "Misc",
					"defaultValue": false,
					"method": "#getShowPersonalization",
					"description": "Display or not the personalization icon into the ChartToolBar\n\nDefault value is <code>false</code>",
					"fullName": "sap.ca.ui.charts.ChartToolBar#showPersonalization"
				},
				"showFullScreen": {
					"type": "boolean",
					"group": "Misc",
					"defaultValue": false,
					"method": "#getShowFullScreen",
					"description": "Display or not the full screen icon into the ChartToolBar\n\nDefault value is <code>false</code>",
					"fullName": "sap.ca.ui.charts.ChartToolBar#showFullScreen"
				},
				"fullScreen": {
					"type": "boolean",
					"group": "Misc",
					"defaultValue": false,
					"method": "#getFullScreen",
					"description": "Display the chart and the toolbar in full screen or normal mode\n\nDefault value is <code>false</code>",
					"fullName": "sap.ca.ui.charts.ChartToolBar#fullScreen"
				},
				"showLegend": {
					"type": "boolean",
					"group": "Misc",
					"defaultValue": true,
					"method": "#getShowLegend",
					"description": "Display or not the legend on the contained charts.\n\nDefault value is <code>true</code>",
					"fullName": "sap.ca.ui.charts.ChartToolBar#showLegend"
				},
				"chartTitle": {
					"type": "string",
					"group": "Misc",
					"defaultValue": "",
					"method": "#getChartTitle",
					"description": "The string to display instead of the select boxes if there are no dimensions to display\n\nDefault value is empty/<code>undefined</code>",
					"fullName": "sap.ca.ui.charts.ChartToolBar#chartTitle"
				},
				"firstDimensionPath": {
					"type": "string",
					"group": "Misc",
					"defaultValue": "",
					"method": "#getFirstDimensionPath",
					"description": "Model path to the dimensions to display into the first select box\n\nDefault value is empty/<code>undefined</code>",
					"fullName": "sap.ca.ui.charts.ChartToolBar#firstDimensionPath"
				},
				"firstDimensionKeyPath": {
					"type": "string",
					"group": "Misc",
					"defaultValue": "",
					"method": "#getFirstDimensionKeyPath",
					"description": "Model path to the first select box items key\n\nDefault value is empty/<code>undefined</code>",
					"fullName": "sap.ca.ui.charts.ChartToolBar#firstDimensionKeyPath"
				},
				"firstDimensionTextPath": {
					"type": "string",
					"group": "Misc",
					"defaultValue": "",
					"method": "#getFirstDimensionTextPath",
					"description": "Model path to the first select box items displayed text\n\nDefault value is empty/<code>undefined</code>",
					"fullName": "sap.ca.ui.charts.ChartToolBar#firstDimensionTextPath"
				},
				"secondDimensionPath": {
					"type": "string",
					"group": "Misc",
					"defaultValue": "",
					"method": "#getSecondDimensionPath",
					"description": "Model path to the dimensions to display into the second select box\n\nDefault value is empty/<code>undefined</code>",
					"fullName": "sap.ca.ui.charts.ChartToolBar#secondDimensionPath"
				},
				"secondDimensionKeyPath": {
					"type": "string",
					"group": "Misc",
					"defaultValue": "",
					"method": "#getSecondDimensionKeyPath",
					"description": "Model path to the second select box items key\n\nDefault value is empty/<code>undefined</code>",
					"fullName": "sap.ca.ui.charts.ChartToolBar#secondDimensionKeyPath"
				},
				"secondDimensionTextPath": {
					"type": "string",
					"group": "Misc",
					"defaultValue": "",
					"method": "#getSecondDimensionTextPath",
					"description": "Model path to the displayed select box items displayed text\n\nDefault value is empty/<code>undefined</code>",
					"fullName": "sap.ca.ui.charts.ChartToolBar#secondDimensionTextPath"
				}
			},
			"aggregations": {
				"charts": {
					"type": "sap.ui.core.Control",
					"multiple": true,
					"singularName": "chart",
					"method": "#getCharts",
					"description": "The charts to display. Theses charts are sap.ui.core/Control that implements the following properties:\n- showLegend: boolean\n- icon: string (expected a string such as \"sap-icon://line-chart\")\n\nIf the inserted control is an sap.m.Table, the icon is automatically set to \"sap-icon://table-chart\"",
					"fullName": "sap.ca.ui.charts.ChartToolBar#charts"
				},
				"toolBar": {
					"type": "sap.m.Bar",
					"multiple": false,
					"method": "#getToolBar",
					"description": "The composite sap.m.Bar used for rendering select boxes and icons.",
					"fullName": "sap.ca.ui.charts.ChartToolBar#toolBar"
				}
			},
			"associations": {
				"selectedChart": {
					"type": "sap.ui.core.Control",
					"multiple": false,
					"method": "#getSelectedChart",
					"description": "The ui5 control displayed",
					"fullName": "sap.ca.ui.charts.ChartToolBar#selectedChart"
				},
				"firstDimensionSelect": {
					"type": "sap.m.Select",
					"multiple": false,
					"method": "#getFirstDimensionSelect",
					"description": "The sap.m.Select inserted into the toolBar for handling the firstDimension selection",
					"fullName": "sap.ca.ui.charts.ChartToolBar#firstDimensionSelect"
				},
				"secondDimensionSelect": {
					"type": "sap.m.Select",
					"multiple": false,
					"method": "#getSecondDimensionSelect",
					"description": "The sap.m.Select inserted into the toolBar for handling the secondDimension selection",
					"fullName": "sap.ca.ui.charts.ChartToolBar#secondDimensionSelect"
				}
			},
			"events": {
				"personalizationPressed": {
					"method": "#event:personalizationPressed",
					"description": "Event fired when a user clicks on the personalization icon",
					"fullName": "sap.ca.ui.charts.ChartToolBar#personalizationPressed"
				},
				"firstDimensionKeySelected": {
					"method": "#event:firstDimensionKeySelected",
					"description": "Event fired when a user selects an item from the first select box.\nThis event is providing the item selectedKey as parameter",
					"fullName": "sap.ca.ui.charts.ChartToolBar#firstDimensionKeySelected"
				},
				"secondDimensionKeySelected": {
					"method": "#event:secondDimensionKeySelected",
					"description": "Event fired when a user selects an item from the second select box.\nThis event is providing the item selectedKey as parameter",
					"fullName": "sap.ca.ui.charts.ChartToolBar#secondDimensionKeySelected"
				}
			},
			"filetype": "class"
		},
		"sap.ca.ui.charts.ClusterListItem": {
			"description": "The cluster list item consists of a title and items.",
			"extend": "sap.m.ListItemBase",
			"name": "sap.ca.ui.charts.ClusterListItem",
			"properties": {
				"title": {
					"type": "string",
					"group": "Misc",
					"defaultValue": null,
					"method": "#getTitle",
					"description": "Title\n\nDefault value is empty/<code>undefined</code>",
					"fullName": "sap.ca.ui.charts.ClusterListItem#title"
				},
				"items": {
					"type": "object",
					"group": "Data",
					"defaultValue": null,
					"method": "#getItems",
					"description": "Items\n\nDefault value is empty/<code>undefined</code>",
					"fullName": "sap.ca.ui.charts.ClusterListItem#items"
				}
			},
			"filetype": "class"
		},
		"sap.ca.ui.charts.CombinedChart": {
			"description": "Allows you to create a chart using vertical bars and lines to represent the data",
			"extend": "sap.ca.ui.charts.Chart",
			"name": "sap.ca.ui.charts.CombinedChart",
			"properties": {
				"data": {
					"type": "any",
					"group": "Data",
					"defaultValue": null,
					"method": "#getData",
					"description": "Data of the Chart\n\nDefault value is empty/<code>undefined</code>",
					"fullName": "sap.ca.ui.charts.CombinedChart#data"
				},
				"primaryAxis": {
					"type": "any",
					"group": "Appearance",
					"defaultValue": null,
					"method": "#getPrimaryAxis",
					"description": "Shapes for the internal viz chart primary axis\n\nDefault value is empty/<code>undefined</code>",
					"fullName": "sap.ca.ui.charts.CombinedChart#primaryAxis"
				},
				"secondAxis": {
					"type": "any",
					"group": "Appearance",
					"defaultValue": null,
					"method": "#getSecondAxis",
					"description": "Shapes for the internal viz chart second axis\n\nDefault value is empty/<code>undefined</code>",
					"fullName": "sap.ca.ui.charts.CombinedChart#secondAxis"
				}
			},
			"aggregations": {
				"scrollArea": {
					"type": "sap.m.ScrollContainer",
					"multiple": false,
					"method": "#getScrollArea",
					"description": "scroll area that contains the graph plot",
					"fullName": "sap.ca.ui.charts.CombinedChart#scrollArea"
				}
			},
			"filetype": "class"
		},
		"sap.ca.ui.charts.HorizontalBarChart": {
			"description": "Allows you to create a chart using horizontal bars to represent the data",
			"extend": "sap.ca.ui.charts.Chart",
			"name": "sap.ca.ui.charts.HorizontalBarChart",
			"properties": {
				"data": {
					"type": "object",
					"group": "Misc",
					"defaultValue": null,
					"method": "#getData",
					"description": "The data to be used by the chart\n\nDefault value is empty/<code>undefined</code>",
					"fullName": "sap.ca.ui.charts.HorizontalBarChart#data"
				},
				"container": {
					"type": "string",
					"group": "Misc",
					"defaultValue": "chart",
					"method": "#getContainer",
					"description": "The DOM ID where the chart will be added. Deprecated\n\nDefault value is <code>chart</code>",
					"fullName": "sap.ca.ui.charts.HorizontalBarChart#container"
				},
				"barHeight": {
					"type": "int",
					"group": "Misc",
					"defaultValue": 48,
					"method": "#getBarHeight",
					"description": "Minimum shape size for touch enabled actions, default and minimum to 48px !\n\nDefault value is <code>48</code>",
					"fullName": "sap.ca.ui.charts.HorizontalBarChart#barHeight"
				}
			},
			"aggregations": {
				"scroll": {
					"type": "sap.m.ScrollContainer",
					"multiple": false,
					"deprecated": true,
					"method": "#getScroll",
					"description": "The scroll container",
					"fullName": "sap.ca.ui.charts.HorizontalBarChart#scroll"
				},
				"horizontalBarChart": {
					"type": "sap.viz.ui5.Bar",
					"multiple": false,
					"method": "#getHorizontalBarChart",
					"description": "The internal chart",
					"fullName": "sap.ca.ui.charts.HorizontalBarChart#horizontalBarChart"
				},
				"verticalArea": {
					"type": "sap.m.VBox",
					"multiple": false,
					"deprecated": true,
					"method": "#getVerticalArea",
					"description": "The vertical area within the scroll container",
					"fullName": "sap.ca.ui.charts.HorizontalBarChart#verticalArea"
				}
			},
			"filetype": "class"
		},
		"sap.ca.ui.charts.LineChart": {
			"description": "Line Chart for the Fiori Project",
			"extend": "sap.ca.ui.charts.Chart",
			"name": "sap.ca.ui.charts.LineChart",
			"properties": {
				"chartTitle": {
					"type": "string",
					"group": "Data",
					"defaultValue": "Line Chart",
					"deprecated": true,
					"method": "#getChartTitle",
					"description": "The title to display on the chart\n\nDefault value is <code>Line Chart</code>",
					"fullName": "sap.ca.ui.charts.LineChart#chartTitle"
				},
				"dataLabelFormat": {
					"type": "any",
					"group": "Appearance",
					"defaultValue": "#0",
					"method": "#getDataLabelFormat",
					"description": "The data format string to use to display the data labels on the graph, this is an array of arrays of Format String following the 'sap.viz.ui5.Line' documentation\n\nDefault value is <code>'#0'</code>",
					"fullName": "sap.ca.ui.charts.LineChart#dataLabelFormat"
				},
				"minTouchSize": {
					"type": "string",
					"group": "Behavior",
					"defaultValue": "48px",
					"deprecated": true,
					"method": "#getMinTouchSize",
					"description": "The minimum size (width for a line chart) that a point has to be, so as to be able to touch on a mobile device, only applies if the chart width is not set\n\nDefault value is <code>48px</code>",
					"fullName": "sap.ca.ui.charts.LineChart#minTouchSize"
				},
				"minTouchWidth": {
					"type": "string",
					"group": "Behavior",
					"defaultValue": "48px",
					"deprecated": true,
					"method": "#getMinTouchWidth",
					"description": "The minimum size (width for a line chart) that a point has to be, so as to be able to touch on a mobile device, only applies if the chart width is not set\n\nDefault value is <code>48px</code>",
					"fullName": "sap.ca.ui.charts.LineChart#minTouchWidth"
				},
				"showLabel": {
					"type": "boolean",
					"group": "Appearance",
					"defaultValue": true,
					"deprecated": true,
					"method": "#getShowLabel",
					"description": "Show the data label value on the chart\n\nDefault value is <code>true</code>",
					"fullName": "sap.ca.ui.charts.LineChart#showLabel"
				},
				"showScrollContext": {
					"type": "boolean",
					"group": "Appearance",
					"defaultValue": false,
					"deprecated": true,
					"method": "#getShowScrollContext",
					"description": "Show the chart scroll context, (the preview of the whole chart as a small image when scrolling)\n\nDefault value is <code>false</code>",
					"fullName": "sap.ca.ui.charts.LineChart#showScrollContext"
				},
				"chartDataset": {
					"type": "any",
					"group": "Data",
					"defaultValue": null,
					"deprecated": true,
					"method": "#getChartDataset",
					"description": "Allow the Dataset for the chart to be set, includes the dimensions, and measures, any data binding is removed, this will disable the chart scroll context view,\nuse the dataset settings if you want the\nscroll context to work\n\nDefault value is empty/<code>undefined</code>",
					"fullName": "sap.ca.ui.charts.LineChart#chartDataset"
				},
				"datasetSettings": {
					"type": "any",
					"group": "Data",
					"defaultValue": null,
					"deprecated": true,
					"method": "#getDatasetSettings",
					"description": "Allow the Dataset for the chart to be set by providing the settings for the dataset creation, (internally two datasets are created, one for the main chart and\none\nfor the scroll context)\n\nDefault value is empty/<code>undefined</code>",
					"fullName": "sap.ca.ui.charts.LineChart#datasetSettings"
				},
				"chartDatasetSettings": {
					"type": "any",
					"group": "Data",
					"defaultValue": null,
					"deprecated": true,
					"method": "#getChartDatasetSettings",
					"description": "Allow the Dataset for the chart to be set by providing the settings for the dataset creation, (internally two datasets are created, one for the main chart and\none for the scroll context)\n\nDefault value is empty/<code>undefined</code>",
					"fullName": "sap.ca.ui.charts.LineChart#chartDatasetSettings"
				},
				"dataPath": {
					"type": "string",
					"group": "Data",
					"defaultValue": null,
					"deprecated": true,
					"method": "#getDataPath",
					"description": "Allow the data path for binding the model to the dimensions and measures to be set\n\nDefault value is empty/<code>undefined</code>",
					"fullName": "sap.ca.ui.charts.LineChart#dataPath"
				},
				"data": {
					"type": "any",
					"group": "Data",
					"defaultValue": null,
					"deprecated": true,
					"method": "#getData",
					"description": "The data format string to use to display the data labels on the graph, this is an array of arrays of Format String following the 'sap.viz.ui5.Line' documentation\n\nDefault value is <code>'#0'</code>",
					"fullName": "sap.ca.ui.charts.LineChart#data"
				},
				"chartBusinessData": {
					"type": "any",
					"group": "Data",
					"defaultValue": null,
					"deprecated": true,
					"method": "#getChartBusinessData",
					"description": "Allow the chart data to be set, that is the measure and dimension values\n\nDefault value is empty/<code>undefined</code>",
					"fullName": "sap.ca.ui.charts.LineChart#chartBusinessData"
				},
				"useDelayedResize": {
					"type": "boolean",
					"group": "Behavior",
					"defaultValue": false,
					"deprecated": true,
					"method": "#getUseDelayedResize",
					"description": "Use a delayed resize event to cause the chart to render when navigated to after resize when in the background\n\nDefault value is <code>false</code>",
					"fullName": "sap.ca.ui.charts.LineChart#useDelayedResize"
				}
			},
			"aggregations": {
				"vertical": {
					"type": "sap.m.VBox",
					"multiple": false,
					"deprecated": true,
					"method": "#getVertical",
					"description": "The vertical layout",
					"fullName": "sap.ca.ui.charts.LineChart#vertical"
				}
			},
			"events": {
				"onDetailsSelected": {
					"deprecated": true,
					"method": "#event:onDetailsSelected",
					"description": "Event fired when the details button is pressed on the selected Datapoint Popover",
					"fullName": "sap.ca.ui.charts.LineChart#onDetailsSelected"
				}
			},
			"filetype": "class"
		},
		"sap.ca.ui.charts.StackedHorizontalBarChart": {
			"description": "Stacked Horizontal Bar Chart wrapper around the viz StackedBarChart / MultipleStackedBarChart.\nTo be used in conjunction with the chart toolbar.",
			"extend": "sap.ca.ui.charts.Chart",
			"name": "sap.ca.ui.charts.StackedHorizontalBarChart",
			"properties": {
				"type": {
					"type": "string",
					"group": "Designtime",
					"defaultValue": "StackedBar",
					"deprecated": true,
					"method": "#getType",
					"description": "Mapped to charType property.\n\nDefault value is <code>StackedBar</code>",
					"fullName": "sap.ca.ui.charts.StackedHorizontalBarChart#type"
				},
				"minTouchSize": {
					"type": "sap.ui.core.CSSSize",
					"group": "Dimension",
					"defaultValue": "48px",
					"deprecated": true,
					"method": "#getMinTouchSize",
					"description": "Mapped to minShapeSize property.\n\nDefault value is <code>48px</code>",
					"fullName": "sap.ca.ui.charts.StackedHorizontalBarChart#minTouchSize"
				},
				"dataLabelFormat": {
					"type": "any",
					"group": "Appearance",
					"method": "#getDataLabelFormat",
					"description": "Defines the formater string for the dataLabel value to be diaplyed on the bubble e.g [ [##]]\n\nDefault value is <code>[[\"##\"]]</code>",
					"fullName": "sap.ca.ui.charts.StackedHorizontalBarChart#dataLabelFormat"
				}
			},
			"aggregations": {
				"content": {
					"type": "sap.ui.core.Control",
					"multiple": true,
					"singularName": "content",
					"deprecated": true,
					"method": "#getContent",
					"description": "Deprecated aggregation. Left for compatibility purposes.",
					"fullName": "sap.ca.ui.charts.StackedHorizontalBarChart#content"
				}
			},
			"filetype": "class"
		},
		"sap.ca.ui.charts.StackedVerticalColumnChart": {
			"description": "Stacked Vertical Column Chart wrapper around the viz StackedColumnChart / MultipleStackedColumnChart.\nTo be used in conjunction with the chart toolbar.",
			"extend": "sap.ca.ui.charts.Chart",
			"name": "sap.ca.ui.charts.StackedVerticalColumnChart",
			"properties": {
				"type": {
					"type": "string",
					"group": "Designtime",
					"defaultValue": "StackedColumn",
					"deprecated": true,
					"method": "#getType",
					"description": "Mapped to charType property.\n\nDefault value is <code>StackedColumn</code>",
					"fullName": "sap.ca.ui.charts.StackedVerticalColumnChart#type"
				},
				"minTouchSize": {
					"type": "sap.ui.core.CSSSize",
					"group": "Dimension",
					"defaultValue": "48px",
					"deprecated": true,
					"method": "#getMinTouchSize",
					"description": "Mapped to minShapeSize property.\n\nDefault value is <code>'48px'</code>",
					"fullName": "sap.ca.ui.charts.StackedVerticalColumnChart#minTouchSize"
				},
				"dataLabelFormat": {
					"type": "any",
					"group": "Appearance",
					"deprecated": true,
					"method": "#getDataLabelFormat",
					"description": "Does not do anything anymore\n\nDefault value is <code>[[\"##\"]]</code>",
					"fullName": "sap.ca.ui.charts.StackedVerticalColumnChart#dataLabelFormat"
				}
			},
			"aggregations": {
				"content": {
					"type": "sap.ui.core.Control",
					"multiple": true,
					"singularName": "content",
					"deprecated": true,
					"method": "#getContent",
					"description": "Deprecated aggregation. Left for compatibility purposes.",
					"fullName": "sap.ca.ui.charts.StackedVerticalColumnChart#content"
				}
			},
			"filetype": "class"
		},
		"sap.ca.ui.charts.VerticalBarChart": {
			"description": "Allows you to create a chart using vertical bars to represent the data",
			"extend": "sap.ca.ui.charts.Chart",
			"name": "sap.ca.ui.charts.VerticalBarChart",
			"properties": {
				"data": {
					"type": "object",
					"group": "Data",
					"defaultValue": null,
					"method": "#getData",
					"description": "The data to be used by the chart\n\nDefault value is empty/<code>undefined</code>",
					"fullName": "sap.ca.ui.charts.VerticalBarChart#data"
				},
				"container": {
					"type": "string",
					"group": "Identification",
					"defaultValue": "chart",
					"method": "#getContainer",
					"description": "The DOM ID where the chart will be added. Deprecated\n\nDefault value is <code>chart</code>",
					"fullName": "sap.ca.ui.charts.VerticalBarChart#container"
				},
				"barWidth": {
					"type": "int",
					"group": "Appearance",
					"defaultValue": 48,
					"method": "#getBarWidth",
					"description": "Minimum shape size for touch enabled actions, default and minimum to 48px !\n\nDefault value is <code>48</code>",
					"fullName": "sap.ca.ui.charts.VerticalBarChart#barWidth"
				}
			},
			"aggregations": {
				"content": {
					"type": "sap.ui.core.Control",
					"multiple": true,
					"singularName": "content",
					"deprecated": true,
					"method": "#getContent",
					"description": "Deprecated aggregation. Left for compatibility purposes.",
					"fullName": "sap.ca.ui.charts.VerticalBarChart#content"
				},
				"scroll": {
					"type": "sap.m.ScrollContainer",
					"multiple": false,
					"deprecated": true,
					"method": "#getScroll",
					"description": "The scroll container",
					"fullName": "sap.ca.ui.charts.VerticalBarChart#scroll"
				},
				"verticalBarChart": {
					"type": "sap.viz.ui5.Column",
					"multiple": false,
					"deprecated": true,
					"method": "#getVerticalBarChart",
					"description": "The chart",
					"fullName": "sap.ca.ui.charts.VerticalBarChart#verticalBarChart"
				},
				"verticalArea": {
					"type": "sap.m.VBox",
					"multiple": false,
					"deprecated": true,
					"method": "#getVerticalArea",
					"description": "The vertical layout",
					"fullName": "sap.ca.ui.charts.VerticalBarChart#verticalArea"
				}
			},
			"filetype": "class"
		},
		"sap.ca.ui.HierarchicalSelectDialogItem": {
			"description": "Kind of item required by the sap.ca.ui.HierarchicalSelectDialog control.\nAn item is actually one page of the Dialog.",
			"extend": "sap.ui.core.Item",
			"name": "sap.ca.ui.HierarchicalSelectDialogItem",
			"properties": {
				"title": {
					"type": "string",
					"group": "Appearance",
					"defaultValue": null,
					"method": "#getTitle",
					"description": "Dialog title for this item\n\nDefault value is empty/<code>undefined</code>",
					"fullName": "sap.ca.ui.HierarchicalSelectDialogItem#title"
				},
				"entityName": {
					"type": "string",
					"group": "Data",
					"defaultValue": null,
					"method": "#getEntityName",
					"description": "Property used for the binding\n\nDefault value is empty/<code>undefined</code>",
					"fullName": "sap.ca.ui.HierarchicalSelectDialogItem#entityName"
				}
			},
			"aggregations": {
				"listItemTemplate": {
					"type": "sap.m.ListItemBase",
					"multiple": false,
					"method": "#getListItemTemplate",
					"description": "Used as a template for each list item of the page",
					"fullName": "sap.ca.ui.HierarchicalSelectDialogItem#listItemTemplate"
				}
			},
			"filetype": "class"
		}
	},
	"enums": {
		"sap.ca.ui.charts.ChartColor": {
			"sapUiChart1": {
				"description": "Sap Ui Chart 1",
				"value": "sapUiChart1"
			},
			"sapUiChart2": {
				"description": "Sap Ui Chart 2",
				"value": "sapUiChart2"
			},
			"sapUiChart3": {
				"description": "Sap Ui Chart 3",
				"value": "sapUiChart3"
			},
			"sapUiChart4": {
				"description": "Sap Ui Chart 4",
				"value": "sapUiChart4"
			},
			"sapUiChart5": {
				"description": "Sap Ui Chart 5",
				"value": "sapUiChart5"
			},
			"sapUiChart6": {
				"description": "Sap Ui Chart 6",
				"value": "sapUiChart6"
			},
			"sapUiChart7": {
				"description": "Sap Ui Chart 7",
				"value": "sapUiChart7"
			},
			"sapUiChart8": {
				"description": "Sap Ui Chart 8",
				"value": "sapUiChart8"
			},
			"sapUiChart9": {
				"description": "Sap Ui Chart 9",
				"value": "sapUiChart9"
			},
			"sapUiChart10": {
				"description": "Sap Ui Chart 10",
				"value": "sapUiChart10"
			},
			"sapUiChart11": {
				"description": "Sap Ui Chart 11",
				"value": "sapUiChart11"
			}
		},
		"sap.ca.ui.charts.ChartSelectionMode": {
			"None": {
				"description": "The chart will not allow any selection",
				"value": "None"
			},
			"Single": {
				"description": "The chart will only allow single selection",
				"value": "Single"
			},
			"Multiple": {
				"description": "The chart will allow multi selection.",
				"value": "Multiple"
			}
		},
		"sap.ca.ui.charts.ChartSemanticColor": {
			"NeutralDark": {
				"description": "Darker Neutral color",
				"value": "NeutralDark"
			},
			"Neutral": {
				"description": "Neutral colro",
				"value": "Neutral"
			},
			"NeutralLight": {
				"description": "Lighter Neutral color",
				"value": "NeutralLight"
			},
			"GoodDark": {
				"description": "Darker Good color",
				"value": "GoodDark"
			},
			"Good": {
				"description": "Good colro",
				"value": "Good"
			},
			"GoodLight": {
				"description": "Lighter Good color",
				"value": "GoodLight"
			},
			"CriticalDark": {
				"description": "Darker Critical color",
				"value": "CriticalDark"
			},
			"Critical": {
				"description": "Critical colro",
				"value": "Critical"
			},
			"CriticalLight": {
				"description": "Lighter Critical color",
				"value": "CriticalLight"
			},
			"BadDark": {
				"description": "Darker Bad color",
				"value": "BadDark"
			},
			"Bad": {
				"description": "Bad colro",
				"value": "Bad"
			},
			"BadLight": {
				"description": "Lighter Bad color",
				"value": "BadLight"
			}
		}
	}
}