{"metadatas":{"sap.me.Calendar":{"description":"This is the Calendar control","helpDescription":"<strong style=\"color: red;\">Deprecated! </strong>Since 1.26.0 This control was experimental since 1.12. Please use the sap.ui.unified.Calendar instead!<br>This is the Calendar control","Deprecated":true,"Experimental":false,"extend":"sap.ui.core.Control","properties":{"visible":{"method":"#getVisible","group":"Misc","type":"boolean","defaultValue":"true","description":"visibility of the control","helpDescription":"visibility of the control","Deprecated":false,"Experimental":false,"fullName":"sap.me.Calendar#visible"},"hideNavControls":{"method":"#getHideNavControls","group":"Misc","type":"boolean","defaultValue":"false","description":"hides the area of navigation controls","helpDescription":"hides the area of navigation controls","Deprecated":false,"Experimental":false,"fullName":"sap.me.Calendar#hideNavControls"},"hideMonthTitles":{"method":"#getHideMonthTitles","group":"Misc","type":"boolean","defaultValue":"false","description":"hides the area of month titles","helpDescription":"hides the area of month titles","Deprecated":false,"Experimental":false,"fullName":"sap.me.Calendar#hideMonthTitles"},"monthsPerRow":{"method":"#getMonthsPerRow","group":"Misc","type":"int","defaultValue":"1","description":"months to display in a row. This sets the width of the whole control in order to contain the desired number of months per row","helpDescription":"months to display in a row. This sets the width of the whole control in order to contain the desired number of months per row","Deprecated":false,"Experimental":false,"fullName":"sap.me.Calendar#monthsPerRow"},"dayWidth":{"method":"#getDayWidth","group":"Misc","type":"int","defaultValue":"45","description":"the width of a day","helpDescription":"the width of a day","Deprecated":false,"Experimental":false,"fullName":"sap.me.Calendar#dayWidth"},"dayHeight":{"method":"#getDayHeight","group":"Misc","type":"int","defaultValue":"50","description":"the height of a day","helpDescription":"the height of a day","Deprecated":false,"Experimental":false,"fullName":"sap.me.Calendar#dayHeight"},"weeksPerRow":{"method":"#getWeeksPerRow","group":"Misc","type":"int","defaultValue":"1","description":"weeks to display in a row","helpDescription":"weeks to display in a row","Deprecated":false,"Experimental":false,"fullName":"sap.me.Calendar#weeksPerRow"},"singleRow":{"method":"#getSingleRow","group":"Misc","type":"boolean","defaultValue":"null","description":"boolean that sets the view to week mode or month mode","helpDescription":"boolean that sets the view to week mode or month mode","Deprecated":false,"Experimental":false,"fullName":"sap.me.Calendar#singleRow"},"monthsToDisplay":{"method":"#getMonthsToDisplay","group":"Misc","type":"int","defaultValue":"1","description":"number of months in a row.","helpDescription":"number of months in a row.","Deprecated":false,"Experimental":false,"fullName":"sap.me.Calendar#monthsToDisplay"},"currentDate":{"method":"#getCurrentDate","group":"Misc","type":"string","defaultValue":"null","description":"the center date where the month/week will be built around","helpDescription":"the center date where the month/week will be built around","Deprecated":false,"Experimental":false,"fullName":"sap.me.Calendar#currentDate"},"enableMultiselection":{"method":"#getEnableMultiselection","group":"Misc","type":"boolean","defaultValue":"false","description":"to enable multiselection feature","helpDescription":"to enable multiselection feature","Deprecated":false,"Experimental":false,"fullName":"sap.me.Calendar#enableMultiselection"},"firstDayOffset":{"method":"#getFirstDayOffset","group":"Misc","type":"int","defaultValue":"0","description":"to offset the first day of the week (0 = sunday)","helpDescription":"to offset the first day of the week (0 = sunday)","Deprecated":false,"Experimental":false,"fullName":"sap.me.Calendar#firstDayOffset"},"disabledWeekDays":{"method":"#getDisabledWeekDays","group":"Misc","type":"any","defaultValue":"null","description":"Array of weekDays (as integers where 0=Sunday, 1=Monday etc) to be disabled. Interaction will be disabled for these week days.","helpDescription":"Array of weekDays (as integers where 0=Sunday, 1=Monday etc) to be disabled. Interaction will be disabled for these week days.","Deprecated":false,"Experimental":false,"fullName":"sap.me.Calendar#disabledWeekDays"},"disabledDates":{"method":"#getDisabledDates","group":"Misc","type":"any","defaultValue":"null","description":"Array of specific dates (strings or Date objects) that will be disabled/non interactive","helpDescription":"Array of specific dates (strings or Date objects) that will be disabled/non interactive","Deprecated":false,"Experimental":false,"fullName":"sap.me.Calendar#disabledDates"},"swipeToNavigate":{"method":"#getSwipeToNavigate","group":"Misc","type":"boolean","defaultValue":"false","description":"When enabled, swipe gestures will navigate and not select","helpDescription":"When enabled, swipe gestures will navigate and not select","Deprecated":false,"Experimental":false,"fullName":"sap.me.Calendar#swipeToNavigate"},"design":{"method":"#getDesign","group":"Appearance","type":"sap.me.CalendarDesign","defaultValue":"Approval","description":"Indicates the design of the calendar (mainly colors)","helpDescription":"Indicates the design of the calendar (mainly colors)","Deprecated":false,"Experimental":false,"fullName":"sap.me.Calendar#design"},"selectionMode":{"method":"#getSelectionMode","group":"Behavior","type":"sap.me.CalendarSelectionMode","defaultValue":"SINGLE","description":"Indicates the design of the calendar (mainly colors)","helpDescription":"Indicates the design of the calendar (mainly colors)","Deprecated":false,"Experimental":false,"fullName":"sap.me.Calendar#selectionMode"},"width":{"method":"#getWidth","group":"Dimension","type":"sap.ui.core.CSSSize","defaultValue":"100%","description":"The width of the calendar","helpDescription":"The width of the calendar","Deprecated":false,"Experimental":false,"fullName":"sap.me.Calendar#width"},"days":{"method":"#getDays","group":"Appearance","type":"any","defaultValue":"null","description":"Array of day names, default value is sap.m.getLocaleData().getDays(\"abbreviated\")\nCheck sap.ui.core.LocaleData documentation for more info.","helpDescription":"Array of day names, default value is sap.m.getLocaleData().getDays(\"abbreviated\")\nCheck sap.ui.core.LocaleData documentation for more info.","Deprecated":false,"Experimental":false,"fullName":"sap.me.Calendar#days"},"months":{"method":"#getMonths","group":"Appearance","type":"any","defaultValue":"null","description":"Array of month names, default value is sap.m.getLocaleData().getMonths(\"abbreviated\")\nCheck sap.ui.core.LocaleData documentation for more info.","helpDescription":"Array of month names, default value is sap.m.getLocaleData().getMonths(\"abbreviated\")\nCheck sap.ui.core.LocaleData documentation for more info.","Deprecated":false,"Experimental":false,"fullName":"sap.me.Calendar#months"}},"associations":{},"aggregations":{},"events":{"changeCurrentDate":{"method":"sap.me.Calendar#event:tapOnDate","type":"fnListenerFunction or [fnListenerFunction, oListenerObject] or [oData, fnListenerFunction, oListenerObject]","description":"event fired when a date is tapped","helpDescription":"event fired when a date is tapped","Deprecated":false,"Experimental":false,"fullName":"sap.me.Calendar#tapOnDate"},"changeRange":{"method":"sap.me.Calendar#event:tapOnDate","type":"fnListenerFunction or [fnListenerFunction, oListenerObject] or [oData, fnListenerFunction, oListenerObject]","description":"event fired when a date is tapped","helpDescription":"event fired when a date is tapped","Deprecated":false,"Experimental":false,"fullName":"sap.me.Calendar#tapOnDate"},"tapOnDate":{"method":"sap.me.Calendar#event:tapOnDate","type":"fnListenerFunction or [fnListenerFunction, oListenerObject] or [oData, fnListenerFunction, oListenerObject]","description":"event fired when a date is tapped","helpDescription":"event fired when a date is tapped","Deprecated":false,"Experimental":false,"fullName":"sap.me.Calendar#tapOnDate"}},"filetype":"class"},"sap.me.CalendarLegend":{"description":"Legend for the calendar control","helpDescription":"<strong style=\"color: red;\">Experimental! </strong>","Deprecated":false,"Experimental":true,"extend":"sap.ui.core.Control","properties":{"legendForType00":{"method":"#getLegendForType00","group":"Misc","type":"string","defaultValue":"null","description":"legend for type 00","helpDescription":"legend for type 00","Deprecated":false,"Experimental":false,"fullName":"sap.me.CalendarLegend#legendForType00"},"legendForType01":{"method":"#getLegendForType01","group":"Misc","type":"string","defaultValue":"null","description":"legend for type 01","helpDescription":"legend for type 01","Deprecated":false,"Experimental":false,"fullName":"sap.me.CalendarLegend#legendForType01"},"legendForType04":{"method":"#getLegendForType04","group":"Misc","type":"string","defaultValue":"null","description":"legend for type 04","helpDescription":"legend for type 04","Deprecated":false,"Experimental":false,"fullName":"sap.me.CalendarLegend#legendForType04"},"legendForType06":{"method":"#getLegendForType06","group":"Misc","type":"string","defaultValue":"null","description":"legend for type 06","helpDescription":"legend for type 06","Deprecated":false,"Experimental":false,"fullName":"sap.me.CalendarLegend#legendForType06"},"legendForType07":{"method":"#getLegendForType07","group":"Misc","type":"string","defaultValue":"null","description":"legend for type 07","helpDescription":"legend for type 07","Deprecated":false,"Experimental":false,"fullName":"sap.me.CalendarLegend#legendForType07"},"legendForToday":{"method":"#getLegendForToday","group":"Misc","type":"string","defaultValue":"null","description":"legend for today","helpDescription":"legend for today","Deprecated":false,"Experimental":false,"fullName":"sap.me.CalendarLegend#legendForToday"},"legendForSelected":{"method":"#getLegendForSelected","group":"Misc","type":"string","defaultValue":"null","description":"legend for selected","helpDescription":"legend for selected","Deprecated":false,"Experimental":false,"fullName":"sap.me.CalendarLegend#legendForSelected"},"legendForSelected00":{"method":"#getLegendForSelected00","group":"Misc","type":"string","defaultValue":"null","description":"legend for selected 00","helpDescription":"legend for selected 00","Deprecated":false,"Experimental":false,"fullName":"sap.me.CalendarLegend#legendForSelected00"},"legendForNormal":{"method":"#getLegendForNormal","group":"Misc","type":"string","defaultValue":"null","description":"legend for normal","helpDescription":"legend for normal","Deprecated":false,"Experimental":false,"fullName":"sap.me.CalendarLegend#legendForNormal"},"expandable":{"method":"#getExpandable","group":"Misc","type":"boolean","defaultValue":"true","description":"Indicates if the legend can be collapsed and expanded","helpDescription":"Indicates if the legend can be collapsed and expanded","Deprecated":false,"Experimental":false,"fullName":"sap.me.CalendarLegend#expandable"},"expanded":{"method":"#getExpanded","group":"Misc","type":"boolean","defaultValue":"true","description":"Indicates if the legend is expanded or not","helpDescription":"Indicates if the legend is expanded or not","Deprecated":false,"Experimental":false,"fullName":"sap.me.CalendarLegend#expanded"},"width":{"method":"#getWidth","group":"Dimension","type":"sap.ui.core.CSSSize","defaultValue":"auto","description":"Indicates the whole component width","helpDescription":"Indicates the whole component width","Deprecated":false,"Experimental":false,"fullName":"sap.me.CalendarLegend#width"},"legendWidth":{"method":"#getLegendWidth","group":"Dimension","type":"sap.ui.core.CSSSize","defaultValue":"12.5rem","description":"Indicates the legend items width","helpDescription":"Indicates the legend items width","Deprecated":false,"Experimental":false,"fullName":"sap.me.CalendarLegend#legendWidth"},"visible":{"method":"#getVisible","group":"Appearance","type":"boolean","defaultValue":"true","description":"Indicates if the legend is visible","helpDescription":"Indicates if the legend is visible","Deprecated":false,"Experimental":false,"fullName":"sap.me.CalendarLegend#visible"},"design":{"method":"#getDesign","group":"Appearance","type":"sap.me.CalendarDesign","defaultValue":"Approval","description":"design name for the legend","helpDescription":"design name for the legend","Deprecated":false,"Experimental":false,"fullName":"sap.me.CalendarLegend#design"}},"associations":{},"aggregations":{"labels":{"method":"#getLabels","multiple":"true","type":"sap.m.Label","description":"label aggregation","helpDescription":"label aggregation","Deprecated":false,"Experimental":false,"fullName":"sap.me.CalendarLegend#labels"},"colors":{"method":"#getColors","multiple":"true","type":"sap.ui.core.Control","description":"colors aggregation","helpDescription":"colors aggregation","Deprecated":false,"Experimental":false,"fullName":"sap.me.CalendarLegend#colors"},"icon":{"method":"#getIcon","multiple":"false","type":"sap.ui.core.Icon","description":"Expand / collapse icon","helpDescription":"Expand / collapse icon","Deprecated":false,"Experimental":false,"fullName":"sap.me.CalendarLegend#icon"}},"events":{},"filetype":"class"},"sap.me.OverlapCalendar":{"description":"A calendar that allows to display events in a grid and show the overlapped events","helpDescription":"<strong style=\"color: red;\">Experimental! </strong>","Deprecated":false,"Experimental":true,"extend":"sap.ui.core.Control","properties":{"startDate":{"method":"#getStartDate","group":"Data","type":"string","defaultValue":"null","description":"The first date to display for the calendar","helpDescription":"The first date to display for the calendar","Deprecated":false,"Experimental":false,"fullName":"sap.me.OverlapCalendar#startDate"},"weeksPerRow":{"method":"#getWeeksPerRow","group":"Appearance","type":"int","defaultValue":"2","description":"Number of weeks","helpDescription":"Number of weeks","Deprecated":false,"Experimental":false,"fullName":"sap.me.OverlapCalendar#weeksPerRow"},"firstDayOffset":{"method":"#getFirstDayOffset","group":"Appearance","type":"int","defaultValue":"0","description":"Indicate how to offset the first day in regards to a Sunday (by default)","helpDescription":"Indicate how to offset the first day in regards to a Sunday (by default)","Deprecated":false,"Experimental":false,"fullName":"sap.me.OverlapCalendar#firstDayOffset"},"showOverlapIndicator":{"method":"#getShowOverlapIndicator","group":"Appearance","type":"boolean","defaultValue":"false","description":"Do we want to display the overlap indicator","helpDescription":"Do we want to display the overlap indicator","Deprecated":false,"Experimental":false,"fullName":"sap.me.OverlapCalendar#showOverlapIndicator"},"visible":{"method":"#getVisible","group":"Appearance","type":"boolean","defaultValue":"true","description":"Indicates if we should render this component","helpDescription":"Indicates if we should render this component","Deprecated":false,"Experimental":false,"fullName":"sap.me.OverlapCalendar#visible"},"swipeToNavigate":{"method":"#getSwipeToNavigate","group":"Behavior","type":"boolean","defaultValue":"true","description":"Use swipe gesture to navigate","helpDescription":"Use swipe gesture to navigate","Deprecated":false,"Experimental":false,"fullName":"sap.me.OverlapCalendar#swipeToNavigate"},"width":{"method":"#getWidth","group":"Dimension","type":"sap.ui.core.CSSSize","defaultValue":"100%","description":"The width of the calendar","helpDescription":"The width of the calendar","Deprecated":false,"Experimental":false,"fullName":"sap.me.OverlapCalendar#width"}},"associations":{},"aggregations":{"calendarEvents":{"method":"#getCalendarEvents","multiple":"true","type":"sap.me.OverlapCalendarEvent","description":"The list of events to display in the calendar grid","helpDescription":"The list of events to display in the calendar grid","Deprecated":false,"Experimental":false,"fullName":"sap.me.OverlapCalendar#calendarEvents"},"calendar":{"method":"#getCalendar","multiple":"false","type":"sap.me.Calendar","description":"Calendar instance","helpDescription":"Calendar instance","Deprecated":false,"Experimental":false,"fullName":"sap.me.OverlapCalendar#calendar"},"typeLabels":{"method":"#getTypeLabels","multiple":"true","type":"sap.m.Label","description":"Hidden aggregation of the label for event type","helpDescription":"Hidden aggregation of the label for event type","Deprecated":false,"Experimental":false,"fullName":"sap.me.OverlapCalendar#typeLabels"},"nameLabels":{"method":"#getNameLabels","multiple":"true","type":"sap.m.Label","description":"Hidden aggregation for the name label","helpDescription":"Hidden aggregation for the name label","Deprecated":false,"Experimental":false,"fullName":"sap.me.OverlapCalendar#nameLabels"}},"events":{"changeDate":{"method":"sap.me.OverlapCalendar#event:endOfData","type":"fnListenerFunction or [fnListenerFunction, oListenerObject] or [oData, fnListenerFunction, oListenerObject]","description":"Indicates that we have reach the last week with data","helpDescription":"Indicates that we have reach the last week with data","Deprecated":false,"Experimental":false,"fullName":"sap.me.OverlapCalendar#endOfData"},"endOfData":{"method":"sap.me.OverlapCalendar#event:endOfData","type":"fnListenerFunction or [fnListenerFunction, oListenerObject] or [oData, fnListenerFunction, oListenerObject]","description":"Indicates that we have reach the last week with data","helpDescription":"Indicates that we have reach the last week with data","Deprecated":false,"Experimental":false,"fullName":"sap.me.OverlapCalendar#endOfData"}},"filetype":"class"},"sap.me.OverlapCalendarEvent":{"description":"Represent the data of an event for the overlap calendar","helpDescription":"<strong style=\"color: red;\">Experimental! </strong>","Deprecated":false,"Experimental":true,"extend":"sap.ui.core.Element","properties":{"startDay":{"method":"#getStartDay","group":"Data","type":"string","defaultValue":"null","description":"The first day of the event","helpDescription":"The first day of the event","Deprecated":false,"Experimental":false,"fullName":"sap.me.OverlapCalendarEvent#startDay"},"endDay":{"method":"#getEndDay","group":"Data","type":"string","defaultValue":"null","description":"Last day of the event","helpDescription":"Last day of the event","Deprecated":false,"Experimental":false,"fullName":"sap.me.OverlapCalendarEvent#endDay"},"relevant":{"method":"#getRelevant","group":"Misc","type":"boolean","defaultValue":"null","description":"Indicates if this elements is relevant to be consider in the overlap","helpDescription":"Indicates if this elements is relevant to be consider in the overlap","Deprecated":false,"Experimental":false,"fullName":"sap.me.OverlapCalendarEvent#relevant"},"type":{"method":"#getType","group":"Data","type":"string","defaultValue":"null","description":"Type of the event. Display in the second label (no overlap)","helpDescription":"Type of the event. Display in the second label (no overlap)","Deprecated":false,"Experimental":false,"fullName":"sap.me.OverlapCalendarEvent#type"},"typeName":{"method":"#getTypeName","group":"Appearance","type":"string","defaultValue":"null","description":"The CSS class to use","helpDescription":"The CSS class to use","Deprecated":false,"Experimental":false,"fullName":"sap.me.OverlapCalendarEvent#typeName"},"halfDay":{"method":"#getHalfDay","group":"Data","type":"boolean","defaultValue":"false","description":"Is this half a day","helpDescription":"Is this half a day","Deprecated":false,"Experimental":false,"fullName":"sap.me.OverlapCalendarEvent#halfDay"},"row":{"method":"#getRow","group":"Data","type":"int","defaultValue":"-1","description":"Id of the row on which to place this event","helpDescription":"Id of the row on which to place this event","Deprecated":false,"Experimental":false,"fullName":"sap.me.OverlapCalendarEvent#row"},"name":{"method":"#getName","group":"Misc","type":"string","defaultValue":"null","description":"Name of the row","helpDescription":"Name of the row","Deprecated":false,"Experimental":false,"fullName":"sap.me.OverlapCalendarEvent#name"}},"associations":{},"aggregations":{},"events":{},"filetype":"class"},"sap.me.ProgressIndicator":{"description":"Shows the progress of a process in a graphical way. The indicator can be displayed with or without numerical values.\nThe filling can be displayed in color only, or additionally with the percentage rate. The indicator status can be interactive.","helpDescription":"<strong style=\"color: red;\">Deprecated! </strong>Since 1.14 This control is replaced by sap.m.ProgressIndicator<br>Shows the progress of a process in a graphical way. The indicator can be displayed with or without numerical values.\nThe filling can be displayed in color only, or additionally with the percentage rate. The indicator status can be interactive.","Deprecated":true,"Experimental":false,"extend":"sap.ui.core.Control","properties":{"visible":{"method":"#getVisible","group":"Behavior","type":"boolean","defaultValue":"true","description":"Invisible controls are not rendered","helpDescription":"Invisible controls are not rendered","Deprecated":false,"Experimental":false,"fullName":"sap.me.ProgressIndicator#visible"},"enabled":{"method":"#getEnabled","group":"Behavior","type":"boolean","defaultValue":"true","description":"Switches enabled state of the control. Disabled fields have different colors, and cannot be focused.","helpDescription":"Switches enabled state of the control. Disabled fields have different colors, and cannot be focused.","Deprecated":false,"Experimental":false,"fullName":"sap.me.ProgressIndicator#enabled"},"barColor":{"method":"#getBarColor","group":"Appearance","type":"sap.ui.core.BarColor","defaultValue":"NEUTRAL","description":"The color of the bar. Enumeration sap.ui.core.BarColor provides CRITICAL (yellow), NEGATIVE (red), POSITIVE (green), NEUTRAL (blue) (default value).","helpDescription":"The color of the bar. Enumeration sap.ui.core.BarColor provides CRITICAL (yellow), NEGATIVE (red), POSITIVE (green), NEUTRAL (blue) (default value).","Deprecated":false,"Experimental":false,"fullName":"sap.me.ProgressIndicator#barColor"},"displayValue":{"method":"#getDisplayValue","group":"Appearance","type":"string","defaultValue":"0%","description":"The text value to be displayed in the bar.","helpDescription":"The text value to be displayed in the bar.","Deprecated":false,"Experimental":false,"fullName":"sap.me.ProgressIndicator#displayValue"},"percentValue":{"method":"#getPercentValue","group":"Data","type":"int","defaultValue":"0","description":"The numerical value for the displayed length of the progress bar.","helpDescription":"The numerical value for the displayed length of the progress bar.","Deprecated":false,"Experimental":false,"fullName":"sap.me.ProgressIndicator#percentValue"},"showValue":{"method":"#getShowValue","group":"Appearance","type":"boolean","defaultValue":"true","description":"Specifies whether the current value shall be rendered inside the bar.","helpDescription":"Specifies whether the current value shall be rendered inside the bar.","Deprecated":false,"Experimental":false,"fullName":"sap.me.ProgressIndicator#showValue"},"width":{"method":"#getWidth","group":"Dimension","type":"sap.ui.core.CSSSize","defaultValue":"100%","description":"The width of the control.","helpDescription":"The width of the control.","Deprecated":false,"Experimental":false,"fullName":"sap.me.ProgressIndicator#width"}},"associations":{},"aggregations":{},"events":{},"filetype":"class"},"sap.me.TabContainer":{"description":"The TabContainer allow to stack 1 to 4 contents in a\nview with corresponding icons","helpDescription":"<strong style=\"color: red;\">Deprecated! </strong>Since 1.15.0 The functionality of this control is merged with the sap.m.IconTabBar.\nPlease use the sap.m.IconTabBar instead!\nThis control will not be supported anymore.<br>The TabContainer allow to stack 1 to 4 contents in a\nview with corresponding icons","Deprecated":true,"Experimental":false,"extend":"sap.ui.core.Control","properties":{"selectedTab":{"method":"#getSelectedTab","group":"Data","type":"int","defaultValue":"null","description":"Return the index of the selected tab","helpDescription":"Return the index of the selected tab","Deprecated":false,"Experimental":false,"fullName":"sap.me.TabContainer#selectedTab"},"badgeInfo":{"method":"#getBadgeInfo","group":"Data","type":"int","defaultValue":"null","description":"The number to display in the badge for the info tab","helpDescription":"The number to display in the badge for the info tab","Deprecated":false,"Experimental":false,"fullName":"sap.me.TabContainer#badgeInfo"},"badgeNotes":{"method":"#getBadgeNotes","group":"Data","type":"int","defaultValue":"null","description":"The number to display in the badge for the notes tab","helpDescription":"The number to display in the badge for the notes tab","Deprecated":false,"Experimental":false,"fullName":"sap.me.TabContainer#badgeNotes"},"badgeAttachments":{"method":"#getBadgeAttachments","group":"Data","type":"int","defaultValue":"null","description":"The number to display in the badge for the attachments tab","helpDescription":"The number to display in the badge for the attachments tab","Deprecated":false,"Experimental":false,"fullName":"sap.me.TabContainer#badgeAttachments"},"badgePeople":{"method":"#getBadgePeople","group":"Data","type":"int","defaultValue":"null","description":"The number to display in the badge for the people tab","helpDescription":"The number to display in the badge for the people tab","Deprecated":false,"Experimental":false,"fullName":"sap.me.TabContainer#badgePeople"},"expandable":{"method":"#getExpandable","group":"Misc","type":"boolean","defaultValue":"true","description":"Indicates if the tab can be collapsed and expanded","helpDescription":"Indicates if the tab can be collapsed and expanded","Deprecated":false,"Experimental":false,"fullName":"sap.me.TabContainer#expandable"},"expanded":{"method":"#getExpanded","group":"Misc","type":"boolean","defaultValue":"true","description":"Indicates if the actual tab is expanded or not","helpDescription":"Indicates if the actual tab is expanded or not","Deprecated":false,"Experimental":false,"fullName":"sap.me.TabContainer#expanded"},"visible":{"method":"#getVisible","group":"Misc","type":"boolean","defaultValue":"true","description":"setter for visible property","helpDescription":"setter for visible property","Deprecated":false,"Experimental":false,"fullName":"sap.me.TabContainer#visible"}},"associations":{},"aggregations":{"tabs":{"method":"#getTabs","multiple":"true","type":"sap.ui.core.Icon","description":"The tab icons in order","helpDescription":"The tab icons in order","Deprecated":false,"Experimental":false,"fullName":"sap.me.TabContainer#tabs"},"contentInfo":{"method":"#getContentInfo","multiple":"false","type":"sap.ui.core.Control","description":"The info tab","helpDescription":"The info tab","Deprecated":false,"Experimental":false,"fullName":"sap.me.TabContainer#contentInfo"},"contentAttachments":{"method":"#getContentAttachments","multiple":"false","type":"sap.ui.core.Control","description":"The attachments tab","helpDescription":"The attachments tab","Deprecated":false,"Experimental":false,"fullName":"sap.me.TabContainer#contentAttachments"},"contentNotes":{"method":"#getContentNotes","multiple":"false","type":"sap.ui.core.Control","description":"The notes tab","helpDescription":"The notes tab","Deprecated":false,"Experimental":false,"fullName":"sap.me.TabContainer#contentNotes"},"contentPeople":{"method":"#getContentPeople","multiple":"false","type":"sap.ui.core.Control","description":"The people tab","helpDescription":"The people tab","Deprecated":false,"Experimental":false,"fullName":"sap.me.TabContainer#contentPeople"},"badges":{"method":"#getBadges","multiple":"true","type":"sap.ui.core.Control","Deprecated":false,"Experimental":false,"fullName":"sap.me.TabContainer#badges"}},"events":{"collapse":{"method":"sap.me.TabContainer#event:select","type":"fnListenerFunction or [fnListenerFunction, oListenerObject] or [oData, fnListenerFunction, oListenerObject]","description":"Indicates that the selected tab has changed","helpDescription":"Indicates that the selected tab has changed","Deprecated":false,"Experimental":false,"fullName":"sap.me.TabContainer#select"},"expand":{"method":"sap.me.TabContainer#event:select","type":"fnListenerFunction or [fnListenerFunction, oListenerObject] or [oData, fnListenerFunction, oListenerObject]","description":"Indicates that the selected tab has changed","helpDescription":"Indicates that the selected tab has changed","Deprecated":false,"Experimental":false,"fullName":"sap.me.TabContainer#select"},"select":{"method":"sap.me.TabContainer#event:select","type":"fnListenerFunction or [fnListenerFunction, oListenerObject] or [oData, fnListenerFunction, oListenerObject]","description":"Indicates that the selected tab has changed","helpDescription":"Indicates that the selected tab has changed","Deprecated":false,"Experimental":false,"fullName":"sap.me.TabContainer#select"}},"filetype":"class"},"sap.me":{"name":"sap.me","types":["sap.me.CalendarDesign","sap.me.CalendarEventType","sap.me.CalendarSelectionMode"],"controls":["sap.me.Calendar","sap.me.CalendarLegend","sap.me.OverlapCalendar","sap.me.ProgressIndicator","sap.me.TabContainer"],"elements":["sap.me.OverlapCalendarEvent"],"version":"1.29.1","filetype":"library"},"sap":{"name":"sap","types":["sap.me"],"version":"1.29.1","filetype":"library"}},"enums":{"sap.me.CalendarDesign":{"Action":{"description":"Colors match calendar design for Action","helpDescription":"Colors match calendar design for Action","Deprecated":false,"Experimental":false,"value":"Action"},"Approval":{"description":"Colors match calendar design for Approval","helpDescription":"Colors match calendar design for Approval","Deprecated":false,"Experimental":false,"value":"Approval"}},"sap.me.CalendarEventType":{"Type00":{"description":"Type 00 (non-working day (e.g. weekend))","helpDescription":"Type 00 (non-working day (e.g. weekend))","Deprecated":false,"Experimental":false,"value":"Type00"},"Type01":{"description":"Type 01 (nonattendance / submitted day)","helpDescription":"Type 01 (nonattendance / submitted day)","Deprecated":false,"Experimental":false,"value":"Type01"},"Type04":{"description":"Type 04 (open request / manager action needed)","helpDescription":"Type 04 (open request / manager action needed)","Deprecated":false,"Experimental":false,"value":"Type04"},"Type06":{"description":"Type 06 (public holiday)","helpDescription":"Type 06 (public holiday)","Deprecated":false,"Experimental":false,"value":"Type06"},"Type07":{"description":"Type 07 (deletion requested / your action needed)","helpDescription":"Type 07 (deletion requested / your action needed)","Deprecated":false,"Experimental":false,"value":"Type07"},"Type10":{"description":"Type 10 (workday)","helpDescription":"Type 10 (workday)","Deprecated":false,"Experimental":false,"value":"Type10"}},"sap.me.CalendarSelectionMode":{"MULTIPLE":{"description":"Can select multiple dates and ranges","helpDescription":"Can select multiple dates and ranges","Deprecated":false,"Experimental":false,"value":"MULTIPLE"},"RANGE":{"description":"Can select a range of dates","helpDescription":"Can select a range of dates","Deprecated":false,"Experimental":false,"value":"RANGE"},"SINGLE":{"description":"Can only select one date","helpDescription":"Can only select one date","Deprecated":false,"Experimental":false,"value":"SINGLE"}}}}