{ 
	"metadatas": {
		"sap.ushell": {
			"name": "sap.ushell",
			"dependencies": [
				"sap.ui.core",
				"sap.ui.layout",
				"sap.m"
			],
			"types": [
				"sap.ushell.ui.tile.State",
				"sap.ushell.ui.tile.StateArrow"
			],
			"interfaces": [],
			"controls": [
				"sap.ushell.components.factsheet.controls.PictureTile",
				"sap.ushell.components.factsheet.controls.PictureViewer",
				"sap.ushell.components.factsheet.controls.PictureViewerItem",
				"sap.ushell.ui.footerbar.AboutButton",
				"sap.ushell.ui.footerbar.AddBookmarkButton",
				"sap.ushell.ui.footerbar.ContactSupportButton",
				"sap.ushell.ui.footerbar.EndUserFeedback",
				"sap.ushell.ui.footerbar.HideGroupsButton",
				"sap.ushell.ui.footerbar.JamDiscussButton",
				"sap.ushell.ui.footerbar.JamShareButton",
				"sap.ushell.ui.footerbar.LogoutButton",
				"sap.ushell.ui.footerbar.SettingsButton",
				"sap.ushell.ui.footerbar.UserPreferencesButton",
				"sap.ushell.ui.launchpad.DashboardGroupsContainer",
				"sap.ushell.ui.launchpad.EmbeddedSupportErrorMessage",
				"sap.ushell.ui.launchpad.GroupHeaderActions",
				"sap.ushell.ui.launchpad.GroupListItem",
				"sap.ushell.ui.launchpad.HeaderTile",
				"sap.ushell.ui.launchpad.LoadingDialog",
				"sap.ushell.ui.launchpad.Panel",
				"sap.ushell.ui.launchpad.PlusTile",
				"sap.ushell.ui.launchpad.SearchResultAppItem",
				"sap.ushell.ui.launchpad.SearchResultApps",
				"sap.ushell.ui.launchpad.SearchSuggestionList",
				"sap.ushell.ui.launchpad.SearchSuggestionListItem",
				"sap.ushell.ui.launchpad.Tile",
				"sap.ushell.ui.launchpad.TileContainer",
				"sap.ushell.ui.launchpad.TileState",
				"sap.ushell.ui.shell.ActionButton",
				"sap.ushell.ui.tile.DynamicTile",
				"sap.ushell.ui.tile.ImageTile",
				"sap.ushell.ui.tile.StaticTile",
				"sap.ushell.ui.tile.TileBase"
			],
			"elements": [],
			"version": "1.28.5-SNAPSHOT",
			"filetype": "library"
		},
		"sap.ushell.components.factsheet.controls.PictureTile": {
			"description": "Tile control embedding an image and allowing custom sizing",
			"extend": "sap.m.CustomTile",
			"name": "sap.ushell.components.factsheet.controls.PictureTile",
			"properties": {
				"height": {
					"description": "height (in pixels) of the picture viewer control.\n\nDefault value is <code>32px</code>",
					"type": "sap.ui.core.CSSSize",
					"group": "Dimension",
					"defaultValue": "32px",
					"method": "#getHeight",
					"fullName": "sap.ushell.components.factsheet.controls.PictureTile#height"
				},
				"width": {
					"type": "sap.ui.core.CSSSize",
					"group": "Dimension",
					"defaultValue": "32px",
					"method": "#getWidth",
					"description": "width (in pixels) of the picture viewer control.\n\nDefault value is <code>32px</code>",
					"fullName": "sap.ushell.components.factsheet.controls.PictureTile#width"
				}
			},
			"associations": {
				"tileContent": {
					"type": "sap.ushell.components.factsheet.controls.PictureViewerItem",
					"multiple": false,
					"method": "#getTileContent",
					"description": "Reference to one PictureViewerItem coming from the PictureViewer.",
					"fullName": "sap.ushell.components.factsheet.controls.PictureTile#tileContent"
				}
			},
			"events": {
				"pictureDelete": {
					"method": "#event:pictureDelete",
					"description": "Fired when the user deletes a picture",
					"fullName": "sap.ushell.components.factsheet.controls.PictureTile#pictureDelete"
				}
			},
			"filetype": "class"
		},
		"sap.ushell.components.factsheet.controls.PictureViewer": {
			"description": "Picture viewer control relying on the TileContainer control",
			"extend": "sap.m.TileContainer",
			"name": "sap.ushell.components.factsheet.controls.PictureViewer",
			"properties": {
				"tileScaling": {
					"type": "float",
					"group": "Misc",
					"defaultValue": 0.95,
					"method": "#getTileScaling",
					"description": "Percentage of the space occupied by the image in the picture viewer control. Please note that if the factor is too close to 1, the navigation arrows usually displayed in desktop mode will not be available\n\nDefault value is <code>0.95</code>",
					"fullName": "sap.ushell.components.factsheet.controls.PictureViewer#tileScaling"
				},
				"removable": {
					"type": "boolean",
					"group": "Misc",
					"defaultValue": false,
					"method": "#getRemovable",
					"description": "Defines whether or not you can remove a picture\n\nDefault value is <code>false</code>",
					"fullName": "sap.ushell.components.factsheet.controls.PictureViewer#removable"
				}
			},
			"aggregations": {
				"items": {
					"type": "sap.ushell.components.factsheet.controls.PictureViewerItem",
					"multiple": true,
					"singularName": "item",
					"method": "#getItems",
					"description": "Aggregation of PictureViewerItem that contains either a picture URI or the actual Image control.\n\n<strong>Note</strong>: this is the default aggregation for components/factsheet/controls/PictureViewer.",
					"fullName": "sap.ushell.components.factsheet.controls.PictureViewer#items"
				}
			},
			"events": {
				"pictureDeleted": {
					"method": "#event:pictureDeleted",
					"description": "Thrown when user delete an image",
					"fullName": "sap.ushell.components.factsheet.controls.PictureViewer#pictureDeleted"
				}
			},
			"filetype": "class"
		},
		"sap.ushell.components.factsheet.controls.PictureViewerItem": {
			"description": "Picture viewer control relying on the TileContainer control",
			"extend": "sap.ui.core.Control",
			"name": "sap.ushell.components.factsheet.controls.PictureViewerItem",
			"properties": {
				"src": {
					"type": "string",
					"group": "Misc",
					"defaultValue": null,
					"method": "#getSrc",
					"description": "Image source url.\n\nDefault value is empty/<code>undefined</code>",
					"fullName": "sap.ushell.components.factsheet.controls.PictureViewerItem#src"
				}
			},
			"aggregations": {
				"image": {
					"type": "sap.m.Image",
					"multiple": false,
					"method": "#getImage",
					"description": "Pass in an existing Image control to be used inside the PictureViewer",
					"fullName": "sap.ushell.components.factsheet.controls.PictureViewerItem#image"
				}
			},
			"filetype": "class"
		},
		"sap.ushell.ui.footerbar.AboutButton": {
			"description": "Add your documentation for the newui/footerbar/AboutButton",
			"extend": "sap.m.Button",
			"name": "sap.ushell.ui.footerbar.AboutButton",
			"filetype": "class"
		},
		"sap.ushell.ui.footerbar.AddBookmarkButton": {
			"description": "Add your documentation for the newui/footerbar/AddBookmarkButton",
			"extend": "sap.m.Button",
			"name": "sap.ushell.ui.footerbar.AddBookmarkButton",
			"properties": {
				"beforePressHandler": {
					"type": "any",
					"group": "Misc",
					"defaultValue": null,
					"method": "#getBeforePressHandler",
					"description": "\nDefault value is empty/<code>undefined</code>",
					"fullName": "sap.ushell.ui.footerbar.AddBookmarkButton#beforePressHandler"
				},
				"afterPressHandler": {
					"type": "any",
					"group": "Misc",
					"defaultValue": null,
					"method": "#getAfterPressHandler",
					"description": "\nDefault value is empty/<code>undefined</code>",
					"fullName": "sap.ushell.ui.footerbar.AddBookmarkButton#afterPressHandler"
				},
				"appData": {
					"type": "object",
					"group": "Misc",
					"defaultValue": null,
					"method": "#getAppData",
					"description": "\nDefault value is empty/<code>undefined</code>",
					"fullName": "sap.ushell.ui.footerbar.AddBookmarkButton#appData"
				}
			},
			"filetype": "class"
		},
		"sap.ushell.ui.footerbar.ContactSupportButton": {
			"description": "Add your documentation for the newui/footerbar/CreateTicketButton",
			"extend": "sap.m.Button",
			"name": "sap.ushell.ui.footerbar.ContactSupportButton",
			"filetype": "class"
		},
		"sap.ushell.ui.footerbar.EndUserFeedback": {
			"description": "Add your documentation for the newui/footerbar/EndUserFeedback",
			"extend": "sap.m.Button",
			"name": "sap.ushell.ui.footerbar.EndUserFeedback",
			"properties": {
				"showAnonymous": {
					"type": "boolean",
					"group": "Misc",
					"defaultValue": true,
					"method": "#getShowAnonymous",
					"description": "\nDefault value is <code>true</code>",
					"fullName": "sap.ushell.ui.footerbar.EndUserFeedback#showAnonymous"
				},
				"showLegalAgreement": {
					"type": "boolean",
					"group": "Misc",
					"defaultValue": true,
					"method": "#getShowLegalAgreement",
					"description": "\nDefault value is <code>true</code>",
					"fullName": "sap.ushell.ui.footerbar.EndUserFeedback#showLegalAgreement"
				},
				"showCustomUIContent": {
					"type": "boolean",
					"group": "Misc",
					"defaultValue": true,
					"method": "#getShowCustomUIContent",
					"description": "\nDefault value is <code>true</code>",
					"fullName": "sap.ushell.ui.footerbar.EndUserFeedback#showCustomUIContent"
				},
				"feedbackDialogTitle": {
					"type": "string",
					"group": "Misc",
					"defaultValue": null,
					"method": "#getFeedbackDialogTitle",
					"description": "\nDefault value is empty/<code>undefined</code>",
					"fullName": "sap.ushell.ui.footerbar.EndUserFeedback#feedbackDialogTitle"
				},
				"textAreaPlaceholder": {
					"type": "string",
					"group": "Misc",
					"defaultValue": null,
					"method": "#getTextAreaPlaceholder",
					"description": "\nDefault value is empty/<code>undefined</code>",
					"fullName": "sap.ushell.ui.footerbar.EndUserFeedback#textAreaPlaceholder"
				}
			},
			"aggregations": {
				"customUIContent": {
					"type": "sap.ui.core.Control",
					"multiple": true,
					"singularName": "customUIContent",
					"method": "#getCustomUIContent",
					"description": "Getter for aggregation <code>customUIContent</code>.<br/>",
					"fullName": "sap.ushell.ui.footerbar.EndUserFeedback#customUIContent"
				}
			},
			"filetype": "class"
		},
		"sap.ushell.ui.footerbar.HideGroupsButton": {
			"description": "A button to hide groups from the dashboard, for the UShell footerbar.",
			"extend": "sap.m.Button",
			"name": "sap.ushell.ui.footerbar.HideGroupsButton",
			"filetype": "class"
		},
		"sap.ushell.ui.footerbar.JamDiscussButton": {
			"description": "Add your documentation for the newui/footerbar/JamDiscussButton",
			"extend": "sap.m.Button",
			"name": "sap.ushell.ui.footerbar.JamDiscussButton",
			"properties": {
				"beforePressHandler": {
					"type": "any",
					"group": "Misc",
					"defaultValue": null,
					"method": "#getBeforePressHandler",
					"description": "\nDefault value is empty/<code>undefined</code>",
					"fullName": "sap.ushell.ui.footerbar.JamDiscussButton#beforePressHandler"
				},
				"afterPressHandler": {
					"type": "any",
					"group": "Misc",
					"defaultValue": null,
					"method": "#getAfterPressHandler",
					"description": "\nDefault value is empty/<code>undefined</code>",
					"fullName": "sap.ushell.ui.footerbar.JamDiscussButton#afterPressHandler"
				},
				"jamData": {
					"type": "object",
					"group": "Misc",
					"defaultValue": null,
					"method": "#getJamData",
					"description": "\nDefault value is empty/<code>undefined</code>",
					"fullName": "sap.ushell.ui.footerbar.JamDiscussButton#jamData"
				}
			},
			"filetype": "class"
		},
		"sap.ushell.ui.footerbar.JamShareButton": {
			"description": "Add your documentation for the newui/footerbar/JamShareButton",
			"extend": "sap.m.Button",
			"name": "sap.ushell.ui.footerbar.JamShareButton",
			"properties": {
				"beforePressHandler": {
					"type": "any",
					"group": "Misc",
					"defaultValue": null,
					"method": "#getBeforePressHandler",
					"description": "\nDefault value is empty/<code>undefined</code>",
					"fullName": "sap.ushell.ui.footerbar.JamShareButton#beforePressHandler"
				},
				"afterPressHandler": {
					"type": "any",
					"group": "Misc",
					"defaultValue": null,
					"method": "#getAfterPressHandler",
					"description": "\nDefault value is empty/<code>undefined</code>",
					"fullName": "sap.ushell.ui.footerbar.JamShareButton#afterPressHandler"
				},
				"jamData": {
					"type": "object",
					"group": "Misc",
					"defaultValue": null,
					"method": "#getJamData",
					"description": "\nDefault value is empty/<code>undefined</code>",
					"fullName": "sap.ushell.ui.footerbar.JamShareButton#jamData"
				}
			},
			"filetype": "class"
		},
		"sap.ushell.ui.footerbar.LogoutButton": {
			"description": "A logout button for the UShell footerbar.",
			"extend": "sap.m.Button",
			"name": "sap.ushell.ui.footerbar.LogoutButton",
			"filetype": "class"
		},
		"sap.ushell.ui.footerbar.SettingsButton": {
			"description": "Add your documentation for the newui/footerbar/SettingsButton",
			"extend": "sap.m.Button",
			"name": "sap.ushell.ui.footerbar.SettingsButton",
			"filetype": "class"
		},
		"sap.ushell.ui.footerbar.UserPreferencesButton": {
			"description": "Add your documentation for the newui/footerbar/UserPreferencesButton",
			"extend": "sap.m.Button",
			"name": "sap.ushell.ui.footerbar.UserPreferencesButton",
			"filetype": "class"
		},
		"sap.ushell.ui.launchpad.DashboardGroupsContainer": {
			"description": "Add your documentation for the newui/launchpad/DashboardGroupsContainer",
			"extend": "sap.ui.core.Control",
			"name": "sap.ushell.ui.launchpad.DashboardGroupsContainer",
			"properties": {
				"accessibilityLabel": {
					"type": "string",
					"group": "",
					"defaultValue": null,
					"method": "#getAccessibilityLabel",
					"description": "An value for an optional accessibility label\n\nDefault value is empty/<code>undefined</code>",
					"fullName": "sap.ushell.ui.launchpad.DashboardGroupsContainer#accessibilityLabel"
				}
			},
			"aggregations": {
				"groups": {
					"type": "sap.ui.core.Control",
					"multiple": true,
					"singularName": "group",
					"method": "#getGroups",
					"description": "Getter for aggregation <code>groups</code>.<br/>",
					"fullName": "sap.ushell.ui.launchpad.DashboardGroupsContainer#groups"
				}
			},
			"events": {
				"afterRendering": {
					"method": "#event:afterRendering",
					"fullName": "sap.ushell.ui.launchpad.DashboardGroupsContainer#afterRendering"
				}
			},
			"filetype": "class"
		},
		"sap.ushell.ui.launchpad.EmbeddedSupportErrorMessage": {
			"description": "Add your documentation for the newui/launchpad/EmbeddedSupportErrorMessage",
			"extend": "sap.m.Dialog",
			"name": "sap.ushell.ui.launchpad.EmbeddedSupportErrorMessage",
			"events": {
				"afterClose": {
					"method": "#event:afterClose",
					"fullName": "sap.ushell.ui.launchpad.EmbeddedSupportErrorMessage#afterClose"
				}
			},
			"filetype": "class"
		},
		"sap.ushell.ui.launchpad.GroupHeaderActions": {
			"description": "Add your documentation for the newui/launchpad/GroupHeaderActions",
			"extend": "sap.ui.core.Control",
			"name": "sap.ushell.ui.launchpad.GroupHeaderActions",
			"properties": {
				"isOverflow": {
					"type": "boolean",
					"group": "Misc",
					"defaultValue": false,
					"method": "#getIsOverflow",
					"description": "\nDefault value is <code>false</code>",
					"fullName": "sap.ushell.ui.launchpad.GroupHeaderActions#isOverflow"
				},
				"tileActionModeActive": {
					"type": "boolean",
					"group": "Misc",
					"defaultValue": false,
					"method": "#getTileActionModeActive",
					"description": "\nDefault value is <code>false</code>",
					"fullName": "sap.ushell.ui.launchpad.GroupHeaderActions#tileActionModeActive"
				}
			},
			"aggregations": {
				"content": {
					"type": "sap.ui.core.Control",
					"multiple": true,
					"singularName": "content",
					"method": "#getContent",
					"description": "Getter for aggregation <code>content</code>.<br/>",
					"fullName": "sap.ushell.ui.launchpad.GroupHeaderActions#content"
				},
				"overflowCtrl": {
					"type": "sap.ui.core.Control",
					"multiple": true,
					"singularName": "overflowCtrl",
					"method": "#getOverflowCtrl",
					"description": "Getter for aggregation <code>overflowCtrl</code>.<br/>",
					"fullName": "sap.ushell.ui.launchpad.GroupHeaderActions#overflowCtrl"
				}
			},
			"events": {
				"afterRendering": {
					"method": "#event:afterRendering",
					"fullName": "sap.ushell.ui.launchpad.GroupHeaderActions#afterRendering"
				}
			},
			"filetype": "class"
		},
		"sap.ushell.ui.launchpad.GroupListItem": {
			"description": "Add your documentation for the newui/launchpad/GroupListItem",
			"extend": "sap.m.ListItemBase",
			"name": "sap.ushell.ui.launchpad.GroupListItem",
			"properties": {
				"title": {
					"type": "string",
					"group": "Misc",
					"defaultValue": null,
					"method": "#getTitle",
					"description": "\nDefault value is empty/<code>undefined</code>",
					"fullName": "sap.ushell.ui.launchpad.GroupListItem#title"
				},
				"defaultGroup": {
					"type": "boolean",
					"group": "Misc",
					"defaultValue": false,
					"method": "#getDefaultGroup",
					"description": "\nDefault value is <code>false</code>",
					"fullName": "sap.ushell.ui.launchpad.GroupListItem#defaultGroup"
				},
				"show": {
					"type": "boolean",
					"group": "Misc",
					"defaultValue": true,
					"method": "#getShow",
					"description": "\nDefault value is <code>true</code>",
					"fullName": "sap.ushell.ui.launchpad.GroupListItem#show"
				},
				"groupId": {
					"type": "string",
					"group": "Misc",
					"defaultValue": null,
					"method": "#getGroupId",
					"description": "\nDefault value is empty/<code>undefined</code>",
					"fullName": "sap.ushell.ui.launchpad.GroupListItem#groupId"
				},
				"index": {
					"type": "int",
					"group": "Misc",
					"defaultValue": null,
					"method": "#getIndex",
					"description": "\nDefault value is empty/<code>undefined</code>",
					"fullName": "sap.ushell.ui.launchpad.GroupListItem#index"
				},
				"numberOfTiles": {
					"type": "int",
					"group": "Misc",
					"defaultValue": 0,
					"method": "#getNumberOfTiles",
					"description": "\nDefault value is <code>0</code>",
					"fullName": "sap.ushell.ui.launchpad.GroupListItem#numberOfTiles"
				},
				"isGroupVisible": {
					"type": "boolean",
					"group": "Misc",
					"defaultValue": true,
					"method": "#getIsGroupVisible",
					"description": "\nDefault value is <code>true</code>",
					"fullName": "sap.ushell.ui.launchpad.GroupListItem#isGroupVisible"
				}
			},
			"events": {
				"press": {
					"method": "#event:press",
					"fullName": "sap.ushell.ui.launchpad.GroupListItem#press"
				},
				"afterRendering": {
					"method": "#event:afterRendering",
					"fullName": "sap.ushell.ui.launchpad.GroupListItem#afterRendering"
				}
			},
			"filetype": "class"
		},
		"sap.ushell.ui.launchpad.HeaderTile": {
			"description": "A HeaderTile acts as a separator inside a TileContainer.",
			"extend": "sap.ushell.ui.launchpad.Tile",
			"name": "sap.ushell.ui.launchpad.HeaderTile",
			"properties": {
				"headerLevel": {
					"type": "sap.m.HeaderLevel",
					"group": "Appearance",
					"method": "#getHeaderLevel",
					"description": "\nDefault value is <code>H3</code>",
					"fullName": "sap.ushell.ui.launchpad.HeaderTile#headerLevel"
				},
				"headerText": {
					"type": "string",
					"group": "Appearance",
					"defaultValue": null,
					"method": "#getHeaderText",
					"description": "\nDefault value is empty/<code>undefined</code>",
					"fullName": "sap.ushell.ui.launchpad.HeaderTile#headerText"
				}
			},
			"filetype": "class"
		},
		"sap.ushell.ui.launchpad.LoadingDialog": {
			"description": "Displays a loading dialog with an indicator that an app is loading",
			"extend": "sap.m.BusyDialog",
			"name": "sap.ushell.ui.launchpad.LoadingDialog",
			"properties": {
				"iconUri": {
					"type": "sap.ui.core.URI",
					"group": "Appearance",
					"defaultValue": null,
					"method": "#getIconUri",
					"description": "the sap-icon://-style URI of an icon\n\nDefault value is empty/<code>undefined</code>",
					"fullName": "sap.ushell.ui.launchpad.LoadingDialog#iconUri"
				}
			},
			"filetype": "class"
		},
		"sap.ushell.ui.launchpad.Panel": {
			"description": "The Panel control is a container for controls with header text, header controls, or a header bar.",
			"extend": "sap.m.Panel",
			"name": "sap.ushell.ui.launchpad.Panel",
			"properties": {
				"translucent": {
					"type": "boolean",
					"group": "Misc",
					"defaultValue": false,
					"method": "#getTranslucent",
					"description": "\nDefault value is <code>false</code>",
					"fullName": "sap.ushell.ui.launchpad.Panel#translucent"
				}
			},
			"aggregations": {
				"headerContent": {
					"type": "sap.ui.core.Control",
					"multiple": true,
					"singularName": "headerContent",
					"method": "#getHeaderContent",
					"description": "Getter for aggregation <code>headerContent</code>.<br/>",
					"fullName": "sap.ushell.ui.launchpad.Panel#headerContent"
				},
				"headerBar": {
					"type": "sap.m.Bar",
					"multiple": false,
					"method": "#getHeaderBar",
					"description": "Getter for aggregation <code>headerBar</code>.<br/>",
					"fullName": "sap.ushell.ui.launchpad.Panel#headerBar"
				}
			},
			"filetype": "class"
		},
		"sap.ushell.ui.launchpad.PlusTile": {
			"description": "A specialized tile showing a plus icon.",
			"extend": "sap.ushell.ui.launchpad.Tile",
			"name": "sap.ushell.ui.launchpad.PlusTile",
			"properties": {
				"groupId": {
					"type": "string",
					"group": "Misc",
					"defaultValue": "",
					"method": "#getGroupId",
					"description": "\nDefault value is empty/<code>undefined</code>",
					"fullName": "sap.ushell.ui.launchpad.PlusTile#groupId"
				}
			},
			"events": {
				"press": {
					"method": "#event:press",
					"description": "Fired when user clicks on the tile",
					"fullName": "sap.ushell.ui.launchpad.PlusTile#press"
				}
			},
			"filetype": "class"
		},
		"sap.ushell.ui.launchpad.SearchResultAppItem": {
			"description": "Add your documentation for the newui/launchpad/SearchResultAppItem",
			"extend": "sap.m.Button",
			"name": "sap.ushell.ui.launchpad.SearchResultAppItem",
			"properties": {
				"searchTerm": {
					"type": "string",
					"group": "Appearance",
					"defaultValue": null,
					"method": "#getSearchTerm",
					"description": "the search term used for searching apps. Occurrences of this search term in the app title are highlighted\n\nDefault value is empty/<code>undefined</code>",
					"fullName": "sap.ushell.ui.launchpad.SearchResultAppItem#searchTerm"
				},
				"targetUrl": {
					"type": "sap.ui.core.URI",
					"group": "Behavior",
					"defaultValue": null,
					"method": "#getTargetUrl",
					"description": "The app's target URL for navigating to the app\n\nDefault value is empty/<code>undefined</code>",
					"fullName": "sap.ushell.ui.launchpad.SearchResultAppItem#targetUrl"
				}
			},
			"filetype": "class"
		},
		"sap.ushell.ui.launchpad.SearchResultApps": {
			"description": "A list containing all app search results",
			"extend": "sap.m.Table",
			"name": "sap.ushell.ui.launchpad.SearchResultApps",
			"properties": {
				"showGrowingTrigger": {
					"description": "\nDefault value is <code>true</code>",
					"type": "boolean",
					"group": "Misc",
					"defaultValue": true,
					"method": "#getShowGrowingTrigger",
					"fullName": "sap.ushell.ui.launchpad.SearchResultApps#showGrowingTrigger"
				}
			},
			"aggregations": {
				"results": {
					"type": "sap.ui.core.Control",
					"multiple": true,
					"singularName": "result",
					"method": "#getResults",
					"description": "all found Applications",
					"fullName": "sap.ushell.ui.launchpad.SearchResultApps#results"
				}
			},
			"filetype": "class"
		},
		"sap.ushell.ui.launchpad.SearchSuggestionList": {
			"description": "Add your documentation for the newui/launchpad/SearchSuggestionList",
			"extend": "sap.m.List",
			"name": "sap.ushell.ui.launchpad.SearchSuggestionList",
			"properties": {
				"disableKeyboardNavigation": {
					"description": "\nDefault value is <code>false</code>",
					"type": "boolean",
					"group": "Misc",
					"defaultValue": false,
					"method": "#getDisableKeyboardNavigation",
					"fullName": "sap.ushell.ui.launchpad.SearchSuggestionList#disableKeyboardNavigation"
				}
			},
			"events": {
				"pressEsc": {
					"method": "#event:pressEsc",
					"fullName": "sap.ushell.ui.launchpad.SearchSuggestionList#pressEsc"
				},
				"pressUpFirstItem": {
					"method": "#event:pressUpFirstItem",
					"fullName": "sap.ushell.ui.launchpad.SearchSuggestionList#pressUpFirstItem"
				}
			},
			"filetype": "class"
		},
		"sap.ushell.ui.launchpad.SearchSuggestionListItem": {
			"description": "Add your documentation for the newui/launchpad/SearchSuggestionListItem",
			"extend": "sap.m.ListItemBase",
			"name": "sap.ushell.ui.launchpad.SearchSuggestionListItem",
			"properties": {
				"text": {
					"type": "string",
					"group": "Misc",
					"defaultValue": null,
					"method": "#getText",
					"description": "Suggestion text\n\nDefault value is empty/<code>undefined</code>",
					"fullName": "sap.ushell.ui.launchpad.SearchSuggestionListItem#text"
				},
				"isGroupFooter": {
					"type": "boolean",
					"group": "Misc",
					"defaultValue": false,
					"method": "#getIsGroupFooter",
					"description": "\nDefault value is <code>false</code>",
					"fullName": "sap.ushell.ui.launchpad.SearchSuggestionListItem#isGroupFooter"
				},
				"categorySeperator": {
					"type": "string",
					"group": "Misc",
					"defaultValue": "/",
					"method": "#getCategorySeperator",
					"description": "\nDefault value is <code>/</code>",
					"fullName": "sap.ushell.ui.launchpad.SearchSuggestionListItem#categorySeperator"
				},
				"categoryFirstSeperator": {
					"type": "string",
					"group": "Misc",
					"defaultValue": "",
					"method": "#getCategoryFirstSeperator",
					"description": "\nDefault value is empty/<code>undefined</code>",
					"fullName": "sap.ushell.ui.launchpad.SearchSuggestionListItem#categoryFirstSeperator"
				},
				"icon": {
					"type": "sap.ui.core.URI",
					"group": "Misc",
					"defaultValue": null,
					"method": "#getIcon",
					"description": "\nDefault value is empty/<code>undefined</code>",
					"fullName": "sap.ushell.ui.launchpad.SearchSuggestionListItem#icon"
				},
				"maxCategories": {
					"type": "int",
					"group": "Misc",
					"defaultValue": 2,
					"method": "#getMaxCategories",
					"description": "\nDefault value is <code>2</code>",
					"fullName": "sap.ushell.ui.launchpad.SearchSuggestionListItem#maxCategories"
				},
				"isGroupHeader": {
					"type": "boolean",
					"group": "Misc",
					"defaultValue": null,
					"method": "#getIsGroupHeader",
					"description": "\nDefault value is empty/<code>undefined</code>",
					"fullName": "sap.ushell.ui.launchpad.SearchSuggestionListItem#isGroupHeader"
				}
			},
			"aggregations": {
				"categories": {
					"type": "sap.ui.core.Control",
					"multiple": true,
					"singularName": "category",
					"method": "#getCategories",
					"description": "Category Control",
					"fullName": "sap.ushell.ui.launchpad.SearchSuggestionListItem#categories"
				}
			},
			"events": {
				"press": {
					"method": "#event:press",
					"fullName": "sap.ushell.ui.launchpad.SearchSuggestionListItem#press"
				},
				"focus": {
					"method": "#event:focus",
					"fullName": "sap.ushell.ui.launchpad.SearchSuggestionListItem#focus"
				}
			},
			"filetype": "class"
		},
		"sap.ushell.ui.launchpad.Tile": {
			"description": "A tile to be displayed in the tile container. This tile acts as container for specialized tile implementations.",
			"extend": "sap.ui.core.Control",
			"name": "sap.ushell.ui.launchpad.Tile",
			"properties": {
				"tall": {
					"type": "boolean",
					"group": "Misc",
					"defaultValue": false,
					"method": "#getTall",
					"description": "Whether tile spans more than one row\n\nDefault value is <code>false</code>",
					"fullName": "sap.ushell.ui.launchpad.Tile#tall"
				},
				"long": {
					"type": "boolean",
					"group": "Misc",
					"defaultValue": false,
					"method": "#getLong",
					"description": "Whether tile spans more than one column\n\nDefault value is <code>false</code>",
					"fullName": "sap.ushell.ui.launchpad.Tile#long"
				},
				"uuid": {
					"type": "string",
					"group": "Misc",
					"defaultValue": null,
					"method": "#getUuid",
					"description": "\nDefault value is empty/<code>undefined</code>",
					"fullName": "sap.ushell.ui.launchpad.Tile#uuid"
				},
				"tileCatalogId": {
					"type": "string",
					"group": "Misc",
					"defaultValue": null,
					"method": "#getTileCatalogId",
					"description": "\nDefault value is empty/<code>undefined</code>",
					"fullName": "sap.ushell.ui.launchpad.Tile#tileCatalogId"
				},
				"target": {
					"type": "string",
					"group": "Misc",
					"defaultValue": null,
					"method": "#getTarget",
					"description": "Hyperlink target\n\nDefault value is empty/<code>undefined</code>",
					"fullName": "sap.ushell.ui.launchpad.Tile#target"
				},
				"visible": {
					"type": "boolean",
					"group": "Misc",
					"defaultValue": true,
					"method": "#getVisible",
					"description": "\nDefault value is <code>true</code>",
					"fullName": "sap.ushell.ui.launchpad.Tile#visible"
				},
				"debugInfo": {
					"type": "string",
					"group": "Misc",
					"defaultValue": null,
					"method": "#getDebugInfo",
					"description": "Technical information about the tile which is logged when the tile is clicked\n\nDefault value is empty/<code>undefined</code>",
					"fullName": "sap.ushell.ui.launchpad.Tile#debugInfo"
				},
				"rgba": {
					"type": "string",
					"group": "Misc",
					"defaultValue": null,
					"method": "#getRgba",
					"description": "the RGBA value of the tile\n\nDefault value is empty/<code>undefined</code>",
					"fullName": "sap.ushell.ui.launchpad.Tile#rgba"
				},
				"animationRendered": {
					"type": "boolean",
					"group": "Misc",
					"defaultValue": false,
					"method": "#getAnimationRendered",
					"description": "\nDefault value is <code>false</code>",
					"fullName": "sap.ushell.ui.launchpad.Tile#animationRendered"
				},
				"isLocked": {
					"type": "boolean",
					"group": "Misc",
					"defaultValue": false,
					"method": "#getIsLocked",
					"description": "\nDefault value is <code>false</code>",
					"fullName": "sap.ushell.ui.launchpad.Tile#isLocked"
				},
				"showActionsIcon": {
					"type": "boolean",
					"group": "Misc",
					"defaultValue": false,
					"method": "#getShowActionsIcon",
					"description": "\nDefault value is <code>false</code>",
					"fullName": "sap.ushell.ui.launchpad.Tile#showActionsIcon"
				},
				"tileActionModeActive": {
					"type": "boolean",
					"group": "Misc",
					"defaultValue": false,
					"method": "#getTileActionModeActive",
					"description": "\nDefault value is <code>false</code>",
					"fullName": "sap.ushell.ui.launchpad.Tile#tileActionModeActive"
				}
			},
			"aggregations": {
				"tileViews": {
					"type": "sap.ui.core.Control",
					"multiple": true,
					"singularName": "tileView",
					"method": "#getTileViews",
					"description": "Getter for aggregation <code>tileViews</code>.<br/>",
					"fullName": "sap.ushell.ui.launchpad.Tile#tileViews"
				},
				"footItems": {
					"type": "sap.ui.core.Control",
					"multiple": true,
					"singularName": "footItem",
					"method": "#getFootItems",
					"description": "Getter for aggregation <code>footItems</code>.<br/>",
					"fullName": "sap.ushell.ui.launchpad.Tile#footItems"
				}
			},
			"events": {
				"press": {
					"method": "#event:press",
					"fullName": "sap.ushell.ui.launchpad.Tile#press"
				},
				"coverDivPress": {
					"method": "#event:coverDivPress",
					"fullName": "sap.ushell.ui.launchpad.Tile#coverDivPress"
				},
				"afterRendering": {
					"method": "#event:afterRendering",
					"fullName": "sap.ushell.ui.launchpad.Tile#afterRendering"
				}
			},
			"filetype": "class"
		},
		"sap.ushell.ui.launchpad.TileContainer": {
			"description": "A container that arranges Tile controls.",
			"extend": "sap.ui.core.Control",
			"name": "sap.ushell.ui.launchpad.TileContainer",
			"properties": {
				"scrollType": {
					"type": "string",
					"group": "Misc",
					"defaultValue": "item",
					"method": "#getScrollType",
					"description": "\nDefault value is <code>item</code>",
					"fullName": "sap.ushell.ui.launchpad.TileContainer#scrollType"
				},
				"animationSpeed": {
					"type": "int",
					"group": "Misc",
					"defaultValue": 500,
					"method": "#getAnimationSpeed",
					"description": "Animation Speed in milliseconds (ms)\n\nDefault value is <code>500</code>",
					"fullName": "sap.ushell.ui.launchpad.TileContainer#animationSpeed"
				},
				"groupId": {
					"type": "string",
					"group": "Misc",
					"defaultValue": null,
					"method": "#getGroupId",
					"description": "\nDefault value is empty/<code>undefined</code>",
					"fullName": "sap.ushell.ui.launchpad.TileContainer#groupId"
				},
				"showHeader": {
					"type": "boolean",
					"group": "Misc",
					"defaultValue": true,
					"method": "#getShowHeader",
					"description": "\nDefault value is <code>true</code>",
					"fullName": "sap.ushell.ui.launchpad.TileContainer#showHeader"
				},
				"showPlaceholder": {
					"type": "boolean",
					"group": "Misc",
					"defaultValue": true,
					"method": "#getShowPlaceholder",
					"description": "\nDefault value is <code>true</code>",
					"fullName": "sap.ushell.ui.launchpad.TileContainer#showPlaceholder"
				},
				"defaultGroup": {
					"type": "boolean",
					"group": "Misc",
					"defaultValue": false,
					"method": "#getDefaultGroup",
					"description": "\nDefault value is <code>false</code>",
					"fullName": "sap.ushell.ui.launchpad.TileContainer#defaultGroup"
				},
				"isLastGroup": {
					"type": "boolean",
					"group": "Misc",
					"defaultValue": false,
					"method": "#getIsLastGroup",
					"description": "\nDefault value is <code>false</code>",
					"fullName": "sap.ushell.ui.launchpad.TileContainer#isLastGroup"
				},
				"headerText": {
					"type": "string",
					"group": "Misc",
					"defaultValue": null,
					"method": "#getHeaderText",
					"description": "\nDefault value is empty/<code>undefined</code>",
					"fullName": "sap.ushell.ui.launchpad.TileContainer#headerText"
				},
				"headerLevel": {
					"type": "sap.m.HeaderLevel",
					"group": "Misc",
					"method": "#getHeaderLevel",
					"description": "\nDefault value is <code>H2</code>",
					"fullName": "sap.ushell.ui.launchpad.TileContainer#headerLevel"
				},
				"groupHeaderLevel": {
					"type": "sap.m.HeaderLevel",
					"group": "Misc",
					"method": "#getGroupHeaderLevel",
					"description": "Header level (H1-H6) used for headers of tile groups.\n\nDefault value is <code>H4</code>",
					"fullName": "sap.ushell.ui.launchpad.TileContainer#groupHeaderLevel"
				},
				"showGroupHeader": {
					"type": "boolean",
					"group": "Misc",
					"defaultValue": true,
					"method": "#getShowGroupHeader",
					"description": "\nDefault value is <code>true</code>",
					"fullName": "sap.ushell.ui.launchpad.TileContainer#showGroupHeader"
				},
				"visible": {
					"type": "boolean",
					"group": "Misc",
					"defaultValue": true,
					"method": "#getVisible",
					"description": "\nDefault value is <code>true</code>",
					"fullName": "sap.ushell.ui.launchpad.TileContainer#visible"
				},
				"sortable": {
					"type": "boolean",
					"group": "Misc",
					"defaultValue": true,
					"method": "#getSortable",
					"description": "\nDefault value is <code>true</code>",
					"fullName": "sap.ushell.ui.launchpad.TileContainer#sortable"
				},
				"showNoData": {
					"type": "boolean",
					"group": "Misc",
					"defaultValue": false,
					"method": "#getShowNoData",
					"description": "\nDefault value is <code>false</code>",
					"fullName": "sap.ushell.ui.launchpad.TileContainer#showNoData"
				},
				"noDataText": {
					"type": "string",
					"group": "Misc",
					"defaultValue": null,
					"method": "#getNoDataText",
					"description": "\nDefault value is empty/<code>undefined</code>",
					"fullName": "sap.ushell.ui.launchpad.TileContainer#noDataText"
				},
				"isGroupLocked": {
					"type": "boolean",
					"group": "Misc",
					"defaultValue": null,
					"method": "#getIsGroupLocked",
					"description": "\nDefault value is empty/<code>undefined</code>",
					"fullName": "sap.ushell.ui.launchpad.TileContainer#isGroupLocked"
				},
				"editMode": {
					"type": "boolean",
					"group": "Misc",
					"defaultValue": false,
					"method": "#getEditMode",
					"description": "\nDefault value is <code>false</code>",
					"fullName": "sap.ushell.ui.launchpad.TileContainer#editMode"
				},
				"showBackground": {
					"type": "boolean",
					"group": "Misc",
					"defaultValue": false,
					"method": "#getShowBackground",
					"description": "\nDefault value is <code>false</code>",
					"fullName": "sap.ushell.ui.launchpad.TileContainer#showBackground"
				},
				"icon": {
					"type": "string",
					"group": "Misc",
					"defaultValue": "sap-icon://locked",
					"method": "#getIcon",
					"description": "\nDefault value is <code>sap-icon://locked</code>",
					"fullName": "sap.ushell.ui.launchpad.TileContainer#icon"
				},
				"showIcon": {
					"type": "boolean",
					"group": "Misc",
					"defaultValue": false,
					"method": "#getShowIcon",
					"description": "\nDefault value is <code>false</code>",
					"fullName": "sap.ushell.ui.launchpad.TileContainer#showIcon"
				},
				"deluminate": {
					"type": "boolean",
					"group": "Misc",
					"defaultValue": false,
					"method": "#getDeluminate",
					"description": "\nDefault value is <code>false</code>",
					"fullName": "sap.ushell.ui.launchpad.TileContainer#deluminate"
				},
				"showMobileActions": {
					"type": "boolean",
					"group": "Misc",
					"defaultValue": false,
					"method": "#getShowMobileActions",
					"description": "\nDefault value is <code>false</code>",
					"fullName": "sap.ushell.ui.launchpad.TileContainer#showMobileActions"
				},
				"enableHelp": {
					"type": "boolean",
					"group": "Misc",
					"defaultValue": false,
					"method": "#getEnableHelp",
					"description": "\nDefault value is <code>false</code>",
					"fullName": "sap.ushell.ui.launchpad.TileContainer#enableHelp"
				},
				"tileActionModeActive": {
					"type": "boolean",
					"group": "Misc",
					"defaultValue": false,
					"method": "#getTileActionModeActive",
					"description": "\nDefault value is <code>false</code>",
					"fullName": "sap.ushell.ui.launchpad.TileContainer#tileActionModeActive"
				},
				"showDragIndicator": {
					"type": "boolean",
					"group": "Misc",
					"defaultValue": false,
					"method": "#getShowDragIndicator",
					"description": "\nDefault value is <code>false</code>",
					"fullName": "sap.ushell.ui.launchpad.TileContainer#showDragIndicator"
				}
			},
			"aggregations": {
				"tiles": {
					"type": "sap.ushell.ui.launchpad.Tile",
					"multiple": true,
					"singularName": "tile",
					"method": "#getTiles",
					"description": "Getter for aggregation <code>tiles</code>.<br/>",
					"fullName": "sap.ushell.ui.launchpad.TileContainer#tiles"
				},
				"beforeContent": {
					"type": "sap.ui.core.Control",
					"multiple": true,
					"singularName": "beforeContent",
					"method": "#getBeforeContent",
					"description": "Getter for aggregation <code>beforeContent</code>.<br/>",
					"fullName": "sap.ushell.ui.launchpad.TileContainer#beforeContent"
				},
				"afterContent": {
					"type": "sap.ui.core.Control",
					"multiple": true,
					"singularName": "afterContent",
					"method": "#getAfterContent",
					"description": "Getter for aggregation <code>afterContent</code>.<br/>",
					"fullName": "sap.ushell.ui.launchpad.TileContainer#afterContent"
				},
				"footerContent": {
					"type": "sap.ui.core.Control",
					"multiple": true,
					"singularName": "footerContent",
					"method": "#getFooterContent",
					"description": "Getter for aggregation <code>footerContent</code>.<br/>",
					"fullName": "sap.ushell.ui.launchpad.TileContainer#footerContent"
				},
				"headerActions": {
					"type": "sap.ui.core.Control",
					"multiple": true,
					"singularName": "headerAction",
					"method": "#getHeaderActions",
					"description": "Getter for aggregation <code>headerActions</code>.<br/>",
					"fullName": "sap.ushell.ui.launchpad.TileContainer#headerActions"
				}
			},
			"events": {
				"afterRendering": {
					"method": "#event:afterRendering",
					"fullName": "sap.ushell.ui.launchpad.TileContainer#afterRendering"
				},
				"add": {
					"method": "#event:add",
					"description": "Adds some tile <code>oTile</code> \nto the aggregation named <code>tiles</code>.",
					"fullName": "sap.ushell.ui.launchpad.TileContainer#add"
				},
				"titleChange": {
					"method": "#event:titleChange",
					"description": "Event fired when title is renamed",
					"fullName": "sap.ushell.ui.launchpad.TileContainer#titleChange"
				}
			},
			"filetype": "class"
		},
		"sap.ushell.ui.launchpad.TileState": {
			"description": "The tile state control that displays loading indicator, while tile view is loading and failed status in case tile view is not available.",
			"extend": "sap.ui.core.Control",
			"name": "sap.ushell.ui.launchpad.TileState",
			"properties": {
				"state": {
					"type": "string",
					"group": "Misc",
					"defaultValue": "Loaded",
					"method": "#getState",
					"description": "The load status.\n\nDefault value is <code>Loaded</code>",
					"fullName": "sap.ushell.ui.launchpad.TileState#state"
				}
			},
			"filetype": "class"
		},
		"sap.ushell.ui.shell.ActionButton": {
			"description": "Add your documentation for the newui/shell/ActionButton",
			"extend": "sap.m.Button",
			"name": "sap.ushell.ui.shell.ActionButton",
			"filetype": "class"
		},
		"sap.ushell.ui.tile.DynamicTile": {
			"description": "An applauncher for apps that need to display dynamically updated information",
			"extend": "sap.ushell.ui.tile.TileBase",
			"name": "sap.ushell.ui.tile.DynamicTile",
			"properties": {
				"numberValue": {
					"type": "string",
					"group": "Data",
					"defaultValue": "0.0",
					"method": "#getNumberValue",
					"description": "a number to be formatted with numberDigits decimal digits. Can be sap.ui.core.string as well.\n\nDefault value is <code>0.0</code>",
					"fullName": "sap.ushell.ui.tile.DynamicTile#numberValue"
				},
				"numberState": {
					"type": "sap.ushell.ui.tile.State",
					"group": "Appearance",
					"method": "#getNumberState",
					"description": "The state of the number, indicating positive or negative conditions\n\nDefault value is <code>Neutral</code>",
					"fullName": "sap.ushell.ui.tile.DynamicTile#numberState"
				},
				"numberUnit": {
					"type": "string",
					"group": "Data",
					"defaultValue": null,
					"method": "#getNumberUnit",
					"description": "The unit in which numberValue is measured\n\nDefault value is empty/<code>undefined</code>",
					"fullName": "sap.ushell.ui.tile.DynamicTile#numberUnit"
				},
				"numberDigits": {
					"type": "int",
					"group": "Appearance",
					"defaultValue": 0,
					"method": "#getNumberDigits",
					"description": "the number of fractional decimal digits\n\nDefault value is <code>0</code>",
					"fullName": "sap.ushell.ui.tile.DynamicTile#numberDigits"
				},
				"stateArrow": {
					"type": "sap.ushell.ui.tile.StateArrow",
					"group": "Appearance",
					"method": "#getStateArrow",
					"description": "the state of the trend indicator\n\nDefault value is <code>None</code>",
					"fullName": "sap.ushell.ui.tile.DynamicTile#stateArrow"
				},
				"numberFactor": {
					"type": "string",
					"group": "Data",
					"defaultValue": null,
					"method": "#getNumberFactor",
					"description": "defines a scaling factor (like \"%\", \"M\" or \"k\") right to a scaled number\n\nDefault value is empty/<code>undefined</code>",
					"fullName": "sap.ushell.ui.tile.DynamicTile#numberFactor"
				}
			},
			"filetype": "class"
		},
		"sap.ushell.ui.tile.ImageTile": {
			"description": "Add your documentation for the newui/tile/ImageTile",
			"extend": "sap.ushell.ui.tile.TileBase",
			"name": "sap.ushell.ui.tile.ImageTile",
			"properties": {
				"imageSource": {
					"type": "string",
					"group": "Appearance",
					"defaultValue": null,
					"method": "#getImageSource",
					"description": "the URL of the image to display\n\nDefault value is empty/<code>undefined</code>",
					"fullName": "sap.ushell.ui.tile.ImageTile#imageSource"
				}
			},
			"filetype": "class"
		},
		"sap.ushell.ui.tile.StaticTile": {
			"description": "An applauncher tile for simple, static apps, displaying title, subtitle, an icon and additional information",
			"extend": "sap.ushell.ui.tile.TileBase",
			"name": "sap.ushell.ui.tile.StaticTile",
			"filetype": "class"
		},
		"sap.ushell.ui.tile.TileBase": {
			"description": "Base class for tiles that already provides several visual elements like title, subtitle, icon and additional information",
			"extend": "sap.ui.core.Control",
			"name": "sap.ushell.ui.tile.TileBase",
			"properties": {
				"title": {
					"type": "string",
					"group": "Data",
					"defaultValue": null,
					"method": "#getTitle",
					"description": "The title of this tile\n\nDefault value is empty/<code>undefined</code>",
					"fullName": "sap.ushell.ui.tile.TileBase#title"
				},
				"subtitle": {
					"type": "string",
					"group": "Data",
					"defaultValue": null,
					"method": "#getSubtitle",
					"description": "A subtitle of this tile (optional)\n\nDefault value is empty/<code>undefined</code>",
					"fullName": "sap.ushell.ui.tile.TileBase#subtitle"
				},
				"icon": {
					"type": "string",
					"group": "Data",
					"defaultValue": null,
					"method": "#getIcon",
					"description": "An icon for the tile\n\nDefault value is empty/<code>undefined</code>",
					"fullName": "sap.ushell.ui.tile.TileBase#icon"
				},
				"info": {
					"type": "string",
					"group": "Data",
					"defaultValue": null,
					"method": "#getInfo",
					"description": "Additional information displayed at the bottom of the tile\n\nDefault value is empty/<code>undefined</code>",
					"fullName": "sap.ushell.ui.tile.TileBase#info"
				},
				"infoState": {
					"type": "sap.ushell.ui.tile.State",
					"group": "",
					"method": "#getInfoState",
					"description": "The state of the info field\n\nDefault value is <code>Neutral</code>",
					"fullName": "sap.ushell.ui.tile.TileBase#infoState"
				},
				"targetURL": {
					"type": "string",
					"group": "Behavior",
					"defaultValue": null,
					"method": "#getTargetURL",
					"description": "If given, the Control is wrapped into a link pointing to this URL. If empty or not set, the link is not rendered\n\nDefault value is empty/<code>undefined</code>",
					"fullName": "sap.ushell.ui.tile.TileBase#targetURL"
				},
				"highlightTerms": {
					"type": "any",
					"group": "Appearance",
					"method": "#getHighlightTerms",
					"description": "contains an array of terms that should be highlighted; per default, the array is empty\n\nDefault value is <code>[]</code>",
					"fullName": "sap.ushell.ui.tile.TileBase#highlightTerms"
				}
			},
			"aggregations": {
				"content": {
					"type": "sap.ui.core.Control",
					"multiple": true,
					"singularName": "content",
					"method": "#getContent",
					"description": "Getter for aggregation <code>content</code>.<br/>",
					"fullName": "sap.ushell.ui.tile.TileBase#content"
				}
			},
			"events": {
				"press": {
					"method": "#event:press",
					"description": "called when the tile is clicked / pressed",
					"fullName": "sap.ushell.ui.tile.TileBase#press"
				}
			},
			"filetype": "class"
		}
	},
	"enums": {
		"sap.ushell.ui.tile.State": {
			"Neutral": {
				"description": "Alias for \"None\"",
				"value": "Neutral"
			},
			"None": {
				"description": "Indicates a state that is neutral, e.g. for standard display (Grey color)",
				"value": "None"
			},
			"Negative": {
				"description": "Alias for \"Error\"",
				"value": "Negative"
			},
			"Error": {
				"description": "Indicates a state that is negative, e.g. marking an element that has to get attention urgently or indicates negative values (Red color)",
				"value": "Error"
			},
			"Positive": {
				"description": "Alias for \"Success\"",
				"value": "Positive"
			},
			"Success": {
				"description": "Indicates a state that is positive, e.g. marking a task successfully executed or a state where all is good (Green color)",
				"value": "Success"
			},
			"Critical": {
				"description": "Alias for \"Warning\"",
				"value": "Critical"
			},
			"Warning": {
				"description": "Indicates a state that is critical, e.g. marking an element that needs attention (Orange color)",
				"value": "Warning"
			}
		},
		"sap.ushell.ui.tile.StateArrow": {
			"None": {
				"description": "The trend direction indicator is invisible",
				"value": "None"
			},
			"Up": {
				"description": "The trend direction indicator points up",
				"value": "Up"
			},
			"Down": {
				"description": "The trend direction indicator points down",
				"value": "Down"
			}
		}
	}
}