{"metadatas":{"sap.ui.layout.FixFlex":{"description":"The FixFlex control builds the container for a layout with a fixed and a flexible part. The flexible container adapts its size to the fix container. The fix container can hold any number of controls, while the flexible container can hold only one. \n\nIn order for the FixFlex to stretch properly, the parent element, in which the control is placed, needs to have a specified height or needs to have an absolute position.\n\nWarning: Avoid nesting FixFlex in other flexbox based layout controls (FixFlex, FlexBox, Hbox, Vbox). Otherwise contents may be not accessible or multiple scrollbars can appear.\n\nNote: If the child control of the flex or the fix container has width/height bigger than the container itself, the child control will be cropped in the view. If minFlexSize is set, then a scrollbar is shown in the flexible part, depending on the vertical property.","helpDescription":"The FixFlex control builds the container for a layout with a fixed and a flexible part. The flexible container adapts its size to the fix container. The fix container can hold any number of controls, while the flexible container can hold only one. \n\nIn order for the FixFlex to stretch properly, the parent element, in which the control is placed, needs to have a specified height or needs to have an absolute position.\n\nWarning: Avoid nesting FixFlex in other flexbox based layout controls (FixFlex, FlexBox, Hbox, Vbox). Otherwise contents may be not accessible or multiple scrollbars can appear.\n\nNote: If the child control of the flex or the fix container has width/height bigger than the container itself, the child control will be cropped in the view. If minFlexSize is set, then a scrollbar is shown in the flexible part, depending on the vertical property.","Deprecated":false,"Experimental":false,"extend":"sap.ui.core.Control","properties":{"vertical":{"method":"#getVertical","group":"Appearance","type":"boolean","defaultValue":"true","description":"Determines the direction of the layout of child elements. True for vertical and false for horizontal layout.","helpDescription":"Determines the direction of the layout of child elements. True for vertical and false for horizontal layout.","Deprecated":false,"Experimental":false,"fullName":"sap.ui.layout.FixFlex#vertical"},"fixFirst":{"method":"#getFixFirst","group":"Misc","type":"boolean","defaultValue":"true","description":"Determines whether the fixed-size area should be on the beginning/top ( if the value is 'true') or beginning/bottom ( if the value is 'false').","helpDescription":"Determines whether the fixed-size area should be on the beginning/top ( if the value is 'true') or beginning/bottom ( if the value is 'false').","Deprecated":false,"Experimental":false,"fullName":"sap.ui.layout.FixFlex#fixFirst"},"fixContentSize":{"method":"#getFixContentSize","group":"Dimension","type":"sap.ui.core.CSSSize","defaultValue":"auto","description":"Determines the height (if the vertical property is 'true') or the width (if the vertical property is 'false') of the fixed area. If left at the default value \"auto\", the fixed-size area will be as large as its content. In this case the content cannot use percentage sizes.","helpDescription":"Determines the height (if the vertical property is 'true') or the width (if the vertical property is 'false') of the fixed area. If left at the default value \"auto\", the fixed-size area will be as large as its content. In this case the content cannot use percentage sizes.","Deprecated":false,"Experimental":false,"fullName":"sap.ui.layout.FixFlex#fixContentSize"},"minFlexSize":{"method":"#getMinFlexSize","group":"Misc","type":"int","defaultValue":"0","description":"Enables scrolling inside the flexible part. The given size is calculated in \"px\". If the child control in the flexible part is larger then the available flexible size on the screen and if the available size for the flexible part is smaller or equal to the minFlexSize value, the scroll will be for the entire FixFlex control.","helpDescription":"Enables scrolling inside the flexible part. The given size is calculated in \"px\". If the child control in the flexible part is larger then the available flexible size on the screen and if the available size for the flexible part is smaller or equal to the minFlexSize value, the scroll will be for the entire FixFlex control.","Deprecated":false,"Experimental":false,"fullName":"sap.ui.layout.FixFlex#minFlexSize"}},"associations":{},"aggregations":{"fixContent":{"method":"#getFixContent","multiple":"true","type":"sap.ui.core.Control","description":"Controls in the fixed part of the layout.","helpDescription":"Controls in the fixed part of the layout.","Deprecated":false,"Experimental":false,"fullName":"sap.ui.layout.FixFlex#fixContent"},"flexContent":{"method":"#getFlexContent","multiple":"false","type":"sap.ui.core.Control","description":"Control in the stretching part of the layout.","helpDescription":"Control in the stretching part of the layout.","Deprecated":false,"Experimental":false,"fullName":"sap.ui.layout.FixFlex#flexContent"}},"events":{},"filetype":"class"},"sap.ui.layout.Grid":{"description":"The Grid control is a layout which positions its child controls in a 12 column flow layout. Its children can be specified to take on a variable amount of columns depending on available screen size. With this control it is possible to achieve flexible layouts and line-breaks for extra large-, large-, medium- and small-sized screens, such as large desktop, desktop, tablet, and mobile. The Grid control's width can be percentage- or pixel-based and the spacing between its columns can be set to various pre-defined values.","helpDescription":"The Grid control is a layout which positions its child controls in a 12 column flow layout. Its children can be specified to take on a variable amount of columns depending on available screen size. With this control it is possible to achieve flexible layouts and line-breaks for extra large-, large-, medium- and small-sized screens, such as large desktop, desktop, tablet, and mobile. The Grid control's width can be percentage- or pixel-based and the spacing between its columns can be set to various pre-defined values.","Deprecated":false,"Experimental":false,"extend":"sap.ui.core.Control","properties":{"width":{"method":"#getWidth","group":"Dimension","type":"sap.ui.core.CSSSize","defaultValue":"100%","description":"Optional. Width of the Grid. If not specified, then 100%.","helpDescription":"Optional. Width of the Grid. If not specified, then 100%.","Deprecated":false,"Experimental":false,"fullName":"sap.ui.layout.Grid#width"},"vSpacing":{"method":"#getVSpacing","group":"Dimension","type":"float","defaultValue":"1","description":"Optional. Vertical spacing between the rows in the Grid. In rem, allowed values are 0, 0.5, 1 and 2.","helpDescription":"Optional. Vertical spacing between the rows in the Grid. In rem, allowed values are 0, 0.5, 1 and 2.","Deprecated":false,"Experimental":false,"fullName":"sap.ui.layout.Grid#vSpacing"},"hSpacing":{"method":"#getHSpacing","group":"Dimension","type":"float","defaultValue":"1","description":"Optional. Horizontal spacing between the content in the Grid. In rem, allowed values are 0, 0.5 , 1 or 2.","helpDescription":"Optional. Horizontal spacing between the content in the Grid. In rem, allowed values are 0, 0.5 , 1 or 2.","Deprecated":false,"Experimental":false,"fullName":"sap.ui.layout.Grid#hSpacing"},"position":{"method":"#getPosition","group":"Dimension","type":"sap.ui.layout.GridPosition","defaultValue":"Left","description":"Optional. Position of the Grid in the window or surrounding container. Possible values are \"Center\", \"Left\" and \"Right\".","helpDescription":"Optional. Position of the Grid in the window or surrounding container. Possible values are \"Center\", \"Left\" and \"Right\".","Deprecated":false,"Experimental":false,"fullName":"sap.ui.layout.Grid#position"},"defaultSpan":{"method":"#getDefaultSpan","group":"Behavior","type":"sap.ui.layout.GridSpan","defaultValue":"XL3 L3 M6 S12","description":"Optional. A string type that represents Grid's default span values for large, medium and small screens for the whole Grid. Allowed values are separated by space Letters L, M or S followed by number of columns from 1 to 12 that the container has to take, for example: \"L2 M4 S6\", \"M12\", \"s10\" or \"l4 m4\". Note that the parameters has to be provided in the order large medium small.","helpDescription":"Optional. A string type that represents Grid's default span values for large, medium and small screens for the whole Grid. Allowed values are separated by space Letters L, M or S followed by number of columns from 1 to 12 that the container has to take, for example: \"L2 M4 S6\", \"M12\", \"s10\" or \"l4 m4\". Note that the parameters has to be provided in the order large medium small.","Deprecated":false,"Experimental":false,"fullName":"sap.ui.layout.Grid#defaultSpan"},"defaultIndent":{"method":"#getDefaultIndent","group":"Behavior","type":"sap.ui.layout.GridIndent","defaultValue":"XL0 L0 M0 S0","description":"Optional. Defines default for the whole Grid numbers of empty columns before the current span begins. It can be defined for large, medium and small screens. Allowed values are separated by space Letters L, M or S followed by number of columns from 0 to 11 that the container has to take, for example: \"L2 M4 S6\", \"M12\", \"s10\" or \"l4 m4\". Note that the parameters has to be provided in the order large medium small.","helpDescription":"Optional. Defines default for the whole Grid numbers of empty columns before the current span begins. It can be defined for large, medium and small screens. Allowed values are separated by space Letters L, M or S followed by number of columns from 0 to 11 that the container has to take, for example: \"L2 M4 S6\", \"M12\", \"s10\" or \"l4 m4\". Note that the parameters has to be provided in the order large medium small.","Deprecated":false,"Experimental":false,"fullName":"sap.ui.layout.Grid#defaultIndent"},"containerQuery":{"method":"#getContainerQuery","group":"Behavior","type":"boolean","defaultValue":"false","description":"If true then not the media Query ( device screen size), but the size of the container surrounding the grid defines the current range (large, medium or small).","helpDescription":"If true then not the media Query ( device screen size), but the size of the container surrounding the grid defines the current range (large, medium or small).","Deprecated":false,"Experimental":false,"fullName":"sap.ui.layout.Grid#containerQuery"}},"associations":{},"aggregations":{"content":{"method":"#getContent","multiple":"true","type":"sap.ui.core.Control","description":"Controls that are placed into Grid layout.","helpDescription":"Controls that are placed into Grid layout.","Deprecated":false,"Experimental":false,"fullName":"sap.ui.layout.Grid#content"}},"events":{},"filetype":"class"},"sap.ui.layout.GridData":{"description":"Grid layout data","helpDescription":"Grid layout data","Deprecated":false,"Experimental":false,"extend":"sap.ui.core.LayoutData","properties":{"span":{"method":"#getSpan","group":"Behavior","type":"sap.ui.layout.GridSpan","defaultValue":"null","description":"A string type that represents Grid's span values for large, medium and small screens. Allowed values are separated by space Letters L, M or S followed by number of columns from 1 to 12 that the container has to take, for example: \"L2 M4 S6\", \"M12\", \"s10\" or \"l4 m4\". Note that the parameters has to be provided in the order large medium small.","helpDescription":"A string type that represents Grid's span values for large, medium and small screens. Allowed values are separated by space Letters L, M or S followed by number of columns from 1 to 12 that the container has to take, for example: \"L2 M4 S6\", \"M12\", \"s10\" or \"l4 m4\". Note that the parameters has to be provided in the order large medium small.","Deprecated":false,"Experimental":false,"fullName":"sap.ui.layout.GridData#span"},"spanXL":{"method":"#getSpanXL","group":"Behavior","type":"int","defaultValue":"null","description":"Optional. Defines a span value for extra large screens. This value overwrites the value for extra large screens defined in the parameter \"span\".","helpDescription":"Optional. Defines a span value for extra large screens. This value overwrites the value for extra large screens defined in the parameter \"span\".","Deprecated":false,"Experimental":false,"fullName":"sap.ui.layout.GridData#spanXL"},"spanL":{"method":"#getSpanL","group":"Behavior","type":"int","defaultValue":"null","description":"Optional. Defines a span value for large screens. This value overwrites the value for large screens defined in the parameter \"span\".","helpDescription":"Optional. Defines a span value for large screens. This value overwrites the value for large screens defined in the parameter \"span\".","Deprecated":false,"Experimental":false,"fullName":"sap.ui.layout.GridData#spanL"},"spanM":{"method":"#getSpanM","group":"Behavior","type":"int","defaultValue":"null","description":"Optional. Defines a span value for medium size screens. This value overwrites the value for medium screens defined in the parameter \"span\".","helpDescription":"Optional. Defines a span value for medium size screens. This value overwrites the value for medium screens defined in the parameter \"span\".","Deprecated":false,"Experimental":false,"fullName":"sap.ui.layout.GridData#spanM"},"spanS":{"method":"#getSpanS","group":"Behavior","type":"int","defaultValue":"null","description":"Optional. Defines a span value for small screens. This value overwrites the value for small screens defined in the parameter \"span\".","helpDescription":"Optional. Defines a span value for small screens. This value overwrites the value for small screens defined in the parameter \"span\".","Deprecated":false,"Experimental":false,"fullName":"sap.ui.layout.GridData#spanS"},"indent":{"method":"#getIndent","group":"Behavior","type":"sap.ui.layout.GridIndent","defaultValue":"null","description":"A string type that represents Grid's span values for large, medium and small screens. Allowed values are separated by space Letters L, M or S followed by number of columns from 1 to 12 that the container has to take, for example: \"L2 M4 S6\", \"M12\", \"s10\" or \"l4 m4\". Note that the parameters has to be provided in the order large medium small.","helpDescription":"A string type that represents Grid's span values for large, medium and small screens. Allowed values are separated by space Letters L, M or S followed by number of columns from 1 to 12 that the container has to take, for example: \"L2 M4 S6\", \"M12\", \"s10\" or \"l4 m4\". Note that the parameters has to be provided in the order large medium small.","Deprecated":false,"Experimental":false,"fullName":"sap.ui.layout.GridData#indent"},"indentXL":{"method":"#getIndentXL","group":"Behavior","type":"int","defaultValue":"null","description":"Optional. Defines a span value for extra large screens. This value overwrites the value for extra large screens defined in the parameter \"indent\".","helpDescription":"Optional. Defines a span value for extra large screens. This value overwrites the value for extra large screens defined in the parameter \"indent\".","Deprecated":false,"Experimental":false,"fullName":"sap.ui.layout.GridData#indentXL"},"indentL":{"method":"#getIndentL","group":"Behavior","type":"int","defaultValue":"null","description":"Optional. Defines a span value for large screens. This value overwrites the value for large screens defined in the parameter \"indent\".","helpDescription":"Optional. Defines a span value for large screens. This value overwrites the value for large screens defined in the parameter \"indent\".","Deprecated":false,"Experimental":false,"fullName":"sap.ui.layout.GridData#indentL"},"indentM":{"method":"#getIndentM","group":"Behavior","type":"int","defaultValue":"null","description":"Optional. Defines a span value for medium size screens. This value overwrites the value for medium screens defined in the parameter \"indent\".","helpDescription":"Optional. Defines a span value for medium size screens. This value overwrites the value for medium screens defined in the parameter \"indent\".","Deprecated":false,"Experimental":false,"fullName":"sap.ui.layout.GridData#indentM"},"indentS":{"method":"#getIndentS","group":"Behavior","type":"int","defaultValue":"null","description":"Optional. Defines a span value for small screens. This value overwrites the value for small screens defined in the parameter \"indent\".","helpDescription":"Optional. Defines a span value for small screens. This value overwrites the value for small screens defined in the parameter \"indent\".","Deprecated":false,"Experimental":false,"fullName":"sap.ui.layout.GridData#indentS"},"visibleXL":{"method":"#getVisibleXL","group":"Behavior","type":"boolean","defaultValue":"true","description":"Defines if this Control is visible on XL - extra Large screens.","helpDescription":"Defines if this Control is visible on XL - extra Large screens.","Deprecated":false,"Experimental":false,"fullName":"sap.ui.layout.GridData#visibleXL"},"visibleL":{"method":"#getVisibleL","group":"Behavior","type":"boolean","defaultValue":"true","description":"Defines if this Control is visible on Large screens.","helpDescription":"Defines if this Control is visible on Large screens.","Deprecated":false,"Experimental":false,"fullName":"sap.ui.layout.GridData#visibleL"},"visibleM":{"method":"#getVisibleM","group":"Behavior","type":"boolean","defaultValue":"true","description":"Defines if this Control is visible on Medium size screens.","helpDescription":"Defines if this Control is visible on Medium size screens.","Deprecated":false,"Experimental":false,"fullName":"sap.ui.layout.GridData#visibleM"},"visibleS":{"method":"#getVisibleS","group":"Behavior","type":"boolean","defaultValue":"true","description":"Defines if this Control is visible on small screens.","helpDescription":"Defines if this Control is visible on small screens.","Deprecated":false,"Experimental":false,"fullName":"sap.ui.layout.GridData#visibleS"},"moveBackwards":{"method":"#getMoveBackwards","group":"Misc","type":"sap.ui.layout.GridIndent","defaultValue":"null","description":"Optional. Moves a cell backwards so many columns as specified.","helpDescription":"Optional. Moves a cell backwards so many columns as specified.","Deprecated":false,"Experimental":false,"fullName":"sap.ui.layout.GridData#moveBackwards"},"moveForward":{"method":"#getMoveForward","group":"Misc","type":"sap.ui.layout.GridIndent","defaultValue":"null","description":"Optional. Moves a cell forwards so many columns as specified.","helpDescription":"Optional. Moves a cell forwards so many columns as specified.","Deprecated":false,"Experimental":false,"fullName":"sap.ui.layout.GridData#moveForward"},"linebreak":{"method":"#getLinebreak","group":"Misc","type":"boolean","defaultValue":"false","description":"Optional. If this property is set to true, the control on all-size screens causes a line break within the Grid and becomes the first within the next line.","helpDescription":"Optional. If this property is set to true, the control on all-size screens causes a line break within the Grid and becomes the first within the next line.","Deprecated":false,"Experimental":false,"fullName":"sap.ui.layout.GridData#linebreak"},"linebreakXL":{"method":"#getLinebreakXL","group":"Misc","type":"boolean","defaultValue":"false","description":"Optional. If this property is set to true, the control on extra large screens causes a line break within the Grid and becomes the first within the next line.","helpDescription":"Optional. If this property is set to true, the control on extra large screens causes a line break within the Grid and becomes the first within the next line.","Deprecated":false,"Experimental":false,"fullName":"sap.ui.layout.GridData#linebreakXL"},"linebreakL":{"method":"#getLinebreakL","group":"Misc","type":"boolean","defaultValue":"false","description":"Optional. If this property is set to true, the control on large screens causes a line break within the Grid and becomes the first within the next line.","helpDescription":"Optional. If this property is set to true, the control on large screens causes a line break within the Grid and becomes the first within the next line.","Deprecated":false,"Experimental":false,"fullName":"sap.ui.layout.GridData#linebreakL"},"linebreakM":{"method":"#getLinebreakM","group":"Misc","type":"boolean","defaultValue":"false","description":"Optional. If this property is set to true, the control on medium sized screens causes a line break within the Grid and becomes the first within the next line.","helpDescription":"Optional. If this property is set to true, the control on medium sized screens causes a line break within the Grid and becomes the first within the next line.","Deprecated":false,"Experimental":false,"fullName":"sap.ui.layout.GridData#linebreakM"},"linebreakS":{"method":"#getLinebreakS","group":"Misc","type":"boolean","defaultValue":"false","description":"Optional. If this property is set to true, the control on small screens causes a line break within the Grid and becomes the first within the next line.","helpDescription":"Optional. If this property is set to true, the control on small screens causes a line break within the Grid and becomes the first within the next line.","Deprecated":false,"Experimental":false,"fullName":"sap.ui.layout.GridData#linebreakS"},"spanLarge":{"method":"#getSpanLarge","group":"Behavior","type":"int","defaultValue":"null","description":"<strong style=\"color: red;\">Deprecated! </strong>Since 1.17.1 Use spanL instead.<br>Deprecated. Defines a span value for large screens. This value overwrites the value for large screens defined in the parameter \"span\".","helpDescription":"<strong style=\"color: red;\">Deprecated! </strong>Since 1.17.1 Use spanL instead.<br>Deprecated. Defines a span value for large screens. This value overwrites the value for large screens defined in the parameter \"span\".","Deprecated":true,"Experimental":false,"fullName":"sap.ui.layout.GridData#spanLarge"},"spanMedium":{"method":"#getSpanMedium","group":"Behavior","type":"int","defaultValue":"null","description":"<strong style=\"color: red;\">Deprecated! </strong>Since 1.17.1 Use spanM instead.<br>Deprecated. Defines a span value for medium size screens. This value overwrites the value for medium screens defined in the parameter \"span\".","helpDescription":"<strong style=\"color: red;\">Deprecated! </strong>Since 1.17.1 Use spanM instead.<br>Deprecated. Defines a span value for medium size screens. This value overwrites the value for medium screens defined in the parameter \"span\".","Deprecated":true,"Experimental":false,"fullName":"sap.ui.layout.GridData#spanMedium"},"spanSmall":{"method":"#getSpanSmall","group":"Behavior","type":"int","defaultValue":"null","description":"<strong style=\"color: red;\">Deprecated! </strong>Since 1.17.1 Use spanS instead.<br>Deprecated. Defines a span value for small screens. This value overwrites the value for small screens defined in the parameter \"span\".","helpDescription":"<strong style=\"color: red;\">Deprecated! </strong>Since 1.17.1 Use spanS instead.<br>Deprecated. Defines a span value for small screens. This value overwrites the value for small screens defined in the parameter \"span\".","Deprecated":true,"Experimental":false,"fullName":"sap.ui.layout.GridData#spanSmall"},"indentLarge":{"method":"#getIndentLarge","group":"Behavior","type":"int","defaultValue":"null","description":"<strong style=\"color: red;\">Deprecated! </strong>Since 1.17.1 Use indentL instead.<br>Deprecated. Defines a span value for large screens. This value overwrites the value for large screens defined in the parameter \"indent\".","helpDescription":"<strong style=\"color: red;\">Deprecated! </strong>Since 1.17.1 Use indentL instead.<br>Deprecated. Defines a span value for large screens. This value overwrites the value for large screens defined in the parameter \"indent\".","Deprecated":true,"Experimental":false,"fullName":"sap.ui.layout.GridData#indentLarge"},"indentMedium":{"method":"#getIndentMedium","group":"Behavior","type":"int","defaultValue":"null","description":"<strong style=\"color: red;\">Deprecated! </strong>Since 1.17.1 Use indentM instead.<br>Deprecated. Defines a span value for medium size screens. This value overwrites the value for medium screens defined in the parameter \"indent\".","helpDescription":"<strong style=\"color: red;\">Deprecated! </strong>Since 1.17.1 Use indentM instead.<br>Deprecated. Defines a span value for medium size screens. This value overwrites the value for medium screens defined in the parameter \"indent\".","Deprecated":true,"Experimental":false,"fullName":"sap.ui.layout.GridData#indentMedium"},"indentSmall":{"method":"#getIndentSmall","group":"Behavior","type":"int","defaultValue":"null","description":"<strong style=\"color: red;\">Deprecated! </strong>Since 1.17.1 Use indentS instead.<br>Deprecated. Defines a span value for small screens. This value overwrites the value for small screens defined in the parameter \"indent\".","helpDescription":"<strong style=\"color: red;\">Deprecated! </strong>Since 1.17.1 Use indentS instead.<br>Deprecated. Defines a span value for small screens. This value overwrites the value for small screens defined in the parameter \"indent\".","Deprecated":true,"Experimental":false,"fullName":"sap.ui.layout.GridData#indentSmall"},"visibleOnLarge":{"method":"#getVisibleOnLarge","group":"Behavior","type":"boolean","defaultValue":"true","description":"<strong style=\"color: red;\">Deprecated! </strong>Since 1.17.1 Use visibleL instead.<br>Deprecated. Defines if this Control is visible on Large screens.","helpDescription":"<strong style=\"color: red;\">Deprecated! </strong>Since 1.17.1 Use visibleL instead.<br>Deprecated. Defines if this Control is visible on Large screens.","Deprecated":true,"Experimental":false,"fullName":"sap.ui.layout.GridData#visibleOnLarge"},"visibleOnMedium":{"method":"#getVisibleOnMedium","group":"Behavior","type":"boolean","defaultValue":"true","description":"<strong style=\"color: red;\">Deprecated! </strong>Since 1.17.1 Use visibleM instead.<br>Deprecated. Defines if this Control is visible on Medium size screens.","helpDescription":"<strong style=\"color: red;\">Deprecated! </strong>Since 1.17.1 Use visibleM instead.<br>Deprecated. Defines if this Control is visible on Medium size screens.","Deprecated":true,"Experimental":false,"fullName":"sap.ui.layout.GridData#visibleOnMedium"},"visibleOnSmall":{"method":"#getVisibleOnSmall","group":"Behavior","type":"boolean","defaultValue":"true","description":"<strong style=\"color: red;\">Deprecated! </strong>Since 1.17.1 Use visibleS instead.<br>Deprecated. Defines if this Control is visible on small screens.","helpDescription":"<strong style=\"color: red;\">Deprecated! </strong>Since 1.17.1 Use visibleS instead.<br>Deprecated. Defines if this Control is visible on small screens.","Deprecated":true,"Experimental":false,"fullName":"sap.ui.layout.GridData#visibleOnSmall"}},"associations":{},"aggregations":{},"events":{},"filetype":"class"},"sap.ui.layout.HorizontalLayout":{"description":"A layout that provides support for horizontal alignment of controls","helpDescription":"A layout that provides support for horizontal alignment of controls","Deprecated":false,"Experimental":false,"extend":"sap.ui.core.Control","properties":{"allowWrapping":{"method":"#getAllowWrapping","group":"Misc","type":"boolean","defaultValue":"false","description":"Specifies whether the content inside the Layout shall be line-wrapped in the case that there is less horizontal space available than required.","helpDescription":"Specifies whether the content inside the Layout shall be line-wrapped in the case that there is less horizontal space available than required.","Deprecated":false,"Experimental":false,"fullName":"sap.ui.layout.HorizontalLayout#allowWrapping"}},"associations":{},"aggregations":{"content":{"method":"#getContent","multiple":"true","type":"sap.ui.core.Control","description":"The controls inside this layout","helpDescription":"The controls inside this layout","Deprecated":false,"Experimental":false,"fullName":"sap.ui.layout.HorizontalLayout#content"}},"events":{},"filetype":"class"},"sap.ui.layout.ResponsiveFlowLayout":{"description":"This is a layout where several controls can be added. These controls are blown up to fit a whole line. If the window resizes the controls are moved between the lines and resized again.","helpDescription":"This is a layout where several controls can be added. These controls are blown up to fit a whole line. If the window resizes the controls are moved between the lines and resized again.","Deprecated":false,"Experimental":false,"extend":"sap.ui.core.Control","properties":{"responsive":{"method":"#getResponsive","group":"Misc","type":"boolean","defaultValue":"true","description":"If this property is 'false' all added controls keep their widths. Otherwise all added controls will be extended to the possible width of a row.","helpDescription":"If this property is 'false' all added controls keep their widths. Otherwise all added controls will be extended to the possible width of a row.","Deprecated":false,"Experimental":false,"fullName":"sap.ui.layout.ResponsiveFlowLayout#responsive"}},"associations":{},"aggregations":{"content":{"method":"#getContent","multiple":"true","type":"sap.ui.core.Control","description":"Added content that should be positioned. Every content item should have a ResponsiveFlowLayoutData attached otherwise the default values are used.","helpDescription":"Added content that should be positioned. Every content item should have a ResponsiveFlowLayoutData attached otherwise the default values are used.","Deprecated":false,"Experimental":false,"fullName":"sap.ui.layout.ResponsiveFlowLayout#content"}},"events":{},"filetype":"class"},"sap.ui.layout.ResponsiveFlowLayoutData":{"description":"This is a LayoutData Element that can be added to a control if this control is used within a ResponsiveFlowLayout","helpDescription":"This is a LayoutData Element that can be added to a control if this control is used within a ResponsiveFlowLayout","Deprecated":false,"Experimental":false,"extend":"sap.ui.core.LayoutData","properties":{"minWidth":{"method":"#getMinWidth","group":"Misc","type":"int","defaultValue":"100","description":"This is the minimal size in pixels of an ResponsiveFlowLayout element. The element will be shrinked till this value.","helpDescription":"This is the minimal size in pixels of an ResponsiveFlowLayout element. The element will be shrinked till this value.","Deprecated":false,"Experimental":false,"fullName":"sap.ui.layout.ResponsiveFlowLayoutData#minWidth"},"weight":{"method":"#getWeight","group":"Misc","type":"int","defaultValue":"1","description":"This is the weight of the element that influences the resulting width. If there are several elements within a row of the ResponsiveFlowLayout each element could have another weight. The bigger the weight of a single element the wider it will be pumped up --> a bigger weight result a bigger width.","helpDescription":"This is the weight of the element that influences the resulting width. If there are several elements within a row of the ResponsiveFlowLayout each element could have another weight. The bigger the weight of a single element the wider it will be pumped up --> a bigger weight result a bigger width.","Deprecated":false,"Experimental":false,"fullName":"sap.ui.layout.ResponsiveFlowLayoutData#weight"},"linebreak":{"method":"#getLinebreak","group":"Misc","type":"boolean","defaultValue":"false","description":"If this property is set the control where this LayoutData is added to will always cause a linebreak within the ResponsiveFlowLayout","helpDescription":"If this property is set the control where this LayoutData is added to will always cause a linebreak within the ResponsiveFlowLayout","Deprecated":false,"Experimental":false,"fullName":"sap.ui.layout.ResponsiveFlowLayoutData#linebreak"},"margin":{"method":"#getMargin","group":"Misc","type":"boolean","defaultValue":"true","description":"This property prevents any margin of the element if set to false","helpDescription":"This property prevents any margin of the element if set to false","Deprecated":false,"Experimental":false,"fullName":"sap.ui.layout.ResponsiveFlowLayoutData#margin"},"linebreakable":{"method":"#getLinebreakable","group":"Misc","type":"boolean","defaultValue":"true","description":"If this value shows if an element can be wrapped into a new line. If this value is set to false, the min-width will be set to 0 and the wrapping is up to the previous element.","helpDescription":"If this value shows if an element can be wrapped into a new line. If this value is set to false, the min-width will be set to 0 and the wrapping is up to the previous element.","Deprecated":false,"Experimental":false,"fullName":"sap.ui.layout.ResponsiveFlowLayoutData#linebreakable"}},"associations":{},"aggregations":{},"events":{},"filetype":"class"},"sap.ui.layout.Splitter":{"description":"\nA layout that contains several content areas. The content that is added to the splitter should contain LayoutData of the type SplitterLayoutData that defines its size and size contraints.\n\nBy adding or changing SplitterLayoutData to the controls that make up the content areas, the size can be changed programatically. Additionally the contents can be made non-resizable individually and a minimal size (in px) can be set.\n\nThe orientation of the splitter can be set to horizontal (default) or vertical. All content areas of the splitter will be arranged in that way. In order to split vertically and horizontally at the same time, Splitters need to be nested.\n\nThe splitter bars can be focused to enable resizing of the content areas via keyboard. The contents size can be manipulated when the splitter bar is focused and Shift-Left/Down/Right/Up are pressed. When Shift-Home/End are pressed, the contents are set their minimum or maximum size (keep in mind though, that resizing an auto-size content-area next to another auto-size one might lead to the effect that the former does not take its maximum size but only the maximum size before recalculating auto sizes).\n\nThe splitter bars used for resizing the contents by the user can be set to different widths (or heights in vertical mode) and the splitter will automatically resize the other contents accordingly. In case the splitter bar is resized after the splitter has rendered, a manual resize has to be triggered by invoking triggerResize() on the Splitter.","helpDescription":"\nA layout that contains several content areas. The content that is added to the splitter should contain LayoutData of the type SplitterLayoutData that defines its size and size contraints.\n\nBy adding or changing SplitterLayoutData to the controls that make up the content areas, the size can be changed programatically. Additionally the contents can be made non-resizable individually and a minimal size (in px) can be set.\n\nThe orientation of the splitter can be set to horizontal (default) or vertical. All content areas of the splitter will be arranged in that way. In order to split vertically and horizontally at the same time, Splitters need to be nested.\n\nThe splitter bars can be focused to enable resizing of the content areas via keyboard. The contents size can be manipulated when the splitter bar is focused and Shift-Left/Down/Right/Up are pressed. When Shift-Home/End are pressed, the contents are set their minimum or maximum size (keep in mind though, that resizing an auto-size content-area next to another auto-size one might lead to the effect that the former does not take its maximum size but only the maximum size before recalculating auto sizes).\n\nThe splitter bars used for resizing the contents by the user can be set to different widths (or heights in vertical mode) and the splitter will automatically resize the other contents accordingly. In case the splitter bar is resized after the splitter has rendered, a manual resize has to be triggered by invoking triggerResize() on the Splitter.","Deprecated":false,"Experimental":false,"extend":"sap.ui.core.Control","properties":{"orientation":{"method":"#getOrientation","group":"Behavior","type":"sap.ui.core.Orientation","defaultValue":"Horizontal","description":"Whether to split the contents horizontally (default) or vertically.","helpDescription":"Whether to split the contents horizontally (default) or vertically.","Deprecated":false,"Experimental":false,"fullName":"sap.ui.layout.Splitter#orientation"},"width":{"method":"#getWidth","group":"Appearance","type":"sap.ui.core.CSSSize","defaultValue":"100%","description":"The width of the control","helpDescription":"The width of the control","Deprecated":false,"Experimental":false,"fullName":"sap.ui.layout.Splitter#width"},"height":{"method":"#getHeight","group":"Appearance","type":"sap.ui.core.CSSSize","defaultValue":"100%","description":"The height of the control","helpDescription":"The height of the control","Deprecated":false,"Experimental":false,"fullName":"sap.ui.layout.Splitter#height"}},"associations":{},"aggregations":{"contentAreas":{"method":"#getContentAreas","multiple":"true","type":"sap.ui.core.Control","description":"The content areas to be split. The control will show n-1 splitter bars between n controls in this aggregation.","helpDescription":"The content areas to be split. The control will show n-1 splitter bars between n controls in this aggregation.","Deprecated":false,"Experimental":false,"fullName":"sap.ui.layout.Splitter#contentAreas"}},"events":{"resize":{"method":"sap.ui.layout.Splitter#event:resize","type":"fnListenerFunction or [fnListenerFunction, oListenerObject] or [oData, fnListenerFunction, oListenerObject]","description":"Event is fired when contents are resized.","helpDescription":"Event is fired when contents are resized.","Deprecated":false,"Experimental":false,"fullName":"sap.ui.layout.Splitter#resize"}},"filetype":"class"},"sap.ui.layout.SplitterLayoutData":{"description":"Holds layout data for the splitter contents.\nAllowed size values are numeric values ending in \"px\" and \"%\" and the\nspecial case \"auto\".\n(The CSS value \"auto\" is used internally to recalculate the size of the content\ndynamically and is not directly set as style property.)","helpDescription":"<strong style=\"color: red;\">Experimental! </strong>","Deprecated":false,"Experimental":true,"extend":"sap.ui.core.LayoutData","properties":{"resizable":{"method":"#getResizable","group":"Behavior","type":"boolean","defaultValue":"true","description":"Determines whether the control in the splitter can be resized or not.","helpDescription":"Determines whether the control in the splitter can be resized or not.","Deprecated":false,"Experimental":false,"fullName":"sap.ui.layout.SplitterLayoutData#resizable"},"size":{"method":"#getSize","group":"Dimension","type":"sap.ui.core.CSSSize","defaultValue":"auto","description":"Sets the size of the splitter content.","helpDescription":"Sets the size of the splitter content.","Deprecated":false,"Experimental":false,"fullName":"sap.ui.layout.SplitterLayoutData#size"},"minSize":{"method":"#getMinSize","group":"Dimension","type":"int","defaultValue":"0","description":"Sets the minimum size of the splitter content in px.","helpDescription":"Sets the minimum size of the splitter content in px.","Deprecated":false,"Experimental":false,"fullName":"sap.ui.layout.SplitterLayoutData#minSize"}},"associations":{},"aggregations":{},"events":{},"filetype":"class"},"sap.ui.layout.VerticalLayout":{"description":"In this layout the elements are ordered one below the other","helpDescription":"In this layout the elements are ordered one below the other","Deprecated":false,"Experimental":false,"extend":"sap.ui.core.Control","properties":{"width":{"method":"#getWidth","group":"Dimension","type":"sap.ui.core.CSSSize","defaultValue":"null","description":"CSS width of the vertical layout.","helpDescription":"CSS width of the vertical layout.","Deprecated":false,"Experimental":false,"fullName":"sap.ui.layout.VerticalLayout#width"},"enabled":{"method":"#getEnabled","group":"Behavior","type":"boolean","defaultValue":"true","description":"\nIf not enabled all controls inside are not enabled automatically.","helpDescription":"\nIf not enabled all controls inside are not enabled automatically.","Deprecated":false,"Experimental":false,"fullName":"sap.ui.layout.VerticalLayout#enabled"}},"associations":{},"aggregations":{"content":{"method":"#getContent","multiple":"true","type":"sap.ui.core.Control","description":"Child Controls within the layout.","helpDescription":"Child Controls within the layout.","Deprecated":false,"Experimental":false,"fullName":"sap.ui.layout.VerticalLayout#content"}},"events":{},"filetype":"class"},"sap.ui.layout.form.Form":{"description":"Form control.\nHolder for form control to be rendered in a specific form layout.\nA Form supports VariantLayoutData for it's content to allow a simple switching of Layouts.","helpDescription":"Form control.\nHolder for form control to be rendered in a specific form layout.\nA Form supports VariantLayoutData for it's content to allow a simple switching of Layouts.","Deprecated":false,"Experimental":false,"extend":"sap.ui.core.Control","properties":{"width":{"method":"#getWidth","group":"Dimension","type":"sap.ui.core.CSSSize","defaultValue":"null","description":"Width of the form.","helpDescription":"Width of the form.","Deprecated":false,"Experimental":false,"fullName":"sap.ui.layout.form.Form#width"},"editable":{"method":"#getEditable","group":"Misc","type":"boolean","defaultValue":"null","description":"Applies a device and theme specific line-height to the form elements if the form has editable content.\nIn this case all (not only the editable) rows of the form will get the line height.\nThe accessibility aria-readonly attribute is set according to this property.\nThe setting of the property has no influence on the editable functionality of the form content.","helpDescription":"Applies a device and theme specific line-height to the form elements if the form has editable content.\nIn this case all (not only the editable) rows of the form will get the line height.\nThe accessibility aria-readonly attribute is set according to this property.\nThe setting of the property has no influence on the editable functionality of the form content.","Deprecated":false,"Experimental":false,"fullName":"sap.ui.layout.form.Form#editable"}},"associations":{"ariaLabelledBy":{"method":"#getAriaLabelledBy","multiple":"true","type":"sap.ui.core.Control","description":"Association to controls / ids which label this control (see WAI-ARIA attribute aria-labelledby).","helpDescription":"Association to controls / ids which label this control (see WAI-ARIA attribute aria-labelledby).","Deprecated":false,"Experimental":false,"fullName":"sap.ui.layout.form.Form#ariaLabelledBy"}},"aggregations":{"formContainers":{"method":"#getFormContainers","multiple":"true","type":"sap.ui.layout.form.FormContainer","description":"FormContainers with the content of the form.","helpDescription":"FormContainers with the content of the form.","Deprecated":false,"Experimental":false,"fullName":"sap.ui.layout.form.Form#formContainers"},"title":{"method":"#getTitle","multiple":"false","type":"sap.ui.core.Title","description":"Title element of the Form. Can either be a Label object, or a simple string.","helpDescription":"Title element of the Form. Can either be a Label object, or a simple string.","Deprecated":false,"Experimental":false,"fullName":"sap.ui.layout.form.Form#title"},"layout":{"method":"#getLayout","multiple":"false","type":"sap.ui.layout.form.FormLayout","description":"Layout of the form.","helpDescription":"Layout of the form.","Deprecated":false,"Experimental":false,"fullName":"sap.ui.layout.form.Form#layout"}},"events":{},"filetype":"class"},"sap.ui.layout.form.FormContainer":{"description":"Used to group form elements.","helpDescription":"Used to group form elements.","Deprecated":false,"Experimental":false,"extend":"sap.ui.core.Element","properties":{"expanded":{"method":"#getExpanded","group":"Misc","type":"boolean","defaultValue":"true","description":"Group is expanded.\nThis property works only if the Container is expandable.","helpDescription":"Group is expanded.\nThis property works only if the Container is expandable.","Deprecated":false,"Experimental":false,"fullName":"sap.ui.layout.form.FormContainer#expanded"},"expandable":{"method":"#getExpandable","group":"Misc","type":"boolean","defaultValue":"false","description":"Defines if the Container is expandable.\nThe expander icon will only be shown if a title is set for the Container.","helpDescription":"Defines if the Container is expandable.\nThe expander icon will only be shown if a title is set for the Container.","Deprecated":false,"Experimental":false,"fullName":"sap.ui.layout.form.FormContainer#expandable"},"visible":{"method":"#getVisible","group":"Misc","type":"boolean","defaultValue":"true","description":"Invisible FormContainers are not rendered.","helpDescription":"Invisible FormContainers are not rendered.","Deprecated":false,"Experimental":false,"fullName":"sap.ui.layout.form.FormContainer#visible"}},"associations":{},"aggregations":{"formElements":{"method":"#getFormElements","multiple":"true","type":"sap.ui.layout.form.FormElement","description":"Elements of the FormContainer.","helpDescription":"Elements of the FormContainer.","Deprecated":false,"Experimental":false,"fullName":"sap.ui.layout.form.FormContainer#formElements"},"title":{"method":"#getTitle","multiple":"false","type":"sap.ui.core.Title","description":"Title element of the Container. Can either be a Label object, or a simple string.","helpDescription":"Title element of the Container. Can either be a Label object, or a simple string.","Deprecated":false,"Experimental":false,"fullName":"sap.ui.layout.form.FormContainer#title"}},"events":{},"filetype":"class"},"sap.ui.layout.form.FormElement":{"description":"A form element is a combination of one label and different controls associated to this label.","helpDescription":"A form element is a combination of one label and different controls associated to this label.","Deprecated":false,"Experimental":false,"extend":"sap.ui.core.Element","properties":{"visible":{"method":"#getVisible","group":"Misc","type":"boolean","defaultValue":"true","description":"Invisible FormElements are not rendered.","helpDescription":"Invisible FormElements are not rendered.","Deprecated":false,"Experimental":false,"fullName":"sap.ui.layout.form.FormElement#visible"}},"associations":{},"aggregations":{"label":{"method":"#getLabel","multiple":"false","type":"sap.ui.core.Label","description":"Label of the fields. Can either be a Label object, or a simple string.","helpDescription":"Label of the fields. Can either be a Label object, or a simple string.","Deprecated":false,"Experimental":false,"fullName":"sap.ui.layout.form.FormElement#label"},"fields":{"method":"#getFields","multiple":"true","type":"sap.ui.core.Control","description":"Formular controls.","helpDescription":"Formular controls.","Deprecated":false,"Experimental":false,"fullName":"sap.ui.layout.form.FormElement#fields"}},"events":{},"filetype":"class"},"sap.ui.layout.form.FormLayout":{"description":"Base layout for Forms.\nOther Layouts must inherit from this one.","helpDescription":"Base layout for Forms.\nOther Layouts must inherit from this one.","Deprecated":false,"Experimental":false,"extend":"sap.ui.core.Control","properties":{},"associations":{},"aggregations":{},"events":{},"filetype":"class"},"sap.ui.layout.form.GridContainerData":{"description":"Grid layout specific properties for FormContainers.\nThe width and height properties of the elements are ignored since the witdh and heights are defined by the grid cells.","helpDescription":"Grid layout specific properties for FormContainers.\nThe width and height properties of the elements are ignored since the witdh and heights are defined by the grid cells.","Deprecated":false,"Experimental":false,"extend":"sap.ui.core.LayoutData","properties":{"halfGrid":{"method":"#getHalfGrid","group":"Misc","type":"boolean","defaultValue":"false","description":"If set the container takes half the width of the form (8cells), if not it's the full width (16 cells).\nIf the GridLayout is set to be singleColumn the full width of the Grid is only 8 cells. So containers are rendered only one per row.","helpDescription":"If set the container takes half the width of the form (8cells), if not it's the full width (16 cells).\nIf the GridLayout is set to be singleColumn the full width of the Grid is only 8 cells. So containers are rendered only one per row.","Deprecated":false,"Experimental":false,"fullName":"sap.ui.layout.form.GridContainerData#halfGrid"}},"associations":{},"aggregations":{},"events":{},"filetype":"class"},"sap.ui.layout.form.GridElementData":{"description":"The grid specific layout data for FormElement fields.\nThe width property of the elements is ignored since the width is defined by grid cells.","helpDescription":"The grid specific layout data for FormElement fields.\nThe width property of the elements is ignored since the width is defined by grid cells.","Deprecated":false,"Experimental":false,"extend":"sap.ui.core.LayoutData","properties":{"hCells":{"method":"#getHCells","group":"Appearance","type":"sap.ui.layout.form.GridElementCells","defaultValue":"auto","description":"Number of cells in horizontal direction.\nIf \"auto\" the size is determined by the number of fields and the available cells. For Labels the auto size is 3 cells.\nIf \"full\" only one field is allowed within the element. It gets the full width of the row and the label is displayed above. For Labels Full size has no effect.","helpDescription":"Number of cells in horizontal direction.\nIf \"auto\" the size is determined by the number of fields and the available cells. For Labels the auto size is 3 cells.\nIf \"full\" only one field is allowed within the element. It gets the full width of the row and the label is displayed above. For Labels Full size has no effect.","Deprecated":false,"Experimental":false,"fullName":"sap.ui.layout.form.GridElementData#hCells"},"vCells":{"method":"#getVCells","group":"Appearance","type":"int","defaultValue":"1","description":"Number of cells in vertical direction.\nThis property has no effect for labels.","helpDescription":"Number of cells in vertical direction.\nThis property has no effect for labels.","Deprecated":false,"Experimental":false,"fullName":"sap.ui.layout.form.GridElementData#vCells"}},"associations":{},"aggregations":{},"events":{},"filetype":"class"},"sap.ui.layout.form.GridLayout":{"description":"This Layout implements a guideline 2.0 grid. This can be a 16 column grid or an 8 column grid.\n\nTo adjust the content inside the GridLayout GridContainerData and GridElementData could be used.","helpDescription":"This Layout implements a guideline 2.0 grid. This can be a 16 column grid or an 8 column grid.\n\nTo adjust the content inside the GridLayout GridContainerData and GridElementData could be used.","Deprecated":false,"Experimental":false,"extend":"sap.ui.layout.form.FormLayout","properties":{"singleColumn":{"method":"#getSingleColumn","group":"Misc","type":"boolean","defaultValue":"false","description":"If set the Grid allows only one container column. That means one container is below the other. The whole grid has 8 cells per row.\n\nIf not set containers can use the full width of the grid or two container can be placed beside each other. In this case the whole grid has 16 cell per row.","helpDescription":"If set the Grid allows only one container column. That means one container is below the other. The whole grid has 8 cells per row.\n\nIf not set containers can use the full width of the grid or two container can be placed beside each other. In this case the whole grid has 16 cell per row.","Deprecated":false,"Experimental":false,"fullName":"sap.ui.layout.form.GridLayout#singleColumn"}},"associations":{},"aggregations":{},"events":{},"filetype":"class"},"sap.ui.layout.form.ResponsiveGridLayout":{"description":"Renders a form using a Grid. Internally the Grid is used.\nOn the FormContainers, Labels and Fields GridData can be used to change the default rendering. On FormElements GridDada are not supported.\nIf own GridData are used this may be much more complex than the default. So in some cases the calculation for the other content may nor bring the expected result. In this case GridData should be used at all content to disable the default behaviour.","helpDescription":"Renders a form using a Grid. Internally the Grid is used.\nOn the FormContainers, Labels and Fields GridData can be used to change the default rendering. On FormElements GridDada are not supported.\nIf own GridData are used this may be much more complex than the default. So in some cases the calculation for the other content may nor bring the expected result. In this case GridData should be used at all content to disable the default behaviour.","Deprecated":false,"Experimental":false,"extend":"sap.ui.layout.form.FormLayout","properties":{"labelSpanL":{"method":"#getLabelSpanL","group":"Misc","type":"int","defaultValue":"4","description":"Default span for labels in large size.\nThis span is only used if more than 1 container is in one line, if only 1 container is in the line the labelSpanM value is used.","helpDescription":"Default span for labels in large size.\nThis span is only used if more than 1 container is in one line, if only 1 container is in the line the labelSpanM value is used.","Deprecated":false,"Experimental":false,"fullName":"sap.ui.layout.form.ResponsiveGridLayout#labelSpanL"},"labelSpanM":{"method":"#getLabelSpanM","group":"Misc","type":"int","defaultValue":"2","description":"Default span for labels in medium size.\nThis property is used for full size containers. if more than one Container is in one line, labelSpanL is used.","helpDescription":"Default span for labels in medium size.\nThis property is used for full size containers. if more than one Container is in one line, labelSpanL is used.","Deprecated":false,"Experimental":false,"fullName":"sap.ui.layout.form.ResponsiveGridLayout#labelSpanM"},"labelSpanS":{"method":"#getLabelSpanS","group":"Misc","type":"int","defaultValue":"12","description":"Default span for labels in small size.","helpDescription":"Default span for labels in small size.","Deprecated":false,"Experimental":false,"fullName":"sap.ui.layout.form.ResponsiveGridLayout#labelSpanS"},"emptySpanL":{"method":"#getEmptySpanL","group":"Misc","type":"int","defaultValue":"0","description":"Number of grid cells that are empty at the end of each line on large size.","helpDescription":"Number of grid cells that are empty at the end of each line on large size.","Deprecated":false,"Experimental":false,"fullName":"sap.ui.layout.form.ResponsiveGridLayout#emptySpanL"},"emptySpanM":{"method":"#getEmptySpanM","group":"Misc","type":"int","defaultValue":"0","description":"Number of grid cells that are empty at the end of each line on medium size.","helpDescription":"Number of grid cells that are empty at the end of each line on medium size.","Deprecated":false,"Experimental":false,"fullName":"sap.ui.layout.form.ResponsiveGridLayout#emptySpanM"},"emptySpanS":{"method":"#getEmptySpanS","group":"Misc","type":"int","defaultValue":"0","description":"Number of grid cells that are empty at the end of each line on small size.","helpDescription":"Number of grid cells that are empty at the end of each line on small size.","Deprecated":false,"Experimental":false,"fullName":"sap.ui.layout.form.ResponsiveGridLayout#emptySpanS"},"columnsL":{"method":"#getColumnsL","group":"Misc","type":"int","defaultValue":"2","description":"Form columns for large size.\nThe number of columns for large size must not be smaller that the number of columns for medium size","helpDescription":"Form columns for large size.\nThe number of columns for large size must not be smaller that the number of columns for medium size","Deprecated":false,"Experimental":false,"fullName":"sap.ui.layout.form.ResponsiveGridLayout#columnsL"},"columnsM":{"method":"#getColumnsM","group":"Misc","type":"int","defaultValue":"1","description":"Form columns for medium size.","helpDescription":"Form columns for medium size.","Deprecated":false,"Experimental":false,"fullName":"sap.ui.layout.form.ResponsiveGridLayout#columnsM"},"breakpointL":{"method":"#getBreakpointL","group":"Misc","type":"int","defaultValue":"1024","description":"Breakpoint between Medium size and Large size.","helpDescription":"Breakpoint between Medium size and Large size.","Deprecated":false,"Experimental":false,"fullName":"sap.ui.layout.form.ResponsiveGridLayout#breakpointL"},"breakpointM":{"method":"#getBreakpointM","group":"Misc","type":"int","defaultValue":"600","description":"Breakpoint between Small size and Medium size.","helpDescription":"Breakpoint between Small size and Medium size.","Deprecated":false,"Experimental":false,"fullName":"sap.ui.layout.form.ResponsiveGridLayout#breakpointM"}},"associations":{},"aggregations":{},"events":{},"filetype":"class"},"sap.ui.layout.form.ResponsiveLayout":{"description":"Renders a form with responsive layout. Internally the ResponsiveFlowLayout is used.","helpDescription":"Renders a form with responsive layout. Internally the ResponsiveFlowLayout is used.","Deprecated":false,"Experimental":false,"extend":"sap.ui.layout.form.FormLayout","properties":{},"associations":{},"aggregations":{},"events":{},"filetype":"class"},"sap.ui.layout.form.SimpleForm":{"description":"Use the SimpleForm to create a form based on title, label and fields that are stacked in the content aggregation. Add Title to start a new FormContainer(Group). Add Label to start a new row in the container. Add Input/Display controls as needed. Use LayoutData to influence the layout for special cases in the Input/Display controls.","helpDescription":"Use the SimpleForm to create a form based on title, label and fields that are stacked in the content aggregation. Add Title to start a new FormContainer(Group). Add Label to start a new row in the container. Add Input/Display controls as needed. Use LayoutData to influence the layout for special cases in the Input/Display controls.","Deprecated":false,"Experimental":false,"extend":"sap.ui.core.Control","properties":{"maxContainerCols":{"method":"#getMaxContainerCols","group":"Appearance","type":"int","defaultValue":"2","description":"The maximum amount of inner FormContainers per row that is used before a new row is started.\n(If a ResponsiveGridLayout is used as layout this property is not used. Please use the properties ColumnsL and ColumnsM in this case.)","helpDescription":"The maximum amount of inner FormContainers per row that is used before a new row is started.\n(If a ResponsiveGridLayout is used as layout this property is not used. Please use the properties ColumnsL and ColumnsM in this case.)","Deprecated":false,"Experimental":false,"fullName":"sap.ui.layout.form.SimpleForm#maxContainerCols"},"minWidth":{"method":"#getMinWidth","group":"Appearance","type":"int","defaultValue":"-1","description":"The overall minimal width in pixels that is used for the SimpleForm. If the available width is below the given minWidth the SimpleForm will create a new row for the next FormContainer.\n-1 value is default meaning that inner FormContainers will be stacked until maxCols is reached, irrespective if a maxWidth is reached or the available parents width is reached.\n(only used if ResponsiveLayout is used as Layout)","helpDescription":"The overall minimal width in pixels that is used for the SimpleForm. If the available width is below the given minWidth the SimpleForm will create a new row for the next FormContainer.\n-1 value is default meaning that inner FormContainers will be stacked until maxCols is reached, irrespective if a maxWidth is reached or the available parents width is reached.\n(only used if ResponsiveLayout is used as Layout)","Deprecated":false,"Experimental":false,"fullName":"sap.ui.layout.form.SimpleForm#minWidth"},"width":{"method":"#getWidth","group":"Dimension","type":"sap.ui.core.CSSSize","defaultValue":"null","description":"Width of the form.","helpDescription":"Width of the form.","Deprecated":false,"Experimental":false,"fullName":"sap.ui.layout.form.SimpleForm#width"},"editable":{"method":"#getEditable","group":"Misc","type":"boolean","defaultValue":"null","description":"Applies a device and theme specific line-height to the form elements if the form has editable content.\nIn this case all (not only the editable) rows of the form will get the line height.","helpDescription":"Applies a device and theme specific line-height to the form elements if the form has editable content.\nIn this case all (not only the editable) rows of the form will get the line height.","Deprecated":false,"Experimental":false,"fullName":"sap.ui.layout.form.SimpleForm#editable"},"labelMinWidth":{"method":"#getLabelMinWidth","group":"Misc","type":"int","defaultValue":"192","description":"Specifies the min-width in pixels of the label in all form containers. (only used if ResponsiveLaout is used as Layout)","helpDescription":"Specifies the min-width in pixels of the label in all form containers. (only used if ResponsiveLaout is used as Layout)","Deprecated":false,"Experimental":false,"fullName":"sap.ui.layout.form.SimpleForm#labelMinWidth"},"layout":{"method":"#getLayout","group":"Misc","type":"sap.ui.layout.form.SimpleFormLayout","defaultValue":"ResponsiveLayout","description":"The FormLayout that is used to render the SimpleForm","helpDescription":"The FormLayout that is used to render the SimpleForm","Deprecated":false,"Experimental":false,"fullName":"sap.ui.layout.form.SimpleForm#layout"},"labelSpanL":{"method":"#getLabelSpanL","group":"Misc","type":"int","defaultValue":"4","description":"Default span for labels in large size.\nThis span is only used if more than 1 container is in one line, if only 1 container is in the line the labelSpanM value is used.\n(This property is only used if a ResponsiveGridLayout is used as Layout.)","helpDescription":"Default span for labels in large size.\nThis span is only used if more than 1 container is in one line, if only 1 container is in the line the labelSpanM value is used.\n(This property is only used if a ResponsiveGridLayout is used as Layout.)","Deprecated":false,"Experimental":false,"fullName":"sap.ui.layout.form.SimpleForm#labelSpanL"},"labelSpanM":{"method":"#getLabelSpanM","group":"Misc","type":"int","defaultValue":"2","description":"Default span for labels in medium size.\nThis property is used for full size containers. If more than one Container is in one line, labelSpanL is used.\n(This property is only used if a ResponsiveGridLayout is used as Layout.)","helpDescription":"Default span for labels in medium size.\nThis property is used for full size containers. If more than one Container is in one line, labelSpanL is used.\n(This property is only used if a ResponsiveGridLayout is used as Layout.)","Deprecated":false,"Experimental":false,"fullName":"sap.ui.layout.form.SimpleForm#labelSpanM"},"labelSpanS":{"method":"#getLabelSpanS","group":"Misc","type":"int","defaultValue":"12","description":"Default span for labels in small size.\n(This property is only used if a ResponsiveGridLayout is used as Layout.)","helpDescription":"Default span for labels in small size.\n(This property is only used if a ResponsiveGridLayout is used as Layout.)","Deprecated":false,"Experimental":false,"fullName":"sap.ui.layout.form.SimpleForm#labelSpanS"},"emptySpanL":{"method":"#getEmptySpanL","group":"Misc","type":"int","defaultValue":"0","description":"Number of grid cells that are empty at the end of each line on large size.\n(This property is only used if a ResponsiveGridLayout is used as Layout.)","helpDescription":"Number of grid cells that are empty at the end of each line on large size.\n(This property is only used if a ResponsiveGridLayout is used as Layout.)","Deprecated":false,"Experimental":false,"fullName":"sap.ui.layout.form.SimpleForm#emptySpanL"},"emptySpanM":{"method":"#getEmptySpanM","group":"Misc","type":"int","defaultValue":"0","description":"Number of grid cells that are empty at the end of each line on medium size.\n(This property is only used if a ResponsiveGridLayout is used as Layout.)","helpDescription":"Number of grid cells that are empty at the end of each line on medium size.\n(This property is only used if a ResponsiveGridLayout is used as Layout.)","Deprecated":false,"Experimental":false,"fullName":"sap.ui.layout.form.SimpleForm#emptySpanM"},"emptySpanS":{"method":"#getEmptySpanS","group":"Misc","type":"int","defaultValue":"0","description":"Number of grid cells that are empty at the end of each line on small size.\n(This property is only used if a ResponsiveGridLayout is used as Layout.)","helpDescription":"Number of grid cells that are empty at the end of each line on small size.\n(This property is only used if a ResponsiveGridLayout is used as Layout.)","Deprecated":false,"Experimental":false,"fullName":"sap.ui.layout.form.SimpleForm#emptySpanS"},"columnsL":{"method":"#getColumnsL","group":"Misc","type":"int","defaultValue":"2","description":"Form columns for large size.\nThe number of columns for large size must not be smaller that the number of columns for medium size.\n(This property is only used if a ResponsiveGridLayout is used as Layout.)","helpDescription":"Form columns for large size.\nThe number of columns for large size must not be smaller that the number of columns for medium size.\n(This property is only used if a ResponsiveGridLayout is used as Layout.)","Deprecated":false,"Experimental":false,"fullName":"sap.ui.layout.form.SimpleForm#columnsL"},"columnsM":{"method":"#getColumnsM","group":"Misc","type":"int","defaultValue":"1","description":"Form columns for medium size.\n(This property is only used if a ResponsiveGridLayout is used as Layout.)","helpDescription":"Form columns for medium size.\n(This property is only used if a ResponsiveGridLayout is used as Layout.)","Deprecated":false,"Experimental":false,"fullName":"sap.ui.layout.form.SimpleForm#columnsM"},"breakpointL":{"method":"#getBreakpointL","group":"Misc","type":"int","defaultValue":"1024","description":"Breakpoint between Medium size and Large size.\n(This property is only used if a ResponsiveGridLayout is used as Layout.)","helpDescription":"Breakpoint between Medium size and Large size.\n(This property is only used if a ResponsiveGridLayout is used as Layout.)","Deprecated":false,"Experimental":false,"fullName":"sap.ui.layout.form.SimpleForm#breakpointL"},"breakpointM":{"method":"#getBreakpointM","group":"Misc","type":"int","defaultValue":"600","description":"Breakpoint between Small size and Medium size.\n(This property is only used if a ResponsiveGridLayout is used as Layout.)","helpDescription":"Breakpoint between Small size and Medium size.\n(This property is only used if a ResponsiveGridLayout is used as Layout.)","Deprecated":false,"Experimental":false,"fullName":"sap.ui.layout.form.SimpleForm#breakpointM"}},"associations":{},"aggregations":{"content":{"method":"#getContent","multiple":"true","type":"sap.ui.core.Element","description":"The form content.\nAdd a Title control to start a new group (Container).\nAdd a Label control to start a new row (Element).\nAdd controls as Input fields, text fields or other as needed.\nUse LayoutData to influence the layout for special cases in the single controls.\nFor example, if a ResponsiveLayout is used as layout the form content is weighted using weight 3 for the labels and weight 5 for the fields part. Per default the label column is 192 pixels wide.\nIf your Input controls should influence their width you can add sap.ui.layout.ResponsiveFlowLayoutData to them via setLayoutData method.\nEnsure that the sum of the weights in the ResponsiveFlowLayoutData does not use more than 5 as this is the total width of Input control part of each form row.\nExample for a row where the Input takes 4 and the Text takes 1 weight:\nnew sap.ui.commons.Label({text:\"Label\"});\nnew sap.ui.commons.TextField({value:\"Weight 4\",\nlayoutData:new sap.ui.layout.ResponsiveFlowLayoutData({weight:4})}),\nnew sap.ui.commons.TextView({text:\"Weight 1\",\nlayoutData: new sap.ui.layout.ResponsiveFlowLayoutData({weight:1})}),","helpDescription":"The form content.\nAdd a Title control to start a new group (Container).\nAdd a Label control to start a new row (Element).\nAdd controls as Input fields, text fields or other as needed.\nUse LayoutData to influence the layout for special cases in the single controls.\nFor example, if a ResponsiveLayout is used as layout the form content is weighted using weight 3 for the labels and weight 5 for the fields part. Per default the label column is 192 pixels wide.\nIf your Input controls should influence their width you can add sap.ui.layout.ResponsiveFlowLayoutData to them via setLayoutData method.\nEnsure that the sum of the weights in the ResponsiveFlowLayoutData does not use more than 5 as this is the total width of Input control part of each form row.\nExample for a row where the Input takes 4 and the Text takes 1 weight:\nnew sap.ui.commons.Label({text:\"Label\"});\nnew sap.ui.commons.TextField({value:\"Weight 4\",\nlayoutData:new sap.ui.layout.ResponsiveFlowLayoutData({weight:4})}),\nnew sap.ui.commons.TextView({text:\"Weight 1\",\nlayoutData: new sap.ui.layout.ResponsiveFlowLayoutData({weight:1})}),","Deprecated":false,"Experimental":false,"fullName":"sap.ui.layout.form.SimpleForm#content"},"form":{"method":"#getForm","multiple":"false","type":"sap.ui.layout.form.Form","description":"Hidden, for internal use only.","helpDescription":"Hidden, for internal use only.","Deprecated":false,"Experimental":false,"fullName":"sap.ui.layout.form.SimpleForm#form"},"title":{"method":"#getTitle","multiple":"false","type":"sap.ui.core.Title","description":"Title element of the SimpleForm. Can either be a Label object, or a simple string.","helpDescription":"Title element of the SimpleForm. Can either be a Label object, or a simple string.","Deprecated":false,"Experimental":false,"fullName":"sap.ui.layout.form.SimpleForm#title"}},"events":{},"filetype":"class"},"sap.ui.layout.form":{"name":"sap.ui.layout.form","types":["sap.ui.layout.form.GridElementCells","sap.ui.layout.form.SimpleFormLayout"],"controls":["sap.ui.layout.form.Form","sap.ui.layout.form.FormLayout","sap.ui.layout.form.SimpleForm"],"elements":["sap.ui.layout.form.FormContainer","sap.ui.layout.form.FormElement"],"version":"1.29.1","filetype":"library"},"sap.ui.layout":{"name":"sap.ui.layout","types":["sap.ui.layout.GridIndent","sap.ui.layout.GridSpan","sap.ui.layout.form","sap.ui.layout.GridPosition"],"controls":["sap.ui.layout.FixFlex","sap.ui.layout.Grid","sap.ui.layout.HorizontalLayout","sap.ui.layout.ResponsiveFlowLayout","sap.ui.layout.Splitter","sap.ui.layout.VerticalLayout"],"version":"1.29.1","filetype":"library"},"sap.ui":{"name":"sap.ui","types":["sap.ui.layout"],"version":"1.29.1","filetype":"library"},"sap":{"name":"sap","types":["sap.ui"],"version":"1.29.1","filetype":"library"}},"enums":{"sap.ui.layout.GridPosition":{"Center":{"description":"Grid is centered on the screen.","helpDescription":"Grid is centered on the screen.","Deprecated":false,"Experimental":false,"value":"Center"},"Left":{"description":"Grid is aligned left.","helpDescription":"Grid is aligned left.","Deprecated":false,"Experimental":false,"value":"Left"},"Right":{"description":"Grid is aligned to the right.","helpDescription":"Grid is aligned to the right.","Deprecated":false,"Experimental":false,"value":"Right"}},"sap.ui.layout.form.SimpleFormLayout":{"GridLayout":{"description":"Uses the GridLayout for the SimpleForm","helpDescription":"Uses the GridLayout for the SimpleForm","Deprecated":false,"Experimental":false,"value":"GridLayout"},"ResponsiveGridLayout":{"description":"Uses the ResponsiveGridLayout for the SimpleForm","helpDescription":"Uses the ResponsiveGridLayout for the SimpleForm","Deprecated":false,"Experimental":false,"value":"ResponsiveGridLayout"},"ResponsiveLayout":{"description":"Uses the ResponsiveLayout for the SimpleForm","helpDescription":"Uses the ResponsiveLayout for the SimpleForm","Deprecated":false,"Experimental":false,"value":"ResponsiveLayout"}}}}