{"!name":"sap.ui.layout","!define":{"sap.ui.layout":{"Grid":"sap.ui.layout.Grid_obj","GridData":"sap.ui.layout.GridData_obj","HorizontalLayout":"sap.ui.layout.HorizontalLayout_obj","ResponsiveFlowLayout":"sap.ui.layout.ResponsiveFlowLayout_obj","ResponsiveFlowLayoutData":"sap.ui.layout.ResponsiveFlowLayoutData_obj","VerticalLayout":"sap.ui.layout.VerticalLayout_obj","form":"sap.ui.layout.form","!category":"namespace","!description":"SAPUI5 library with layout controls.","GridIndent":"sap.ui.layout.GridIndent","GridPosition":"sap.ui.layout.GridPosition","GridSpan":"sap.ui.layout.GridSpan"},"sap.ui.layout.Grid":{"!category":"class","!proto":"sap.ui.core.Control","!description":"The Grid control is a layout which positions its child controls in a 12 column flow layout. Its children can be specified to take on a variable amount of columns depending on available screen size. With this control it is possible to achieve flexible layouts and line-breaks for large-, medium- and small-sized screens, such as desktop, tablet, and mobile. The Grid control's width can be percentage- or pixel-based and the spacing between its columns can be set to various pre-defined values.","getWidth":{"!category":"function","!description":"Getter for property <code>width</code>.\nOptional. Width of the Grid. If not specified, then 100%.\n\nDefault value is <code>100%</code>","!type":"fn() -> sap.ui.core.CSSSize"},"setWidth":{"!category":"function","!description":"Setter for property <code>width</code>.\n\nDefault value is <code>100%</code>","!type":"fn(sWidth: sap.ui.core.CSSSize) -> sap.ui.layout.Grid"},"getVSpacing":{"!category":"function","!description":"Getter for property <code>vSpacing</code>.\nOptional. Vertical spacing between the rows in the Grid. In rem, can be 0, 1 and 2.\n\nDefault value is <code>1</code>","!type":"fn() -> Number"},"setVSpacing":{"!category":"function","!description":"Setter for property <code>vSpacing</code>.\n\nDefault value is <code>1</code>","!type":"fn(iVSpacing: Number) -> sap.ui.layout.Grid"},"getHSpacing":{"!category":"function","!description":"Getter for property <code>hSpacing</code>.\nOptional. Horizontal spacing between the content in the Grid. In rem, can be 0, 1 rem or 2 rem.\n\nDefault value is <code>1</code>","!type":"fn() -> Number"},"setHSpacing":{"!category":"function","!description":"Setter for property <code>hSpacing</code>.\n\nDefault value is <code>1</code>","!type":"fn(iHSpacing: Number) -> sap.ui.layout.Grid"},"getPosition":{"!category":"function","!description":"Getter for property <code>position</code>.\nOptional. Position of the Grid in the window or surrounding container. Possible values are \"Center\", \"Left\" and \"Right\".\n\nDefault value is <code>\"Left\"</code>","!type":"fn() -> sap.ui.layout.GridPosition"},"setPosition":{"!category":"function","!description":"Setter for property <code>position</code>.\n\nDefault value is <code>\"Left\"</code>","!type":"fn(oPosition: sap.ui.layout.GridPosition) -> sap.ui.layout.Grid"},"getDefaultSpan":{"!category":"function","!description":"Getter for property <code>defaultSpan</code>.\nOptional. A string type that represents Grid's default span values for large, medium and small screens for the whole Grid. Allowed values are separated by space Letters L, M or S followed by number of columns from 1 to 12 that the container has to take, for example: \"L2 M4 S6\", \"M12\", \"s10\" or \"l4 m4\". Note that the parameters has to be provided in the order large medium small.\n\nDefault value is <code>\"L3 M6 S12\"</code>","!type":"fn() -> sap.ui.layout.GridSpan"},"setDefaultSpan":{"!category":"function","!description":"Setter for property <code>defaultSpan</code>.\n\nDefault value is <code>\"L3 M6 S12\"</code>","!type":"fn(sDefaultSpan: sap.ui.layout.GridSpan) -> sap.ui.layout.Grid"},"getDefaultIndent":{"!category":"function","!description":"Getter for property <code>defaultIndent</code>.\nOptional. Defines default for the whole Grid numbers of empty columns before the current span begins. It can be defined for large, medium and small screens. Allowed values are separated by space Letters L, M or S followed by number of columns from 0 to 11 that the container has to take, for example: \"L2 M4 S6\", \"M12\", \"s10\" or \"l4 m4\". Note that the parameters has to be provided in the order large medium small.\n\nDefault value is <code>\"L0 M0 S0\"</code>","!type":"fn() -> sap.ui.layout.GridIndent"},"setDefaultIndent":{"!category":"function","!description":"Setter for property <code>defaultIndent</code>.\n\nDefault value is <code>\"L0 M0 S0\"</code>","!type":"fn(sDefaultIndent: sap.ui.layout.GridIndent) -> sap.ui.layout.Grid"},"getContainerQuery":{"!category":"function","!description":"Getter for property <code>containerQuery</code>.\nIf true then not the media Query ( device screen size), but the size of the container surrounding the grid defines the current range (large, medium or small).\n\nDefault value is <code>false</code>","!type":"fn() -> Boolean"},"setContainerQuery":{"!category":"function","!description":"Setter for property <code>containerQuery</code>.\n\nDefault value is <code>false</code>","!type":"fn(bContainerQuery: Boolean) -> sap.ui.layout.Grid"},"getContent":{"!category":"function","!description":"Getter for aggregation <code>content</code>.<br/>\nControls that are placed into Grid layout.\n\n<strong>Note</strong>: this is the default aggregation for Grid.","!type":"fn() -> [sap.ui.core.Control]"},"insertContent":{"!category":"function","!description":"Inserts a content into the aggregation named <code>content</code>.","!type":"fn(oContent: sap.ui.core.Control, iIndex: Number) -> sap.ui.layout.Grid"},"addContent":{"!category":"function","!description":"Adds some content <code>oContent</code> \nto the aggregation named <code>content</code>.","!type":"fn(oContent: sap.ui.core.Control) -> sap.ui.layout.Grid"},"removeContent":{"!category":"function","!description":"Removes an content from the aggregation named <code>content</code>.","!type":"fn(vContent: Number | String | sap.ui.core.Control) -> sap.ui.core.Control"},"removeAllContent":{"!category":"function","!description":"Removes all the controls in the aggregation named <code>content</code>.<br/>\nAdditionally unregisters them from the hosting UIArea.","!type":"fn() -> [sap.ui.core.Control]"},"indexOfContent":{"!category":"function","!description":"Checks for the provided <code>sap.ui.core.Control</code> in the aggregation named <code>content</code> \nand returns its index if found or -1 otherwise.","!type":"fn(oContent: sap.ui.core.Control) -> Number"},"destroyContent":{"!category":"function","!description":"Destroys all the content in the aggregation \nnamed <code>content</code>.","!type":"fn() -> sap.ui.layout.Grid"}},"sap.ui.layout.Grid_obj":{"prototype":"sap.ui.layout.Grid","!type":"fn(sId?: String, mSettings?: Object)","extend":{"!category":"function","!description":"Creates a new subclass of class sap.ui.layout.Grid with name <code>sClassName</code> \nand enriches it with the information contained in <code>oClassInfo</code>.\n\n<code>oClassInfo</code> might contain the same kind of informations as described in {@link sap.ui.core.Element.extend Element.extend}.","!type":"fn(sClassName: String, oClassInfo?: Object, FNMetaImpl?: fn())"}},"sap.ui.layout.GridData":{"!category":"class","!proto":"sap.ui.core.LayoutData","!description":"Grid layout data","getSpan":{"!category":"function","!description":"Getter for property <code>span</code>.\nA string type that represents Grid's span values for large, medium and small screens. Allowed values are separated by space Letters L, M or S followed by number of columns from 1 to 12 that the container has to take, for example: \"L2 M4 S6\", \"M12\", \"s10\" or \"l4 m4\". Note that the parameters has to be provided in the order large medium small.\n\nDefault value is empty/<code>undefined</code>","!type":"fn() -> sap.ui.layout.GridSpan"},"setSpan":{"!category":"function","!description":"Setter for property <code>span</code>.\n\nDefault value is empty/<code>undefined</code>","!type":"fn(sSpan: sap.ui.layout.GridSpan) -> sap.ui.layout.GridData"},"getSpanL":{"!category":"function","!description":"Getter for property <code>spanL</code>.\nOptional. Defines a span value for large screens. This value overwrites the value for large screens defined in the parameter \"span\".\n\nDefault value is empty/<code>undefined</code>","!type":"fn() -> Number"},"setSpanL":{"!category":"function","!description":"Setter for property <code>spanL</code>.\n\nDefault value is empty/<code>undefined</code>","!type":"fn(iSpanL: Number) -> sap.ui.layout.GridData"},"getSpanM":{"!category":"function","!description":"Getter for property <code>spanM</code>.\nOptional. Defines a span value for medium size screens. This value overwrites the value for medium screens defined in the parameter \"span\".\n\nDefault value is empty/<code>undefined</code>","!type":"fn() -> Number"},"setSpanM":{"!category":"function","!description":"Setter for property <code>spanM</code>.\n\nDefault value is empty/<code>undefined</code>","!type":"fn(iSpanM: Number) -> sap.ui.layout.GridData"},"getSpanS":{"!category":"function","!description":"Getter for property <code>spanS</code>.\nOptional. Defines a span value for small screens. This value overwrites the value for small screens defined in the parameter \"span\".\n\nDefault value is empty/<code>undefined</code>","!type":"fn() -> Number"},"setSpanS":{"!category":"function","!description":"Setter for property <code>spanS</code>.\n\nDefault value is empty/<code>undefined</code>","!type":"fn(iSpanS: Number) -> sap.ui.layout.GridData"},"getIndent":{"!category":"function","!description":"Getter for property <code>indent</code>.\nA string type that represents Grid's span values for large, medium and small screens. Allowed values are separated by space Letters L, M or S followed by number of columns from 1 to 12 that the container has to take, for example: \"L2 M4 S6\", \"M12\", \"s10\" or \"l4 m4\". Note that the parameters has to be provided in the order large medium small.\n\nDefault value is empty/<code>undefined</code>","!type":"fn() -> sap.ui.layout.GridIndent"},"setIndent":{"!category":"function","!description":"Setter for property <code>indent</code>.\n\nDefault value is empty/<code>undefined</code>","!type":"fn(sIndent: sap.ui.layout.GridIndent) -> sap.ui.layout.GridData"},"getIndentL":{"!category":"function","!description":"Getter for property <code>indentL</code>.\nOptional. Defines a span value for large screens. This value overwrites the value for large screens defined in the parameter \"indent\".\n\nDefault value is empty/<code>undefined</code>","!type":"fn() -> Number"},"setIndentL":{"!category":"function","!description":"Setter for property <code>indentL</code>.\n\nDefault value is empty/<code>undefined</code>","!type":"fn(iIndentL: Number) -> sap.ui.layout.GridData"},"getIndentM":{"!category":"function","!description":"Getter for property <code>indentM</code>.\nOptional. Defines a span value for medium size screens. This value overwrites the value for medium screens defined in the parameter \"indent\".\n\nDefault value is empty/<code>undefined</code>","!type":"fn() -> Number"},"setIndentM":{"!category":"function","!description":"Setter for property <code>indentM</code>.\n\nDefault value is empty/<code>undefined</code>","!type":"fn(iIndentM: Number) -> sap.ui.layout.GridData"},"getIndentS":{"!category":"function","!description":"Getter for property <code>indentS</code>.\nOptional. Defines a span value for small screens. This value overwrites the value for small screens defined in the parameter \"indent\".\n\nDefault value is empty/<code>undefined</code>","!type":"fn() -> Number"},"setIndentS":{"!category":"function","!description":"Setter for property <code>indentS</code>.\n\nDefault value is empty/<code>undefined</code>","!type":"fn(iIndentS: Number) -> sap.ui.layout.GridData"},"getVisibleL":{"!category":"function","!description":"Getter for property <code>visibleL</code>.\nDefines if this Control is visible on Large screens.\n\nDefault value is <code>true</code>","!type":"fn() -> Boolean"},"setVisibleL":{"!category":"function","!description":"Setter for property <code>visibleL</code>.\n\nDefault value is <code>true</code>","!type":"fn(bVisibleL: Boolean) -> sap.ui.layout.GridData"},"getVisibleM":{"!category":"function","!description":"Getter for property <code>visibleM</code>.\nDefines if this Control is visible on Medium size screens.\n\nDefault value is <code>true</code>","!type":"fn() -> Boolean"},"setVisibleM":{"!category":"function","!description":"Setter for property <code>visibleM</code>.\n\nDefault value is <code>true</code>","!type":"fn(bVisibleM: Boolean) -> sap.ui.layout.GridData"},"getVisibleS":{"!category":"function","!description":"Getter for property <code>visibleS</code>.\nDefines if this Control is visible on small screens.\n\nDefault value is <code>true</code>","!type":"fn() -> Boolean"},"setVisibleS":{"!category":"function","!description":"Setter for property <code>visibleS</code>.\n\nDefault value is <code>true</code>","!type":"fn(bVisibleS: Boolean) -> sap.ui.layout.GridData"},"getMoveBackwards":{"!category":"function","!description":"Getter for property <code>moveBackwards</code>.\nOptional. Moves a cell backwards so many columns as specified.\n\nDefault value is empty/<code>undefined</code>","!type":"fn() -> sap.ui.layout.GridIndent"},"setMoveBackwards":{"!category":"function","!description":"Setter for property <code>moveBackwards</code>.\n\nDefault value is empty/<code>undefined</code>","!type":"fn(sMoveBackwards: sap.ui.layout.GridIndent) -> sap.ui.layout.GridData"},"getMoveForward":{"!category":"function","!description":"Getter for property <code>moveForward</code>.\nOptional. Moves a cell forwards so many columns as specified.\n\nDefault value is empty/<code>undefined</code>","!type":"fn() -> sap.ui.layout.GridIndent"},"setMoveForward":{"!category":"function","!description":"Setter for property <code>moveForward</code>.\n\nDefault value is empty/<code>undefined</code>","!type":"fn(sMoveForward: sap.ui.layout.GridIndent) -> sap.ui.layout.GridData"},"getLinebreak":{"!category":"function","!description":"Getter for property <code>linebreak</code>.\nOptional. If this property is set to true, the control on all-size screens causes a line break within the Grid and becomes the first within the next line.\n\nDefault value is <code>false</code>","!type":"fn() -> Boolean"},"setLinebreak":{"!category":"function","!description":"Setter for property <code>linebreak</code>.\n\nDefault value is <code>false</code>","!type":"fn(bLinebreak: Boolean) -> sap.ui.layout.GridData"},"getLinebreakL":{"!category":"function","!description":"Getter for property <code>linebreakL</code>.\nOptional. If this property is set to true, the control on large screens causes a line break within the Grid and becomes the first within the next line.\n\nDefault value is <code>false</code>","!type":"fn() -> Boolean"},"setLinebreakL":{"!category":"function","!description":"Setter for property <code>linebreakL</code>.\n\nDefault value is <code>false</code>","!type":"fn(bLinebreakL: Boolean) -> sap.ui.layout.GridData"},"getLinebreakM":{"!category":"function","!description":"Getter for property <code>linebreakM</code>.\nOptional. If this property is set to true, the control on medium sized screens causes a line break within the Grid and becomes the first within the next line.\n\nDefault value is <code>false</code>","!type":"fn() -> Boolean"},"setLinebreakM":{"!category":"function","!description":"Setter for property <code>linebreakM</code>.\n\nDefault value is <code>false</code>","!type":"fn(bLinebreakM: Boolean) -> sap.ui.layout.GridData"},"getLinebreakS":{"!category":"function","!description":"Getter for property <code>linebreakS</code>.\nOptional. If this property is set to true, the control on small screens causes a line break within the Grid and becomes the first within the next line.\n\nDefault value is <code>false</code>","!type":"fn() -> Boolean"},"setLinebreakS":{"!category":"function","!description":"Setter for property <code>linebreakS</code>.\n\nDefault value is <code>false</code>","!type":"fn(bLinebreakS: Boolean) -> sap.ui.layout.GridData"},"getSpanLarge":{"!category":"function","!description":"Getter for property <code>spanLarge</code>.\nDeprecated. Defines a span value for large screens. This value overwrites the value for large screens defined in the parameter \"span\".\n\nDefault value is empty/<code>undefined</code>","!type":"fn() -> Number"},"setSpanLarge":{"!category":"function","!description":"Setter for property <code>spanLarge</code>.\n\nDefault value is empty/<code>undefined</code>","!type":"fn(iSpanLarge: Number) -> sap.ui.layout.GridData"},"getSpanMedium":{"!category":"function","!description":"Getter for property <code>spanMedium</code>.\nDeprecated. Defines a span value for medium size screens. This value overwrites the value for medium screens defined in the parameter \"span\".\n\nDefault value is empty/<code>undefined</code>","!type":"fn() -> Number"},"setSpanMedium":{"!category":"function","!description":"Setter for property <code>spanMedium</code>.\n\nDefault value is empty/<code>undefined</code>","!type":"fn(iSpanMedium: Number) -> sap.ui.layout.GridData"},"getSpanSmall":{"!category":"function","!description":"Getter for property <code>spanSmall</code>.\nDeprecated. Defines a span value for small screens. This value overwrites the value for small screens defined in the parameter \"span\".\n\nDefault value is empty/<code>undefined</code>","!type":"fn() -> Number"},"setSpanSmall":{"!category":"function","!description":"Setter for property <code>spanSmall</code>.\n\nDefault value is empty/<code>undefined</code>","!type":"fn(iSpanSmall: Number) -> sap.ui.layout.GridData"},"getIndentLarge":{"!category":"function","!description":"Getter for property <code>indentLarge</code>.\nDeprecated. Defines a span value for large screens. This value overwrites the value for large screens defined in the parameter \"indent\".\n\nDefault value is empty/<code>undefined</code>","!type":"fn() -> Number"},"setIndentLarge":{"!category":"function","!description":"Setter for property <code>indentLarge</code>.\n\nDefault value is empty/<code>undefined</code>","!type":"fn(iIndentLarge: Number) -> sap.ui.layout.GridData"},"getIndentMedium":{"!category":"function","!description":"Getter for property <code>indentMedium</code>.\nDeprecated. Defines a span value for medium size screens. This value overwrites the value for medium screens defined in the parameter \"indent\".\n\nDefault value is empty/<code>undefined</code>","!type":"fn() -> Number"},"setIndentMedium":{"!category":"function","!description":"Setter for property <code>indentMedium</code>.\n\nDefault value is empty/<code>undefined</code>","!type":"fn(iIndentMedium: Number) -> sap.ui.layout.GridData"},"getIndentSmall":{"!category":"function","!description":"Getter for property <code>indentSmall</code>.\nDeprecated. Defines a span value for small screens. This value overwrites the value for small screens defined in the parameter \"indent\".\n\nDefault value is empty/<code>undefined</code>","!type":"fn() -> Number"},"setIndentSmall":{"!category":"function","!description":"Setter for property <code>indentSmall</code>.\n\nDefault value is empty/<code>undefined</code>","!type":"fn(iIndentSmall: Number) -> sap.ui.layout.GridData"},"getVisibleOnLarge":{"!category":"function","!description":"Getter for property <code>visibleOnLarge</code>.\nDeprecated. Defines if this Control is visible on Large screens.\n\nDefault value is <code>true</code>","!type":"fn() -> Boolean"},"setVisibleOnLarge":{"!category":"function","!description":"Setter for property <code>visibleOnLarge</code>.\n\nDefault value is <code>true</code>","!type":"fn(bVisibleOnLarge: Boolean) -> sap.ui.layout.GridData"},"getVisibleOnMedium":{"!category":"function","!description":"Getter for property <code>visibleOnMedium</code>.\nDeprecated. Defines if this Control is visible on Medium size screens.\n\nDefault value is <code>true</code>","!type":"fn() -> Boolean"},"setVisibleOnMedium":{"!category":"function","!description":"Setter for property <code>visibleOnMedium</code>.\n\nDefault value is <code>true</code>","!type":"fn(bVisibleOnMedium: Boolean) -> sap.ui.layout.GridData"},"getVisibleOnSmall":{"!category":"function","!description":"Getter for property <code>visibleOnSmall</code>.\nDeprecated. Defines if this Control is visible on small screens.\n\nDefault value is <code>true</code>","!type":"fn() -> Boolean"},"setVisibleOnSmall":{"!category":"function","!description":"Setter for property <code>visibleOnSmall</code>.\n\nDefault value is <code>true</code>","!type":"fn(bVisibleOnSmall: Boolean) -> sap.ui.layout.GridData"}},"sap.ui.layout.GridData_obj":{"prototype":"sap.ui.layout.GridData","!type":"fn(sId?: String, mSettings?: Object)","extend":{"!category":"function","!description":"Creates a new subclass of class sap.ui.layout.GridData with name <code>sClassName</code> \nand enriches it with the information contained in <code>oClassInfo</code>.\n\n<code>oClassInfo</code> might contain the same kind of informations as described in {@link sap.ui.core.Element.extend Element.extend}.","!type":"fn(sClassName: String, oClassInfo?: Object, FNMetaImpl?: fn())"}},"sap.ui.layout.HorizontalLayout":{"!category":"class","!proto":"sap.ui.core.Control","!description":"A layout that provides support for horizontal alignment of controls","getAllowWrapping":{"!category":"function","!description":"Getter for property <code>allowWrapping</code>.\nSpecifies whether the content inside the Layout shall be line-wrapped in the case that there is less horizontal space available than required.\n\nDefault value is <code>false</code>","!type":"fn() -> Boolean"},"setAllowWrapping":{"!category":"function","!description":"Setter for property <code>allowWrapping</code>.\n\nDefault value is <code>false</code>","!type":"fn(bAllowWrapping: Boolean) -> sap.ui.layout.HorizontalLayout"},"getVisible":{"!category":"function","!description":"Getter for property <code>visible</code>.\nWhether this HorizontalLayout is visible.\n\nDefault value is <code>true</code>","!type":"fn() -> Boolean"},"setVisible":{"!category":"function","!description":"Setter for property <code>visible</code>.\n\nDefault value is <code>true</code>","!type":"fn(bVisible: Boolean) -> sap.ui.layout.HorizontalLayout"},"getContent":{"!category":"function","!description":"Getter for aggregation <code>content</code>.<br/>\nThe controls inside this layout\n\n<strong>Note</strong>: this is the default aggregation for HorizontalLayout.","!type":"fn() -> [sap.ui.core.Control]"},"insertContent":{"!category":"function","!description":"Inserts a content into the aggregation named <code>content</code>.","!type":"fn(oContent: sap.ui.core.Control, iIndex: Number) -> sap.ui.layout.HorizontalLayout"},"addContent":{"!category":"function","!description":"Adds some content <code>oContent</code> \nto the aggregation named <code>content</code>.","!type":"fn(oContent: sap.ui.core.Control) -> sap.ui.layout.HorizontalLayout"},"removeContent":{"!category":"function","!description":"Removes an content from the aggregation named <code>content</code>.","!type":"fn(vContent: Number | String | sap.ui.core.Control) -> sap.ui.core.Control"},"removeAllContent":{"!category":"function","!description":"Removes all the controls in the aggregation named <code>content</code>.<br/>\nAdditionally unregisters them from the hosting UIArea.","!type":"fn() -> [sap.ui.core.Control]"},"indexOfContent":{"!category":"function","!description":"Checks for the provided <code>sap.ui.core.Control</code> in the aggregation named <code>content</code> \nand returns its index if found or -1 otherwise.","!type":"fn(oContent: sap.ui.core.Control) -> Number"},"destroyContent":{"!category":"function","!description":"Destroys all the content in the aggregation \nnamed <code>content</code>.","!type":"fn() -> sap.ui.layout.HorizontalLayout"}},"sap.ui.layout.HorizontalLayout_obj":{"prototype":"sap.ui.layout.HorizontalLayout","!type":"fn(sId?: String, mSettings?: Object)","extend":{"!category":"function","!description":"Creates a new subclass of class sap.ui.layout.HorizontalLayout with name <code>sClassName</code> \nand enriches it with the information contained in <code>oClassInfo</code>.\n\n<code>oClassInfo</code> might contain the same kind of informations as described in {@link sap.ui.core.Element.extend Element.extend}.","!type":"fn(sClassName: String, oClassInfo?: Object, FNMetaImpl?: fn())"}},"sap.ui.layout.ResponsiveFlowLayout":{"!category":"class","!proto":"sap.ui.core.Control","!description":"This is a layout where several controls can be added. These controls are blown up to fit a whole line. If the window resizes the controls are moved between the lines and resized again.","getResponsive":{"!category":"function","!description":"Getter for property <code>responsive</code>.\nIf this property is 'false' all added controls keep their widths. Otherwise all added controls will be extended to the possible width of a row.\n\nDefault value is <code>true</code>","!type":"fn() -> Boolean"},"setResponsive":{"!category":"function","!description":"Setter for property <code>responsive</code>.\n\nDefault value is <code>true</code>","!type":"fn(bResponsive: Boolean) -> sap.ui.layout.ResponsiveFlowLayout"},"getContent":{"!category":"function","!description":"Getter for aggregation <code>content</code>.<br/>\nAdded content that should be positioned. Every content item should have a ResponsiveFlowLayoutData attached otherwise the default values are used.\n\n<strong>Note</strong>: this is the default aggregation for ResponsiveFlowLayout.","!type":"fn() -> [sap.ui.core.Control]"},"insertContent":{"!category":"function","!description":"These function needs to be overridden to prevent any rendering while some\ncontent is still being added.","!type":"fn(oContent?: Object, iIndex?: Number)"},"addContent":{"!category":"function","!description":"These function needs to be overridden to prevent any rendering while some\ncontent is still being added.","!type":"fn(oContent?: Object)"},"removeContent":{"!category":"function","!description":"These function needs to be overridden to prevent any rendering while some\ncontent is still being added.","!type":"fn(oContent?: Object)"},"removeAllContent":{"!category":"function","!description":"Removes all the controls in the aggregation named <code>content</code>.<br/>\nAdditionally unregisters them from the hosting UIArea.","!type":"fn() -> [sap.ui.core.Control]"},"indexOfContent":{"!category":"function","!description":"Checks for the provided <code>sap.ui.core.Control</code> in the aggregation named <code>content</code> \nand returns its index if found or -1 otherwise.","!type":"fn(oContent: sap.ui.core.Control) -> Number"},"destroyContent":{"!category":"function","!description":"Destroys all the content in the aggregation \nnamed <code>content</code>.","!type":"fn() -> sap.ui.layout.ResponsiveFlowLayout"}},"sap.ui.layout.ResponsiveFlowLayout_obj":{"prototype":"sap.ui.layout.ResponsiveFlowLayout","!type":"fn(sId?: String, mSettings?: Object)","extend":{"!category":"function","!description":"Creates a new subclass of class sap.ui.layout.ResponsiveFlowLayout with name <code>sClassName</code> \nand enriches it with the information contained in <code>oClassInfo</code>.\n\n<code>oClassInfo</code> might contain the same kind of informations as described in {@link sap.ui.core.Element.extend Element.extend}.","!type":"fn(sClassName: String, oClassInfo?: Object, FNMetaImpl?: fn())"}},"sap.ui.layout.ResponsiveFlowLayoutData":{"!category":"class","!proto":"sap.ui.core.LayoutData","!description":"This is a LayoutData Element that can be added to a control if this control is used within a ResponsiveFlowLayout","getMinWidth":{"!category":"function","!description":"Getter for property <code>minWidth</code>.\nThis is the minimal size in pixels of an ResponsiveFlowLayout element. The element will be shrinked till this value.\n\nDefault value is <code>100</code>","!type":"fn() -> Number"},"setMinWidth":{"!category":"function","!description":"Setter for property <code>minWidth</code>.\n\nDefault value is <code>100</code>","!type":"fn(iMinWidth: Number) -> sap.ui.layout.ResponsiveFlowLayoutData"},"getWeight":{"!category":"function","!description":"Getter for property <code>weight</code>.\nThis is the weight of the element that influences the resulting width. If there are several elements within a row of the ResponsiveFlowLayout each element could have another weight. The bigger the weight of a single element the wider it will be pumped up --> a bigger weight result a bigger width.\n\nDefault value is <code>1</code>","!type":"fn() -> Number"},"setWeight":{"!category":"function","!description":"Setter for property <code>weight</code>.\n\nDefault value is <code>1</code>","!type":"fn(iWeight: Number) -> sap.ui.layout.ResponsiveFlowLayoutData"},"getLinebreak":{"!category":"function","!description":"Getter for property <code>linebreak</code>.\nIf this property is set the control where this LayoutData is added to will always cause a linebreak within the ResponsiveFlowLayout\n\nDefault value is <code>false</code>","!type":"fn() -> Boolean"},"setLinebreak":{"!category":"function","!description":"Setter for property <code>linebreak</code>.\n\nDefault value is <code>false</code>","!type":"fn(bLinebreak: Boolean) -> sap.ui.layout.ResponsiveFlowLayoutData"},"getMargin":{"!category":"function","!description":"Getter for property <code>margin</code>.\nThis property prevents any margin of the element if set to false\n\nDefault value is <code>true</code>","!type":"fn() -> Boolean"},"setMargin":{"!category":"function","!description":"Setter for property <code>margin</code>.\n\nDefault value is <code>true</code>","!type":"fn(bMargin: Boolean) -> sap.ui.layout.ResponsiveFlowLayoutData"},"getLinebreakable":{"!category":"function","!description":"Getter for property <code>linebreakable</code>.\nIf this value shows if an element can be wrapped into a new line. If this value is set to false, the min-width will be set to 0 and the wrapping is up to the previous element.\n\nDefault value is <code>true</code>","!type":"fn() -> Boolean"},"setLinebreakable":{"!category":"function","!description":"Setter for property <code>linebreakable</code>.\n\nDefault value is <code>true</code>","!type":"fn(bLinebreakable: Boolean) -> sap.ui.layout.ResponsiveFlowLayoutData"}},"sap.ui.layout.ResponsiveFlowLayoutData_obj":{"prototype":"sap.ui.layout.ResponsiveFlowLayoutData","!type":"fn(sId?: String, mSettings?: Object)","extend":{"!category":"function","!description":"Creates a new subclass of class sap.ui.layout.ResponsiveFlowLayoutData with name <code>sClassName</code> \nand enriches it with the information contained in <code>oClassInfo</code>.\n\n<code>oClassInfo</code> might contain the same kind of informations as described in {@link sap.ui.core.Element.extend Element.extend}.","!type":"fn(sClassName: String, oClassInfo?: Object, FNMetaImpl?: fn())"}},"sap.ui.layout.VerticalLayout":{"!category":"class","!proto":"sap.ui.core.Control","!description":"In this layout the elemnts are orderd one below the other","getWidth":{"!category":"function","!description":"Getter for property <code>width</code>.\nCSS width of the vertical layout.\n\n\nDefault value is empty/<code>undefined</code>","!type":"fn() -> sap.ui.core.CSSSize"},"setWidth":{"!category":"function","!description":"Setter for property <code>width</code>.\n\nDefault value is empty/<code>undefined</code>","!type":"fn(sWidth: sap.ui.core.CSSSize) -> sap.ui.layout.VerticalLayout"},"getEnabled":{"!category":"function","!description":"Getter for property <code>enabled</code>.\n\nIf not enabled all controls inside are not enabled automatically.\n\n\nDefault value is <code>true</code>","!type":"fn() -> Boolean"},"setEnabled":{"!category":"function","!description":"Setter for property <code>enabled</code>.\n\nDefault value is <code>true</code>","!type":"fn(bEnabled: Boolean) -> sap.ui.layout.VerticalLayout"},"getVisible":{"!category":"function","!description":"Getter for property <code>visible</code>.\nWhether this VerticalLayout is visible.\n\nDefault value is <code>true</code>","!type":"fn() -> Boolean"},"setVisible":{"!category":"function","!description":"Setter for property <code>visible</code>.\n\nDefault value is <code>true</code>","!type":"fn(bVisible: Boolean) -> sap.ui.layout.VerticalLayout"},"getContent":{"!category":"function","!description":"Getter for aggregation <code>content</code>.<br/>\nChild Controls within the layout.\n\n<strong>Note</strong>: this is the default aggregation for VerticalLayout.","!type":"fn() -> [sap.ui.core.Control]"},"insertContent":{"!category":"function","!description":"Inserts a content into the aggregation named <code>content</code>.","!type":"fn(oContent: sap.ui.core.Control, iIndex: Number) -> sap.ui.layout.VerticalLayout"},"addContent":{"!category":"function","!description":"Adds some content <code>oContent</code> \nto the aggregation named <code>content</code>.","!type":"fn(oContent: sap.ui.core.Control) -> sap.ui.layout.VerticalLayout"},"removeContent":{"!category":"function","!description":"Removes an content from the aggregation named <code>content</code>.","!type":"fn(vContent: Number | String | sap.ui.core.Control) -> sap.ui.core.Control"},"removeAllContent":{"!category":"function","!description":"Removes all the controls in the aggregation named <code>content</code>.<br/>\nAdditionally unregisters them from the hosting UIArea.","!type":"fn() -> [sap.ui.core.Control]"},"indexOfContent":{"!category":"function","!description":"Checks for the provided <code>sap.ui.core.Control</code> in the aggregation named <code>content</code> \nand returns its index if found or -1 otherwise.","!type":"fn(oContent: sap.ui.core.Control) -> Number"},"destroyContent":{"!category":"function","!description":"Destroys all the content in the aggregation \nnamed <code>content</code>.","!type":"fn() -> sap.ui.layout.VerticalLayout"}},"sap.ui.layout.VerticalLayout_obj":{"prototype":"sap.ui.layout.VerticalLayout","!type":"fn(sId?: String, mSettings?: Object)","extend":{"!category":"function","!description":"Creates a new subclass of class sap.ui.layout.VerticalLayout with name <code>sClassName</code> \nand enriches it with the information contained in <code>oClassInfo</code>.\n\n<code>oClassInfo</code> might contain the same kind of informations as described in {@link sap.ui.core.Element.extend Element.extend}.","!type":"fn(sClassName: String, oClassInfo?: Object, FNMetaImpl?: fn())"}},"sap.ui.layout.form":{"Form":"sap.ui.layout.form.Form_obj","FormContainer":"sap.ui.layout.form.FormContainer_obj","FormElement":"sap.ui.layout.form.FormElement_obj","FormLayout":"sap.ui.layout.form.FormLayout_obj","GridContainerData":"sap.ui.layout.form.GridContainerData_obj","GridElementData":"sap.ui.layout.form.GridElementData_obj","GridLayout":"sap.ui.layout.form.GridLayout_obj","ResponsiveGridLayout":"sap.ui.layout.form.ResponsiveGridLayout_obj","ResponsiveLayout":"sap.ui.layout.form.ResponsiveLayout_obj","SimpleForm":"sap.ui.layout.form.SimpleForm_obj","GridElementCells":"sap.ui.layout.form.GridElementCells","SimpleFormLayout":"sap.ui.layout.form.SimpleFormLayout","!category":"namespace"},"sap.ui.layout.form.Form":{"!category":"class","!proto":"sap.ui.core.Control","!description":"Form control.\nHolder for form control to be rendered in a specific form layout.\nA Form supports VariantLayoutData for it's content to allow a simple switching of Layouts.","getWidth":{"!category":"function","!description":"Getter for property <code>width</code>.\nWidth of the form.\n\nDefault value is empty/<code>undefined</code>","!type":"fn() -> sap.ui.core.CSSSize"},"setWidth":{"!category":"function","!description":"Setter for property <code>width</code>.\n\nDefault value is empty/<code>undefined</code>","!type":"fn(sWidth: sap.ui.core.CSSSize) -> sap.ui.layout.form.Form"},"getVisible":{"!category":"function","!description":"Getter for property <code>visible</code>.\nInvisible Forms are not rendered.\n\nDefault value is <code>true</code>","!type":"fn() -> Boolean"},"setVisible":{"!category":"function","!description":"Setter for property <code>visible</code>.\n\nDefault value is <code>true</code>","!type":"fn(bVisible: Boolean) -> sap.ui.layout.form.Form"},"getEditable":{"!category":"function","!description":"Getter for property <code>editable</code>.\nApplies a device and theme specific line-height to the form elements if the form has editable content.\nIn this case all (not only the editable) rows of the form will get the line height.\n\nDefault value is empty/<code>undefined</code>","!type":"fn() -> Boolean"},"setEditable":{"!category":"function","!description":"Setter for property <code>editable</code>.\n\nDefault value is empty/<code>undefined</code>","!type":"fn(bEditable: Boolean) -> sap.ui.layout.form.Form"},"getFormContainers":{"!category":"function","!description":"Getter for aggregation <code>formContainers</code>.<br/>\nFormContainers with the content of the form.\n\n<strong>Note</strong>: this is the default aggregation for form/Form.","!type":"fn() -> [sap.ui.layout.form.FormContainer]"},"insertFormContainer":{"!category":"function","!description":"Inserts a formContainer into the aggregation named <code>formContainers</code>.","!type":"fn(oFormContainer: sap.ui.layout.form.FormContainer, iIndex: Number) -> sap.ui.layout.form.Form"},"addFormContainer":{"!category":"function","!description":"Adds some formContainer <code>oFormContainer</code> \nto the aggregation named <code>formContainers</code>.","!type":"fn(oFormContainer: sap.ui.layout.form.FormContainer) -> sap.ui.layout.form.Form"},"removeFormContainer":{"!category":"function","!description":"Removes an formContainer from the aggregation named <code>formContainers</code>.","!type":"fn(vFormContainer: Number | String | sap.ui.layout.form.FormContainer) -> sap.ui.layout.form.FormContainer"},"removeAllFormContainers":{"!category":"function","!description":"Removes all the controls in the aggregation named <code>formContainers</code>.<br/>\nAdditionally unregisters them from the hosting UIArea.","!type":"fn() -> [sap.ui.layout.form.FormContainer]"},"indexOfFormContainer":{"!category":"function","!description":"Checks for the provided <code>sap.ui.layout.form.FormContainer</code> in the aggregation named <code>formContainers</code> \nand returns its index if found or -1 otherwise.","!type":"fn(oFormContainer: sap.ui.layout.form.FormContainer) -> Number"},"destroyFormContainers":{"!category":"function","!description":"Destroys all the formContainers in the aggregation \nnamed <code>formContainers</code>.","!type":"fn() -> sap.ui.layout.form.Form"},"getTitle":{"!category":"function","!description":"Getter for aggregation <code>title</code>.<br/>\nTitle element of the Form. Can either be a Label object, or a simple string.","!type":"fn()"},"setTitle":{"!category":"function","!description":"Setter for the aggregated <code>title</code>.","!type":"fn(oTitle: sap.ui.core.Title | String) -> sap.ui.layout.form.Form"},"destroyTitle":{"!category":"function","!description":"Destroys the title in the aggregation \nnamed <code>title</code>.","!type":"fn() -> sap.ui.layout.form.Form"},"getLayout":{"!category":"function","!description":"Getter for aggregation <code>layout</code>.<br/>\nLayout of the form.","!type":"fn() -> sap.ui.layout.form.FormLayout"},"setLayout":{"!category":"function","!description":"Setter for the aggregated <code>layout</code>.","!type":"fn(oLayout: sap.ui.layout.form.FormLayout) -> sap.ui.layout.form.Form"},"destroyLayout":{"!category":"function","!description":"Destroys the layout in the aggregation \nnamed <code>layout</code>.","!type":"fn() -> sap.ui.layout.form.Form"}},"sap.ui.layout.form.Form_obj":{"prototype":"sap.ui.layout.form.Form","!type":"fn(sId?: String, mSettings?: Object)","extend":{"!category":"function","!description":"Creates a new subclass of class sap.ui.layout.form.Form with name <code>sClassName</code> \nand enriches it with the information contained in <code>oClassInfo</code>.\n\n<code>oClassInfo</code> might contain the same kind of informations as described in {@link sap.ui.core.Element.extend Element.extend}.","!type":"fn(sClassName: String, oClassInfo?: Object, FNMetaImpl?: fn())"}},"sap.ui.layout.form.FormContainer":{"!category":"class","!proto":"sap.ui.core.Element","!description":"Used to group form elements.\nCan contain other form elements or containers.","getExpanded":{"!category":"function","!description":"Getter for property <code>expanded</code>.\nGroup is expanded.\nThis property works only if the Container is expandable.\n\nDefault value is <code>true</code>","!type":"fn() -> Boolean"},"setExpanded":{"!category":"function","!description":"Setter for property <code>expanded</code>.\n\nDefault value is <code>true</code>","!type":"fn(bExpanded: Boolean) -> sap.ui.layout.form.FormContainer"},"getExpandable":{"!category":"function","!description":"Getter for property <code>expandable</code>.\nDefines if the Container is expandable.\n\nDefault value is <code>false</code>","!type":"fn() -> Boolean"},"setExpandable":{"!category":"function","!description":"Setter for property <code>expandable</code>.\n\nDefault value is <code>false</code>","!type":"fn(bExpandable: Boolean) -> sap.ui.layout.form.FormContainer"},"getVisible":{"!category":"function","!description":"Getter for property <code>visible</code>.\nInvisible FormContainers are not rendered.\n\nDefault value is <code>true</code>","!type":"fn() -> Boolean"},"setVisible":{"!category":"function","!description":"Setter for property <code>visible</code>.\n\nDefault value is <code>true</code>","!type":"fn(bVisible: Boolean) -> sap.ui.layout.form.FormContainer"},"getFormElements":{"!category":"function","!description":"Getter for aggregation <code>formElements</code>.<br/>\nElements of the FormContainer.\n\n<strong>Note</strong>: this is the default aggregation for form/FormContainer.","!type":"fn() -> [sap.ui.layout.form.FormElement]"},"insertFormElement":{"!category":"function","!description":"Inserts a formElement into the aggregation named <code>formElements</code>.","!type":"fn(oFormElement: sap.ui.layout.form.FormElement, iIndex: Number) -> sap.ui.layout.form.FormContainer"},"addFormElement":{"!category":"function","!description":"Adds some formElement <code>oFormElement</code> \nto the aggregation named <code>formElements</code>.","!type":"fn(oFormElement: sap.ui.layout.form.FormElement) -> sap.ui.layout.form.FormContainer"},"removeFormElement":{"!category":"function","!description":"Removes an formElement from the aggregation named <code>formElements</code>.","!type":"fn(vFormElement: Number | String | sap.ui.layout.form.FormElement) -> sap.ui.layout.form.FormElement"},"removeAllFormElements":{"!category":"function","!description":"Removes all the controls in the aggregation named <code>formElements</code>.<br/>\nAdditionally unregisters them from the hosting UIArea.","!type":"fn() -> [sap.ui.layout.form.FormElement]"},"indexOfFormElement":{"!category":"function","!description":"Checks for the provided <code>sap.ui.layout.form.FormElement</code> in the aggregation named <code>formElements</code> \nand returns its index if found or -1 otherwise.","!type":"fn(oFormElement: sap.ui.layout.form.FormElement) -> Number"},"destroyFormElements":{"!category":"function","!description":"Destroys all the formElements in the aggregation \nnamed <code>formElements</code>.","!type":"fn() -> sap.ui.layout.form.FormContainer"},"getTitle":{"!category":"function","!description":"Getter for aggregation <code>title</code>.<br/>\nTitle element of the Container. Can either be a Label object, or a simple string.","!type":"fn()"},"setTitle":{"!category":"function","!description":"Setter for the aggregated <code>title</code>.","!type":"fn(oTitle: sap.ui.core.Title | String) -> sap.ui.layout.form.FormContainer"},"destroyTitle":{"!category":"function","!description":"Destroys the title in the aggregation \nnamed <code>title</code>.","!type":"fn() -> sap.ui.layout.form.FormContainer"}},"sap.ui.layout.form.FormContainer_obj":{"prototype":"sap.ui.layout.form.FormContainer","!type":"fn(sId?: String, mSettings?: Object)","extend":{"!category":"function","!description":"Creates a new subclass of class sap.ui.layout.form.FormContainer with name <code>sClassName</code> \nand enriches it with the information contained in <code>oClassInfo</code>.\n\n<code>oClassInfo</code> might contain the same kind of informations as described in {@link sap.ui.core.Element.extend Element.extend}.","!type":"fn(sClassName: String, oClassInfo?: Object, FNMetaImpl?: fn())"}},"sap.ui.layout.form.FormElement":{"!category":"class","!proto":"sap.ui.core.Element","!description":"A form element is a combination of one label and different controls associated to this label.","getVisible":{"!category":"function","!description":"Getter for property <code>visible</code>.\nInvisible FormElements are not rendered.\n\nDefault value is <code>true</code>","!type":"fn() -> Boolean"},"setVisible":{"!category":"function","!description":"Setter for property <code>visible</code>.\n\nDefault value is <code>true</code>","!type":"fn(bVisible: Boolean) -> sap.ui.layout.form.FormElement"},"getLabel":{"!category":"function","!description":"Getter for aggregation <code>label</code>.<br/>\nLabel of the fields. Can either be a Label object, or a simple string.","!type":"fn()"},"setLabel":{"!category":"function","!description":"Setter for the aggregated <code>label</code>.","!type":"fn(oLabel: sap.ui.core.Label | String) -> sap.ui.layout.form.FormElement"},"destroyLabel":{"!category":"function","!description":"Destroys the label in the aggregation \nnamed <code>label</code>.","!type":"fn() -> sap.ui.layout.form.FormElement"},"getFields":{"!category":"function","!description":"Getter for aggregation <code>fields</code>.<br/>\nFormular controls.\n\n<strong>Note</strong>: this is the default aggregation for form/FormElement.","!type":"fn() -> [sap.ui.core.Control]"},"insertField":{"!category":"function","!description":"Inserts a field into the aggregation named <code>fields</code>.","!type":"fn(oField: sap.ui.core.Control, iIndex: Number) -> sap.ui.layout.form.FormElement"},"addField":{"!category":"function","!description":"Adds some field <code>oField</code> \nto the aggregation named <code>fields</code>.","!type":"fn(oField: sap.ui.core.Control) -> sap.ui.layout.form.FormElement"},"removeField":{"!category":"function","!description":"Removes an field from the aggregation named <code>fields</code>.","!type":"fn(vField: Number | String | sap.ui.core.Control) -> sap.ui.core.Control"},"removeAllFields":{"!category":"function","!description":"Removes all the controls in the aggregation named <code>fields</code>.<br/>\nAdditionally unregisters them from the hosting UIArea.","!type":"fn() -> [sap.ui.core.Control]"},"indexOfField":{"!category":"function","!description":"Checks for the provided <code>sap.ui.core.Control</code> in the aggregation named <code>fields</code> \nand returns its index if found or -1 otherwise.","!type":"fn(oField: sap.ui.core.Control) -> Number"},"destroyFields":{"!category":"function","!description":"Destroys all the fields in the aggregation \nnamed <code>fields</code>.","!type":"fn() -> sap.ui.layout.form.FormElement"},"getLabelControl":{"!category":"function","!description":"Returns the Label Control, even if the Label is entered as Text.","!type":"fn()"}},"sap.ui.layout.form.FormElement_obj":{"prototype":"sap.ui.layout.form.FormElement","!type":"fn(sId?: String, mSettings?: Object)","extend":{"!category":"function","!description":"Creates a new subclass of class sap.ui.layout.form.FormElement with name <code>sClassName</code> \nand enriches it with the information contained in <code>oClassInfo</code>.\n\n<code>oClassInfo</code> might contain the same kind of informations as described in {@link sap.ui.core.Element.extend Element.extend}.","!type":"fn(sClassName: String, oClassInfo?: Object, FNMetaImpl?: fn())"}},"sap.ui.layout.form.FormLayout":{"!category":"class","!proto":"sap.ui.core.Control","!description":"Base layout for Forms.\nOther Layouts must inherit from this one."},"sap.ui.layout.form.FormLayout_obj":{"prototype":"sap.ui.layout.form.FormLayout","!type":"fn(sId?: String, mSettings?: Object)","extend":{"!category":"function","!description":"Creates a new subclass of class sap.ui.layout.form.FormLayout with name <code>sClassName</code> \nand enriches it with the information contained in <code>oClassInfo</code>.\n\n<code>oClassInfo</code> might contain the same kind of informations as described in {@link sap.ui.core.Element.extend Element.extend}.","!type":"fn(sClassName: String, oClassInfo?: Object, FNMetaImpl?: fn())"}},"sap.ui.layout.form.GridContainerData":{"!category":"class","!proto":"sap.ui.core.LayoutData","!description":"Grid layout specific properties for FormContainers.\nThe width and height properties of the elements are ignored since the witdh and heights are defined by the grid cells.","getHalfGrid":{"!category":"function","!description":"Getter for property <code>halfGrid</code>.\nIf set the container takes half the width of the form (8cells), if not it's the full width (16 cells).\nIf the GridLayout is set to be singleColumn the full width of the Grid is only 8 cells. So containers are rendered only one per row.\n\nDefault value is <code>false</code>","!type":"fn() -> Boolean"},"setHalfGrid":{"!category":"function","!description":"Setter for property <code>halfGrid</code>.\n\nDefault value is <code>false</code>","!type":"fn(bHalfGrid: Boolean) -> sap.ui.layout.form.GridContainerData"}},"sap.ui.layout.form.GridContainerData_obj":{"prototype":"sap.ui.layout.form.GridContainerData","!type":"fn(sId?: String, mSettings?: Object)","extend":{"!category":"function","!description":"Creates a new subclass of class sap.ui.layout.form.GridContainerData with name <code>sClassName</code> \nand enriches it with the information contained in <code>oClassInfo</code>.\n\n<code>oClassInfo</code> might contain the same kind of informations as described in {@link sap.ui.core.Element.extend Element.extend}.","!type":"fn(sClassName: String, oClassInfo?: Object, FNMetaImpl?: fn())"}},"sap.ui.layout.form.GridElementData":{"!category":"class","!proto":"sap.ui.core.LayoutData","!description":"The grid specific layout data for FormElement fields.\nThe width property of the elements is ignored since the width is defined by grid cells.","getHCells":{"!category":"function","!description":"Getter for property <code>hCells</code>.\nNumber of cells in horizontal direction.\nIf \"auto\" the size is determined by the number of fields and the available cells. For Labels the auto size is 3 cells.\nIf \"full\" only one field is allowed within the element. It gets the full width of the row and the label is displayed above. For Labels Full size has no effect.\n\nDefault value is <code>auto</code>","!type":"fn() -> sap.ui.layout.form.GridElementCells"},"setHCells":{"!category":"function","!description":"Setter for property <code>hCells</code>.\n\nDefault value is <code>auto</code>","!type":"fn(sHCells: sap.ui.layout.form.GridElementCells) -> sap.ui.layout.form.GridElementData"},"getVCells":{"!category":"function","!description":"Getter for property <code>vCells</code>.\nNumber of cells in vertical direction.\nThis property has no effect for labels.\n\nDefault value is <code>1</code>","!type":"fn() -> Number"},"setVCells":{"!category":"function","!description":"Setter for property <code>vCells</code>.\n\nDefault value is <code>1</code>","!type":"fn(iVCells: Number) -> sap.ui.layout.form.GridElementData"}},"sap.ui.layout.form.GridElementData_obj":{"prototype":"sap.ui.layout.form.GridElementData","!type":"fn(sId?: String, mSettings?: Object)","extend":{"!category":"function","!description":"Creates a new subclass of class sap.ui.layout.form.GridElementData with name <code>sClassName</code> \nand enriches it with the information contained in <code>oClassInfo</code>.\n\n<code>oClassInfo</code> might contain the same kind of informations as described in {@link sap.ui.core.Element.extend Element.extend}.","!type":"fn(sClassName: String, oClassInfo?: Object, FNMetaImpl?: fn())"}},"sap.ui.layout.form.GridLayout":{"!category":"class","!proto":"sap.ui.layout.form.FormLayout","!description":"This Layout implements a guideline 2.0 grid. This can be a 16 column grid or an 8 column grid.\n\nTo adjust the content inside the GridLayout GridContainerData and GridElementData could be used.","getSingleColumn":{"!category":"function","!description":"Getter for property <code>singleColumn</code>.\nIf set the Grid allows only one container column. That means one container is below the other. The whole grid has 8 cells per row.\n\nIf not set containers can use the full width of the grid or two container can be placed beside each other. In this case the whole grid has 16 cell per row.\n\nDefault value is <code>false</code>","!type":"fn() -> Boolean"},"setSingleColumn":{"!category":"function","!description":"Setter for property <code>singleColumn</code>.\n\nDefault value is <code>false</code>","!type":"fn(bSingleColumn: Boolean) -> sap.ui.layout.form.GridLayout"}},"sap.ui.layout.form.GridLayout_obj":{"prototype":"sap.ui.layout.form.GridLayout","!type":"fn(sId?: String, mSettings?: Object)","extend":{"!category":"function","!description":"Creates a new subclass of class sap.ui.layout.form.GridLayout with name <code>sClassName</code> \nand enriches it with the information contained in <code>oClassInfo</code>.\n\n<code>oClassInfo</code> might contain the same kind of informations as described in {@link sap.ui.core.Element.extend Element.extend}.","!type":"fn(sClassName: String, oClassInfo?: Object, FNMetaImpl?: fn())"}},"sap.ui.layout.form.ResponsiveGridLayout":{"!category":"class","!proto":"sap.ui.layout.form.FormLayout","!description":"Renders a form using a Grid. Internally the Grid is used.\nOn the FormContainers, Labels and Fields GridData can be used to cahnge the default rendering. On FormElements GridDada are not supported.\nIf own GridData are used this may be much more complex than the default. So in some cases the calculation for the other content may nor bring the expected result. In this case GridData should be used at all content to disable the default behaviour.","getLabelSpanL":{"!category":"function","!description":"Getter for property <code>labelSpanL</code>.\nDefault span for labels in large size.\nThis span is only used if more than 1 container is in one line, if only 1 container is in the line the labelSpanM value is used.\n\nDefault value is <code>4</code>","!type":"fn() -> Number"},"setLabelSpanL":{"!category":"function","!description":"Setter for property <code>labelSpanL</code>.\n\nDefault value is <code>4</code>","!type":"fn(iLabelSpanL: Number) -> sap.ui.layout.form.ResponsiveGridLayout"},"getLabelSpanM":{"!category":"function","!description":"Getter for property <code>labelSpanM</code>.\nDefault span for labels in medium size.\nThis property is used for full size containers. if more than one Container is in one line, labelSpanL is used.\n\nDefault value is <code>2</code>","!type":"fn() -> Number"},"setLabelSpanM":{"!category":"function","!description":"Setter for property <code>labelSpanM</code>.\n\nDefault value is <code>2</code>","!type":"fn(iLabelSpanM: Number) -> sap.ui.layout.form.ResponsiveGridLayout"},"getLabelSpanS":{"!category":"function","!description":"Getter for property <code>labelSpanS</code>.\nDefault span for labels in small size.\n\nDefault value is <code>12</code>","!type":"fn() -> Number"},"setLabelSpanS":{"!category":"function","!description":"Setter for property <code>labelSpanS</code>.\n\nDefault value is <code>12</code>","!type":"fn(iLabelSpanS: Number) -> sap.ui.layout.form.ResponsiveGridLayout"},"getEmptySpanL":{"!category":"function","!description":"Getter for property <code>emptySpanL</code>.\nNumber of grid cells that are empty at the end of each line on large size.\n\n\nDefault value is <code>0</code>","!type":"fn() -> Number"},"setEmptySpanL":{"!category":"function","!description":"Setter for property <code>emptySpanL</code>.\n\nDefault value is <code>0</code>","!type":"fn(iEmptySpanL: Number) -> sap.ui.layout.form.ResponsiveGridLayout"},"getEmptySpanM":{"!category":"function","!description":"Getter for property <code>emptySpanM</code>.\nNumber of grid cells that are empty at the end of each line on medium size.\n\n\nDefault value is <code>0</code>","!type":"fn() -> Number"},"setEmptySpanM":{"!category":"function","!description":"Setter for property <code>emptySpanM</code>.\n\nDefault value is <code>0</code>","!type":"fn(iEmptySpanM: Number) -> sap.ui.layout.form.ResponsiveGridLayout"},"getEmptySpanS":{"!category":"function","!description":"Getter for property <code>emptySpanS</code>.\nNumber of grid cells that are empty at the end of each line on small size.\n\n\nDefault value is <code>0</code>","!type":"fn() -> Number"},"setEmptySpanS":{"!category":"function","!description":"Setter for property <code>emptySpanS</code>.\n\nDefault value is <code>0</code>","!type":"fn(iEmptySpanS: Number) -> sap.ui.layout.form.ResponsiveGridLayout"},"getColumnsL":{"!category":"function","!description":"Getter for property <code>columnsL</code>.\nForm columns for large size.\nThe number of columns for large size must not be smaller that the number of columns for medium size\n\nDefault value is <code>2</code>","!type":"fn() -> Number"},"setColumnsL":{"!category":"function","!description":"Setter for property <code>columnsL</code>.\n\nDefault value is <code>2</code>","!type":"fn(iColumnsL: Number) -> sap.ui.layout.form.ResponsiveGridLayout"},"getColumnsM":{"!category":"function","!description":"Getter for property <code>columnsM</code>.\nForm columns for medium size.\n\nDefault value is <code>1</code>","!type":"fn() -> Number"},"setColumnsM":{"!category":"function","!description":"Setter for property <code>columnsM</code>.\n\nDefault value is <code>1</code>","!type":"fn(iColumnsM: Number) -> sap.ui.layout.form.ResponsiveGridLayout"},"getBreakpointL":{"!category":"function","!description":"Getter for property <code>breakpointL</code>.\nBreakpoint between Medium size and Large size.\n\nDefault value is <code>1024</code>","!type":"fn() -> Number"},"setBreakpointL":{"!category":"function","!description":"Setter for property <code>breakpointL</code>.\n\nDefault value is <code>1024</code>","!type":"fn(iBreakpointL: Number) -> sap.ui.layout.form.ResponsiveGridLayout"},"getBreakpointM":{"!category":"function","!description":"Getter for property <code>breakpointM</code>.\nBreakpoint between Small size and Medium size.\n\nDefault value is <code>600</code>","!type":"fn() -> Number"},"setBreakpointM":{"!category":"function","!description":"Setter for property <code>breakpointM</code>.\n\nDefault value is <code>600</code>","!type":"fn(iBreakpointM: Number) -> sap.ui.layout.form.ResponsiveGridLayout"}},"sap.ui.layout.form.ResponsiveGridLayout_obj":{"prototype":"sap.ui.layout.form.ResponsiveGridLayout","!type":"fn(sId?: String, mSettings?: Object)","extend":{"!category":"function","!description":"Creates a new subclass of class sap.ui.layout.form.ResponsiveGridLayout with name <code>sClassName</code> \nand enriches it with the information contained in <code>oClassInfo</code>.\n\n<code>oClassInfo</code> might contain the same kind of informations as described in {@link sap.ui.core.Element.extend Element.extend}.","!type":"fn(sClassName: String, oClassInfo?: Object, FNMetaImpl?: fn())"}},"sap.ui.layout.form.ResponsiveLayout":{"!category":"class","!proto":"sap.ui.layout.form.FormLayout","!description":"Renders a form with responsive layout. Internally the ResponsiveFlowLayout is used."},"sap.ui.layout.form.ResponsiveLayout_obj":{"prototype":"sap.ui.layout.form.ResponsiveLayout","!type":"fn(sId?: String, mSettings?: Object)","extend":{"!category":"function","!description":"Creates a new subclass of class sap.ui.layout.form.ResponsiveLayout with name <code>sClassName</code> \nand enriches it with the information contained in <code>oClassInfo</code>.\n\n<code>oClassInfo</code> might contain the same kind of informations as described in {@link sap.ui.core.Element.extend Element.extend}.","!type":"fn(sClassName: String, oClassInfo?: Object, FNMetaImpl?: fn())"}},"sap.ui.layout.form.SimpleForm":{"!category":"class","!proto":"sap.ui.core.Control","!description":"Use the SimpleForm to create a form based on title, label and fields that are stacked in the content aggregation. Add Title to start a new FormContainer(Group). Add Label to start a new row in the container. Add Input/Display controls as needed. Use LayoutData to influence the layout for special cases in the Input/Display controls.","getMaxContainerCols":{"!category":"function","!description":"Getter for property <code>maxContainerCols</code>.\nThe maximum amount of inner FormContainers per row that is used before a new row is started.\n(If a ResponsiveGridLayout is used as layout this property is not used. Please use the properties ColumnsL and ColumnsM in this case.)\n\nDefault value is <code>2</code>","!type":"fn() -> Number"},"setMaxContainerCols":{"!category":"function","!description":"Setter for property <code>maxContainerCols</code>.\n\nDefault value is <code>2</code>","!type":"fn(iMaxContainerCols: Number) -> sap.ui.layout.form.SimpleForm"},"getMinWidth":{"!category":"function","!description":"Getter for property <code>minWidth</code>.\nThe overall minimal width in pixels that is used for the SimpleForm. If the available width is below the given minWidth the SimpleForm will create a new row for the next FormContainer.\n-1 value is default meaning that inner FormContainers will be stacked until maxCols is reached, irrespective if a maxWidth is reached or the available parents width is reached.\n(only used if ResponsiveLayout is used as Layout)\n\nDefault value is <code>-1</code>","!type":"fn() -> Number"},"setMinWidth":{"!category":"function","!description":"Setter for property <code>minWidth</code>.\n\nDefault value is <code>-1</code>","!type":"fn(iMinWidth: Number) -> sap.ui.layout.form.SimpleForm"},"getEditable":{"!category":"function","!description":"Getter for property <code>editable</code>.\nApplies a device and theme specific line-height to the form elements if the form has editable content.\nIn this case all (not only the editable) rows of the form will get the line height.\n\nDefault value is empty/<code>undefined</code>","!type":"fn() -> Boolean"},"setEditable":{"!category":"function","!description":"Setter for property <code>editable</code>.\n\nDefault value is empty/<code>undefined</code>","!type":"fn(bEditable: Boolean) -> sap.ui.layout.form.SimpleForm"},"getLabelMinWidth":{"!category":"function","!description":"Getter for property <code>labelMinWidth</code>.\nSpecifies the min-width in pixels of the label in all form containers. (only used if ResponsiveLaout is used as Layout)\n\nDefault value is <code>192</code>","!type":"fn() -> Number"},"setLabelMinWidth":{"!category":"function","!description":"Setter for property <code>labelMinWidth</code>.\n\nDefault value is <code>192</code>","!type":"fn(iLabelMinWidth: Number) -> sap.ui.layout.form.SimpleForm"},"getLayout":{"!category":"function","!description":"Getter for property <code>layout</code>.\nThe FormLayout that is used to render the SimpleForm\n\nDefault value is <code>ResponsiveLayout</code>","!type":"fn() -> sap.ui.layout.form.SimpleFormLayout"},"setLayout":{"!category":"function","!description":"Setter for property <code>layout</code>.\n\nDefault value is <code>ResponsiveLayout</code>","!type":"fn(oLayout: sap.ui.layout.form.SimpleFormLayout) -> sap.ui.layout.form.SimpleForm"},"getLabelSpanL":{"!category":"function","!description":"Getter for property <code>labelSpanL</code>.\nDefault span for labels in large size.\nThis span is only used if more than 1 container is in one line, if only 1 container is in the line the labelSpanM value is used.\n(This property is only used if a ResponsiveGridLayout is used as Layout.)\n\nDefault value is <code>4</code>","!type":"fn() -> Number"},"setLabelSpanL":{"!category":"function","!description":"Setter for property <code>labelSpanL</code>.\n\nDefault value is <code>4</code>","!type":"fn(iLabelSpanL: Number) -> sap.ui.layout.form.SimpleForm"},"getLabelSpanM":{"!category":"function","!description":"Getter for property <code>labelSpanM</code>.\nDefault span for labels in medium size.\nThis property is used for full size containers. If more than one Container is in one line, labelSpanL is used.\n(This property is only used if a ResponsiveGridLayout is used as Layout.)\n\nDefault value is <code>2</code>","!type":"fn() -> Number"},"setLabelSpanM":{"!category":"function","!description":"Setter for property <code>labelSpanM</code>.\n\nDefault value is <code>2</code>","!type":"fn(iLabelSpanM: Number) -> sap.ui.layout.form.SimpleForm"},"getLabelSpanS":{"!category":"function","!description":"Getter for property <code>labelSpanS</code>.\nDefault span for labels in small size.\n(This property is only used if a ResponsiveGridLayout is used as Layout.)\n\nDefault value is <code>12</code>","!type":"fn() -> Number"},"setLabelSpanS":{"!category":"function","!description":"Setter for property <code>labelSpanS</code>.\n\nDefault value is <code>12</code>","!type":"fn(iLabelSpanS: Number) -> sap.ui.layout.form.SimpleForm"},"getEmptySpanL":{"!category":"function","!description":"Getter for property <code>emptySpanL</code>.\nNumber of grid cells that are empty at the end of each line on large size.\n(This property is only used if a ResponsiveGridLayout is used as Layout.)\n\nDefault value is <code>0</code>","!type":"fn() -> Number"},"setEmptySpanL":{"!category":"function","!description":"Setter for property <code>emptySpanL</code>.\n\nDefault value is <code>0</code>","!type":"fn(iEmptySpanL: Number) -> sap.ui.layout.form.SimpleForm"},"getEmptySpanM":{"!category":"function","!description":"Getter for property <code>emptySpanM</code>.\nNumber of grid cells that are empty at the end of each line on medium size.\n(This property is only used if a ResponsiveGridLayout is used as Layout.)\n\nDefault value is <code>0</code>","!type":"fn() -> Number"},"setEmptySpanM":{"!category":"function","!description":"Setter for property <code>emptySpanM</code>.\n\nDefault value is <code>0</code>","!type":"fn(iEmptySpanM: Number) -> sap.ui.layout.form.SimpleForm"},"getEmptySpanS":{"!category":"function","!description":"Getter for property <code>emptySpanS</code>.\nNumber of grid cells that are empty at the end of each line on small size.\n(This property is only used if a ResponsiveGridLayout is used as Layout.)\n\nDefault value is <code>0</code>","!type":"fn() -> Number"},"setEmptySpanS":{"!category":"function","!description":"Setter for property <code>emptySpanS</code>.\n\nDefault value is <code>0</code>","!type":"fn(iEmptySpanS: Number) -> sap.ui.layout.form.SimpleForm"},"getColumnsL":{"!category":"function","!description":"Getter for property <code>columnsL</code>.\nForm columns for large size.\nThe number of columns for large size must not be smaller that the number of columns for medium size.\n(This property is only used if a ResponsiveGridLayout is used as Layout.)\n\nDefault value is <code>2</code>","!type":"fn() -> Number"},"setColumnsL":{"!category":"function","!description":"Setter for property <code>columnsL</code>.\n\nDefault value is <code>2</code>","!type":"fn(iColumnsL: Number) -> sap.ui.layout.form.SimpleForm"},"getColumnsM":{"!category":"function","!description":"Getter for property <code>columnsM</code>.\nForm columns for medium size.\n(This property is only used if a ResponsiveGridLayout is used as Layout.)\n\nDefault value is <code>1</code>","!type":"fn() -> Number"},"setColumnsM":{"!category":"function","!description":"Setter for property <code>columnsM</code>.\n\nDefault value is <code>1</code>","!type":"fn(iColumnsM: Number) -> sap.ui.layout.form.SimpleForm"},"getBreakpointL":{"!category":"function","!description":"Getter for property <code>breakpointL</code>.\nBreakpoint between Medium size and Large size.\n(This property is only used if a ResponsiveGridLayout is used as Layout.)\n\nDefault value is <code>1024</code>","!type":"fn() -> Number"},"setBreakpointL":{"!category":"function","!description":"Setter for property <code>breakpointL</code>.\n\nDefault value is <code>1024</code>","!type":"fn(iBreakpointL: Number) -> sap.ui.layout.form.SimpleForm"},"getBreakpointM":{"!category":"function","!description":"Getter for property <code>breakpointM</code>.\nBreakpoint between Small size and Medium size.\n(This property is only used if a ResponsiveGridLayout is used as Layout.)\n\nDefault value is <code>600</code>","!type":"fn() -> Number"},"setBreakpointM":{"!category":"function","!description":"Setter for property <code>breakpointM</code>.\n\nDefault value is <code>600</code>","!type":"fn(iBreakpointM: Number) -> sap.ui.layout.form.SimpleForm"},"getContent":{"!category":"function","!description":"Getter for aggregation <code>content</code>.<br/>\nThe form content.\nAdd a Title control to start a new group (Container).\nAdd a Label control to start a new row (Element).\nAdd controls as Input fields, text fields or other as needed.\nUse LayoutData to influence the layout for special cases in the single controls.\nFor example, if a ResponsiveLayout is used as layout the form content is weighted using weight 3 for the labels and weight 5 for the fields part. Per default the label column is 192 pixels wide.\nIf your Input controls should influence their width you can add sap.ui.layout.ResponsiveFlowLayoutData to them via setLayoutData method.\nEnsure that the sum of the weights in the ResponsiveFlowLayoutData does not use more than 5 as this is the total width of Input control part of each form row.\nExample for a row where the Input takes 4 and the Text takes 1 weight:\nnew sap.ui.commons.Label({text:\"Label\"});\nnew sap.ui.commons.TextField({value:\"Weight 4\",\nlayoutData:new sap.ui.layout.ResponsiveFlowLayoutData({weight:4})}),\nnew sap.ui.commons.TextView({text:\"Weight 1\",\nlayoutData: new sap.ui.layout.ResponsiveFlowLayoutData({weight:1})}),\n\n<strong>Note</strong>: this is the default aggregation for form/SimpleForm.","!type":"fn() -> [sap.ui.core.Element]"},"insertContent":{"!category":"function","!description":"Inserts a content into the aggregation named <code>content</code>.","!type":"fn(oContent: sap.ui.core.Element, iIndex: Number) -> sap.ui.layout.form.SimpleForm"},"addContent":{"!category":"function","!description":"Adds some content <code>oContent</code> \nto the aggregation named <code>content</code>.","!type":"fn(oContent: sap.ui.core.Element) -> sap.ui.layout.form.SimpleForm"},"removeContent":{"!category":"function","!description":"Removes an content from the aggregation named <code>content</code>.","!type":"fn(vContent: Number | String | sap.ui.core.Element) -> sap.ui.core.Element"},"removeAllContent":{"!category":"function","!description":"Removes all the controls in the aggregation named <code>content</code>.<br/>\nAdditionally unregisters them from the hosting UIArea.","!type":"fn() -> [sap.ui.core.Element]"},"indexOfContent":{"!category":"function","!description":"Checks for the provided <code>sap.ui.core.Element</code> in the aggregation named <code>content</code> \nand returns its index if found or -1 otherwise.","!type":"fn(oContent: sap.ui.core.Element) -> Number"},"destroyContent":{"!category":"function","!description":"Destroys all the content in the aggregation \nnamed <code>content</code>.","!type":"fn() -> sap.ui.layout.form.SimpleForm"},"getTitle":{"!category":"function","!description":"Getter for aggregation <code>title</code>.<br/>\nTitle element of the SimpleForm. Can either be a Label object, or a simple string.","!type":"fn()"},"setTitle":{"!category":"function","!description":"Setter for the aggregated <code>title</code>.","!type":"fn(oTitle: sap.ui.core.Title | String) -> sap.ui.layout.form.SimpleForm"},"destroyTitle":{"!category":"function","!description":"Destroys the title in the aggregation \nnamed <code>title</code>.","!type":"fn() -> sap.ui.layout.form.SimpleForm"}},"sap.ui.layout.form.SimpleForm_obj":{"prototype":"sap.ui.layout.form.SimpleForm","!type":"fn(sId?: String, mSettings?: Object)","extend":{"!category":"function","!description":"Creates a new subclass of class sap.ui.layout.form.SimpleForm with name <code>sClassName</code> \nand enriches it with the information contained in <code>oClassInfo</code>.\n\n<code>oClassInfo</code> might contain the same kind of informations as described in {@link sap.ui.core.Element.extend Element.extend}.","!type":"fn(sClassName: String, oClassInfo?: Object, FNMetaImpl?: fn())"}},"sap.ui.layout.GridIndent":{"!category":"static class","!description":"A string type that represents Grid's indent values for large, medium and small screens. Allowed values are separated by space Letters L, M or S followed by number of columns from 1 to 11 that the container has to take, for example: \"L2 M4 S6\", \"M12\", \"s10\" or \"l4 m4\". Note that the parameters has to be provided in the order large  medium  small."},"sap.ui.layout.GridPosition":{"!category":"static class","!description":"Position of the Grid. Can be \"Left\", \"Center\" or \"Right\". \"Left\" is default.","Left":{"!category":"enum","!description":"Grid is aligned left.","!type":"String"},"Right":{"!category":"enum","!description":"Grid is aligned to the right.","!type":"String"},"Center":{"!category":"enum","!description":"Grid is centered on the screen.","!type":"String"}},"sap.ui.layout.GridSpan":{"!category":"static class","!description":"A string type that represents Grid's span values for large, medium and small screens. Allowed values are separated by space Letters L, M or S followed by number of columns from 1 to 12 that the container has to take, for example: \"L2 M4 S6\", \"M12\", \"s10\" or \"l4 m4\". Note that the parameters has to be provided in the order large  medium  small."},"sap.ui.layout.form.GridElementCells":{"!category":"static class","!description":"A string that defines the number of used cells in a GridLayout. This can be a number from 1 to 16, \"auto\" or \"full\"."},"sap.ui.layout.form.SimpleFormLayout":{"!category":"static class","!description":"Available FormLayouts used for the SimpleForm.","ResponsiveLayout":{"!category":"enum","!description":"Uses the ResponsiveLayout for the SimpleForm","!type":"String"},"GridLayout":{"!category":"enum","!description":"Uses the GridLayout for the SimpleForm","!type":"String"},"ResponsiveGridLayout":{"!category":"enum","!description":"Uses the ResponsiveGridLayout for the SimpleForm","!type":"String"}}}}