{"!name":"sap.ui.unified","!define":{"sap.ui.unified":{"ContentSwitcher":"sap.ui.unified.ContentSwitcher_obj","Shell":"sap.ui.unified.Shell_obj","ShellHeadItem":"sap.ui.unified.ShellHeadItem_obj","ShellOverlay":"sap.ui.unified.ShellOverlay_obj","SplitContainer":"sap.ui.unified.SplitContainer_obj","!category":"namespace","!description":"SAPUI5 unified library","ContentSwitcherAnimation":"sap.ui.unified.ContentSwitcherAnimation"},"sap.ui.unified.ContentSwitcher":{"!category":"class","!proto":"sap.ui.core.Control","!description":"Switches between two control areas and animates it via CSS transitions","getAnimation":{"!category":"function","!description":"Getter for property <code>animation</code>.\nSet the used animation when changing content. This just sets a CSS-class named \"sapUiUnifiedACSwitcherAnimation\" + this value on the root element of the control. The animation has to be implemented in CSS. This also enables applications to implement their own animations via CSS by reacting to the parent class.\nSee the types sap.ui.unified.ContentSwitcherAnimation for default implementations.\n\nDefault value is <code>None</code>","!type":"fn() -> String"},"setAnimation":{"!category":"function","!description":"Setter for property <code>animation</code>.\n\nDefault value is <code>None</code>","!type":"fn(sAnimation: String) -> sap.ui.unified.ContentSwitcher"},"getActiveContent":{"!category":"function","!description":"Getter for property <code>activeContent</code>.\nThe number of the currently active content (1 or 2).\n\nDefault value is <code>1</code>","!type":"fn() -> Number"},"setActiveContent":{"!category":"function","!description":"Setter for property <code>activeContent</code>.\n\nDefault value is <code>1</code>","!type":"fn(iActiveContent: Number) -> sap.ui.unified.ContentSwitcher"},"getContent1":{"!category":"function","!description":"Getter for aggregation <code>content1</code>.<br/>\nThe controls that should be shown in the first content","!type":"fn() -> [sap.ui.core.Control]"},"insertContent1":{"!category":"function","!description":"Inserts a content1 into the aggregation named <code>content1</code>.","!type":"fn(oContent1: sap.ui.core.Control, iIndex: Number) -> sap.ui.unified.ContentSwitcher"},"addContent1":{"!category":"function","!description":"Adds some content1 <code>oContent1</code> \nto the aggregation named <code>content1</code>.","!type":"fn(oContent1: sap.ui.core.Control) -> sap.ui.unified.ContentSwitcher"},"removeContent1":{"!category":"function","!description":"Removes an content1 from the aggregation named <code>content1</code>.","!type":"fn(vContent1: Number | String | sap.ui.core.Control) -> sap.ui.core.Control"},"removeAllContent1":{"!category":"function","!description":"Removes all the controls in the aggregation named <code>content1</code>.<br/>\nAdditionally unregisters them from the hosting UIArea.","!type":"fn() -> [sap.ui.core.Control]"},"indexOfContent1":{"!category":"function","!description":"Checks for the provided <code>sap.ui.core.Control</code> in the aggregation named <code>content1</code> \nand returns its index if found or -1 otherwise.","!type":"fn(oContent1: sap.ui.core.Control) -> Number"},"destroyContent1":{"!category":"function","!description":"Destroys all the content1 in the aggregation \nnamed <code>content1</code>.","!type":"fn() -> sap.ui.unified.ContentSwitcher"},"getContent2":{"!category":"function","!description":"Getter for aggregation <code>content2</code>.<br/>\nThe controls that should be shown in the second content","!type":"fn() -> [sap.ui.core.Control]"},"insertContent2":{"!category":"function","!description":"Inserts a content2 into the aggregation named <code>content2</code>.","!type":"fn(oContent2: sap.ui.core.Control, iIndex: Number) -> sap.ui.unified.ContentSwitcher"},"addContent2":{"!category":"function","!description":"Adds some content2 <code>oContent2</code> \nto the aggregation named <code>content2</code>.","!type":"fn(oContent2: sap.ui.core.Control) -> sap.ui.unified.ContentSwitcher"},"removeContent2":{"!category":"function","!description":"Removes an content2 from the aggregation named <code>content2</code>.","!type":"fn(vContent2: Number | String | sap.ui.core.Control) -> sap.ui.core.Control"},"removeAllContent2":{"!category":"function","!description":"Removes all the controls in the aggregation named <code>content2</code>.<br/>\nAdditionally unregisters them from the hosting UIArea.","!type":"fn() -> [sap.ui.core.Control]"},"indexOfContent2":{"!category":"function","!description":"Checks for the provided <code>sap.ui.core.Control</code> in the aggregation named <code>content2</code> \nand returns its index if found or -1 otherwise.","!type":"fn(oContent2: sap.ui.core.Control) -> Number"},"destroyContent2":{"!category":"function","!description":"Destroys all the content2 in the aggregation \nnamed <code>content2</code>.","!type":"fn() -> sap.ui.unified.ContentSwitcher"}},"sap.ui.unified.ContentSwitcher_obj":{"prototype":"sap.ui.unified.ContentSwitcher","!type":"fn(sId?: String, mSettings?: Object)","extend":{"!category":"function","!description":"Creates a new subclass of class sap.ui.unified.ContentSwitcher with name <code>sClassName</code> \nand enriches it with the information contained in <code>oClassInfo</code>.\n\n<code>oClassInfo</code> might contain the same kind of informations as described in {@link sap.ui.core.Element.extend Element.extend}.","!type":"fn(sClassName: String, oClassInfo?: Object, FNMetaImpl?: fn())"}},"sap.ui.unified.Shell":{"!category":"class","!proto":"sap.ui.core.Control","!description":"The Shell","getIcon":{"!category":"function","!description":"Getter for property <code>icon</code>.\nThe application icon.\n\nDefault value is empty/<code>undefined</code>","!type":"fn() -> sap.ui.core.URI"},"setIcon":{"!category":"function","!description":"Setter for property <code>icon</code>.\n\nDefault value is empty/<code>undefined</code>","!type":"fn(sIcon: sap.ui.core.URI) -> sap.ui.unified.Shell"},"getShowPane":{"!category":"function","!description":"Getter for property <code>showPane</code>.\nShows / Hides the side pane.\n\nDefault value is empty/<code>undefined</code>","!type":"fn() -> Boolean"},"setShowPane":{"!category":"function","!description":"Setter for property <code>showPane</code>.\n\nDefault value is empty/<code>undefined</code>","!type":"fn(bShowPane: Boolean) -> sap.ui.unified.Shell"},"getShowCurtain":{"!category":"function","!description":"Getter for property <code>showCurtain</code>.\nShows / Hides the curtain.\n\nDefault value is empty/<code>undefined</code>","!type":"fn() -> Boolean"},"setShowCurtain":{"!category":"function","!description":"Setter for property <code>showCurtain</code>.\n\nDefault value is empty/<code>undefined</code>","!type":"fn(bShowCurtain: Boolean) -> sap.ui.unified.Shell"},"getShowCurtainPane":{"!category":"function","!description":"Getter for property <code>showCurtainPane</code>.\nShows / Hides the side pane on the curtain.\n\nDefault value is empty/<code>undefined</code>","!type":"fn() -> Boolean"},"setShowCurtainPane":{"!category":"function","!description":"Setter for property <code>showCurtainPane</code>.\n\nDefault value is empty/<code>undefined</code>","!type":"fn(bShowCurtainPane: Boolean) -> sap.ui.unified.Shell"},"getHeaderHiding":{"!category":"function","!description":"Getter for property <code>headerHiding</code>.\nWhether the header can be hidden (manually or automatically). This feature is only available when touch events are supported.\n\nDefault value is empty/<code>undefined</code>","!type":"fn() -> Boolean"},"setHeaderHiding":{"!category":"function","!description":"Setter for property <code>headerHiding</code>.\n\nDefault value is empty/<code>undefined</code>","!type":"fn(bHeaderHiding: Boolean) -> sap.ui.unified.Shell"},"getSearchVisible":{"!category":"function","!description":"Getter for property <code>searchVisible</code>.\nIf set to false, the search area (aggregation 'search') is hidden.\n\nDefault value is <code>true</code>","!type":"fn() -> Boolean"},"setSearchVisible":{"!category":"function","!description":"Setter for property <code>searchVisible</code>.\n\nDefault value is <code>true</code>","!type":"fn(bSearchVisible: Boolean) -> sap.ui.unified.Shell"},"getContent":{"!category":"function","!description":"Getter for aggregation <code>content</code>.<br/>\nThe content to appear in the main canvas.\n\n<strong>Note</strong>: this is the default aggregation for Shell.","!type":"fn() -> [sap.ui.core.Control]"},"insertContent":{"!category":"function","!description":"Inserts a content into the aggregation named <code>content</code>.","!type":"fn(oContent: sap.ui.core.Control, iIndex: Number) -> sap.ui.unified.Shell"},"addContent":{"!category":"function","!description":"Adds some content <code>oContent</code> \nto the aggregation named <code>content</code>.","!type":"fn(oContent: sap.ui.core.Control) -> sap.ui.unified.Shell"},"removeContent":{"!category":"function","!description":"Removes an content from the aggregation named <code>content</code>.","!type":"fn(vContent: Number | String | sap.ui.core.Control) -> sap.ui.core.Control"},"removeAllContent":{"!category":"function","!description":"Removes all the controls in the aggregation named <code>content</code>.<br/>\nAdditionally unregisters them from the hosting UIArea.","!type":"fn() -> [sap.ui.core.Control]"},"indexOfContent":{"!category":"function","!description":"Checks for the provided <code>sap.ui.core.Control</code> in the aggregation named <code>content</code> \nand returns its index if found or -1 otherwise.","!type":"fn(oContent: sap.ui.core.Control) -> Number"},"destroyContent":{"!category":"function","!description":"Destroys all the content in the aggregation \nnamed <code>content</code>.","!type":"fn() -> sap.ui.unified.Shell"},"getPaneContent":{"!category":"function","!description":"Getter for aggregation <code>paneContent</code>.<br/>\nThe content to appear in the pane area.","!type":"fn() -> [sap.ui.core.Control]"},"insertPaneContent":{"!category":"function","!description":"Inserts a paneContent into the aggregation named <code>paneContent</code>.","!type":"fn(oPaneContent: sap.ui.core.Control, iIndex: Number) -> sap.ui.unified.Shell"},"addPaneContent":{"!category":"function","!description":"Adds some paneContent <code>oPaneContent</code> \nto the aggregation named <code>paneContent</code>.","!type":"fn(oPaneContent: sap.ui.core.Control) -> sap.ui.unified.Shell"},"removePaneContent":{"!category":"function","!description":"Removes an paneContent from the aggregation named <code>paneContent</code>.","!type":"fn(vPaneContent: Number | String | sap.ui.core.Control) -> sap.ui.core.Control"},"removeAllPaneContent":{"!category":"function","!description":"Removes all the controls in the aggregation named <code>paneContent</code>.<br/>\nAdditionally unregisters them from the hosting UIArea.","!type":"fn() -> [sap.ui.core.Control]"},"indexOfPaneContent":{"!category":"function","!description":"Checks for the provided <code>sap.ui.core.Control</code> in the aggregation named <code>paneContent</code> \nand returns its index if found or -1 otherwise.","!type":"fn(oPaneContent: sap.ui.core.Control) -> Number"},"destroyPaneContent":{"!category":"function","!description":"Destroys all the paneContent in the aggregation \nnamed <code>paneContent</code>.","!type":"fn() -> sap.ui.unified.Shell"},"getCurtainContent":{"!category":"function","!description":"Getter for aggregation <code>curtainContent</code>.<br/>\nThe content to appear in the curtain area.","!type":"fn() -> [sap.ui.core.Control]"},"insertCurtainContent":{"!category":"function","!description":"Inserts a curtainContent into the aggregation named <code>curtainContent</code>.","!type":"fn(oCurtainContent: sap.ui.core.Control, iIndex: Number) -> sap.ui.unified.Shell"},"addCurtainContent":{"!category":"function","!description":"Adds some curtainContent <code>oCurtainContent</code> \nto the aggregation named <code>curtainContent</code>.","!type":"fn(oCurtainContent: sap.ui.core.Control) -> sap.ui.unified.Shell"},"removeCurtainContent":{"!category":"function","!description":"Removes an curtainContent from the aggregation named <code>curtainContent</code>.","!type":"fn(vCurtainContent: Number | String | sap.ui.core.Control) -> sap.ui.core.Control"},"removeAllCurtainContent":{"!category":"function","!description":"Removes all the controls in the aggregation named <code>curtainContent</code>.<br/>\nAdditionally unregisters them from the hosting UIArea.","!type":"fn() -> [sap.ui.core.Control]"},"indexOfCurtainContent":{"!category":"function","!description":"Checks for the provided <code>sap.ui.core.Control</code> in the aggregation named <code>curtainContent</code> \nand returns its index if found or -1 otherwise.","!type":"fn(oCurtainContent: sap.ui.core.Control) -> Number"},"destroyCurtainContent":{"!category":"function","!description":"Destroys all the curtainContent in the aggregation \nnamed <code>curtainContent</code>.","!type":"fn() -> sap.ui.unified.Shell"},"getCurtainPaneContent":{"!category":"function","!description":"Getter for aggregation <code>curtainPaneContent</code>.<br/>\nThe content to appear in the pane area of the curtain.","!type":"fn() -> [sap.ui.core.Control]"},"insertCurtainPaneContent":{"!category":"function","!description":"Inserts a curtainPaneContent into the aggregation named <code>curtainPaneContent</code>.","!type":"fn(oCurtainPaneContent: sap.ui.core.Control, iIndex: Number) -> sap.ui.unified.Shell"},"addCurtainPaneContent":{"!category":"function","!description":"Adds some curtainPaneContent <code>oCurtainPaneContent</code> \nto the aggregation named <code>curtainPaneContent</code>.","!type":"fn(oCurtainPaneContent: sap.ui.core.Control) -> sap.ui.unified.Shell"},"removeCurtainPaneContent":{"!category":"function","!description":"Removes an curtainPaneContent from the aggregation named <code>curtainPaneContent</code>.","!type":"fn(vCurtainPaneContent: Number | String | sap.ui.core.Control) -> sap.ui.core.Control"},"removeAllCurtainPaneContent":{"!category":"function","!description":"Removes all the controls in the aggregation named <code>curtainPaneContent</code>.<br/>\nAdditionally unregisters them from the hosting UIArea.","!type":"fn() -> [sap.ui.core.Control]"},"indexOfCurtainPaneContent":{"!category":"function","!description":"Checks for the provided <code>sap.ui.core.Control</code> in the aggregation named <code>curtainPaneContent</code> \nand returns its index if found or -1 otherwise.","!type":"fn(oCurtainPaneContent: sap.ui.core.Control) -> Number"},"destroyCurtainPaneContent":{"!category":"function","!description":"Destroys all the curtainPaneContent in the aggregation \nnamed <code>curtainPaneContent</code>.","!type":"fn() -> sap.ui.unified.Shell"},"getHeadItems":{"!category":"function","!description":"Getter for aggregation <code>headItems</code>.<br/>\nThe buttons shown in the begin (left in left-to-right case) of the Shell header. Currently max. 3 buttons are supported.","!type":"fn() -> [sap.ui.unified.ShellHeadItem]"},"insertHeadItem":{"!category":"function","!description":"Inserts a headItem into the aggregation named <code>headItems</code>.","!type":"fn(oHeadItem: sap.ui.unified.ShellHeadItem, iIndex: Number) -> sap.ui.unified.Shell"},"addHeadItem":{"!category":"function","!description":"Adds some headItem <code>oHeadItem</code> \nto the aggregation named <code>headItems</code>.","!type":"fn(oHeadItem: sap.ui.unified.ShellHeadItem) -> sap.ui.unified.Shell"},"removeHeadItem":{"!category":"function","!description":"Removes an headItem from the aggregation named <code>headItems</code>.","!type":"fn(vHeadItem: Number | String | sap.ui.unified.ShellHeadItem) -> sap.ui.unified.ShellHeadItem"},"removeAllHeadItems":{"!category":"function","!description":"Removes all the controls in the aggregation named <code>headItems</code>.<br/>\nAdditionally unregisters them from the hosting UIArea.","!type":"fn() -> [sap.ui.unified.ShellHeadItem]"},"indexOfHeadItem":{"!category":"function","!description":"Checks for the provided <code>sap.ui.unified.ShellHeadItem</code> in the aggregation named <code>headItems</code> \nand returns its index if found or -1 otherwise.","!type":"fn(oHeadItem: sap.ui.unified.ShellHeadItem) -> Number"},"destroyHeadItems":{"!category":"function","!description":"Destroys all the headItems in the aggregation \nnamed <code>headItems</code>.","!type":"fn() -> sap.ui.unified.Shell"},"getHeadEndItems":{"!category":"function","!description":"Getter for aggregation <code>headEndItems</code>.<br/>\nThe buttons shown in the end (right in left-to-right case) of the Shell header. Currently max. 3 buttons are supported.","!type":"fn() -> [sap.ui.unified.ShellHeadItem]"},"insertHeadEndItem":{"!category":"function","!description":"Inserts a headEndItem into the aggregation named <code>headEndItems</code>.","!type":"fn(oHeadEndItem: sap.ui.unified.ShellHeadItem, iIndex: Number) -> sap.ui.unified.Shell"},"addHeadEndItem":{"!category":"function","!description":"Adds some headEndItem <code>oHeadEndItem</code> \nto the aggregation named <code>headEndItems</code>.","!type":"fn(oHeadEndItem: sap.ui.unified.ShellHeadItem) -> sap.ui.unified.Shell"},"removeHeadEndItem":{"!category":"function","!description":"Removes an headEndItem from the aggregation named <code>headEndItems</code>.","!type":"fn(vHeadEndItem: Number | String | sap.ui.unified.ShellHeadItem) -> sap.ui.unified.ShellHeadItem"},"removeAllHeadEndItems":{"!category":"function","!description":"Removes all the controls in the aggregation named <code>headEndItems</code>.<br/>\nAdditionally unregisters them from the hosting UIArea.","!type":"fn() -> [sap.ui.unified.ShellHeadItem]"},"indexOfHeadEndItem":{"!category":"function","!description":"Checks for the provided <code>sap.ui.unified.ShellHeadItem</code> in the aggregation named <code>headEndItems</code> \nand returns its index if found or -1 otherwise.","!type":"fn(oHeadEndItem: sap.ui.unified.ShellHeadItem) -> Number"},"destroyHeadEndItems":{"!category":"function","!description":"Destroys all the headEndItems in the aggregation \nnamed <code>headEndItems</code>.","!type":"fn() -> sap.ui.unified.Shell"},"getSearch":{"!category":"function","!description":"Getter for aggregation <code>search</code>.<br/>\nExperimental (This aggregation might change in future!): The search control which should be displayed in the shell header.","!type":"fn() -> sap.ui.core.Control"},"setSearch":{"!category":"function","!description":"Setter for the aggregated <code>search</code>.","!type":"fn(oSearch: sap.ui.core.Control) -> sap.ui.unified.Shell"},"destroySearch":{"!category":"function","!description":"Destroys the search in the aggregation \nnamed <code>search</code>.","!type":"fn() -> sap.ui.unified.Shell"}},"sap.ui.unified.Shell_obj":{"prototype":"sap.ui.unified.Shell","!type":"fn(sId?: String, mSettings?: Object)","extend":{"!category":"function","!description":"Creates a new subclass of class sap.ui.unified.Shell with name <code>sClassName</code> \nand enriches it with the information contained in <code>oClassInfo</code>.\n\n<code>oClassInfo</code> might contain the same kind of informations as described in {@link sap.ui.core.Element.extend Element.extend}.","!type":"fn(sClassName: String, oClassInfo?: Object, FNMetaImpl?: fn())"}},"sap.ui.unified.ShellHeadItem":{"!category":"class","!proto":"sap.ui.core.Element","!description":"Header Action item of the Shell.","getStartsSection":{"!category":"function","!description":"Getter for property <code>startsSection</code>.\nIf set to true, a divider is displayed before the item.\n\nDefault value is <code>false</code>","!type":"fn() -> Boolean"},"setStartsSection":{"!category":"function","!description":"Setter for property <code>startsSection</code>.\n\nDefault value is <code>false</code>","!type":"fn(bStartsSection: Boolean) -> sap.ui.unified.ShellHeadItem"},"getSelected":{"!category":"function","!description":"Getter for property <code>selected</code>.\nIf set to true, the item gets a special design.\n\nDefault value is <code>false</code>","!type":"fn() -> Boolean"},"setSelected":{"!category":"function","!description":"Setter for property <code>selected</code>.\n\nDefault value is <code>false</code>","!type":"fn(bSelected: Boolean) -> sap.ui.unified.ShellHeadItem"},"getShowMarker":{"!category":"function","!description":"Getter for property <code>showMarker</code>.\nIf set to true, a theme dependent marker is shown on the item.\n\nDefault value is <code>false</code>","!type":"fn() -> Boolean"},"setShowMarker":{"!category":"function","!description":"Setter for property <code>showMarker</code>.\n\nDefault value is <code>false</code>","!type":"fn(bShowMarker: Boolean) -> sap.ui.unified.ShellHeadItem"},"getIcon":{"!category":"function","!description":"Getter for property <code>icon</code>.\nThe icon of the item, either defined in the sap.ui.core.IconPool or an URI to a custom image. An icon must be set.\n\nDefault value is empty/<code>undefined</code>","!type":"fn() -> sap.ui.core.URI"},"setIcon":{"!category":"function","!description":"Setter for property <code>icon</code>.\n\nDefault value is empty/<code>undefined</code>","!type":"fn(sIcon: sap.ui.core.URI) -> sap.ui.unified.ShellHeadItem"},"getVisible":{"!category":"function","!description":"Getter for property <code>visible</code>.\nInvisible items are not shown on the UI.\n\nDefault value is <code>true</code>","!type":"fn() -> Boolean"},"setVisible":{"!category":"function","!description":"Setter for property <code>visible</code>.\n\nDefault value is <code>true</code>","!type":"fn(bVisible: Boolean) -> sap.ui.unified.ShellHeadItem"},"attachPress":{"!category":"function","!description":"Attach event handler <code>fnFunction</code> to the 'press' event of this <code>sap.ui.unified.ShellHeadItem</code>.<br/>.\nWhen called, the context of the event handler (its <code>this</code>) will be bound to <code>oListener<code> if specified\notherwise to this <code>sap.ui.unified.ShellHeadItem</code>.<br/> itself. \n \nEvent is fired when the user presses the item.","!type":"fn(oData?: Object, fnFunction?: fn(), oListener?: Object) -> sap.ui.unified.ShellHeadItem"},"detachPress":{"!category":"function","!description":"Detach event handler <code>fnFunction</code> from the 'press' event of this <code>sap.ui.unified.ShellHeadItem</code>.<br/>\n\nThe passed function and listener object must match the ones used for event registration.","!type":"fn(fnFunction: fn(), oListener: Object) -> sap.ui.unified.ShellHeadItem"}},"sap.ui.unified.ShellHeadItem_obj":{"prototype":"sap.ui.unified.ShellHeadItem","!type":"fn(sId?: String, mSettings?: Object)","extend":{"!category":"function","!description":"Creates a new subclass of class sap.ui.unified.ShellHeadItem with name <code>sClassName</code> \nand enriches it with the information contained in <code>oClassInfo</code>.\n\n<code>oClassInfo</code> might contain the same kind of informations as described in {@link sap.ui.core.Element.extend Element.extend}.","!type":"fn(sClassName: String, oClassInfo?: Object, FNMetaImpl?: fn())"}},"sap.ui.unified.ShellOverlay":{"!category":"class","!proto":"sap.ui.core.Control","!description":"ShellOverlay to be opened in front of a sap.ui.unified.Shell","getContent":{"!category":"function","!description":"Getter for aggregation <code>content</code>.<br/>\nThe content to appear in the overlay.\n\n<strong>Note</strong>: this is the default aggregation for ShellOverlay.","!type":"fn() -> [sap.ui.core.Control]"},"insertContent":{"!category":"function","!description":"Inserts a content into the aggregation named <code>content</code>.","!type":"fn(oContent: sap.ui.core.Control, iIndex: Number) -> sap.ui.unified.ShellOverlay"},"addContent":{"!category":"function","!description":"Adds some content <code>oContent</code> \nto the aggregation named <code>content</code>.","!type":"fn(oContent: sap.ui.core.Control) -> sap.ui.unified.ShellOverlay"},"removeContent":{"!category":"function","!description":"Removes an content from the aggregation named <code>content</code>.","!type":"fn(vContent: Number | String | sap.ui.core.Control) -> sap.ui.core.Control"},"removeAllContent":{"!category":"function","!description":"Removes all the controls in the aggregation named <code>content</code>.<br/>\nAdditionally unregisters them from the hosting UIArea.","!type":"fn() -> [sap.ui.core.Control]"},"indexOfContent":{"!category":"function","!description":"Checks for the provided <code>sap.ui.core.Control</code> in the aggregation named <code>content</code> \nand returns its index if found or -1 otherwise.","!type":"fn(oContent: sap.ui.core.Control) -> Number"},"destroyContent":{"!category":"function","!description":"Destroys all the content in the aggregation \nnamed <code>content</code>.","!type":"fn() -> sap.ui.unified.ShellOverlay"},"getSearch":{"!category":"function","!description":"Getter for aggregation <code>search</code>.<br/>\nExperimental (This aggregation might change in future!): The search control which should be displayed in the overlay header.","!type":"fn() -> sap.ui.core.Control"},"setSearch":{"!category":"function","!description":"Setter for the aggregated <code>search</code>.","!type":"fn(oSearch: sap.ui.core.Control) -> sap.ui.unified.ShellOverlay"},"destroySearch":{"!category":"function","!description":"Destroys the search in the aggregation \nnamed <code>search</code>.","!type":"fn() -> sap.ui.unified.ShellOverlay"},"getShell":{"!category":"function","!description":"Reference to the sap.ui.unified.Shell control.","!type":"fn() -> String"},"setShell":{"!category":"function","!description":"Reference to the sap.ui.unified.Shell control.","!type":"fn(vShell: String | sap.ui.unified.Shell) -> sap.ui.unified.ShellOverlay"},"attachClosed":{"!category":"function","!description":"Attach event handler <code>fnFunction</code> to the 'closed' event of this <code>sap.ui.unified.ShellOverlay</code>.<br/>.\nWhen called, the context of the event handler (its <code>this</code>) will be bound to <code>oListener<code> if specified\notherwise to this <code>sap.ui.unified.ShellOverlay</code>.<br/> itself. \n \nFired when the overlay was closed.","!type":"fn(oData?: Object, fnFunction?: fn(), oListener?: Object) -> sap.ui.unified.ShellOverlay"},"detachClosed":{"!category":"function","!description":"Detach event handler <code>fnFunction</code> from the 'closed' event of this <code>sap.ui.unified.ShellOverlay</code>.<br/>\n\nThe passed function and listener object must match the ones used for event registration.","!type":"fn(fnFunction: fn(), oListener: Object) -> sap.ui.unified.ShellOverlay"}},"sap.ui.unified.ShellOverlay_obj":{"prototype":"sap.ui.unified.ShellOverlay","!type":"fn(sId?: String, mSettings?: Object)","extend":{"!category":"function","!description":"Creates a new subclass of class sap.ui.unified.ShellOverlay with name <code>sClassName</code> \nand enriches it with the information contained in <code>oClassInfo</code>.\n\n<code>oClassInfo</code> might contain the same kind of informations as described in {@link sap.ui.core.Element.extend Element.extend}.","!type":"fn(sClassName: String, oClassInfo?: Object, FNMetaImpl?: fn())"}},"sap.ui.unified.SplitContainer":{"!category":"class","!proto":"sap.ui.core.Control","!description":"Provides a main content and a secondary content area","getShowSecondaryContent":{"!category":"function","!description":"Getter for property <code>showSecondaryContent</code>.\nShows / Hides the secondary area.\n\nDefault value is empty/<code>undefined</code>","!type":"fn() -> Boolean"},"setShowSecondaryContent":{"!category":"function","!description":"Setter for property <code>showSecondaryContent</code>.\n\nDefault value is empty/<code>undefined</code>","!type":"fn(bShowSecondaryContent: Boolean) -> sap.ui.unified.SplitContainer"},"getSecondaryContentWidth":{"!category":"function","!description":"Getter for property <code>secondaryContentWidth</code>.\nThe width if the secondary content. The height is always 100%.\n\nDefault value is <code>250px</code>","!type":"fn() -> sap.ui.core.CSSSize"},"setSecondaryContentWidth":{"!category":"function","!description":"Setter for property <code>secondaryContentWidth</code>.\n\nDefault value is <code>250px</code>","!type":"fn(sSecondaryContentWidth: sap.ui.core.CSSSize) -> sap.ui.unified.SplitContainer"},"getContent":{"!category":"function","!description":"Getter for aggregation <code>content</code>.<br/>\nThe content to appear in the main area.\n\n<strong>Note</strong>: this is the default aggregation for SplitContainer.","!type":"fn() -> [sap.ui.core.Control]"},"insertContent":{"!category":"function","!description":"Inserts a content into the aggregation named <code>content</code>.","!type":"fn(oContent: sap.ui.core.Control, iIndex: Number) -> sap.ui.unified.SplitContainer"},"addContent":{"!category":"function","!description":"Adds some content <code>oContent</code> \nto the aggregation named <code>content</code>.","!type":"fn(oContent: sap.ui.core.Control) -> sap.ui.unified.SplitContainer"},"removeContent":{"!category":"function","!description":"Removes an content from the aggregation named <code>content</code>.","!type":"fn(vContent: Number | String | sap.ui.core.Control) -> sap.ui.core.Control"},"removeAllContent":{"!category":"function","!description":"Removes all the controls in the aggregation named <code>content</code>.<br/>\nAdditionally unregisters them from the hosting UIArea.","!type":"fn() -> [sap.ui.core.Control]"},"indexOfContent":{"!category":"function","!description":"Checks for the provided <code>sap.ui.core.Control</code> in the aggregation named <code>content</code> \nand returns its index if found or -1 otherwise.","!type":"fn(oContent: sap.ui.core.Control) -> Number"},"destroyContent":{"!category":"function","!description":"Destroys all the content in the aggregation \nnamed <code>content</code>.","!type":"fn() -> sap.ui.unified.SplitContainer"},"getSecondaryContent":{"!category":"function","!description":"Getter for aggregation <code>secondaryContent</code>.<br/>\nThe content to appear in the secondary area.","!type":"fn() -> [sap.ui.core.Control]"},"insertSecondaryContent":{"!category":"function","!description":"Inserts a secondaryContent into the aggregation named <code>secondaryContent</code>.","!type":"fn(oSecondaryContent: sap.ui.core.Control, iIndex: Number) -> sap.ui.unified.SplitContainer"},"addSecondaryContent":{"!category":"function","!description":"Adds some secondaryContent <code>oSecondaryContent</code> \nto the aggregation named <code>secondaryContent</code>.","!type":"fn(oSecondaryContent: sap.ui.core.Control) -> sap.ui.unified.SplitContainer"},"removeSecondaryContent":{"!category":"function","!description":"Removes an secondaryContent from the aggregation named <code>secondaryContent</code>.","!type":"fn(vSecondaryContent: Number | String | sap.ui.core.Control) -> sap.ui.core.Control"},"removeAllSecondaryContent":{"!category":"function","!description":"Removes all the controls in the aggregation named <code>secondaryContent</code>.<br/>\nAdditionally unregisters them from the hosting UIArea.","!type":"fn() -> [sap.ui.core.Control]"},"indexOfSecondaryContent":{"!category":"function","!description":"Checks for the provided <code>sap.ui.core.Control</code> in the aggregation named <code>secondaryContent</code> \nand returns its index if found or -1 otherwise.","!type":"fn(oSecondaryContent: sap.ui.core.Control) -> Number"},"destroySecondaryContent":{"!category":"function","!description":"Destroys all the secondaryContent in the aggregation \nnamed <code>secondaryContent</code>.","!type":"fn() -> sap.ui.unified.SplitContainer"}},"sap.ui.unified.SplitContainer_obj":{"prototype":"sap.ui.unified.SplitContainer","!type":"fn(sId?: String, mSettings?: Object)","extend":{"!category":"function","!description":"Creates a new subclass of class sap.ui.unified.SplitContainer with name <code>sClassName</code> \nand enriches it with the information contained in <code>oClassInfo</code>.\n\n<code>oClassInfo</code> might contain the same kind of informations as described in {@link sap.ui.core.Element.extend Element.extend}.","!type":"fn(sClassName: String, oClassInfo?: Object, FNMetaImpl?: fn())"}},"sap.ui.unified.ContentSwitcherAnimation":{"!category":"static class","!description":"Predefined animations for the ContentSwitcher","None":{"!category":"enum","!description":"No animation. Content is switched instantly.","!type":"String"},"Fade":{"!category":"enum","!description":"Content is faded (opacity change).","!type":"String"},"ZoomIn":{"!category":"enum","!description":"The new content is \"zoomed in\" from the center and grows to fill the full content area.","!type":"String"},"ZoomOut":{"!category":"enum","!description":"The old content is \"zoomed out\", i.e. shrinks to a point at the center of the content area.","!type":"String"},"Rotate":{"!category":"enum","!description":"The new content rotates in. (Just like one of those old newspaper-animations.)","!type":"String"},"SlideRight":{"!category":"enum","!description":"The new slides in from the left (to the right).","!type":"String"},"SlideOver":{"!category":"enum","!description":"The new content slides in from the left while the old content slides out to the left at the same time.","!type":"String"}}}}