{"XML_KEYWORDS":["sap.uxap.AnchorBar","sap.uxap.BreadCrumbs","sap.uxap.HierarchicalSelect","sap.uxap.ModelMapping","sap.uxap.ObjectPageHeader","sap.uxap.ObjectPageHeaderActionButton","sap.uxap.ObjectPageHeaderContent","sap.uxap.ObjectPageHeaderLayoutData","sap.uxap.ObjectPageLayout","sap.uxap.ObjectPageSection","sap.uxap.ObjectPageSectionBase","sap.uxap.ObjectPageSubSection"],"XML_TEMPLATES":[{"template":"<AnchorBar xmlns=\"sap.uxap\"\n\tid=\"${id}\"\n\tbusy=\"false\"\n\tbusyIndicatorDelay=\"1000\"\n\tvisible=\"true\"\n\tfieldGroupIds=\"[]\"\n\twidth=\"\"\n\tactive=\"false\"\n\tenabled=\"true\"\n\theight=\"\"\n\tdesign=\"Auto\"\n\tshowPopover=\"true\"\n\tupperCase=\"false\"\n\tvalidationSuccess=\"\"\n\tvalidationError=\"\"\n\tparseError=\"\"\n\tformatError=\"\"\n\tvalidateFieldGroup=\"\"\n\tpress=\"\">\n\t\t<tooltip><\/tooltip> <!-- sap.ui.core.TooltipBase -->\n\t\t<dependents><\/dependents> <!-- sap.ui.core.Control, since 1.19 -->\n\t\t<tooltip><\/tooltip><!-- sap.ui.core.TooltipBase -->\n\t<customData><\/customData><!-- sap.ui.core.CustomData -->\n\t<layoutData><\/layoutData><!-- sap.ui.core.LayoutData -->\n\t<dependents><\/dependents><!-- sap.ui.core.Control -->\n\t<content><\/content><!-- sap.ui.core.Control -->\n\t<_select><\/_select><!-- sap.uxap.HierarchicalSelect -->\n\t<_popovers><\/_popovers><!-- sap.m.Popover -->\n<\/AnchorBar>\n","Deprecated":false,"helpDescription":"Anchor bar is the navigation bar of an Object page. Its purpose is to provide links to all Sections and Subsections. Takes the form of a Select on phone.","description":"sap.uxap.AnchorBar","Experimental":false,"prefix":"AnchorBar","name":"sap.uxap.AnchorBar"},{"template":"<BreadCrumbs xmlns=\"sap.uxap\"\n\tid=\"${id}\"\n\tbusy=\"false\"\n\tbusyIndicatorDelay=\"1000\"\n\tvisible=\"true\"\n\tfieldGroupIds=\"[]\"\n\tshowCurrentLocation=\"true\"\n\tvalidationSuccess=\"\"\n\tvalidationError=\"\"\n\tparseError=\"\"\n\tformatError=\"\"\n\tvalidateFieldGroup=\"\">\n\t\t<tooltip><\/tooltip> <!-- sap.ui.core.TooltipBase -->\n\t\t<dependents><\/dependents> <!-- sap.ui.core.Control, since 1.19 -->\n\t\t<tooltip><\/tooltip><!-- sap.ui.core.TooltipBase -->\n\t<customData><\/customData><!-- sap.ui.core.CustomData -->\n\t<layoutData><\/layoutData><!-- sap.ui.core.LayoutData -->\n\t<dependents><\/dependents><!-- sap.ui.core.Control -->\n\t<links><\/links><!-- sap.m.Link -->\n\t<currentLocation><\/currentLocation><!-- sap.m.Text -->\n\t<_tubeIcon><\/_tubeIcon><!-- sap.ui.core.Icon -->\n\t<_overflowSelect><\/_overflowSelect><!-- sap.m.Select -->\n<\/BreadCrumbs>\n","Deprecated":false,"helpDescription":"\nThe BreadCrumbs control represents the navigation steps up to the current location in the application and allows\nthe user to quickly navigate to a previous location on the path that got him to the current location.\nIt has two main modes of operation. One is a trail of links followed by separators (when there's enough space\nfor the control to fit on one line), and the other is a dropdown list with the links (when the trail of links\nwouldn't fit on one line).","description":"sap.uxap.BreadCrumbs","Experimental":false,"prefix":"BreadCrumbs","name":"sap.uxap.BreadCrumbs"},{"template":"<HierarchicalSelect xmlns=\"sap.uxap\"\n\tid=\"${id}\"\n\tbusy=\"false\"\n\tbusyIndicatorDelay=\"1000\"\n\tvisible=\"true\"\n\tfieldGroupIds=\"[]\"\n\tname=\"\"\n\tenabled=\"true\"\n\twidth=\"auto\"\n\tmaxWidth=\"100%\"\n\tselectedKey=\"\"\n\tselectedItemId=\"\"\n\ticon=\"\"\n\ttype=\"Default\"\n\tautoAdjustWidth=\"false\"\n\ttextAlign=\"Initial\"\n\ttextDirection=\"Inherit\"\n\tupperCase=\"false\"\n\tvalidationSuccess=\"\"\n\tvalidationError=\"\"\n\tparseError=\"\"\n\tformatError=\"\"\n\tvalidateFieldGroup=\"\"\n\tchange=\"\">\n\t\t<tooltip><\/tooltip> <!-- sap.ui.core.TooltipBase -->\n\t\t<dependents><\/dependents> <!-- sap.ui.core.Control, since 1.19 -->\n\t\t<tooltip><\/tooltip><!-- sap.ui.core.TooltipBase -->\n\t<customData><\/customData><!-- sap.ui.core.CustomData -->\n\t<layoutData><\/layoutData><!-- sap.ui.core.LayoutData -->\n\t<dependents><\/dependents><!-- sap.ui.core.Control -->\n\t<items><\/items><!-- sap.ui.core.Item -->\n\t<picker><\/picker><!-- sap.ui.core.Control -->\n<\/HierarchicalSelect>\n","Deprecated":false,"helpDescription":"A select that display items on 2 level of hierarchy.\nIf a provided item has a custom data named \"secondLevel\", then it will be displayed as a second level, otherwise it would be displayed as a first level.","description":"sap.uxap.HierarchicalSelect","Experimental":false,"prefix":"HierarchicalSelect","name":"sap.uxap.HierarchicalSelect"},{"template":"<ModelMapping xmlns=\"sap.uxap\"\n\tid=\"${id}\"\n\texternalModelName=\"\"\n\tinternalModelName=\"Model\"\n\texternalPath=\"\"\n\tvalidationSuccess=\"\"\n\tvalidationError=\"\"\n\tparseError=\"\"\n\tformatError=\"\">\n\t\t<tooltip><\/tooltip> <!-- sap.ui.core.TooltipBase -->\n\t\t<dependents><\/dependents> <!-- sap.ui.core.Control, since 1.19 -->\n\t\t<tooltip><\/tooltip><!-- sap.ui.core.TooltipBase -->\n\t<customData><\/customData><!-- sap.ui.core.CustomData -->\n\t<layoutData><\/layoutData><!-- sap.ui.core.LayoutData -->\n\t<dependents><\/dependents><!-- sap.ui.core.Control -->\n<\/ModelMapping>\n","Deprecated":false,"helpDescription":"\nDefine the entity that will be passed to the ObjectPageLayout.","description":"sap.uxap.ModelMapping","Experimental":false,"prefix":"ModelMapping","name":"sap.uxap.ModelMapping"},{"template":"<ObjectPageHeader xmlns=\"sap.uxap\"\n\tid=\"${id}\"\n\tbusy=\"false\"\n\tbusyIndicatorDelay=\"1000\"\n\tvisible=\"true\"\n\tfieldGroupIds=\"[]\"\n\tobjectImageURI=\"\"\n\tobjectImageAlt=\"\"\n\tobjectImageDensityAware=\"false\"\n\tobjectTitle=\"\"\n\tobjectSubtitle=\"\"\n\tobjectImageShape=\"Square\"\n\tisObjectIconAlwaysVisible=\"false\"\n\tisObjectTitleAlwaysVisible=\"true\"\n\tisObjectSubtitleAlwaysVisible=\"true\"\n\tisActionAreaAlwaysVisible=\"true\"\n\theaderDesign=\"Light\"\n\tshowTitleSelector=\"false\"\n\tmarkFavorite=\"false\"\n\tmarkFlagged=\"false\"\n\tshowMarkers=\"false\"\n\tmarkLocked=\"false\"\n\tshowPlaceholder=\"false\"\n\tvalidationSuccess=\"\"\n\tvalidationError=\"\"\n\tparseError=\"\"\n\tformatError=\"\"\n\tvalidateFieldGroup=\"\"\n\ttitleSelectorPress=\"\"\n\tmarkLockedPress=\"\">\n\t\t<tooltip><\/tooltip> <!-- sap.ui.core.TooltipBase -->\n\t\t<dependents><\/dependents> <!-- sap.ui.core.Control, since 1.19 -->\n\t\t<tooltip><\/tooltip><!-- sap.ui.core.TooltipBase -->\n\t<customData><\/customData><!-- sap.ui.core.CustomData -->\n\t<layoutData><\/layoutData><!-- sap.ui.core.LayoutData -->\n\t<dependents><\/dependents><!-- sap.ui.core.Control -->\n\t<_breadCrumbs><\/_breadCrumbs><!-- sap.uxap.BreadCrumbs -->\n\t<breadCrumbsLinks><\/breadCrumbsLinks><!-- sap.m.Link -->\n\t<_overflowButton><\/_overflowButton><!-- sap.m.Button -->\n\t<_objectImage><\/_objectImage><!-- sap.ui.core.Control -->\n\t<_lockIconCont><\/_lockIconCont><!-- sap.m.Button -->\n\t<_lockIcon><\/_lockIcon><!-- sap.m.Button -->\n\t<_titleArrowIconCont><\/_titleArrowIconCont><!-- sap.m.Button -->\n\t<_titleArrowIcon><\/_titleArrowIcon><!-- sap.m.Button -->\n\t<_favIcon><\/_favIcon><!-- sap.ui.core.Icon -->\n\t<_flagIcon><\/_flagIcon><!-- sap.ui.core.Icon -->\n\t<_overflowActionSheet><\/_overflowActionSheet><!-- sap.m.ActionSheet -->\n\t<navigationBar><\/navigationBar><!-- sap.m.Bar -->\n\t<actions><\/actions><!-- sap.ui.core.Control -->\n<\/ObjectPageHeader>\n","Deprecated":false,"helpDescription":"ObjectPageHeader represents the static part of an Object page header.\nTypically used to display the basic information about a business object, such as title/description/picture, as well as a list of common actions.","description":"sap.uxap.ObjectPageHeader","Experimental":false,"prefix":"ObjectPageHeader","name":"sap.uxap.ObjectPageHeader"},{"template":"<ObjectPageHeaderActionButton xmlns=\"sap.uxap\"\n\tid=\"${id}\"\n\tbusy=\"false\"\n\tbusyIndicatorDelay=\"1000\"\n\tvisible=\"true\"\n\tfieldGroupIds=\"[]\"\n\ttext=\"\"\n\ttype=\"Default\"\n\twidth=\"\"\n\tenabled=\"true\"\n\ticon=\"\"\n\ticonFirst=\"true\"\n\tactiveIcon=\"\"\n\ticonDensityAware=\"true\"\n\ttextDirection=\"Inherit\"\n\thideText=\"true\"\n\thideIcon=\"false\"\n\tvalidationSuccess=\"\"\n\tvalidationError=\"\"\n\tparseError=\"\"\n\tformatError=\"\"\n\tvalidateFieldGroup=\"\"\n\ttap=\"\"\n\tpress=\"\">\n\t\t<tooltip><\/tooltip> <!-- sap.ui.core.TooltipBase -->\n\t\t<dependents><\/dependents> <!-- sap.ui.core.Control, since 1.19 -->\n\t\t<tooltip><\/tooltip><!-- sap.ui.core.TooltipBase -->\n\t<customData><\/customData><!-- sap.ui.core.CustomData -->\n\t<layoutData><\/layoutData><!-- sap.ui.core.LayoutData -->\n\t<dependents><\/dependents><!-- sap.ui.core.Control -->\n<\/ObjectPageHeaderActionButton>\n","Deprecated":false,"helpDescription":"\nButton that can be used in the ObjectPageHeader action aggregation.","description":"sap.uxap.ObjectPageHeaderActionButton","Experimental":false,"prefix":"ObjectPageHeaderActionButton","name":"sap.uxap.ObjectPageHeaderActionButton"},{"template":"<ObjectPageHeaderContent xmlns=\"sap.uxap\"\n\tid=\"${id}\"\n\tbusy=\"false\"\n\tbusyIndicatorDelay=\"1000\"\n\tvisible=\"true\"\n\tfieldGroupIds=\"[]\"\n\tcontentDesign=\"Light\"\n\tvalidationSuccess=\"\"\n\tvalidationError=\"\"\n\tparseError=\"\"\n\tformatError=\"\"\n\tvalidateFieldGroup=\"\">\n\t\t<tooltip><\/tooltip> <!-- sap.ui.core.TooltipBase -->\n\t\t<dependents><\/dependents> <!-- sap.ui.core.Control, since 1.19 -->\n\t\t<tooltip><\/tooltip><!-- sap.ui.core.TooltipBase -->\n\t<customData><\/customData><!-- sap.ui.core.CustomData -->\n\t<layoutData><\/layoutData><!-- sap.ui.core.LayoutData -->\n\t<dependents><\/dependents><!-- sap.ui.core.Control -->\n\t<content><\/content><!-- sap.ui.core.Control -->\n<\/ObjectPageHeaderContent>\n","Deprecated":false,"helpDescription":"ObjectPageHeaderContent represents the dynamic part of an Object page header. May contain any control.\nUnlike the Object page header title, the Object page header content is part of the scrolling area of the Object page.\nThis enables it to hold any amount of information and still be usable on a mobile device.","description":"sap.uxap.ObjectPageHeaderContent","Experimental":false,"prefix":"ObjectPageHeaderContent","name":"sap.uxap.ObjectPageHeaderContent"},{"template":"<ObjectPageHeaderLayoutData xmlns=\"sap.uxap\"\n\tid=\"${id}\"\n\tvisibleS=\"true\"\n\tvisibleM=\"true\"\n\tvisibleL=\"true\"\n\tshowSeparatorBefore=\"false\"\n\tshowSeparatorAfter=\"false\"\n\twidth=\"auto\"\n\tvalidationSuccess=\"\"\n\tvalidationError=\"\"\n\tparseError=\"\"\n\tformatError=\"\">\n\t\t<tooltip><\/tooltip> <!-- sap.ui.core.TooltipBase -->\n\t\t<dependents><\/dependents> <!-- sap.ui.core.Control, since 1.19 -->\n\t\t<tooltip><\/tooltip><!-- sap.ui.core.TooltipBase -->\n\t<customData><\/customData><!-- sap.ui.core.CustomData -->\n\t<layoutData><\/layoutData><!-- sap.ui.core.LayoutData -->\n\t<dependents><\/dependents><!-- sap.ui.core.Control -->\n<\/ObjectPageHeaderLayoutData>\n","Deprecated":false,"helpDescription":"This is a LayoutData Element that can be added to a control if this control is used within an ObjectPage headerContent aggregation","description":"sap.uxap.ObjectPageHeaderLayoutData","Experimental":false,"prefix":"ObjectPageHeaderLayoutData","name":"sap.uxap.ObjectPageHeaderLayoutData"},{"template":"<ObjectPageLayout xmlns=\"sap.uxap\"\n\tid=\"${id}\"\n\tbusy=\"false\"\n\tbusyIndicatorDelay=\"1000\"\n\tvisible=\"true\"\n\tfieldGroupIds=\"[]\"\n\tshowAnchorBar=\"true\"\n\tshowAnchorBarPopover=\"true\"\n\tupperCaseAnchorBar=\"true\"\n\theight=\"100%\"\n\tenableLazyLoading=\"false\"\n\tsubSectionLayout=\"TitleOnTop\"\n\tuseIconTabBar=\"false\"\n\tshowHeaderContent=\"true\"\n\tuseTwoColumnsForLargeScreen=\"false\"\n\tshowTitleInHeaderContent=\"false\"\n\tshowOnlyHighImportance=\"false\"\n\tvalidationSuccess=\"\"\n\tvalidationError=\"\"\n\tparseError=\"\"\n\tformatError=\"\"\n\tvalidateFieldGroup=\"\"\n\ttoggleAnchorBar=\"\">\n\t\t<tooltip><\/tooltip> <!-- sap.ui.core.TooltipBase -->\n\t\t<dependents><\/dependents> <!-- sap.ui.core.Control, since 1.19 -->\n\t\t<tooltip><\/tooltip><!-- sap.ui.core.TooltipBase -->\n\t<customData><\/customData><!-- sap.ui.core.CustomData -->\n\t<layoutData><\/layoutData><!-- sap.ui.core.LayoutData -->\n\t<dependents><\/dependents><!-- sap.ui.core.Control -->\n\t<sections><\/sections><!-- sap.uxap.ObjectPageSection -->\n\t<headerTitle><\/headerTitle><!-- sap.uxap.ObjectPageHeader -->\n\t<headerContent><\/headerContent><!-- sap.ui.core.Control -->\n\t<_anchorBar><\/_anchorBar><!-- sap.uxap.AnchorBar -->\n\t<_iconTabBar><\/_iconTabBar><!-- sap.m.IconTabBar -->\n\t<_headerContent><\/_headerContent><!-- sap.uxap.ObjectPageHeaderContent -->\n<\/ObjectPageLayout>\n","Deprecated":false,"helpDescription":"An ObjectPageLayout is the layout control, used to put together all parts of an Object page - Header, Navigation bar and Sections/Subsections.","description":"sap.uxap.ObjectPageLayout","Experimental":false,"prefix":"ObjectPageLayout","name":"sap.uxap.ObjectPageLayout"},{"template":"<ObjectPageSection xmlns=\"sap.uxap\"\n\tid=\"${id}\"\n\tbusy=\"false\"\n\tbusyIndicatorDelay=\"1000\"\n\tvisible=\"true\"\n\tfieldGroupIds=\"[]\"\n\ttitle=\"\"\n\tvisible=\"true\"\n\timportance=\"library.Importance.High\"\n\tshowTitle=\"true\"\n\ttitleUppercase=\"true\"\n\tvalidationSuccess=\"\"\n\tvalidationError=\"\"\n\tparseError=\"\"\n\tformatError=\"\"\n\tvalidateFieldGroup=\"\">\n\t\t<tooltip><\/tooltip> <!-- sap.ui.core.TooltipBase -->\n\t\t<dependents><\/dependents> <!-- sap.ui.core.Control, since 1.19 -->\n\t\t<tooltip><\/tooltip><!-- sap.ui.core.TooltipBase -->\n\t<customData><\/customData><!-- sap.ui.core.CustomData -->\n\t<layoutData><\/layoutData><!-- sap.ui.core.LayoutData -->\n\t<dependents><\/dependents><!-- sap.ui.core.Control -->\n\t<customAnchorBarButton><\/customAnchorBarButton><!-- sap.m.Button -->\n\t<subSections><\/subSections><!-- sap.uxap.ObjectPageSubSection -->\n\t<ariaLabelledBy><\/ariaLabelledBy><!-- sap.ui.core.InvisibleText -->\n\t<_showHideAllButton><\/_showHideAllButton><!-- sap.m.Button -->\n\t<_showHideButton><\/_showHideButton><!-- sap.m.Button -->\n<\/ObjectPageSection>\n","Deprecated":false,"helpDescription":"\nAn ObjectPageSection is the top-level information container of an Object page. Its purpose is to aggregate Subsections.\nDisclaimer: This control is intended to be used only as part of the Object page layout","description":"sap.uxap.ObjectPageSection","Experimental":false,"prefix":"ObjectPageSection","name":"sap.uxap.ObjectPageSection"},{"template":"<ObjectPageSectionBase xmlns=\"sap.uxap\"\n\tid=\"${id}\"\n\tbusy=\"false\"\n\tbusyIndicatorDelay=\"1000\"\n\tvisible=\"true\"\n\tfieldGroupIds=\"[]\"\n\ttitle=\"\"\n\tvisible=\"true\"\n\timportance=\"library.Importance.High\"\n\tvalidationSuccess=\"\"\n\tvalidationError=\"\"\n\tparseError=\"\"\n\tformatError=\"\"\n\tvalidateFieldGroup=\"\">\n\t\t<tooltip><\/tooltip> <!-- sap.ui.core.TooltipBase -->\n\t\t<dependents><\/dependents> <!-- sap.ui.core.Control, since 1.19 -->\n\t\t<tooltip><\/tooltip><!-- sap.ui.core.TooltipBase -->\n\t<customData><\/customData><!-- sap.ui.core.CustomData -->\n\t<layoutData><\/layoutData><!-- sap.ui.core.LayoutData -->\n\t<dependents><\/dependents><!-- sap.ui.core.Control -->\n\t<customAnchorBarButton><\/customAnchorBarButton><!-- sap.m.Button -->\n<\/ObjectPageSectionBase>\n","Deprecated":false,"helpDescription":"An abstract container for object page sections and subSections","description":"sap.uxap.ObjectPageSectionBase","Experimental":false,"prefix":"ObjectPageSectionBase","name":"sap.uxap.ObjectPageSectionBase"},{"template":"<ObjectPageSubSection xmlns=\"sap.uxap\"\n\tid=\"${id}\"\n\tbusy=\"false\"\n\tbusyIndicatorDelay=\"1000\"\n\tvisible=\"true\"\n\tfieldGroupIds=\"[]\"\n\ttitle=\"\"\n\tvisible=\"true\"\n\timportance=\"library.Importance.High\"\n\tmode=\"Collapsed\"\n\ttitleUppercase=\"false\"\n\tvalidationSuccess=\"\"\n\tvalidationError=\"\"\n\tparseError=\"\"\n\tformatError=\"\"\n\tvalidateFieldGroup=\"\">\n\t\t<tooltip><\/tooltip> <!-- sap.ui.core.TooltipBase -->\n\t\t<dependents><\/dependents> <!-- sap.ui.core.Control, since 1.19 -->\n\t\t<tooltip><\/tooltip><!-- sap.ui.core.TooltipBase -->\n\t<customData><\/customData><!-- sap.ui.core.CustomData -->\n\t<layoutData><\/layoutData><!-- sap.ui.core.LayoutData -->\n\t<dependents><\/dependents><!-- sap.ui.core.Control -->\n\t<customAnchorBarButton><\/customAnchorBarButton><!-- sap.m.Button -->\n\t<_grid><\/_grid><!-- sap.ui.core.Control -->\n\t<blocks><\/blocks><!-- sap.ui.core.Control -->\n\t<moreBlocks><\/moreBlocks><!-- sap.ui.core.Control -->\n\t<actions><\/actions><!-- sap.ui.core.Control -->\n<\/ObjectPageSubSection>\n","Deprecated":false,"helpDescription":"\nAn ObjectPageSubSection is the second-level information container of an Object page and may only be used within an Object page section.\nSubsections may display primary information in the so called blocks aggregation (always visible)\nand not-so-important information in the moreBlocks aggregation, whose content is initially hidden, but may be accessed via a See more (...) button.\nDisclaimer: This control is intended to be used only as part of the Object page layout","description":"sap.uxap.ObjectPageSubSection","Experimental":false,"prefix":"ObjectPageSubSection","name":"sap.uxap.ObjectPageSubSection"}]}