{"XML_KEYWORDS":["sap.ui.comp.filterbar.FilterBar","sap.ui.comp.filterbar.FilterGroupItem","sap.ui.comp.filterbar.FilterItem","sap.ui.comp.navpopover.LinkData","sap.ui.comp.navpopover.NavigationPopover","sap.ui.comp.navpopover.SemanticObjectController","sap.ui.comp.navpopover.SmartLink","sap.ui.comp.odata.FieldSelector","sap.ui.comp.smartfield.Configuration","sap.ui.comp.smartfield.SmartField","sap.ui.comp.smartfield.SmartLabel","sap.ui.comp.smartfilterbar.ControlConfiguration","sap.ui.comp.smartfilterbar.GroupConfiguration","sap.ui.comp.smartfilterbar.SelectOption","sap.ui.comp.smartfilterbar.SmartFilterBar","sap.ui.comp.smartform.Group","sap.ui.comp.smartform.GroupElement","sap.ui.comp.smartform.Layout","sap.ui.comp.smartform.SmartForm","sap.ui.comp.smartform.flexibility.DialogContent","sap.ui.comp.smartform.flexibility.FieldList","sap.ui.comp.smartform.flexibility.FieldListNode","sap.ui.comp.smartform.flexibility.Input","sap.ui.comp.smarttable.SmartTable","sap.ui.comp.smartvariants.PersonalizableInfo","sap.ui.comp.smartvariants.SmartVariantManagement","sap.ui.comp.smartvariants.SmartVariantManagementUi2","sap.ui.comp.transport.TransportDialog","sap.ui.comp.valuehelpdialog.ValueHelpDialog","sap.ui.comp.variants.EditableVariantItem","sap.ui.comp.variants.VariantItem","sap.ui.comp.variants.VariantManagement"],"XML_TEMPLATES":[{"template":"<filterbar/FilterBar xmlns=\"sap.ui.comp\"\n\tid=\"${id}\"\n\tbusy=\"false\"\n\tbusyIndicatorDelay=\"1000\"\n\tvisible=\"true\"\n\tfieldGroupIds=\"[]\"\n\twidth=\"100%\"\n\tvSpacing=\"1\"\n\thSpacing=\"1\"\n\tposition=\"Left\"\n\tdefaultSpan=\"XL3 L3 M6 S12\"\n\tdefaultIndent=\"XL0 L0 M0 S0\"\n\tcontainerQuery=\"false\"\n\tpersistencyKey=\"\"\n\tadvancedMode=\"false\"\n\texpandAdvancedArea=\"false\"\n\tsearchEnabled=\"true\"\n\tfilterBarExpanded=\"true\"\n\tconsiderGroupTitle=\"false\"\n\tshowClearButton=\"false\"\n\tshowRestoreButton=\"true\"\n\tshowGoOnFB=\"true\"\n\tshowRestoreOnFB=\"false\"\n\tshowClearOnFB=\"false\"\n\tshowGoButton=\"\"\n\tvalidationSuccess=\"\"\n\tvalidationError=\"\"\n\tparseError=\"\"\n\tformatError=\"\"\n\tvalidateFieldGroup=\"\"\n\tcancel=\"\"\n\treset=\"\"\n\tsearch=\"\"\n\tbeforeVariantSave=\"\"\n\tbeforeVariantFetch=\"\"\n\tafterVariantLoad=\"\"\n\tfilterChange=\"\"\n\tclear=\"\"\n\tinitialise=\"\"\n\tafterVariantSave=\"\">\n\t\t<tooltip><\/tooltip> <!-- sap.ui.core.TooltipBase -->\n\t\t<dependents><\/dependents> <!-- sap.ui.core.Control, since 1.19 -->\n\t\t<tooltip><\/tooltip><!-- sap.ui.core.TooltipBase -->\n\t<customData><\/customData><!-- sap.ui.core.CustomData -->\n\t<layoutData><\/layoutData><!-- sap.ui.core.LayoutData -->\n\t<dependents><\/dependents><!-- sap.ui.core.Control -->\n\t<content><\/content><!-- sap.ui.core.Control -->\n\t<filterItems><\/filterItems><!-- sap.ui.comp.filterbar.FilterItem -->\n\t<filterGroupItems><\/filterGroupItems><!-- sap.ui.comp.filterbar.FilterGroupItem -->\n<\/filterbar/FilterBar>\n","Deprecated":false,"helpDescription":"The control displays filters in a user-friendly manner to populate values for a query. The FilterBar consists of a row containing the {@link sap.ui.comp.variants.VariantManagement VariantManagement} control, the related buttons, \nand an area underneath displaying the filters.\nThe filters are arranged in a logical row that is divided depending on the space available and the width of the filters.\nThe area containing the filters can be hidden or shown using the Hide Filter Bar / Show Filter Bar button. The Go button triggers the search event, and the Filters button shows the filter dialog.<br> \nIn this dialog, the consumer has full control over the filter bar.\nThe filters in this dialog are displayed in one column and organized in groups. The filter items of the <code>filterItems<\/code> aggregation are grouped in the Basic group . \nEach filter can be marked as visible in the filter bar by selecting Add to Filter Bar. In addition, the items in the <code>filterGroupItems<\/code> aggregation can be marked as part of the current variant.\nThe FilterBar also supports a different UI layout when used inside a value help dialog. In this case the FilterBar consists of two logical areas, one containing the general search button and in the Advanced Search area.\nThe Advanced Search is a collapsible area displaying the advanced filters in two columns.","description":"sap.ui.comp.filterbar.FilterBar","Experimental":false,"prefix":"FilterBar","name":"sap.ui.comp.filterbar.FilterBar"},{"template":"<filterbar/FilterGroupItem xmlns=\"sap.ui.comp\"\n\tid=\"${id}\"\n\tlabel=\"\"\n\tname=\"\"\n\tmandatory=\"false\"\n\tvisible=\"true\"\n\tlabelTooltip=\"\"\n\tpartOfCurrentVariant=\"false\"\n\tvisibleInFilterBar=\"true\"\n\tgroupTitle=\"\"\n\tgroupName=\"\"\n\tvisibleInAdvancedArea=\"false\"\n\tvalidationSuccess=\"\"\n\tvalidationError=\"\"\n\tparseError=\"\"\n\tformatError=\"\"\n\tchange=\"\">\n\t\t<tooltip><\/tooltip> <!-- sap.ui.core.TooltipBase -->\n\t\t<dependents><\/dependents> <!-- sap.ui.core.Control, since 1.19 -->\n\t\t<tooltip><\/tooltip><!-- sap.ui.core.TooltipBase -->\n\t<customData><\/customData><!-- sap.ui.core.CustomData -->\n\t<layoutData><\/layoutData><!-- sap.ui.core.LayoutData -->\n\t<dependents><\/dependents><!-- sap.ui.core.Control -->\n\t<control><\/control><!-- sap.ui.core.Control -->\n<\/filterbar/FilterGroupItem>\n","Deprecated":false,"helpDescription":"Represents a filter belonging to a group other than basic.","description":"sap.ui.comp.filterbar.FilterGroupItem","Experimental":false,"prefix":"FilterGroupItem","name":"sap.ui.comp.filterbar.FilterGroupItem"},{"template":"<filterbar/FilterItem xmlns=\"sap.ui.comp\"\n\tid=\"${id}\"\n\tlabel=\"\"\n\tname=\"\"\n\tmandatory=\"false\"\n\tvisible=\"true\"\n\tlabelTooltip=\"\"\n\tpartOfCurrentVariant=\"false\"\n\tvisibleInFilterBar=\"true\"\n\tvalidationSuccess=\"\"\n\tvalidationError=\"\"\n\tparseError=\"\"\n\tformatError=\"\"\n\tchange=\"\">\n\t\t<tooltip><\/tooltip> <!-- sap.ui.core.TooltipBase -->\n\t\t<dependents><\/dependents> <!-- sap.ui.core.Control, since 1.19 -->\n\t\t<tooltip><\/tooltip><!-- sap.ui.core.TooltipBase -->\n\t<customData><\/customData><!-- sap.ui.core.CustomData -->\n\t<layoutData><\/layoutData><!-- sap.ui.core.LayoutData -->\n\t<dependents><\/dependents><!-- sap.ui.core.Control -->\n\t<control><\/control><!-- sap.ui.core.Control -->\n<\/filterbar/FilterItem>\n","Deprecated":false,"helpDescription":"Represents a filter belonging to the basic group.","description":"sap.ui.comp.filterbar.FilterItem","Experimental":false,"prefix":"FilterItem","name":"sap.ui.comp.filterbar.FilterItem"},{"template":"<navpopover/LinkData xmlns=\"sap.ui.comp\"\n\tid=\"${id}\"\n\ttext=\"\"\n\thref=\"\"\n\tvalidationSuccess=\"\"\n\tvalidationError=\"\"\n\tparseError=\"\"\n\tformatError=\"\">\n\t\t<tooltip><\/tooltip> <!-- sap.ui.core.TooltipBase -->\n\t\t<dependents><\/dependents> <!-- sap.ui.core.Control, since 1.19 -->\n\t\t<tooltip><\/tooltip><!-- sap.ui.core.TooltipBase -->\n\t<customData><\/customData><!-- sap.ui.core.CustomData -->\n\t<layoutData><\/layoutData><!-- sap.ui.core.LayoutData -->\n\t<dependents><\/dependents><!-- sap.ui.core.Control -->\n<\/navpopover/LinkData>\n","Deprecated":false,"helpDescription":"Stores display text together with a navigation target hyperlink.<br>\n\nThe LinkData class is used by {@link sap.ui.comp.navpopover.SmartLink SmartLink} and {@link sap.ui.comp.navpopover.SemanticObjectController SemanticObjectController} to define the visible links on {@link sap.ui.comp.navpopover.NavigationPopover NavigationPopover}.","description":"sap.ui.comp.navpopover.LinkData","Experimental":false,"prefix":"LinkData","name":"sap.ui.comp.navpopover.LinkData"},{"template":"<navpopover/NavigationPopover xmlns=\"sap.ui.comp\"\n\tid=\"${id}\"\n\tbusy=\"false\"\n\tbusyIndicatorDelay=\"1000\"\n\tvisible=\"true\"\n\tfieldGroupIds=\"[]\"\n\tplacement=\"Right\"\n\tshowHeader=\"true\"\n\ttitle=\"\"\n\tmodal=\"false\"\n\toffsetX=\"0\"\n\toffsetY=\"0\"\n\tshowArrow=\"true\"\n\tcontentWidth=\"\"\n\tcontentHeight=\"\"\n\tenableScrolling=\"true\"\n\tverticalScrolling=\"true\"\n\thorizontalScrolling=\"true\"\n\tbounce=\"\"\n\ttitle=\"\"\n\tsemanticObjectName=\"\"\n\tsemanticAttributes=\"\"\n\tappStateKey=\"\"\n\tmainNavigationId=\"\"\n\tvalidationSuccess=\"\"\n\tvalidationError=\"\"\n\tparseError=\"\"\n\tformatError=\"\"\n\tvalidateFieldGroup=\"\"\n\tafterOpen=\"\"\n\tafterClose=\"\"\n\tbeforeOpen=\"\"\n\tbeforeClose=\"\"\n\ttargetsObtained=\"\"\n\tnavigate=\"\">\n\t\t<tooltip><\/tooltip> <!-- sap.ui.core.TooltipBase -->\n\t\t<dependents><\/dependents> <!-- sap.ui.core.Control, since 1.19 -->\n\t\t<tooltip><\/tooltip><!-- sap.ui.core.TooltipBase -->\n\t<customData><\/customData><!-- sap.ui.core.CustomData -->\n\t<layoutData><\/layoutData><!-- sap.ui.core.LayoutData -->\n\t<dependents><\/dependents><!-- sap.ui.core.Control -->\n\t<content><\/content><!-- sap.ui.core.Control -->\n\t<customHeader><\/customHeader><!-- sap.ui.core.Control -->\n\t<subHeader><\/subHeader><!-- sap.ui.core.Control -->\n\t<footer><\/footer><!-- sap.ui.core.Control -->\n\t<_internalHeader><\/_internalHeader><!-- sap.m.Bar -->\n\t<beginButton><\/beginButton><!-- sap.ui.core.Control -->\n\t<endButton><\/endButton><!-- sap.ui.core.Control -->\n\t<availableActions><\/availableActions><!-- sap.ui.comp.navpopover.LinkData -->\n\t<mainNavigation><\/mainNavigation><!-- sap.ui.comp.navpopover.LinkData -->\n\t<ownNavigation><\/ownNavigation><!-- sap.ui.comp.navpopover.LinkData -->\n<\/navpopover/NavigationPopover>\n","Deprecated":false,"helpDescription":"The NavigationPopover allows navigating to different destinations by providing links on a popover.<br>\nThe links are fetched using the {@link sap.ushell.services.CrossApplicationNavigation CrossApplicationNavigation} service of the unified shell.<br>\n\nThis class gets instantiated by {@link sap.ui.comp.navpopover.SmartLink SmartLink}. It is recommended to use {@link sap.ui.comp.navpopover.SmartLink SmartLink} instead of creating NavigationPopover manually.","description":"sap.ui.comp.navpopover.NavigationPopover","Experimental":false,"prefix":"NavigationPopover","name":"sap.ui.comp.navpopover.NavigationPopover"},{"template":"<navpopover/SemanticObjectController xmlns=\"sap.ui.comp\"\n\tid=\"${id}\"\n\tignoredFields=\"\"\n\tprefetchNavigationTargets=\"false\"\n\tfieldSemanticObjectMap=\"\"\n\tentitySet=\"\"\n\tvalidationSuccess=\"\"\n\tvalidationError=\"\"\n\tparseError=\"\"\n\tformatError=\"\"\n\tnavigationTargetsObtained=\"\"\n\tbeforePopoverOpens=\"\"\n\tnavigate=\"\"\n\tprefetchDone=\"\">\n\t\t<tooltip><\/tooltip> <!-- sap.ui.core.TooltipBase -->\n\t\t<dependents><\/dependents> <!-- sap.ui.core.Control, since 1.19 -->\n\t\t<tooltip><\/tooltip><!-- sap.ui.core.TooltipBase -->\n\t<customData><\/customData><!-- sap.ui.core.CustomData -->\n\t<layoutData><\/layoutData><!-- sap.ui.core.LayoutData -->\n\t<dependents><\/dependents><!-- sap.ui.core.Control -->\n<\/navpopover/SemanticObjectController>\n","Deprecated":false,"helpDescription":"The SemanticObjectController allows the user to register against semantic object navigation events as well as define semantic objects which should be ignored.","description":"sap.ui.comp.navpopover.SemanticObjectController","Experimental":false,"prefix":"SemanticObjectController","name":"sap.ui.comp.navpopover.SemanticObjectController"},{"template":"<navpopover/SmartLink xmlns=\"sap.ui.comp\"\n\tid=\"${id}\"\n\tbusy=\"false\"\n\tbusyIndicatorDelay=\"1000\"\n\tvisible=\"true\"\n\tfieldGroupIds=\"[]\"\n\ttext=\"\"\n\tenabled=\"true\"\n\ttarget=\"\"\n\twidth=\"\"\n\thref=\"\"\n\twrapping=\"false\"\n\ttextAlign=\"Initial\"\n\ttextDirection=\"Inherit\"\n\tsubtle=\"false\"\n\temphasized=\"false\"\n\tsemanticObject=\"\"\n\tsemanticObjectController=\"\"\n\tfieldName=\"\"\n\tsemanticObjectLabel=\"\"\n\tcreateControlCallback=\"\"\n\tmapFieldToSemanticObject=\"true\"\n\tignoreLinkRendering=\"false\"\n\tvalidationSuccess=\"\"\n\tvalidationError=\"\"\n\tparseError=\"\"\n\tformatError=\"\"\n\tvalidateFieldGroup=\"\"\n\tpress=\"\"\n\tbeforePopoverOpens=\"\"\n\tnavigationTargetsObtained=\"\"\n\tinnerNavigate=\"\">\n\t\t<tooltip><\/tooltip> <!-- sap.ui.core.TooltipBase -->\n\t\t<dependents><\/dependents> <!-- sap.ui.core.Control, since 1.19 -->\n\t\t<tooltip><\/tooltip><!-- sap.ui.core.TooltipBase -->\n\t<customData><\/customData><!-- sap.ui.core.CustomData -->\n\t<layoutData><\/layoutData><!-- sap.ui.core.LayoutData -->\n\t<dependents><\/dependents><!-- sap.ui.core.Control -->\n\t<innerControl><\/innerControl><!-- sap.ui.core.Control -->\n<\/navpopover/SmartLink>\n","Deprecated":false,"helpDescription":"The SmartLink control uses a semantic object to display {@link sap.ui.comp.navpopover.NavigationPopover NavigationPopover} for further navigation steps.","description":"sap.ui.comp.navpopover.SmartLink","Experimental":false,"prefix":"SmartLink","name":"sap.ui.comp.navpopover.SmartLink"},{"template":"<odata/FieldSelector xmlns=\"sap.ui.comp\"\n\tid=\"${id}\"\n\tbusy=\"false\"\n\tbusyIndicatorDelay=\"1000\"\n\tvisible=\"true\"\n\tfieldGroupIds=\"[]\"\n\tshowSearchBar=\"true\"\n\tvalidationSuccess=\"\"\n\tvalidationError=\"\"\n\tparseError=\"\"\n\tformatError=\"\"\n\tvalidateFieldGroup=\"\"\n\tfieldSelectionChanged=\"\">\n\t\t<tooltip><\/tooltip> <!-- sap.ui.core.TooltipBase -->\n\t\t<dependents><\/dependents> <!-- sap.ui.core.Control, since 1.19 -->\n\t\t<tooltip><\/tooltip><!-- sap.ui.core.TooltipBase -->\n\t<customData><\/customData><!-- sap.ui.core.CustomData -->\n\t<layoutData><\/layoutData><!-- sap.ui.core.LayoutData -->\n\t<dependents><\/dependents><!-- sap.ui.core.Control -->\n\t<content><\/content><!-- sap.ui.core.Control -->\n<\/odata/FieldSelector>\n","Deprecated":false,"helpDescription":"Reuse control which displays the properties of OData entity sets.","description":"sap.ui.comp.odata.FieldSelector","Experimental":false,"prefix":"FieldSelector","name":"sap.ui.comp.odata.FieldSelector"},{"template":"<smartfield/Configuration xmlns=\"sap.ui.comp\"\n\tid=\"${id}\"\n\tcontrolType=\"\"\n\tdisplayBehaviour=\"\"\n\tvalidationSuccess=\"\"\n\tvalidationError=\"\"\n\tparseError=\"\"\n\tformatError=\"\">\n\t\t<tooltip><\/tooltip> <!-- sap.ui.core.TooltipBase -->\n\t\t<dependents><\/dependents> <!-- sap.ui.core.Control, since 1.19 -->\n\t\t<tooltip><\/tooltip><!-- sap.ui.core.TooltipBase -->\n\t<customData><\/customData><!-- sap.ui.core.CustomData -->\n\t<layoutData><\/layoutData><!-- sap.ui.core.LayoutData -->\n\t<dependents><\/dependents><!-- sap.ui.core.Control -->\n<\/smartfield/Configuration>\n","Deprecated":false,"helpDescription":"The configuration allows to further define the behavior of a SmartField.","description":"sap.ui.comp.smartfield.Configuration","Experimental":false,"prefix":"Configuration","name":"sap.ui.comp.smartfield.Configuration"},{"template":"<smartfield/SmartField xmlns=\"sap.ui.comp\"\n\tid=\"${id}\"\n\tbusy=\"false\"\n\tbusyIndicatorDelay=\"1000\"\n\tvisible=\"true\"\n\tfieldGroupIds=\"[]\"\n\tvalue=\"\"\n\tenabled=\"true\"\n\tentitySet=\"\"\n\teditable=\"true\"\n\tcontextEditable=\"true\"\n\twidth=\"\"\n\ttextAlign=\"Initial\"\n\tplaceholder=\"\"\n\tname=\"\"\n\tvalueState=\"None\"\n\tvalueStateText=\"\"\n\tshowValueStateMessage=\"true\"\n\tjsontype=\"\"\n\tmandatory=\"false\"\n\tmaxLength=\"0\"\n\tshowSuggestion=\"true\"\n\tshowValueHelp=\"true\"\n\tshowLabel=\"true\"\n\ttextLabel=\"\"\n\ttooltipLabel=\"\"\n\tuomVisible=\"true\"\n\tuomEditable=\"true\"\n\tuomEnabled=\"true\"\n\turl=\"\"\n\tuomEditState=\"-1\"\n\tcontrolContext=\"None\"\n\tproposedControl=\"None\"\n\tvalidationSuccess=\"\"\n\tvalidationError=\"\"\n\tparseError=\"\"\n\tformatError=\"\"\n\tvalidateFieldGroup=\"\"\n\tentitySetFound=\"\"\n\tchange=\"\"\n\tinitialise=\"\"\n\tvisibleChanged=\"\"\n\teditableChanged=\"\"\n\tcontextEditableChanged=\"\"\n\tinnerControlsCreated=\"\"\n\tvalueListChanged=\"\">\n\t\t<tooltip><\/tooltip> <!-- sap.ui.core.TooltipBase -->\n\t\t<dependents><\/dependents> <!-- sap.ui.core.Control, since 1.19 -->\n\t\t<tooltip><\/tooltip><!-- sap.ui.core.TooltipBase -->\n\t<customData><\/customData><!-- sap.ui.core.CustomData -->\n\t<layoutData><\/layoutData><!-- sap.ui.core.LayoutData -->\n\t<dependents><\/dependents><!-- sap.ui.core.Control -->\n\t<_content><\/_content><!-- sap.ui.core.Control -->\n\t<configuration><\/configuration><!-- sap.ui.comp.smartfield.Configuration -->\n<\/smartfield/SmartField>\n","Deprecated":false,"helpDescription":"The SmartField control is a wrapper for other controls. It interprets OData metadata to determine the control that has to be\n       instantiated. The OData entity is derived from the control's binding context. The OData entity's property that is changed or\n       displayed with the control is derived from the control's value property.","description":"sap.ui.comp.smartfield.SmartField","Experimental":false,"prefix":"SmartField","name":"sap.ui.comp.smartfield.SmartField"},{"template":"<smartfield/SmartLabel xmlns=\"sap.ui.comp\"\n\tid=\"${id}\"\n\t\t<tooltip><\/tooltip> <!-- sap.ui.core.TooltipBase -->\n\t\t<dependents><\/dependents> <!-- sap.ui.core.Control, since 1.19 -->\n\t\t\n<\/smartfield/SmartLabel>\n","Deprecated":false,"helpDescription":"The SmartLabel control extends {@link sap.m.Label sap.m.Label} and displays the label for {@link sap.ui.comp.smartfield.SmartField SmartField}.\nIt uses the annotations \n<code>sap:label<\/code> or <code>com.sap.vocabularies.Common.v1.Label<\/code> for the label text and\n<code>sap:quickinfo<\/code> or <code>com.sap.vocabularies.Common.v1.QuickInfo<\/code> for the tooltip.\nThe mandatory indicator is obtained from the SmartField control. \nThe association with a SmartField control is built using the setLabelFor method.","description":"sap.ui.comp.smartfield.SmartLabel","Experimental":false,"prefix":"SmartLabel","name":"sap.ui.comp.smartfield.SmartLabel"},{"template":"<smartfilterbar/ControlConfiguration xmlns=\"sap.ui.comp\"\n\tid=\"${id}\"\n\tkey=\"\"\n\tgroupId=\"\"\n\tlabel=\"\"\n\tvisible=\"true\"\n\thasValueHelpDialog=\"true\"\n\tcontrolType=\"auto\"\n\tfilterType=\"auto\"\n\tindex=\"undefined\"\n\thasTypeAhead=\"true\"\n\tmandatory=\"auto\"\n\twidth=\"\"\n\tvisibleInAdvancedArea=\"false\"\n\tpreventInitialDataFetchInValueHelpDialog=\"true\"\n\tdisplayBehaviour=\"auto\"\n\tvalidationSuccess=\"\"\n\tvalidationError=\"\"\n\tparseError=\"\"\n\tformatError=\"\"\n\tchange=\"\">\n\t\t<tooltip><\/tooltip> <!-- sap.ui.core.TooltipBase -->\n\t\t<dependents><\/dependents> <!-- sap.ui.core.Control, since 1.19 -->\n\t\t<tooltip><\/tooltip><!-- sap.ui.core.TooltipBase -->\n\t<customData><\/customData><!-- sap.ui.core.CustomData -->\n\t<layoutData><\/layoutData><!-- sap.ui.core.LayoutData -->\n\t<dependents><\/dependents><!-- sap.ui.core.Control -->\n\t<defaultFilterValues><\/defaultFilterValues><!-- sap.ui.comp.smartfilterbar.SelectOption -->\n\t<customControl><\/customControl><!-- sap.ui.core.Control -->\n<\/smartfilterbar/ControlConfiguration>\n","Deprecated":false,"helpDescription":"ControlConfiguration can be used to add additional configuration for filter fields in the SmartFilterBar control, in order to overwrite\n       the default settings from the OData metadata. For instance, it is possible to change the label, index or control type of a filter field.","description":"sap.ui.comp.smartfilterbar.ControlConfiguration","Experimental":false,"prefix":"ControlConfiguration","name":"sap.ui.comp.smartfilterbar.ControlConfiguration"},{"template":"<smartfilterbar/GroupConfiguration xmlns=\"sap.ui.comp\"\n\tid=\"${id}\"\n\tkey=\"\"\n\tindex=\"undefined\"\n\tlabel=\"undefined\"\n\tvalidationSuccess=\"\"\n\tvalidationError=\"\"\n\tparseError=\"\"\n\tformatError=\"\"\n\tchange=\"\">\n\t\t<tooltip><\/tooltip> <!-- sap.ui.core.TooltipBase -->\n\t\t<dependents><\/dependents> <!-- sap.ui.core.Control, since 1.19 -->\n\t\t<tooltip><\/tooltip><!-- sap.ui.core.TooltipBase -->\n\t<customData><\/customData><!-- sap.ui.core.CustomData -->\n\t<layoutData><\/layoutData><!-- sap.ui.core.LayoutData -->\n\t<dependents><\/dependents><!-- sap.ui.core.Control -->\n<\/smartfilterbar/GroupConfiguration>\n","Deprecated":false,"helpDescription":"A GroupConfiguration can be used to add additional configurations for groups in the SmartFilterBar. A group in the SmartFilterBar is a group of filter fields in the advanced search.","description":"sap.ui.comp.smartfilterbar.GroupConfiguration","Experimental":false,"prefix":"GroupConfiguration","name":"sap.ui.comp.smartfilterbar.GroupConfiguration"},{"template":"<smartfilterbar/SelectOption xmlns=\"sap.ui.comp\"\n\tid=\"${id}\"\n\tsign=\"I\"\n\toperator=\"EQ\"\n\tlow=\"\"\n\thigh=\"\"\n\tvalidationSuccess=\"\"\n\tvalidationError=\"\"\n\tparseError=\"\"\n\tformatError=\"\">\n\t\t<tooltip><\/tooltip> <!-- sap.ui.core.TooltipBase -->\n\t\t<dependents><\/dependents> <!-- sap.ui.core.Control, since 1.19 -->\n\t\t<tooltip><\/tooltip><!-- sap.ui.core.TooltipBase -->\n\t<customData><\/customData><!-- sap.ui.core.CustomData -->\n\t<layoutData><\/layoutData><!-- sap.ui.core.LayoutData -->\n\t<dependents><\/dependents><!-- sap.ui.core.Control -->\n<\/smartfilterbar/SelectOption>\n","Deprecated":false,"helpDescription":"A Select Option can be used to specify default filter values for a control configuration of the SmartFilterBar.","description":"sap.ui.comp.smartfilterbar.SelectOption","Experimental":false,"prefix":"SelectOption","name":"sap.ui.comp.smartfilterbar.SelectOption"},{"template":"<smartfilterbar/SmartFilterBar xmlns=\"sap.ui.comp\"\n\tid=\"${id}\"\n\tbusy=\"false\"\n\tbusyIndicatorDelay=\"1000\"\n\tvisible=\"true\"\n\tfieldGroupIds=\"[]\"\n\twidth=\"100%\"\n\tvSpacing=\"1\"\n\thSpacing=\"1\"\n\tposition=\"Left\"\n\tdefaultSpan=\"XL3 L3 M6 S12\"\n\tdefaultIndent=\"XL0 L0 M0 S0\"\n\tcontainerQuery=\"false\"\n\tpersistencyKey=\"\"\n\tadvancedMode=\"false\"\n\texpandAdvancedArea=\"false\"\n\tsearchEnabled=\"true\"\n\tfilterBarExpanded=\"true\"\n\tconsiderGroupTitle=\"false\"\n\tshowClearButton=\"false\"\n\tshowRestoreButton=\"true\"\n\tshowGoOnFB=\"true\"\n\tshowRestoreOnFB=\"false\"\n\tshowClearOnFB=\"false\"\n\tshowGoButton=\"\"\n\tentityType=\"\"\n\tresourceUri=\"\"\n\tbasicSearchFieldName=\"\"\n\tenableBasicSearch=\"false\"\n\tvalidationSuccess=\"\"\n\tvalidationError=\"\"\n\tparseError=\"\"\n\tformatError=\"\"\n\tvalidateFieldGroup=\"\"\n\tcancel=\"\"\n\treset=\"\"\n\tsearch=\"\"\n\tbeforeVariantSave=\"\"\n\tbeforeVariantFetch=\"\"\n\tafterVariantLoad=\"\"\n\tfilterChange=\"\"\n\tclear=\"\"\n\tinitialise=\"\"\n\tafterVariantSave=\"\">\n\t\t<tooltip><\/tooltip> <!-- sap.ui.core.TooltipBase -->\n\t\t<dependents><\/dependents> <!-- sap.ui.core.Control, since 1.19 -->\n\t\t<tooltip><\/tooltip><!-- sap.ui.core.TooltipBase -->\n\t<customData><\/customData><!-- sap.ui.core.CustomData -->\n\t<layoutData><\/layoutData><!-- sap.ui.core.LayoutData -->\n\t<dependents><\/dependents><!-- sap.ui.core.Control -->\n\t<content><\/content><!-- sap.ui.core.Control -->\n\t<filterItems><\/filterItems><!-- sap.ui.comp.filterbar.FilterItem -->\n\t<filterGroupItems><\/filterGroupItems><!-- sap.ui.comp.filterbar.FilterGroupItem -->\n\t<controlConfiguration><\/controlConfiguration><!-- sap.ui.comp.smartfilterbar.ControlConfiguration -->\n\t<groupConfiguration><\/groupConfiguration><!-- sap.ui.comp.smartfilterbar.GroupConfiguration -->\n<\/smartfilterbar/SmartFilterBar>\n","Deprecated":false,"helpDescription":"The SmartFilterBar control uses the OData metadata of an entity in order to create a filter bar.<br>\n       Whether a field is visible on the filter bar, supports type-ahead and value help, for example, is automatically determined. When you use\n       control configurations and group configurations it is possible to configure the filter bar and adapt it according to your needs.<br>\n       <b><i>Note:<\/i><\/b><br>\n       Most of the attributes/properties are not dynamic and cannot be changed once the control has been initialized.","description":"sap.ui.comp.smartfilterbar.SmartFilterBar","Experimental":false,"prefix":"SmartFilterBar","name":"sap.ui.comp.smartfilterbar.SmartFilterBar"},{"template":"<smartform/Group xmlns=\"sap.ui.comp\"\n\tid=\"${id}\"\n\tbusy=\"false\"\n\tbusyIndicatorDelay=\"1000\"\n\tvisible=\"true\"\n\tfieldGroupIds=\"[]\"\n\tuseHorizontalLayout=\"\"\n\thorizontalLayoutGroupElementMinWidth=\"\"\n\tlabel=\"\"\n\tvalidationSuccess=\"\"\n\tvalidationError=\"\"\n\tparseError=\"\"\n\tformatError=\"\"\n\tvalidateFieldGroup=\"\">\n\t\t<tooltip><\/tooltip> <!-- sap.ui.core.TooltipBase -->\n\t\t<dependents><\/dependents> <!-- sap.ui.core.Control, since 1.19 -->\n\t\t<tooltip><\/tooltip><!-- sap.ui.core.TooltipBase -->\n\t<customData><\/customData><!-- sap.ui.core.CustomData -->\n\t<layoutData><\/layoutData><!-- sap.ui.core.LayoutData -->\n\t<dependents><\/dependents><!-- sap.ui.core.Control -->\n\t<groupElements><\/groupElements><!-- sap.ui.comp.smartform.GroupElement -->\n\t<layout><\/layout><!-- sap.ui.layout.GridData -->\n<\/smartform/Group>\n","Deprecated":false,"helpDescription":"Groups are used to group group elements.","description":"sap.ui.comp.smartform.Group","Experimental":false,"prefix":"Group","name":"sap.ui.comp.smartform.Group"},{"template":"<smartform/GroupElement xmlns=\"sap.ui.comp\"\n\tid=\"${id}\"\n\tbusy=\"false\"\n\tbusyIndicatorDelay=\"1000\"\n\tvisible=\"true\"\n\tfieldGroupIds=\"[]\"\n\tuseHorizontalLayout=\"\"\n\thorizontalLayoutGroupElementMinWidth=\"\"\n\telementForLabel=\"0\"\n\tvalidationSuccess=\"\"\n\tvalidationError=\"\"\n\tparseError=\"\"\n\tformatError=\"\"\n\tvalidateFieldGroup=\"\">\n\t\t<tooltip><\/tooltip> <!-- sap.ui.core.TooltipBase -->\n\t\t<dependents><\/dependents> <!-- sap.ui.core.Control, since 1.19 -->\n\t\t<tooltip><\/tooltip><!-- sap.ui.core.TooltipBase -->\n\t<customData><\/customData><!-- sap.ui.core.CustomData -->\n\t<layoutData><\/layoutData><!-- sap.ui.core.LayoutData -->\n\t<dependents><\/dependents><!-- sap.ui.core.Control -->\n\t<elements><\/elements><!-- sap.ui.core.Control -->\n<\/smartform/GroupElement>\n","Deprecated":false,"helpDescription":"A GroupElement is a combination of one label and different controls associated to this label.","description":"sap.ui.comp.smartform.GroupElement","Experimental":false,"prefix":"GroupElement","name":"sap.ui.comp.smartform.GroupElement"},{"template":"<smartform/Layout xmlns=\"sap.ui.comp\"\n\tid=\"${id}\"\n\tlabelSpanL=\"\"\n\tlabelSpanM=\"\"\n\tlabelSpanS=\"\"\n\temptySpanL=\"\"\n\temptySpanM=\"\"\n\temptySpanS=\"\"\n\tcolumnsL=\"\"\n\tcolumnsM=\"\"\n\tbreakpointL=\"\"\n\tbreakpointM=\"\"\n\tvalidationSuccess=\"\"\n\tvalidationError=\"\"\n\tparseError=\"\"\n\tformatError=\"\">\n\t\t<tooltip><\/tooltip> <!-- sap.ui.core.TooltipBase -->\n\t\t<dependents><\/dependents> <!-- sap.ui.core.Control, since 1.19 -->\n\t\t<tooltip><\/tooltip><!-- sap.ui.core.TooltipBase -->\n\t<customData><\/customData><!-- sap.ui.core.CustomData -->\n\t<layoutData><\/layoutData><!-- sap.ui.core.LayoutData -->\n\t<dependents><\/dependents><!-- sap.ui.core.Control -->\n<\/smartform/Layout>\n","Deprecated":false,"helpDescription":"Layout settings to adjust ResponsiveGridLayout.","description":"sap.ui.comp.smartform.Layout","Experimental":false,"prefix":"Layout","name":"sap.ui.comp.smartform.Layout"},{"template":"<smartform/SmartForm xmlns=\"sap.ui.comp\"\n\tid=\"${id}\"\n\tbusy=\"false\"\n\tbusyIndicatorDelay=\"1000\"\n\tvisible=\"true\"\n\tfieldGroupIds=\"[]\"\n\ttitle=\"\"\n\tuseHorizontalLayout=\"\"\n\thorizontalLayoutGroupElementMinWidth=\"\"\n\tcheckButton=\"false\"\n\tentityType=\"\"\n\texpandable=\"false\"\n\texpanded=\"\"\n\teditTogglable=\"false\"\n\teditable=\"false\"\n\tignoredFields=\"\"\n\tflexEnabled=\"true\"\n\tvalidationSuccess=\"\"\n\tvalidationError=\"\"\n\tparseError=\"\"\n\tformatError=\"\"\n\tvalidateFieldGroup=\"\"\n\teditToggled=\"\"\n\tchecked=\"\">\n\t\t<tooltip><\/tooltip> <!-- sap.ui.core.TooltipBase -->\n\t\t<dependents><\/dependents> <!-- sap.ui.core.Control, since 1.19 -->\n\t\t<tooltip><\/tooltip><!-- sap.ui.core.TooltipBase -->\n\t<customData><\/customData><!-- sap.ui.core.CustomData -->\n\t<layoutData><\/layoutData><!-- sap.ui.core.LayoutData -->\n\t<dependents><\/dependents><!-- sap.ui.core.Control -->\n\t<groups><\/groups><!-- sap.ui.comp.smartform.Group -->\n\t<content><\/content><!-- sap.ui.core.Control -->\n\t<layout><\/layout><!-- sap.ui.comp.smartform.Layout -->\n\t<semanticObjectController><\/semanticObjectController><!-- sap.ui.comp.navpopover.SemanticObjectController -->\n\t<customToolbar><\/customToolbar><!-- sap.m.Toolbar -->\n\t<toolbar><\/toolbar><!-- sap.m.Toolbar -->\n<\/smartform/SmartForm>\n","Deprecated":false,"helpDescription":"The SmartForm control renders a form (sap.ui.layout.form.Form) and supports key user personalization, such as adding/hiding fields and\n       groups, changing the order of fields and groups, and changing labels. When used with the SmartField control the label is taken from the\n       metadata annotation <code>sap:label<\/code> if not specified in the XML view.","description":"sap.ui.comp.smartform.SmartForm","Experimental":false,"prefix":"SmartForm","name":"sap.ui.comp.smartform.SmartForm"},{"template":"<smartform/flexibility.DialogContent xmlns=\"sap.ui.comp\"\n\tid=\"${id}\"\n\tbusy=\"false\"\n\tbusyIndicatorDelay=\"1000\"\n\tvisible=\"true\"\n\tfieldGroupIds=\"[]\"\n\tvalidationSuccess=\"\"\n\tvalidationError=\"\"\n\tparseError=\"\"\n\tformatError=\"\"\n\tvalidateFieldGroup=\"\">\n\t\t<tooltip><\/tooltip> <!-- sap.ui.core.TooltipBase -->\n\t\t<dependents><\/dependents> <!-- sap.ui.core.Control, since 1.19 -->\n\t\t<tooltip><\/tooltip><!-- sap.ui.core.TooltipBase -->\n\t<customData><\/customData><!-- sap.ui.core.CustomData -->\n\t<layoutData><\/layoutData><!-- sap.ui.core.LayoutData -->\n\t<dependents><\/dependents><!-- sap.ui.core.Control -->\n\t<content><\/content><!-- sap.ui.core.Control -->\n<\/smartform/flexibility.DialogContent>\n","Deprecated":false,"helpDescription":"The content of the personalization dialog of the SmartForm","description":"sap.ui.comp.smartform.flexibility.DialogContent","Experimental":false,"prefix":"DialogContent","name":"sap.ui.comp.smartform.flexibility.DialogContent"},{"template":"<smartform/flexibility.FieldList xmlns=\"sap.ui.comp\"\n\tid=\"${id}\"\n\tbusy=\"false\"\n\tbusyIndicatorDelay=\"1000\"\n\tvisible=\"true\"\n\tfieldGroupIds=\"[]\"\n\tvalidationSuccess=\"\"\n\tvalidationError=\"\"\n\tparseError=\"\"\n\tformatError=\"\"\n\tvalidateFieldGroup=\"\"\n\tselectionChanged=\"\"\n\tlabelChanged=\"\"\n\tnodeHidden=\"\">\n\t\t<tooltip><\/tooltip> <!-- sap.ui.core.TooltipBase -->\n\t\t<dependents><\/dependents> <!-- sap.ui.core.Control, since 1.19 -->\n\t\t<tooltip><\/tooltip><!-- sap.ui.core.TooltipBase -->\n\t<customData><\/customData><!-- sap.ui.core.CustomData -->\n\t<layoutData><\/layoutData><!-- sap.ui.core.LayoutData -->\n\t<dependents><\/dependents><!-- sap.ui.core.Control -->\n\t<nodes><\/nodes><!-- sap.ui.comp.smartform.flexibility.FieldListNode -->\n<\/smartform/flexibility.FieldList>\n","Deprecated":false,"helpDescription":"Contains list of forms, groups and fields which can could be modified by the SAPUI5 flexibility services","description":"sap.ui.comp.smartform.flexibility.FieldList","Experimental":false,"prefix":"FieldList","name":"sap.ui.comp.smartform.flexibility.FieldList"},{"template":"<smartform/flexibility.FieldListNode xmlns=\"sap.ui.comp\"\n\tid=\"${id}\"\n\tbusy=\"false\"\n\tbusyIndicatorDelay=\"1000\"\n\tvisible=\"true\"\n\tfieldGroupIds=\"[]\"\n\tlabel=\"\"\n\tisVisible=\"\"\n\tisSelected=\"\"\n\tvalidationSuccess=\"\"\n\tvalidationError=\"\"\n\tparseError=\"\"\n\tformatError=\"\"\n\tvalidateFieldGroup=\"\"\n\tselected=\"\"\n\tlabelChanged=\"\"\n\tnodeHidden=\"\">\n\t\t<tooltip><\/tooltip> <!-- sap.ui.core.TooltipBase -->\n\t\t<dependents><\/dependents> <!-- sap.ui.core.Control, since 1.19 -->\n\t\t<tooltip><\/tooltip><!-- sap.ui.core.TooltipBase -->\n\t<customData><\/customData><!-- sap.ui.core.CustomData -->\n\t<layoutData><\/layoutData><!-- sap.ui.core.LayoutData -->\n\t<dependents><\/dependents><!-- sap.ui.core.Control -->\n\t<nodes><\/nodes><!-- sap.ui.comp.smartform.flexibility.FieldListNode -->\n\t<layout><\/layout><!-- sap.ui.core.Control -->\n<\/smartform/flexibility.FieldListNode>\n","Deprecated":false,"helpDescription":"A node within the field list control","description":"sap.ui.comp.smartform.flexibility.FieldListNode","Experimental":false,"prefix":"FieldListNode","name":"sap.ui.comp.smartform.flexibility.FieldListNode"},{"template":"<smartform/flexibility.Input xmlns=\"sap.ui.comp\"\n\tid=\"${id}\"\n\tbusy=\"false\"\n\tbusyIndicatorDelay=\"1000\"\n\tvisible=\"true\"\n\tfieldGroupIds=\"[]\"\n\tvalue=\"\"\n\twidth=\"\"\n\tenabled=\"true\"\n\tvalueState=\"None\"\n\tname=\"\"\n\tplaceholder=\"\"\n\teditable=\"true\"\n\tvalueStateText=\"\"\n\tshowValueStateMessage=\"true\"\n\ttextAlign=\"Initial\"\n\ttextDirection=\"Inherit\"\n\ttype=\"Text\"\n\tmaxLength=\"0\"\n\tdateFormat=\"YYYY-MM-dd\"\n\tshowValueHelp=\"false\"\n\tshowSuggestion=\"false\"\n\tvalueHelpOnly=\"false\"\n\tfilterSuggests=\"true\"\n\tmaxSuggestionWidth=\"\"\n\tstartSuggestion=\"1\"\n\tshowTableSuggestionValueHelp=\"true\"\n\tdescription=\"\"\n\tfieldWidth=\"50%\"\n\tvalueLiveUpdate=\"false\"\n\tvalidationSuccess=\"\"\n\tvalidationError=\"\"\n\tparseError=\"\"\n\tformatError=\"\"\n\tvalidateFieldGroup=\"\"\n\tchange=\"\"\n\tliveChange=\"\"\n\tvalueHelpRequest=\"\"\n\tsuggest=\"\"\n\tsuggestionItemSelected=\"\"\n\tselectedByKeyboard=\"\">\n\t\t<tooltip><\/tooltip> <!-- sap.ui.core.TooltipBase -->\n\t\t<dependents><\/dependents> <!-- sap.ui.core.Control, since 1.19 -->\n\t\t<tooltip><\/tooltip><!-- sap.ui.core.TooltipBase -->\n\t<customData><\/customData><!-- sap.ui.core.CustomData -->\n\t<layoutData><\/layoutData><!-- sap.ui.core.LayoutData -->\n\t<dependents><\/dependents><!-- sap.ui.core.Control -->\n\t<suggestionItems><\/suggestionItems><!-- sap.ui.core.Item -->\n\t<suggestionColumns><\/suggestionColumns><!-- sap.m.Column -->\n\t<suggestionRows><\/suggestionRows><!-- sap.m.ColumnListItem -->\n<\/smartform/flexibility.Input>\n","Deprecated":false,"helpDescription":"Input field with special focus handling","description":"sap.ui.comp.smartform.flexibility.Input","Experimental":false,"prefix":"Input","name":"sap.ui.comp.smartform.flexibility.Input"},{"template":"<smarttable/SmartTable xmlns=\"sap.ui.comp\"\n\tid=\"${id}\"\n\tbusy=\"false\"\n\tbusyIndicatorDelay=\"1000\"\n\tvisible=\"true\"\n\tfieldGroupIds=\"[]\"\n\theight=\"\"\n\twidth=\"\"\n\tdisplayInline=\"false\"\n\tdirection=\"Row\"\n\tfitContainer=\"false\"\n\trenderType=\"Div\"\n\tjustifyContent=\"Start\"\n\talignItems=\"Stretch\"\n\tentitySet=\"\"\n\tsmartFilterId=\"\"\n\tignoredFields=\"\"\n\tinitiallyVisibleFields=\"\"\n\trequestAtLeastFields=\"\"\n\tignoreFromPersonalisation=\"\"\n\ttableType=\"\"\n\tuseVariantManagement=\"true\"\n\tuseExportToExcel=\"true\"\n\tuseTablePersonalisation=\"true\"\n\tshowRowCount=\"true\"\n\theader=\"\"\n\ttoolbarStyleClass=\"\"\n\tenableCustomFilter=\"true\"\n\tpersistencyKey=\"\"\n\tuseOnlyOneSolidToolbar=\"false\"\n\tcurrentVariantId=\"\"\n\teditable=\"false\"\n\tenableAutoBinding=\"false\"\n\ttableBindingPath=\"\"\n\teditTogglable=\"false\"\n\tdemandPopin=\"false\"\n\tvalidationSuccess=\"\"\n\tvalidationError=\"\"\n\tparseError=\"\"\n\tformatError=\"\"\n\tvalidateFieldGroup=\"\"\n\tinitialise=\"\"\n\tbeforeRebindTable=\"\"\n\teditToggled=\"\"\n\tdataReceived=\"\"\n\tafterVariantInitialise=\"\"\n\tafterVariantSave=\"\"\n\tafterVariantApply=\"\"\n\tshowOverlay=\"\">\n\t\t<tooltip><\/tooltip> <!-- sap.ui.core.TooltipBase -->\n\t\t<dependents><\/dependents> <!-- sap.ui.core.Control, since 1.19 -->\n\t\t<tooltip><\/tooltip><!-- sap.ui.core.TooltipBase -->\n\t<customData><\/customData><!-- sap.ui.core.CustomData -->\n\t<layoutData><\/layoutData><!-- sap.ui.core.LayoutData -->\n\t<dependents><\/dependents><!-- sap.ui.core.Control -->\n\t<items><\/items><!-- sap.ui.core.Control -->\n\t<customToolbar><\/customToolbar><!-- sap.m.Toolbar -->\n\t<semanticObjectController><\/semanticObjectController><!-- sap.ui.comp.navpopover.SemanticObjectController -->\n\t<noData><\/noData><!-- sap.ui.core.Control -->\n<\/smarttable/SmartTable>\n","Deprecated":false,"helpDescription":"The SmartTable control creates a table based on OData metadata and the configuration specified. The entitySet attribute must be\n       specified to use the control. This attribute is used to fetch fields from OData metadata, from which columns will be generated; it can\n       also be used to fetch the actual table data.<br>\n       Based on the tableType property, this control will render a standard, analytical, or responsive table.<br>\n       <b><i>Note:<\/i><\/b><br>\n       Most of the attributes/properties are not dynamic and cannot be changed once the control has been initialized.","description":"sap.ui.comp.smarttable.SmartTable","Experimental":false,"prefix":"SmartTable","name":"sap.ui.comp.smarttable.SmartTable"},{"template":"<smartvariants/PersonalizableInfo xmlns=\"sap.ui.comp\"\n\tid=\"${id}\"\n\ttype=\"\"\n\tdataSource=\"\"\n\tkeyName=\"\"\n\tvalidationSuccess=\"\"\n\tvalidationError=\"\"\n\tparseError=\"\"\n\tformatError=\"\">\n\t\t<tooltip><\/tooltip> <!-- sap.ui.core.TooltipBase -->\n\t\t<dependents><\/dependents> <!-- sap.ui.core.Control, since 1.19 -->\n\t\t<tooltip><\/tooltip><!-- sap.ui.core.TooltipBase -->\n\t<customData><\/customData><!-- sap.ui.core.CustomData -->\n\t<layoutData><\/layoutData><!-- sap.ui.core.LayoutData -->\n\t<dependents><\/dependents><!-- sap.ui.core.Control -->\n<\/smartvariants/PersonalizableInfo>\n","Deprecated":false,"helpDescription":"The PersonalizableInfo class describes the personalizable control associated with the SmartVariantManagement control.","description":"sap.ui.comp.smartvariants.PersonalizableInfo","Experimental":false,"prefix":"PersonalizableInfo","name":"sap.ui.comp.smartvariants.PersonalizableInfo"},{"template":"<smartvariants/SmartVariantManagement xmlns=\"sap.ui.comp\"\n\tid=\"${id}\"\n\tbusy=\"false\"\n\tbusyIndicatorDelay=\"1000\"\n\tvisible=\"true\"\n\tfieldGroupIds=\"[]\"\n\tinitialSelectionKey=\"\"\n\tenabled=\"true\"\n\tdefaultVariantKey=\"\"\n\tselectionKey=\"\"\n\tshowCreateTile=\"false\"\n\tshowExecuteOnSelection=\"false\"\n\tshowShare=\"false\"\n\tlifecycleSupport=\"false\"\n\tstandardItemText=\"\"\n\tindustrySolutionMode=\"false\"\n\tvalidationSuccess=\"\"\n\tvalidationError=\"\"\n\tparseError=\"\"\n\tformatError=\"\"\n\tvalidateFieldGroup=\"\"\n\tsave=\"\"\n\tmanage=\"\"\n\tselect=\"\"\n\tinitialise=\"\"\n\tafterSave=\"\">\n\t\t<tooltip><\/tooltip> <!-- sap.ui.core.TooltipBase -->\n\t\t<dependents><\/dependents> <!-- sap.ui.core.Control, since 1.19 -->\n\t\t<tooltip><\/tooltip><!-- sap.ui.core.TooltipBase -->\n\t<customData><\/customData><!-- sap.ui.core.CustomData -->\n\t<layoutData><\/layoutData><!-- sap.ui.core.LayoutData -->\n\t<dependents><\/dependents><!-- sap.ui.core.Control -->\n\t<items><\/items><!-- sap.ui.core.Item -->\n\t<variantItems><\/variantItems><!-- sap.ui.comp.variants.VariantItem -->\n\t<personalizableControls><\/personalizableControls><!-- sap.ui.comp.smartvariants.PersonalizableInfo -->\n<\/smartvariants/SmartVariantManagement>\n","Deprecated":false,"helpDescription":"The SmartVariantManagement control is a specialization of the {@link sap.ui.comp.variants.VariantManagement VariantManagement} control and communicates with the layer that offers SAPUI5 flexibility services to manage the variants.<br>\nFor more information about SAPUI5 flexibility, refer to the Developer Guide.","description":"sap.ui.comp.smartvariants.SmartVariantManagement","Experimental":false,"prefix":"SmartVariantManagement","name":"sap.ui.comp.smartvariants.SmartVariantManagement"},{"template":"<smartvariants/SmartVariantManagementUi2 xmlns=\"sap.ui.comp\"\n\tid=\"${id}\"\n\tbusy=\"false\"\n\tbusyIndicatorDelay=\"1000\"\n\tvisible=\"true\"\n\tfieldGroupIds=\"[]\"\n\tinitialSelectionKey=\"\"\n\tenabled=\"true\"\n\tdefaultVariantKey=\"\"\n\tselectionKey=\"\"\n\tshowCreateTile=\"false\"\n\tshowExecuteOnSelection=\"false\"\n\tshowShare=\"false\"\n\tlifecycleSupport=\"false\"\n\tstandardItemText=\"\"\n\tindustrySolutionMode=\"false\"\n\tvalidationSuccess=\"\"\n\tvalidationError=\"\"\n\tparseError=\"\"\n\tformatError=\"\"\n\tvalidateFieldGroup=\"\"\n\tsave=\"\"\n\tmanage=\"\"\n\tselect=\"\"\n\tinitialise=\"\"\n\tafterSave=\"\">\n\t\t<tooltip><\/tooltip> <!-- sap.ui.core.TooltipBase -->\n\t\t<dependents><\/dependents> <!-- sap.ui.core.Control, since 1.19 -->\n\t\t<tooltip><\/tooltip><!-- sap.ui.core.TooltipBase -->\n\t<customData><\/customData><!-- sap.ui.core.CustomData -->\n\t<layoutData><\/layoutData><!-- sap.ui.core.LayoutData -->\n\t<dependents><\/dependents><!-- sap.ui.core.Control -->\n\t<items><\/items><!-- sap.ui.core.Item -->\n\t<variantItems><\/variantItems><!-- sap.ui.comp.variants.VariantItem -->\n\t<personalizableControl><\/personalizableControl><!-- sap.ui.comp.smartvariants.PersonalizableInfo -->\n<\/smartvariants/SmartVariantManagementUi2>\n","Deprecated":false,"helpDescription":"The SmartVariantManagementUi2 control is a specialization of the {@link \"sap.ui.comp.variants.VariantManagement VariantManagement} control and communicates with the Ui2 personalization layer to manage the variants.","description":"sap.ui.comp.smartvariants.SmartVariantManagementUi2","Experimental":false,"prefix":"SmartVariantManagementUi2","name":"sap.ui.comp.smartvariants.SmartVariantManagementUi2"},{"template":"<transport/TransportDialog xmlns=\"sap.ui.comp\"\n\tid=\"${id}\"\n\tbusy=\"false\"\n\tbusyIndicatorDelay=\"1000\"\n\tvisible=\"true\"\n\tfieldGroupIds=\"[]\"\n\ticon=\"\"\n\ttitle=\"\"\n\tshowHeader=\"true\"\n\ttype=\"Standard\"\n\tstate=\"None\"\n\tstretchOnPhone=\"false\"\n\tstretch=\"false\"\n\tcontentWidth=\"\"\n\tcontentHeight=\"\"\n\thorizontalScrolling=\"true\"\n\tverticalScrolling=\"true\"\n\tresizable=\"false\"\n\tdraggable=\"false\"\n\tpkg=\"\"\n\ttransports=\"\"\n\tlrepObject=\"\"\n\thidePackage=\"\"\n\tvalidationSuccess=\"\"\n\tvalidationError=\"\"\n\tparseError=\"\"\n\tformatError=\"\"\n\tvalidateFieldGroup=\"\"\n\tbeforeOpen=\"\"\n\tafterOpen=\"\"\n\tbeforeClose=\"\"\n\tafterClose=\"\"\n\tok=\"\"\n\tcancel=\"\">\n\t\t<tooltip><\/tooltip> <!-- sap.ui.core.TooltipBase -->\n\t\t<dependents><\/dependents> <!-- sap.ui.core.Control, since 1.19 -->\n\t\t<tooltip><\/tooltip><!-- sap.ui.core.TooltipBase -->\n\t<customData><\/customData><!-- sap.ui.core.CustomData -->\n\t<layoutData><\/layoutData><!-- sap.ui.core.LayoutData -->\n\t<dependents><\/dependents><!-- sap.ui.core.Control -->\n\t<content><\/content><!-- sap.ui.core.Control -->\n\t<subHeader><\/subHeader><!-- sap.m.IBar -->\n\t<customHeader><\/customHeader><!-- sap.m.IBar -->\n\t<beginButton><\/beginButton><!-- sap.m.Button -->\n\t<endButton><\/endButton><!-- sap.m.Button -->\n\t<buttons><\/buttons><!-- sap.m.Button -->\n\t<_header><\/_header><!-- sap.ui.core.Control -->\n\t<_title><\/_title><!-- sap.ui.core.Control -->\n\t<_icon><\/_icon><!-- sap.ui.core.Control -->\n\t<_toolbar><\/_toolbar><!-- sap.m.OverflowToolbar -->\n<\/transport/TransportDialog>\n","Deprecated":false,"helpDescription":"The Transport Dialog Control can be used to implement a value help for selecting an ABAP package and transport request. It is not a generic utility, but part of the Variantmanament and therefore cannot be used in any other application.","description":"sap.ui.comp.transport.TransportDialog","Experimental":false,"prefix":"TransportDialog","name":"sap.ui.comp.transport.TransportDialog"},{"template":"<valuehelpdialog/ValueHelpDialog xmlns=\"sap.ui.comp\"\n\tid=\"${id}\"\n\tbusy=\"false\"\n\tbusyIndicatorDelay=\"1000\"\n\tvisible=\"true\"\n\tfieldGroupIds=\"[]\"\n\ticon=\"\"\n\ttitle=\"\"\n\tshowHeader=\"true\"\n\ttype=\"Standard\"\n\tstate=\"None\"\n\tstretchOnPhone=\"false\"\n\tstretch=\"false\"\n\tcontentWidth=\"\"\n\tcontentHeight=\"\"\n\thorizontalScrolling=\"true\"\n\tverticalScrolling=\"true\"\n\tresizable=\"false\"\n\tdraggable=\"false\"\n\tbasicSearchText=\"\"\n\tsupportMultiselect=\"true\"\n\tsupportRanges=\"false\"\n\tsupportRangesOnly=\"false\"\n\tkey=\"\"\n\tkeys=\"\"\n\tdescriptionKey=\"\"\n\tmaxIncludeRanges=\"-1\"\n\tmaxExcludeRanges=\"-1\"\n\tdisplayFormat=\"\"\n\ttokenDisplayBehaviour=\"\"\n\tfilterMode=\"false\"\n\tvalidationSuccess=\"\"\n\tvalidationError=\"\"\n\tparseError=\"\"\n\tformatError=\"\"\n\tvalidateFieldGroup=\"\"\n\tbeforeOpen=\"\"\n\tafterOpen=\"\"\n\tbeforeClose=\"\"\n\tafterClose=\"\"\n\tok=\"\"\n\tcancel=\"\"\n\tselectionChange=\"\"\n\ttokenRemove=\"\"\n\tupdateSelection=\"\">\n\t\t<tooltip><\/tooltip> <!-- sap.ui.core.TooltipBase -->\n\t\t<dependents><\/dependents> <!-- sap.ui.core.Control, since 1.19 -->\n\t\t<tooltip><\/tooltip><!-- sap.ui.core.TooltipBase -->\n\t<customData><\/customData><!-- sap.ui.core.CustomData -->\n\t<layoutData><\/layoutData><!-- sap.ui.core.LayoutData -->\n\t<dependents><\/dependents><!-- sap.ui.core.Control -->\n\t<content><\/content><!-- sap.ui.core.Control -->\n\t<subHeader><\/subHeader><!-- sap.m.IBar -->\n\t<customHeader><\/customHeader><!-- sap.m.IBar -->\n\t<beginButton><\/beginButton><!-- sap.m.Button -->\n\t<endButton><\/endButton><!-- sap.m.Button -->\n\t<buttons><\/buttons><!-- sap.m.Button -->\n\t<_header><\/_header><!-- sap.ui.core.Control -->\n\t<_title><\/_title><!-- sap.ui.core.Control -->\n\t<_icon><\/_icon><!-- sap.ui.core.Control -->\n\t<_toolbar><\/_toolbar><!-- sap.m.OverflowToolbar -->\n\t<filterBar><\/filterBar><!-- sap.ui.comp.filterbar.FilterBar -->\n<\/valuehelpdialog/ValueHelpDialog>\n","Deprecated":false,"helpDescription":"The ValueHelpDialog control can be used to implement a value help for an input field.","description":"sap.ui.comp.valuehelpdialog.ValueHelpDialog","Experimental":false,"prefix":"ValueHelpDialog","name":"sap.ui.comp.valuehelpdialog.ValueHelpDialog"},{"template":"<variants/EditableVariantItem xmlns=\"sap.ui.comp\"\n\tid=\"${id}\"\n\tbusy=\"false\"\n\tbusyIndicatorDelay=\"1000\"\n\tvisible=\"true\"\n\tfieldGroupIds=\"[]\"\n\ttype=\"Inactive\"\n\tvisible=\"true\"\n\tunread=\"false\"\n\tselected=\"false\"\n\tcounter=\"\"\n\tvAlign=\"Inherit\"\n\tkey=\"\"\n\tglobal=\"\"\n\tlifecyclePackage=\"\"\n\tlifecycleTransportId=\"\"\n\tnamespace=\"\"\n\treadOnly=\"false\"\n\taccessOptions=\"\"\n\tlabelReadOnly=\"false\"\n\tvalidationSuccess=\"\"\n\tvalidationError=\"\"\n\tparseError=\"\"\n\tformatError=\"\"\n\tvalidateFieldGroup=\"\"\n\ttap=\"\"\n\tdetailTap=\"\"\n\tpress=\"\"\n\tdetailPress=\"\">\n\t\t<tooltip><\/tooltip> <!-- sap.ui.core.TooltipBase -->\n\t\t<dependents><\/dependents> <!-- sap.ui.core.Control, since 1.19 -->\n\t\t<tooltip><\/tooltip><!-- sap.ui.core.TooltipBase -->\n\t<customData><\/customData><!-- sap.ui.core.CustomData -->\n\t<layoutData><\/layoutData><!-- sap.ui.core.LayoutData -->\n\t<dependents><\/dependents><!-- sap.ui.core.Control -->\n\t<cells><\/cells><!-- sap.ui.core.Control -->\n<\/variants/EditableVariantItem>\n","Deprecated":false,"helpDescription":"The EditableVariantItem class describes an editable variant list item for the Manage Variants popup.","description":"sap.ui.comp.variants.EditableVariantItem","Experimental":false,"prefix":"EditableVariantItem","name":"sap.ui.comp.variants.EditableVariantItem"},{"template":"<variants/VariantItem xmlns=\"sap.ui.comp\"\n\tid=\"${id}\"\n\ttext=\"\"\n\tenabled=\"true\"\n\ttextDirection=\"Inherit\"\n\tkey=\"\"\n\texecuteOnSelection=\"false\"\n\treadOnly=\"false\"\n\tlifecycleTransportId=\"\"\n\tglobal=\"\"\n\tlifecyclePackage=\"\"\n\tnamespace=\"\"\n\taccessOptions=\"\"\n\tlabelReadOnly=\"false\"\n\tvalidationSuccess=\"\"\n\tvalidationError=\"\"\n\tparseError=\"\"\n\tformatError=\"\">\n\t\t<tooltip><\/tooltip> <!-- sap.ui.core.TooltipBase -->\n\t\t<dependents><\/dependents> <!-- sap.ui.core.Control, since 1.19 -->\n\t\t<tooltip><\/tooltip><!-- sap.ui.core.TooltipBase -->\n\t<customData><\/customData><!-- sap.ui.core.CustomData -->\n\t<layoutData><\/layoutData><!-- sap.ui.core.LayoutData -->\n\t<dependents><\/dependents><!-- sap.ui.core.Control -->\n<\/variants/VariantItem>\n","Deprecated":false,"helpDescription":"The VariantItem class describes a variant item.","description":"sap.ui.comp.variants.VariantItem","Experimental":false,"prefix":"VariantItem","name":"sap.ui.comp.variants.VariantItem"},{"template":"<variants/VariantManagement xmlns=\"sap.ui.comp\"\n\tid=\"${id}\"\n\tbusy=\"false\"\n\tbusyIndicatorDelay=\"1000\"\n\tvisible=\"true\"\n\tfieldGroupIds=\"[]\"\n\tinitialSelectionKey=\"\"\n\tenabled=\"true\"\n\tdefaultVariantKey=\"\"\n\tselectionKey=\"\"\n\tshowCreateTile=\"false\"\n\tshowExecuteOnSelection=\"false\"\n\tshowShare=\"false\"\n\tlifecycleSupport=\"false\"\n\tstandardItemText=\"\"\n\tindustrySolutionMode=\"false\"\n\tvalidationSuccess=\"\"\n\tvalidationError=\"\"\n\tparseError=\"\"\n\tformatError=\"\"\n\tvalidateFieldGroup=\"\"\n\tsave=\"\"\n\tmanage=\"\"\n\tselect=\"\">\n\t\t<tooltip><\/tooltip> <!-- sap.ui.core.TooltipBase -->\n\t\t<dependents><\/dependents> <!-- sap.ui.core.Control, since 1.19 -->\n\t\t<tooltip><\/tooltip><!-- sap.ui.core.TooltipBase -->\n\t<customData><\/customData><!-- sap.ui.core.CustomData -->\n\t<layoutData><\/layoutData><!-- sap.ui.core.LayoutData -->\n\t<dependents><\/dependents><!-- sap.ui.core.Control -->\n\t<items><\/items><!-- sap.ui.core.Item -->\n\t<variantItems><\/variantItems><!-- sap.ui.comp.variants.VariantItem -->\n<\/variants/VariantManagement>\n","Deprecated":false,"helpDescription":"The VariantManagement control can be used to manage variants, such as filter bar variants or table\n       variants.","description":"sap.ui.comp.variants.VariantManagement","Experimental":false,"prefix":"VariantManagement","name":"sap.ui.comp.variants.VariantManagement"}]}