{"XML_KEYWORDS":["sap.ca.ui.AddPicture","sap.ca.ui.CustomerContext","sap.ca.ui.CustomerControlListItem","sap.ca.ui.DatePicker","sap.ca.ui.ExpansibleFeedListItem","sap.ca.ui.FileUpload","sap.ca.ui.GrowingTileContainer","sap.ca.ui.HierarchicalSelectDialog","sap.ca.ui.HierarchicalSelectDialogItem","sap.ca.ui.Hierarchy","sap.ca.ui.HierarchyItem","sap.ca.ui.InPlaceEdit","sap.ca.ui.Notes","sap.ca.ui.OverflowContainer","sap.ca.ui.OverviewTile","sap.ca.ui.PictureItem","sap.ca.ui.PictureTile","sap.ca.ui.PictureViewer","sap.ca.ui.PictureViewerItem","sap.ca.ui.ZoomableScrollContainer","sap.ca.ui.charts.BarListItem","sap.ca.ui.charts.BubbleChart","sap.ca.ui.charts.Chart","sap.ca.ui.charts.ChartToolBar","sap.ca.ui.charts.ClusterListItem","sap.ca.ui.charts.CombinedChart","sap.ca.ui.charts.HorizontalBarChart","sap.ca.ui.charts.LineChart","sap.ca.ui.charts.StackedHorizontalBarChart","sap.ca.ui.charts.StackedVerticalColumnChart","sap.ca.ui.charts.VerticalBarChart","sap.ca.ui.model.format.AmountFormat","sap.ca.ui.model.format.DateFormat","sap.ca.ui.model.format.FileSizeFormat","sap.ca.ui.model.format.QuantityFormat","sap.ca.ui.model.type.Date","sap.ca.ui.model.type.DateTime","sap.ca.ui.model.type.FileSize","sap.ca.ui.model.type.Number","sap.ca.ui.model.type.Time"],"XML_TEMPLATES":[{"template":"<AddPicture xmlns=\"sap.ca.ui\"\n\tid=\"${id}\"\n\tbusy=\"false\"\n\tbusyIndicatorDelay=\"1000\"\n\tvisible=\"true\"\n\tfieldGroupIds=\"[]\"\n\tbuttonPageType=\"Tab\"\n\teditable=\"true\"\n\tmaxPictureNumber=\"10\"\n\tuploadUrl=\"\"\n\twidth=\"100%\"\n\ttext=\"\"\n\tpictureAlign=\"Left\"\n\titemSize=\"64\"\n\tcompression=\"low\"\n\tvalidationSuccess=\"\"\n\tvalidationError=\"\"\n\tparseError=\"\"\n\tformatError=\"\"\n\tvalidateFieldGroup=\"\"\n\tshow=\"\"\n\tpictureAdded=\"\"\n\tmaxPictureLimitReached=\"\"\n\timageUploadFailed=\"\"\n\tfileNotSupported=\"\">\n\t\t<tooltip><\/tooltip> <!-- sap.ui.core.TooltipBase -->\n\t\t<dependents><\/dependents> <!-- sap.ui.core.Control, since 1.19 -->\n\t\t<tooltip><\/tooltip><!-- sap.ui.core.TooltipBase -->\n\t<customData><\/customData><!-- sap.ui.core.CustomData -->\n\t<layoutData><\/layoutData><!-- sap.ui.core.LayoutData -->\n\t<dependents><\/dependents><!-- sap.ui.core.Control -->\n\t<pictures><\/pictures><!-- sap.ca.ui.PictureItem -->\n<\/AddPicture>\n","Deprecated":true,"helpDescription":"<strong style=\"color: red;\">Deprecated! <\/strong>Since 1.26 As per central UX requirements, this control is replaced by sap.m.UploadCollection. Please use the new control if you start developing an application instead of using this AddPicture control.<br>Enables users to add pictures into a form. Contains PictureItem controls that describe the media.\nIt is designed to be used simultaneously with the PictureViewer control","description":"sap.ca.ui.AddPicture","Experimental":false,"prefix":"AddPicture","name":"sap.ca.ui.AddPicture"},{"template":"<CustomerContext xmlns=\"sap.ca.ui\"\n\tid=\"${id}\"\n\tbusy=\"false\"\n\tbusyIndicatorDelay=\"1000\"\n\tvisible=\"true\"\n\tfieldGroupIds=\"[]\"\n\tpersonalizationPageName=\"AppCustomerContext\"\n\tshowSalesArea=\"false\"\n\tpath=\"/Customers\"\n\tcustomerIDProperty=\"CustomerID\"\n\tcustomerNameProperty=\"CustomerName\"\n\tsalesOrganizationNameProperty=\"SalesOrganizationName\"\n\tdistributionChannelNameProperty=\"DistributionChannelName\"\n\tdivisionNameProperty=\"DivisionName\"\n\tdialogTitle=\"\"\n\tvalidationSuccess=\"\"\n\tvalidationError=\"\"\n\tparseError=\"\"\n\tformatError=\"\"\n\tvalidateFieldGroup=\"\"\n\tcustomerSelected=\"\">\n\t\t<tooltip><\/tooltip> <!-- sap.ui.core.TooltipBase -->\n\t\t<dependents><\/dependents> <!-- sap.ui.core.Control, since 1.19 -->\n\t\t<tooltip><\/tooltip><!-- sap.ui.core.TooltipBase -->\n\t<customData><\/customData><!-- sap.ui.core.CustomData -->\n\t<layoutData><\/layoutData><!-- sap.ui.core.LayoutData -->\n\t<dependents><\/dependents><!-- sap.ui.core.Control -->\n<\/CustomerContext>\n","Deprecated":true,"helpDescription":"<strong style=\"color: red;\">Deprecated! <\/strong>Since 1.24.3 This control is not required anymore as per central UX requirements.\nPlease use Contextual Filter design instead!\nThis control will not be supported anymore.<br>This control allows you to open a dialog containing a list of customers for users to pick.\nThe chosen selected customer is persisted using sap.ushell services that shall be fully configured outside of this control.\n\nThe dialog can be open following two modes:\n\"select\" : exiting without choosing a customer is firing the customerSelected event with a null customer before closing the dialog\n\"change\" : exiting without choosing a customer is simply closing the dialog\n\nWhen opening the dialog in \"select\" mode, if a customer has been persisted in a previous session, it will be retrieved and the dialog won't open at all.","description":"sap.ca.ui.CustomerContext","Experimental":false,"prefix":"CustomerContext","name":"sap.ca.ui.CustomerContext"},{"template":"<CustomerControlListItem xmlns=\"sap.ca.ui\"\n\tid=\"${id}\"\n\tbusy=\"false\"\n\tbusyIndicatorDelay=\"1000\"\n\tvisible=\"true\"\n\tfieldGroupIds=\"[]\"\n\ttype=\"Inactive\"\n\tvisible=\"true\"\n\tunread=\"false\"\n\tselected=\"false\"\n\tcounter=\"\"\n\tshowSalesArea=\"false\"\n\tcustomerID=\"CustomerID\"\n\tcustomerName=\"CustomerName\"\n\tsalesOrganizationName=\"SalesOrganizationName\"\n\tdistributionChannelName=\"DistributionChannelName\"\n\tdivisionName=\"DivisionName\"\n\tvalidationSuccess=\"\"\n\tvalidationError=\"\"\n\tparseError=\"\"\n\tformatError=\"\"\n\tvalidateFieldGroup=\"\"\n\ttap=\"\"\n\tdetailTap=\"\"\n\tpress=\"\"\n\tdetailPress=\"\">\n\t\t<tooltip><\/tooltip> <!-- sap.ui.core.TooltipBase -->\n\t\t<dependents><\/dependents> <!-- sap.ui.core.Control, since 1.19 -->\n\t\t<tooltip><\/tooltip><!-- sap.ui.core.TooltipBase -->\n\t<customData><\/customData><!-- sap.ui.core.CustomData -->\n\t<layoutData><\/layoutData><!-- sap.ui.core.LayoutData -->\n\t<dependents><\/dependents><!-- sap.ui.core.Control -->\n\t<content><\/content><!-- sap.ui.core.Control -->\n<\/CustomerControlListItem>\n","Deprecated":true,"helpDescription":"<strong style=\"color: red;\">Deprecated! <\/strong>Since 1.24.3 This control is not required anymore as per central UX requirements.\nPlease use Contextual Filter design instead!\nThis control will not be supported anymore.<br>Extends the ObjectListItem to display a line in the customer context control.","description":"sap.ca.ui.CustomerControlListItem","Experimental":false,"prefix":"CustomerControlListItem","name":"sap.ca.ui.CustomerControlListItem"},{"template":"<DatePicker xmlns=\"sap.ca.ui\"\n\tid=\"${id}\"\n\tbusy=\"false\"\n\tbusyIndicatorDelay=\"1000\"\n\tvisible=\"true\"\n\tfieldGroupIds=\"[]\"\n\tvalue=\"\"\n\twidth=\"\"\n\tenabled=\"true\"\n\tvalueState=\"None\"\n\tname=\"\"\n\tplaceholder=\"\"\n\teditable=\"true\"\n\tvalueStateText=\"\"\n\tshowValueStateMessage=\"true\"\n\ttextAlign=\"Initial\"\n\ttextDirection=\"Inherit\"\n\tfirstDayOffset=\"0\"\n\tdateValue=\"\"\n\tvalidationSuccess=\"\"\n\tvalidationError=\"\"\n\tparseError=\"\"\n\tformatError=\"\"\n\tvalidateFieldGroup=\"\"\n\tchange=\"\">\n\t\t<tooltip><\/tooltip> <!-- sap.ui.core.TooltipBase -->\n\t\t<dependents><\/dependents> <!-- sap.ui.core.Control, since 1.19 -->\n\t\t<tooltip><\/tooltip><!-- sap.ui.core.TooltipBase -->\n\t<customData><\/customData><!-- sap.ui.core.CustomData -->\n\t<layoutData><\/layoutData><!-- sap.ui.core.LayoutData -->\n\t<dependents><\/dependents><!-- sap.ui.core.Control -->\n<\/DatePicker>\n","Deprecated":true,"helpDescription":"<strong style=\"color: red;\">Deprecated! <\/strong>Since 1.22 This control has been made available in sap.m.\nPlease use the sap.m.DatePicker instead!\nThis control will not be supported anymore.<br>Allows end users to interact with dates.\nEntries can directly be written in, or selected from a calendar pad.","description":"sap.ca.ui.DatePicker","Experimental":false,"prefix":"DatePicker","name":"sap.ca.ui.DatePicker"},{"template":"<ExpansibleFeedListItem xmlns=\"sap.ca.ui\"\n\tid=\"${id}\"\n\tbusy=\"false\"\n\tbusyIndicatorDelay=\"1000\"\n\tvisible=\"true\"\n\tfieldGroupIds=\"[]\"\n\ttype=\"Inactive\"\n\tvisible=\"true\"\n\tunread=\"false\"\n\tselected=\"false\"\n\tcounter=\"\"\n\ticon=\"\"\n\tactiveIcon=\"\"\n\tsender=\"\"\n\ttext=\"\"\n\tinfo=\"\"\n\ttimestamp=\"\"\n\tsenderActive=\"true\"\n\ticonActive=\"true\"\n\ticonDensityAware=\"true\"\n\tshowIcon=\"true\"\n\tmaxCharacters=\"\"\n\tmaxLines=\"5\"\n\tvalidationSuccess=\"\"\n\tvalidationError=\"\"\n\tparseError=\"\"\n\tformatError=\"\"\n\tvalidateFieldGroup=\"\"\n\ttap=\"\"\n\tdetailTap=\"\"\n\tpress=\"\"\n\tdetailPress=\"\"\n\tsenderPress=\"\"\n\ticonPress=\"\">\n\t\t<tooltip><\/tooltip> <!-- sap.ui.core.TooltipBase -->\n\t\t<dependents><\/dependents> <!-- sap.ui.core.Control, since 1.19 -->\n\t\t<tooltip><\/tooltip><!-- sap.ui.core.TooltipBase -->\n\t<customData><\/customData><!-- sap.ui.core.CustomData -->\n\t<layoutData><\/layoutData><!-- sap.ui.core.LayoutData -->\n\t<dependents><\/dependents><!-- sap.ui.core.Control -->\n<\/ExpansibleFeedListItem>\n","Deprecated":true,"helpDescription":"<strong style=\"color: red;\">Deprecated! <\/strong>Since 1.24 This control has been made available in sap.m. Please use sap.m.FeedListItem instead! This control will not be supported anymore.<br>Extends the FeedListItem to hide text when it is longer than maxLines. When text is hidden a See more\nlink is displayed, clicking on the link displays the entire text.","description":"sap.ca.ui.ExpansibleFeedListItem","Experimental":false,"prefix":"ExpansibleFeedListItem","name":"sap.ca.ui.ExpansibleFeedListItem"},{"template":"<FileUpload xmlns=\"sap.ca.ui\"\n\tid=\"${id}\"\n\tbusy=\"false\"\n\tbusyIndicatorDelay=\"1000\"\n\tvisible=\"true\"\n\tfieldGroupIds=\"[]\"\n\tuploadUrl=\"\"\n\tfileName=\"\"\n\tsize=\"\"\n\turl=\"\"\n\tuploadedDate=\"\"\n\tcontributor=\"\"\n\tfileExtension=\"\"\n\tmimeType=\"\"\n\titems=\"\"\n\tuploadEnabled=\"\"\n\tfileId=\"\"\n\txsrfToken=\"\"\n\tuseMultipart=\"false\"\n\tacceptRequestHeader=\"application/json\"\n\tencodeUrl=\"\"\n\trenameEnabled=\"\"\n\tdeleteEnabled=\"\"\n\tmultipleSelectionEnabled=\"true\"\n\tshowNoData=\"false\"\n\tsequentialUploadsEnabled=\"false\"\n\tshowAttachmentsLabel=\"true\"\n\tuseEditControls=\"false\"\n\tshowAttachmentsLabelInEditMode=\"true\"\n\teditMode=\"false\"\n\tvalidationSuccess=\"\"\n\tvalidationError=\"\"\n\tparseError=\"\"\n\tformatError=\"\"\n\tvalidateFieldGroup=\"\"\n\tdeleteFile=\"\"\n\trenameFile=\"\"\n\tuploadFile=\"\"\n\tfileUploadFailed=\"\"\n\tbeforeUploadFile=\"\"\n\tsaveClicked=\"\"\n\tcancelClicked=\"\">\n\t\t<tooltip><\/tooltip> <!-- sap.ui.core.TooltipBase -->\n\t\t<dependents><\/dependents> <!-- sap.ui.core.Control, since 1.19 -->\n\t\t<tooltip><\/tooltip><!-- sap.ui.core.TooltipBase -->\n\t<customData><\/customData><!-- sap.ui.core.CustomData -->\n\t<layoutData><\/layoutData><!-- sap.ui.core.LayoutData -->\n\t<dependents><\/dependents><!-- sap.ui.core.Control -->\n\t<_fileList><\/_fileList><!-- sap.m.List -->\n\t<uploadProgressLabel><\/uploadProgressLabel><!-- sap.m.Label -->\n\t<attachmentNumberLabel><\/attachmentNumberLabel><!-- sap.m.Label -->\n\t<toolBar><\/toolBar><!-- sap.m.Toolbar -->\n<\/FileUpload>\n","Deprecated":true,"helpDescription":"<strong style=\"color: red;\">Deprecated! <\/strong>Since 1.26 This control is available in sap.m in 1.26, as sap.m.UploadCollection.\nPlease use UploadCollection, as sap.ca.ui.FileUpload will not be supported anymore from 1.26.<br>Allows you to display a list of uploaded files. You can also upload a new one, rename or delete them","description":"sap.ca.ui.FileUpload","Experimental":false,"prefix":"FileUpload","name":"sap.ca.ui.FileUpload"},{"template":"<GrowingTileContainer xmlns=\"sap.ca.ui\"\n\tid=\"${id}\"\n\tbusy=\"false\"\n\tbusyIndicatorDelay=\"1000\"\n\tvisible=\"true\"\n\tfieldGroupIds=\"[]\"\n\twidth=\"auto\"\n\theight=\"auto\"\n\thorizontal=\"true\"\n\tvertical=\"false\"\n\tfocusable=\"false\"\n\tgrowing=\"false\"\n\tgrowingThreshold=\"20\"\n\tgrowingScrollToLoad=\"false\"\n\tvalidationSuccess=\"\"\n\tvalidationError=\"\"\n\tparseError=\"\"\n\tformatError=\"\"\n\tvalidateFieldGroup=\"\">\n\t\t<tooltip><\/tooltip> <!-- sap.ui.core.TooltipBase -->\n\t\t<dependents><\/dependents> <!-- sap.ui.core.Control, since 1.19 -->\n\t\t<tooltip><\/tooltip><!-- sap.ui.core.TooltipBase -->\n\t<customData><\/customData><!-- sap.ui.core.CustomData -->\n\t<layoutData><\/layoutData><!-- sap.ui.core.LayoutData -->\n\t<dependents><\/dependents><!-- sap.ui.core.Control -->\n\t<content><\/content><!-- sap.ui.core.Control -->\n<\/GrowingTileContainer>\n","Deprecated":true,"helpDescription":"<strong style=\"color: red;\">Deprecated! <\/strong>Since 1.24.3 This control is not required anymore as per central UX requirements.\nThis control will not be supported anymore.<br>A Tile container for the Overview tile with growing capabilities","description":"sap.ca.ui.GrowingTileContainer","Experimental":false,"prefix":"GrowingTileContainer","name":"sap.ca.ui.GrowingTileContainer"},{"template":"<HierarchicalSelectDialog xmlns=\"sap.ca.ui\"\n\tid=\"${id}\"\n\tbusy=\"false\"\n\tbusyIndicatorDelay=\"1000\"\n\tvisible=\"true\"\n\tfieldGroupIds=\"[]\"\n\ticon=\"\"\n\ttitle=\"\"\n\tshowHeader=\"true\"\n\ttype=\"Standard\"\n\tstate=\"None\"\n\tstretchOnPhone=\"false\"\n\tstretch=\"false\"\n\tcontentWidth=\"\"\n\tcontentHeight=\"\"\n\thorizontalScrolling=\"true\"\n\tverticalScrolling=\"true\"\n\tresizable=\"false\"\n\tdraggable=\"false\"\n\tvalidationSuccess=\"\"\n\tvalidationError=\"\"\n\tparseError=\"\"\n\tformatError=\"\"\n\tvalidateFieldGroup=\"\"\n\tbeforeOpen=\"\"\n\tafterOpen=\"\"\n\tbeforeClose=\"\"\n\tafterClose=\"\"\n\tselect=\"\"\n\tcancel=\"\">\n\t\t<tooltip><\/tooltip> <!-- sap.ui.core.TooltipBase -->\n\t\t<dependents><\/dependents> <!-- sap.ui.core.Control, since 1.19 -->\n\t\t<tooltip><\/tooltip><!-- sap.ui.core.TooltipBase -->\n\t<customData><\/customData><!-- sap.ui.core.CustomData -->\n\t<layoutData><\/layoutData><!-- sap.ui.core.LayoutData -->\n\t<dependents><\/dependents><!-- sap.ui.core.Control -->\n\t<content><\/content><!-- sap.ui.core.Control -->\n\t<subHeader><\/subHeader><!-- sap.m.IBar -->\n\t<customHeader><\/customHeader><!-- sap.m.IBar -->\n\t<beginButton><\/beginButton><!-- sap.m.Button -->\n\t<endButton><\/endButton><!-- sap.m.Button -->\n\t<buttons><\/buttons><!-- sap.m.Button -->\n\t<_header><\/_header><!-- sap.ui.core.Control -->\n\t<_title><\/_title><!-- sap.ui.core.Control -->\n\t<_icon><\/_icon><!-- sap.ui.core.Control -->\n\t<_toolbar><\/_toolbar><!-- sap.m.OverflowToolbar -->\n\t<items><\/items><!-- sap.ca.ui.HierarchicalSelectDialogItem -->\n<\/HierarchicalSelectDialog>\n","Deprecated":true,"helpDescription":"<strong style=\"color: red;\">Deprecated! <\/strong>Since 1.24.1 HierarchicalSelectDialog is deprecated as per central UX requirements. This control will not be supported anymore.<br>Select an item in a dialog from a hierarchical list","description":"sap.ca.ui.HierarchicalSelectDialog","Experimental":false,"prefix":"HierarchicalSelectDialog","name":"sap.ca.ui.HierarchicalSelectDialog"},{"template":"<HierarchicalSelectDialogItem xmlns=\"sap.ca.ui\"\n\tid=\"${id}\"\n\ttext=\"\"\n\tenabled=\"true\"\n\ttextDirection=\"Inherit\"\n\tkey=\"\"\n\ttitle=\"\"\n\tentityName=\"\"\n\tvalidationSuccess=\"\"\n\tvalidationError=\"\"\n\tparseError=\"\"\n\tformatError=\"\">\n\t\t<tooltip><\/tooltip> <!-- sap.ui.core.TooltipBase -->\n\t\t<dependents><\/dependents> <!-- sap.ui.core.Control, since 1.19 -->\n\t\t<tooltip><\/tooltip><!-- sap.ui.core.TooltipBase -->\n\t<customData><\/customData><!-- sap.ui.core.CustomData -->\n\t<layoutData><\/layoutData><!-- sap.ui.core.LayoutData -->\n\t<dependents><\/dependents><!-- sap.ui.core.Control -->\n\t<listItemTemplate><\/listItemTemplate><!-- sap.m.ListItemBase -->\n<\/HierarchicalSelectDialogItem>\n","Deprecated":true,"helpDescription":"<strong style=\"color: red;\">Deprecated! <\/strong>Since 1.24 This control is deprecated as per central UX requirements.\nThis control will not be supported anymore.<br>\nKind of item required by the sap.ca.ui.HierarchicalSelectDialog control.\nAn item is actually one page of the Dialog.","description":"sap.ca.ui.HierarchicalSelectDialogItem","Experimental":false,"prefix":"HierarchicalSelectDialogItem","name":"sap.ca.ui.HierarchicalSelectDialogItem"},{"template":"<Hierarchy xmlns=\"sap.ca.ui\"\n\tid=\"${id}\"\n\tbusy=\"false\"\n\tbusyIndicatorDelay=\"1000\"\n\tvisible=\"true\"\n\tfieldGroupIds=\"[]\"\n\thideOptionalLevels=\"true\"\n\tvalidationSuccess=\"\"\n\tvalidationError=\"\"\n\tparseError=\"\"\n\tformatError=\"\"\n\tvalidateFieldGroup=\"\">\n\t\t<tooltip><\/tooltip> <!-- sap.ui.core.TooltipBase -->\n\t\t<dependents><\/dependents> <!-- sap.ui.core.Control, since 1.19 -->\n\t\t<tooltip><\/tooltip><!-- sap.ui.core.TooltipBase -->\n\t<customData><\/customData><!-- sap.ui.core.CustomData -->\n\t<layoutData><\/layoutData><!-- sap.ui.core.LayoutData -->\n\t<dependents><\/dependents><!-- sap.ui.core.Control -->\n\t<items><\/items><!-- sap.ca.ui.HierarchyItem -->\n<\/Hierarchy>\n","Deprecated":true,"helpDescription":"<strong style=\"color: red;\">Deprecated! <\/strong>Since 1.24.3 This control is not required anymore as per central UX requirements.\nThis control will not be supported anymore.<br>Display the Hierarchy of an item. Useful to indicates where an object stand in a chain of\nhierarchical data. The emphasized item shows the one item to display. Optional item can be hidden using the\nhideOptionalLevels property. Hidden items will stay accessible with an expand button.","description":"sap.ca.ui.Hierarchy","Experimental":false,"prefix":"Hierarchy","name":"sap.ca.ui.Hierarchy"},{"template":"<HierarchyItem xmlns=\"sap.ca.ui\"\n\tid=\"${id}\"\n\tbusy=\"false\"\n\tbusyIndicatorDelay=\"1000\"\n\tvisible=\"true\"\n\tfieldGroupIds=\"[]\"\n\ticon=\"\"\n\tlevelType=\"\"\n\ttitle=\"\"\n\tidentifier=\"\"\n\tlink=\"\"\n\temphasized=\"false\"\n\toptional=\"false\"\n\tvalidationSuccess=\"\"\n\tvalidationError=\"\"\n\tparseError=\"\"\n\tformatError=\"\"\n\tvalidateFieldGroup=\"\"\n\tlinkPress=\"\">\n\t\t<tooltip><\/tooltip> <!-- sap.ui.core.TooltipBase -->\n\t\t<dependents><\/dependents> <!-- sap.ui.core.Control, since 1.19 -->\n\t\t<tooltip><\/tooltip><!-- sap.ui.core.TooltipBase -->\n\t<customData><\/customData><!-- sap.ui.core.CustomData -->\n\t<layoutData><\/layoutData><!-- sap.ui.core.LayoutData -->\n\t<dependents><\/dependents><!-- sap.ui.core.Control -->\n\t<_iconControl><\/_iconControl><!-- sap.ui.core.Icon -->\n\t<_levelTypeLabel><\/_levelTypeLabel><!-- sap.m.Label -->\n\t<_identifierLabel><\/_identifierLabel><!-- sap.m.Label -->\n\t<_titleLabel><\/_titleLabel><!-- sap.m.Label -->\n\t<_linkControl><\/_linkControl><!-- sap.m.Link -->\n<\/HierarchyItem>\n","Deprecated":true,"helpDescription":"<strong style=\"color: red;\">Deprecated! <\/strong>Since 1.24 This control is deprecated as per central UX requirements.\nThis control will not be supported anymore.<br>Item that represent a line of the Hierarchy control. The emphasized property should apply to the item\nthat we want to represent in his hierarchy. Optionals item will be hidden if the option is true on the Hierarchy\ncontrol.","description":"sap.ca.ui.HierarchyItem","Experimental":false,"prefix":"HierarchyItem","name":"sap.ca.ui.HierarchyItem"},{"template":"<InPlaceEdit xmlns=\"sap.ca.ui\"\n\tid=\"${id}\"\n\tbusy=\"false\"\n\tbusyIndicatorDelay=\"1000\"\n\tvisible=\"true\"\n\tfieldGroupIds=\"[]\"\n\tvalueState=\"None\"\n\tundoEnabled=\"false\"\n\tvalidationSuccess=\"\"\n\tvalidationError=\"\"\n\tparseError=\"\"\n\tformatError=\"\"\n\tvalidateFieldGroup=\"\"\n\tchange=\"\">\n\t\t<tooltip><\/tooltip> <!-- sap.ui.core.TooltipBase -->\n\t\t<dependents><\/dependents> <!-- sap.ui.core.Control, since 1.19 -->\n\t\t<tooltip><\/tooltip><!-- sap.ui.core.TooltipBase -->\n\t<customData><\/customData><!-- sap.ui.core.CustomData -->\n\t<layoutData><\/layoutData><!-- sap.ui.core.LayoutData -->\n\t<dependents><\/dependents><!-- sap.ui.core.Control -->\n\t<content><\/content><!-- sap.ui.core.Control -->\n<\/InPlaceEdit>\n","Deprecated":true,"helpDescription":"<strong style=\"color: red;\">Deprecated! <\/strong>Since 1.22 This control is not required anymore as per central UX requirements.\nPlease use sap.m.Input instead!\nThis control will not be supported anymore.<br>\nThis control is used to switch between readonly and edit modes. A typical use case would be to change the value of a Label.","description":"sap.ca.ui.InPlaceEdit","Experimental":false,"prefix":"InPlaceEdit","name":"sap.ca.ui.InPlaceEdit"},{"template":"<Notes xmlns=\"sap.ca.ui\"\n\tid=\"${id}\"\n\tbusy=\"false\"\n\tbusyIndicatorDelay=\"1000\"\n\tvisible=\"true\"\n\tfieldGroupIds=\"[]\"\n\tinset=\"false\"\n\theaderText=\"\"\n\theaderDesign=\"Standard\"\n\tfooterText=\"\"\n\tmode=\"None\"\n\twidth=\"100%\"\n\tincludeItemInSelection=\"false\"\n\tshowUnread=\"false\"\n\tnoDataText=\"\"\n\tshowNoData=\"true\"\n\tenableBusyIndicator=\"true\"\n\tmodeAnimationOn=\"true\"\n\tshowSeparators=\"All\"\n\tswipeDirection=\"Both\"\n\tgrowing=\"false\"\n\tgrowingThreshold=\"20\"\n\tgrowingTriggerText=\"\"\n\tgrowingScrollToLoad=\"false\"\n\trememberSelections=\"true\"\n\tbackgroundDesign=\"Solid\"\n\tshowNoteInput=\"true\"\n\ttextMaxLength=\"1000\"\n\tplaceholder=\"\"\n\tvalidationSuccess=\"\"\n\tvalidationError=\"\"\n\tparseError=\"\"\n\tformatError=\"\"\n\tvalidateFieldGroup=\"\"\n\tselect=\"\"\n\tselectionChange=\"\"\n\tdelete=\"\"\n\tswipe=\"\"\n\tgrowingStarted=\"\"\n\tgrowingFinished=\"\"\n\tupdateStarted=\"\"\n\tupdateFinished=\"\"\n\titemPress=\"\"\n\taddNote=\"\">\n\t\t<tooltip><\/tooltip> <!-- sap.ui.core.TooltipBase -->\n\t\t<dependents><\/dependents> <!-- sap.ui.core.Control, since 1.19 -->\n\t\t<tooltip><\/tooltip><!-- sap.ui.core.TooltipBase -->\n\t<customData><\/customData><!-- sap.ui.core.CustomData -->\n\t<layoutData><\/layoutData><!-- sap.ui.core.LayoutData -->\n\t<dependents><\/dependents><!-- sap.ui.core.Control -->\n\t<items><\/items><!-- sap.m.ListItemBase -->\n\t<swipeContent><\/swipeContent><!-- sap.ui.core.Control -->\n\t<headerToolbar><\/headerToolbar><!-- sap.m.Toolbar -->\n\t<infoToolbar><\/infoToolbar><!-- sap.m.Toolbar -->\n\t<columns><\/columns><!-- sap.m.Column -->\n<\/Notes>\n","Deprecated":true,"helpDescription":"<strong style=\"color: red;\">Deprecated! <\/strong>Since 1.22 This control has been made available in sap.m.\nPlease use sap.m.FeedInput with sap.m.FeedListItem instead!\nThis control will not be supported anymore.<br>This control is a List with the ability to render an additional control on top of it to add new\nnotes. The developer is responsible to give the correct template to use to display notes (recommended are either\nthe FeedListItem or the ExpansibleFeedListItem). The developer is also responsible to implement the code to send\nthe notes to the backend system, by responding to the addNote event.","description":"sap.ca.ui.Notes","Experimental":false,"prefix":"Notes","name":"sap.ca.ui.Notes"},{"template":"<OverflowContainer xmlns=\"sap.ca.ui\"\n\tid=\"${id}\"\n\tbusy=\"false\"\n\tbusyIndicatorDelay=\"1000\"\n\tvisible=\"true\"\n\tfieldGroupIds=\"[]\"\n\toverflowHeight=\"200px\"\n\texpanded=\"false\"\n\tvalidationSuccess=\"\"\n\tvalidationError=\"\"\n\tparseError=\"\"\n\tformatError=\"\"\n\tvalidateFieldGroup=\"\">\n\t\t<tooltip><\/tooltip> <!-- sap.ui.core.TooltipBase -->\n\t\t<dependents><\/dependents> <!-- sap.ui.core.Control, since 1.19 -->\n\t\t<tooltip><\/tooltip><!-- sap.ui.core.TooltipBase -->\n\t<customData><\/customData><!-- sap.ui.core.CustomData -->\n\t<layoutData><\/layoutData><!-- sap.ui.core.LayoutData -->\n\t<dependents><\/dependents><!-- sap.ui.core.Control -->\n\t<content><\/content><!-- sap.ui.core.Control -->\n<\/OverflowContainer>\n","Deprecated":true,"helpDescription":"<strong style=\"color: red;\">Deprecated! <\/strong>Since 1.24.1 OverflowContainer is deprecated as per central UX requirements. This control will not be supported anymore.<br>\nThe OverflowContainer allows the content of a control to be partially displayed before being fully expanded.\nIt will cut its content to a fixed height that can be defined. It is fully suitable within an IconTabBar.","description":"sap.ca.ui.OverflowContainer","Experimental":false,"prefix":"OverflowContainer","name":"sap.ca.ui.OverflowContainer"},{"template":"<OverviewTile xmlns=\"sap.ca.ui\"\n\tid=\"${id}\"\n\tbusy=\"false\"\n\tbusyIndicatorDelay=\"1000\"\n\tvisible=\"true\"\n\tfieldGroupIds=\"[]\"\n\tremovable=\"true\"\n\ttitle=\"\"\n\ticon=\"\"\n\tcontact=\"\"\n\taddress=\"\"\n\topportunities=\"\"\n\trating=\"\"\n\tlastContact=\"\"\n\tnextContact=\"\"\n\trevenue=\"\"\n\tvisible=\"true\"\n\twidth=\"\"\n\tcontactActive=\"false\"\n\tvalidationSuccess=\"\"\n\tvalidationError=\"\"\n\tparseError=\"\"\n\tformatError=\"\"\n\tvalidateFieldGroup=\"\"\n\tpress=\"\"\n\tcontactPress=\"\">\n\t\t<tooltip><\/tooltip> <!-- sap.ui.core.TooltipBase -->\n\t\t<dependents><\/dependents> <!-- sap.ui.core.Control, since 1.19 -->\n\t\t<tooltip><\/tooltip><!-- sap.ui.core.TooltipBase -->\n\t<customData><\/customData><!-- sap.ui.core.CustomData -->\n\t<layoutData><\/layoutData><!-- sap.ui.core.LayoutData -->\n\t<dependents><\/dependents><!-- sap.ui.core.Control -->\n<\/OverviewTile>\n","Deprecated":true,"helpDescription":"<strong style=\"color: red;\">Deprecated! <\/strong>Since 1.24.3 This control is not required anymore as per central UX requirements.\nThis control will not be supported anymore.<br>Display aTile that presents an overview of a customer","description":"sap.ca.ui.OverviewTile","Experimental":false,"prefix":"OverviewTile","name":"sap.ca.ui.OverviewTile"},{"template":"<PictureItem xmlns=\"sap.ca.ui\"\n\tid=\"${id}\"\n\tbusy=\"false\"\n\tbusyIndicatorDelay=\"1000\"\n\tvisible=\"true\"\n\tfieldGroupIds=\"[]\"\n\tstatus=\"\"\n\tsource=\"\"\n\tname=\"\"\n\twidth=\"62px\"\n\theight=\"62px\"\n\tvalidationSuccess=\"\"\n\tvalidationError=\"\"\n\tparseError=\"\"\n\tformatError=\"\"\n\tvalidateFieldGroup=\"\"\n\tloaded=\"\">\n\t\t<tooltip><\/tooltip> <!-- sap.ui.core.TooltipBase -->\n\t\t<dependents><\/dependents> <!-- sap.ui.core.Control, since 1.19 -->\n\t\t<tooltip><\/tooltip><!-- sap.ui.core.TooltipBase -->\n\t<customData><\/customData><!-- sap.ui.core.CustomData -->\n\t<layoutData><\/layoutData><!-- sap.ui.core.LayoutData -->\n\t<dependents><\/dependents><!-- sap.ui.core.Control -->\n<\/PictureItem>\n","Deprecated":true,"helpDescription":"<strong style=\"color: red;\">Deprecated! <\/strong>Since 1.22 This control has been made available in sap.m.\nPlease use the sap.m.Carousel instead!\nThis control will not be supported anymore.<br>A picture / photo Item for AddPicture and PictureViewer Controls","description":"sap.ca.ui.PictureItem","Experimental":false,"prefix":"PictureItem","name":"sap.ca.ui.PictureItem"},{"template":"<PictureTile xmlns=\"sap.ca.ui\"\n\tid=\"${id}\"\n\tbusy=\"false\"\n\tbusyIndicatorDelay=\"1000\"\n\tvisible=\"true\"\n\tfieldGroupIds=\"[]\"\n\tremovable=\"true\"\n\theight=\"32px\"\n\twidth=\"32px\"\n\tvalidationSuccess=\"\"\n\tvalidationError=\"\"\n\tparseError=\"\"\n\tformatError=\"\"\n\tvalidateFieldGroup=\"\"\n\tpress=\"\"\n\tpictureDelete=\"\">\n\t\t<tooltip><\/tooltip> <!-- sap.ui.core.TooltipBase -->\n\t\t<dependents><\/dependents> <!-- sap.ui.core.Control, since 1.19 -->\n\t\t<tooltip><\/tooltip><!-- sap.ui.core.TooltipBase -->\n\t<customData><\/customData><!-- sap.ui.core.CustomData -->\n\t<layoutData><\/layoutData><!-- sap.ui.core.LayoutData -->\n\t<dependents><\/dependents><!-- sap.ui.core.Control -->\n\t<content><\/content><!-- sap.ui.core.Control -->\n<\/PictureTile>\n","Deprecated":true,"helpDescription":"<strong style=\"color: red;\">Deprecated! <\/strong>Since 1.22 \nPictureTile is used in PictureViewer control and is not meant to be consumed outside of PictureViewer usage.\nPictureViewer was replacing the sap.m.Carousel as it wasn't supporting some versions of MS Internet Explorer.\nNow, the sap.m.Carousel is fully functional, please use sap.m.Carousel instead. This control will not be supported anymore.<br>Tile control embedding an image and allowing custom sizing","description":"sap.ca.ui.PictureTile","Experimental":false,"prefix":"PictureTile","name":"sap.ca.ui.PictureTile"},{"template":"<PictureViewer xmlns=\"sap.ca.ui\"\n\tid=\"${id}\"\n\tbusy=\"false\"\n\tbusyIndicatorDelay=\"1000\"\n\tvisible=\"true\"\n\tfieldGroupIds=\"[]\"\n\twidth=\"100%\"\n\theight=\"100%\"\n\teditable=\"\"\n\tallowAdd=\"\"\n\ttileScaling=\"0.95\"\n\tremovable=\"false\"\n\tvalidationSuccess=\"\"\n\tvalidationError=\"\"\n\tparseError=\"\"\n\tformatError=\"\"\n\tvalidateFieldGroup=\"\"\n\ttileMove=\"\"\n\ttileDelete=\"\"\n\ttileAdd=\"\"\n\tpictureDeleted=\"\">\n\t\t<tooltip><\/tooltip> <!-- sap.ui.core.TooltipBase -->\n\t\t<dependents><\/dependents> <!-- sap.ui.core.Control, since 1.19 -->\n\t\t<tooltip><\/tooltip><!-- sap.ui.core.TooltipBase -->\n\t<customData><\/customData><!-- sap.ui.core.CustomData -->\n\t<layoutData><\/layoutData><!-- sap.ui.core.LayoutData -->\n\t<dependents><\/dependents><!-- sap.ui.core.Control -->\n\t<tiles><\/tiles><!-- sap.m.Tile -->\n\t<items><\/items><!-- sap.ca.ui.PictureViewerItem -->\n<\/PictureViewer>\n","Deprecated":true,"helpDescription":"<strong style=\"color: red;\">Deprecated! <\/strong>Since 1.22 PictureViewer was replacing the Carousel as it wasn't supporting some versions of MS Internet Explorer.\nNow, the sap.m.Carousel is fully functional, please use sap.m.Carousel instead.\nThis control will not be supported anymore.<br>Picture viewer control relying on the TileContainer control","description":"sap.ca.ui.PictureViewer","Experimental":false,"prefix":"PictureViewer","name":"sap.ca.ui.PictureViewer"},{"template":"<PictureViewerItem xmlns=\"sap.ca.ui\"\n\tid=\"${id}\"\n\tbusy=\"false\"\n\tbusyIndicatorDelay=\"1000\"\n\tvisible=\"true\"\n\tfieldGroupIds=\"[]\"\n\tsrc=\"\"\n\tvalidationSuccess=\"\"\n\tvalidationError=\"\"\n\tparseError=\"\"\n\tformatError=\"\"\n\tvalidateFieldGroup=\"\">\n\t\t<tooltip><\/tooltip> <!-- sap.ui.core.TooltipBase -->\n\t\t<dependents><\/dependents> <!-- sap.ui.core.Control, since 1.19 -->\n\t\t<tooltip><\/tooltip><!-- sap.ui.core.TooltipBase -->\n\t<customData><\/customData><!-- sap.ui.core.CustomData -->\n\t<layoutData><\/layoutData><!-- sap.ui.core.LayoutData -->\n\t<dependents><\/dependents><!-- sap.ui.core.Control -->\n\t<image><\/image><!-- sap.m.Image -->\n<\/PictureViewerItem>\n","Deprecated":true,"helpDescription":"<strong style=\"color: red;\">Deprecated! <\/strong>Since 1.22 \nPictureViewerItem is used in PictureViewer control and is not meant to be consumed outside of PictureViewer usage.\nPictureViewer was replacing the Carousel as it wasn't supporting some versions of MS Internet Explorer. Now, the\nsap.m.Carousel is fully functional, please use sap.m.Carousel instead. This control will not be supported anymore.<br>Picture viewer control relying on the TileContainer control","description":"sap.ca.ui.PictureViewerItem","Experimental":false,"prefix":"PictureViewerItem","name":"sap.ca.ui.PictureViewerItem"},{"template":"<ZoomableScrollContainer xmlns=\"sap.ca.ui\"\n\tid=\"${id}\"\n\tbusy=\"false\"\n\tbusyIndicatorDelay=\"1000\"\n\tvisible=\"true\"\n\tfieldGroupIds=\"[]\"\n\twidth=\"auto\"\n\theight=\"auto\"\n\thorizontal=\"true\"\n\tvertical=\"false\"\n\tfocusable=\"false\"\n\tzoomable=\"true\"\n\tinitialScale=\"1\"\n\tminScale=\"1\"\n\tmaxScale=\"4\"\n\tvalidationSuccess=\"\"\n\tvalidationError=\"\"\n\tparseError=\"\"\n\tformatError=\"\"\n\tvalidateFieldGroup=\"\">\n\t\t<tooltip><\/tooltip> <!-- sap.ui.core.TooltipBase -->\n\t\t<dependents><\/dependents> <!-- sap.ui.core.Control, since 1.19 -->\n\t\t<tooltip><\/tooltip><!-- sap.ui.core.TooltipBase -->\n\t<customData><\/customData><!-- sap.ui.core.CustomData -->\n\t<layoutData><\/layoutData><!-- sap.ui.core.LayoutData -->\n\t<dependents><\/dependents><!-- sap.ui.core.Control -->\n\t<content><\/content><!-- sap.ui.core.Control -->\n<\/ZoomableScrollContainer>\n","Deprecated":true,"helpDescription":"<strong style=\"color: red;\">Deprecated! <\/strong>Since 1.22 \nZoomableScrollContainer is used in PictureViewer control and is not meant to be consumed outside of PictureViewer usage.\nPictureViewer was replacing the Carousel as it wasn't supporting some versions of MS Internet Explorer. Now, the\nsap.m.Carousel is fully functional, please use sap.m.Carousel instead. This control will not be supported anymore.<br>Based on a ScrollContainer, it allows you to pinch and zoom on mobile devices","description":"sap.ca.ui.ZoomableScrollContainer","Experimental":false,"prefix":"ZoomableScrollContainer","name":"sap.ca.ui.ZoomableScrollContainer"},{"template":"<charts/BarListItem xmlns=\"sap.ca.ui\"\n\tid=\"${id}\"\n\tbusy=\"false\"\n\tbusyIndicatorDelay=\"1000\"\n\tvisible=\"true\"\n\tfieldGroupIds=\"[]\"\n\ttype=\"Inactive\"\n\tvisible=\"true\"\n\tunread=\"false\"\n\tselected=\"false\"\n\tcounter=\"\"\n\taxis=\"\"\n\tgroup=\"\"\n\tvalue=\"\"\n\tvalidationSuccess=\"\"\n\tvalidationError=\"\"\n\tparseError=\"\"\n\tformatError=\"\"\n\tvalidateFieldGroup=\"\"\n\ttap=\"\"\n\tdetailTap=\"\"\n\tpress=\"\"\n\tdetailPress=\"\">\n\t\t<tooltip><\/tooltip> <!-- sap.ui.core.TooltipBase -->\n\t\t<dependents><\/dependents> <!-- sap.ui.core.Control, since 1.19 -->\n\t\t<tooltip><\/tooltip><!-- sap.ui.core.TooltipBase -->\n\t<customData><\/customData><!-- sap.ui.core.CustomData -->\n\t<layoutData><\/layoutData><!-- sap.ui.core.LayoutData -->\n\t<dependents><\/dependents><!-- sap.ui.core.Control -->\n<\/charts/BarListItem>\n","Deprecated":true,"helpDescription":"<strong style=\"color: red;\">Deprecated! <\/strong>Since 1.24 \nSap.ca charts have been replaced with sap.viz and vizFrame in 1.24.\nThe UI5 control \"sap.viz.ui5.controls.VizFrame\" serves as a single point of entry for all the new charts.\nNow that 1.24 is available you are asked to use sap.viz charts and the VizFrame instead!\nThis control will not be supported anymore from 1.24.<br>The display list item consists of a label and a value.","description":"sap.ca.ui.charts.BarListItem","Experimental":false,"prefix":"BarListItem","name":"sap.ca.ui.charts.BarListItem"},{"template":"<charts/BubbleChart xmlns=\"sap.ca.ui\"\n\tid=\"${id}\"\n\tbusy=\"false\"\n\tbusyIndicatorDelay=\"1000\"\n\tvisible=\"true\"\n\tfieldGroupIds=\"[]\"\n\twidth=\"100%\"\n\theight=\"100%\"\n\tdataset=\"\"\n\tchartType=\"Bar\"\n\tminShapeSize=\"48px\"\n\tlabel=\"\"\n\ttitle=\"\"\n\ticon=\"\"\n\tsecondAxisVisible=\"true\"\n\tshowLegend=\"true\"\n\tselectionMode=\"Multiple\"\n\tshowHoverBackground=\"false\"\n\tshowTooltip=\"false\"\n\tshowPopover=\"true\"\n\tshowDataLabel=\"true\"\n\tyAxisLabelFormatter=\"\"\n\tyAxis2LabelFormatter=\"\"\n\txAxisLabelFormatter=\"\"\n\txAxis2LabelFormatter=\"\"\n\tplotAreaAxisTooltipFormatter=\"\"\n\ttooltipFormatter=\"\"\n\tdataLabelFormatter=\"\"\n\tpopoverFormatter=\"\"\n\tpopoverGroupFormatter=\"\"\n\tchartSemanticColorFormatter=\"\"\n\tinternalVizChart=\"\"\n\tchartPopOver=\"\"\n\tpopoverSubHeader=\"\"\n\tpopoverFooter=\"\"\n\tadvancedChartSettings=\"\"\n\tstackedChartWidthEnhancer=\"false\"\n\tnoData=\"\"\n\tdataLabelFormat=\"\"\n\tshowTitle=\"false\"\n\tshowXAxisLabel=\"true\"\n\txAxisFixedRange=\"false\"\n\txAxisMinValue=\"0\"\n\txAxisMaxValue=\"0\"\n\tshowYAxisLabel=\"true\"\n\tyAxisFixedRange=\"false\"\n\tyAxisMinValue=\"0\"\n\tyAxisMaxValue=\"0\"\n\tminimumLabelSize=\"60\"\n\tshowSizeLegend=\"false\"\n\txAxisTitle=\"\"\n\tyAxisTitle=\"\"\n\tshowCustomLabels=\"false\"\n\tlabelProperty=\"\"\n\txAxisFormatFunction=\"\"\n\txAxisFormatString=\"\"\n\tyAxisFormatFunction=\"\"\n\tyAxisFormatString=\"\"\n\taxisTooltipFormatString=\"\"\n\taxisFormatFunction=\"\"\n\tvalidationSuccess=\"\"\n\tvalidationError=\"\"\n\tparseError=\"\"\n\tformatError=\"\"\n\tvalidateFieldGroup=\"\"\n\tselectDataPoint=\"\"\n\tpopoverBeforeOpen=\"\"\n\tpopoverAfterOpen=\"\">\n\t\t<tooltip><\/tooltip> <!-- sap.ui.core.TooltipBase -->\n\t\t<dependents><\/dependents> <!-- sap.ui.core.Control, since 1.19 -->\n\t\t<tooltip><\/tooltip><!-- sap.ui.core.TooltipBase -->\n\t<customData><\/customData><!-- sap.ui.core.CustomData -->\n\t<layoutData><\/layoutData><!-- sap.ui.core.LayoutData -->\n\t<dependents><\/dependents><!-- sap.ui.core.Control -->\n\t<internalContent><\/internalContent><!-- sap.ui.core.Control -->\n\t<chartPopover><\/chartPopover><!-- sap.ui.core.Control -->\n\t<content><\/content><!-- sap.ui.core.Control -->\n<\/charts/BubbleChart>\n","Deprecated":true,"helpDescription":"<strong style=\"color: red;\">Deprecated! <\/strong>Since 1.24 \nSap.ca charts have been replaced with sap.viz and vizFrame in 1.24.\nThe UI5 control \"sap.viz.ui5.controls.VizFrame\" serves as a single point of entry for all the new charts.\nNow that 1.24 is available you are asked to use sap.viz charts and the VizFrame instead!\nThis control will not be supported anymore from 1.24.<br>\nBubble chart.","description":"sap.ca.ui.charts.BubbleChart","Experimental":false,"prefix":"BubbleChart","name":"sap.ca.ui.charts.BubbleChart"},{"template":"<charts/Chart xmlns=\"sap.ca.ui\"\n\tid=\"${id}\"\n\tbusy=\"false\"\n\tbusyIndicatorDelay=\"1000\"\n\tvisible=\"true\"\n\tfieldGroupIds=\"[]\"\n\twidth=\"100%\"\n\theight=\"100%\"\n\tdataset=\"\"\n\tchartType=\"Bar\"\n\tminShapeSize=\"48px\"\n\tlabel=\"\"\n\ttitle=\"\"\n\ticon=\"\"\n\tsecondAxisVisible=\"true\"\n\tshowLegend=\"true\"\n\tselectionMode=\"Multiple\"\n\tshowHoverBackground=\"false\"\n\tshowTooltip=\"false\"\n\tshowPopover=\"true\"\n\tshowDataLabel=\"true\"\n\tyAxisLabelFormatter=\"\"\n\tyAxis2LabelFormatter=\"\"\n\txAxisLabelFormatter=\"\"\n\txAxis2LabelFormatter=\"\"\n\tplotAreaAxisTooltipFormatter=\"\"\n\ttooltipFormatter=\"\"\n\tdataLabelFormatter=\"\"\n\tpopoverFormatter=\"\"\n\tpopoverGroupFormatter=\"\"\n\tchartSemanticColorFormatter=\"\"\n\tinternalVizChart=\"\"\n\tchartPopOver=\"\"\n\tpopoverSubHeader=\"\"\n\tpopoverFooter=\"\"\n\tadvancedChartSettings=\"\"\n\tstackedChartWidthEnhancer=\"false\"\n\tnoData=\"\"\n\tvalidationSuccess=\"\"\n\tvalidationError=\"\"\n\tparseError=\"\"\n\tformatError=\"\"\n\tvalidateFieldGroup=\"\"\n\tselectDataPoint=\"\"\n\tpopoverBeforeOpen=\"\"\n\tpopoverAfterOpen=\"\">\n\t\t<tooltip><\/tooltip> <!-- sap.ui.core.TooltipBase -->\n\t\t<dependents><\/dependents> <!-- sap.ui.core.Control, since 1.19 -->\n\t\t<tooltip><\/tooltip><!-- sap.ui.core.TooltipBase -->\n\t<customData><\/customData><!-- sap.ui.core.CustomData -->\n\t<layoutData><\/layoutData><!-- sap.ui.core.LayoutData -->\n\t<dependents><\/dependents><!-- sap.ui.core.Control -->\n\t<internalContent><\/internalContent><!-- sap.ui.core.Control -->\n\t<chartPopover><\/chartPopover><!-- sap.ui.core.Control -->\n<\/charts/Chart>\n","Deprecated":true,"helpDescription":"<strong style=\"color: red;\">Deprecated! <\/strong>Since 1.24 \nSap.ca charts have been replaced with sap.viz and vizFrame in 1.24.\nThe UI5 control \"sap.viz.ui5.controls.VizFrame\" serves as a single point of entry for all the new charts.\nNow that 1.24 is available you are asked to use sap.viz charts and the VizFrame instead!\nThis control will not be supported anymore from 1.24.<br>Chart implementation on top of sap.viz that takes care of common functionality.\n- Embedding in a scroll container\n- Common color palette\n- Minimum bar / dot / blip ... size\n- Integration with ChartToolbar and ChartPopover","description":"sap.ca.ui.charts.Chart","Experimental":false,"prefix":"Chart","name":"sap.ca.ui.charts.Chart"},{"template":"<charts/ChartToolBar xmlns=\"sap.ca.ui\"\n\tid=\"${id}\"\n\tbusy=\"false\"\n\tbusyIndicatorDelay=\"1000\"\n\tvisible=\"true\"\n\tfieldGroupIds=\"[]\"\n\tshowPersonalization=\"false\"\n\tshowFullScreen=\"false\"\n\tfullScreen=\"false\"\n\tshowLegend=\"true\"\n\tchartTitle=\"\"\n\tfirstDimensionPath=\"\"\n\tfirstDimensionKeyPath=\"\"\n\tfirstDimensionTextPath=\"\"\n\tsecondDimensionPath=\"\"\n\tsecondDimensionKeyPath=\"\"\n\tsecondDimensionTextPath=\"\"\n\tvalidationSuccess=\"\"\n\tvalidationError=\"\"\n\tparseError=\"\"\n\tformatError=\"\"\n\tvalidateFieldGroup=\"\"\n\tpersonalizationPressed=\"\"\n\tfirstDimensionKeySelected=\"\"\n\tsecondDimensionKeySelected=\"\">\n\t\t<tooltip><\/tooltip> <!-- sap.ui.core.TooltipBase -->\n\t\t<dependents><\/dependents> <!-- sap.ui.core.Control, since 1.19 -->\n\t\t<tooltip><\/tooltip><!-- sap.ui.core.TooltipBase -->\n\t<customData><\/customData><!-- sap.ui.core.CustomData -->\n\t<layoutData><\/layoutData><!-- sap.ui.core.LayoutData -->\n\t<dependents><\/dependents><!-- sap.ui.core.Control -->\n\t<charts><\/charts><!-- sap.ui.core.Control -->\n\t<toolBar><\/toolBar><!-- sap.m.Bar -->\n<\/charts/ChartToolBar>\n","Deprecated":true,"helpDescription":"<strong style=\"color: red;\">Deprecated! <\/strong>Since 1.24 \nSap.ca charts and the ChartToolBar have been replaced with sap.viz and vizFrame in 1.24.\nThe UI5 control \"sap.viz.ui5.controls.VizFrame\" serves as a single point of entry for all the new charts.\nNow that 1.24 is available you are asked to use sap.viz charts and the VizFrame instead!\nThis control will not be supported anymore from 1.24.<br>ToolBar used for displaying one chart amongst several and provide additional features:\n- 2 select boxes for selecting dimensions\n- fullscreen toggle\n- personalization icon\n- showLegend toggle","description":"sap.ca.ui.charts.ChartToolBar","Experimental":false,"prefix":"ChartToolBar","name":"sap.ca.ui.charts.ChartToolBar"},{"template":"<charts/ClusterListItem xmlns=\"sap.ca.ui\"\n\tid=\"${id}\"\n\tbusy=\"false\"\n\tbusyIndicatorDelay=\"1000\"\n\tvisible=\"true\"\n\tfieldGroupIds=\"[]\"\n\ttype=\"Inactive\"\n\tvisible=\"true\"\n\tunread=\"false\"\n\tselected=\"false\"\n\tcounter=\"\"\n\ttitle=\"\"\n\titems=\"\"\n\tvalidationSuccess=\"\"\n\tvalidationError=\"\"\n\tparseError=\"\"\n\tformatError=\"\"\n\tvalidateFieldGroup=\"\"\n\ttap=\"\"\n\tdetailTap=\"\"\n\tpress=\"\"\n\tdetailPress=\"\">\n\t\t<tooltip><\/tooltip> <!-- sap.ui.core.TooltipBase -->\n\t\t<dependents><\/dependents> <!-- sap.ui.core.Control, since 1.19 -->\n\t\t<tooltip><\/tooltip><!-- sap.ui.core.TooltipBase -->\n\t<customData><\/customData><!-- sap.ui.core.CustomData -->\n\t<layoutData><\/layoutData><!-- sap.ui.core.LayoutData -->\n\t<dependents><\/dependents><!-- sap.ui.core.Control -->\n<\/charts/ClusterListItem>\n","Deprecated":false,"helpDescription":"The cluster list item consists of a title and items.","description":"sap.ca.ui.charts.ClusterListItem","Experimental":false,"prefix":"ClusterListItem","name":"sap.ca.ui.charts.ClusterListItem"},{"template":"<charts/CombinedChart xmlns=\"sap.ca.ui\"\n\tid=\"${id}\"\n\tbusy=\"false\"\n\tbusyIndicatorDelay=\"1000\"\n\tvisible=\"true\"\n\tfieldGroupIds=\"[]\"\n\twidth=\"100%\"\n\theight=\"100%\"\n\tdataset=\"\"\n\tchartType=\"Bar\"\n\tminShapeSize=\"48px\"\n\tlabel=\"\"\n\ttitle=\"\"\n\ticon=\"\"\n\tsecondAxisVisible=\"true\"\n\tshowLegend=\"true\"\n\tselectionMode=\"Multiple\"\n\tshowHoverBackground=\"false\"\n\tshowTooltip=\"false\"\n\tshowPopover=\"true\"\n\tshowDataLabel=\"true\"\n\tyAxisLabelFormatter=\"\"\n\tyAxis2LabelFormatter=\"\"\n\txAxisLabelFormatter=\"\"\n\txAxis2LabelFormatter=\"\"\n\tplotAreaAxisTooltipFormatter=\"\"\n\ttooltipFormatter=\"\"\n\tdataLabelFormatter=\"\"\n\tpopoverFormatter=\"\"\n\tpopoverGroupFormatter=\"\"\n\tchartSemanticColorFormatter=\"\"\n\tinternalVizChart=\"\"\n\tchartPopOver=\"\"\n\tpopoverSubHeader=\"\"\n\tpopoverFooter=\"\"\n\tadvancedChartSettings=\"\"\n\tstackedChartWidthEnhancer=\"false\"\n\tnoData=\"\"\n\tdata=\"\"\n\tprimaryAxis=\"\"\n\tsecondAxis=\"\"\n\tvalidationSuccess=\"\"\n\tvalidationError=\"\"\n\tparseError=\"\"\n\tformatError=\"\"\n\tvalidateFieldGroup=\"\"\n\tselectDataPoint=\"\"\n\tpopoverBeforeOpen=\"\"\n\tpopoverAfterOpen=\"\">\n\t\t<tooltip><\/tooltip> <!-- sap.ui.core.TooltipBase -->\n\t\t<dependents><\/dependents> <!-- sap.ui.core.Control, since 1.19 -->\n\t\t<tooltip><\/tooltip><!-- sap.ui.core.TooltipBase -->\n\t<customData><\/customData><!-- sap.ui.core.CustomData -->\n\t<layoutData><\/layoutData><!-- sap.ui.core.LayoutData -->\n\t<dependents><\/dependents><!-- sap.ui.core.Control -->\n\t<internalContent><\/internalContent><!-- sap.ui.core.Control -->\n\t<chartPopover><\/chartPopover><!-- sap.ui.core.Control -->\n\t<scrollArea><\/scrollArea><!-- sap.m.ScrollContainer -->\n<\/charts/CombinedChart>\n","Deprecated":true,"helpDescription":"<strong style=\"color: red;\">Deprecated! <\/strong>Since 1.24 \nSap.ca charts have been replaced with sap.viz and vizFrame in 1.24.\nThe UI5 control \"sap.viz.ui5.controls.VizFrame\" serves as a single point of entry for all the new charts.\nNow that 1.24 is available you are asked to use sap.viz charts and the VizFrame instead!\nThis control will not be supported anymore from 1.24.<br>Allows you to create a chart using vertical bars and lines to represent the data","description":"sap.ca.ui.charts.CombinedChart","Experimental":false,"prefix":"CombinedChart","name":"sap.ca.ui.charts.CombinedChart"},{"template":"<charts/HorizontalBarChart xmlns=\"sap.ca.ui\"\n\tid=\"${id}\"\n\tbusy=\"false\"\n\tbusyIndicatorDelay=\"1000\"\n\tvisible=\"true\"\n\tfieldGroupIds=\"[]\"\n\twidth=\"100%\"\n\theight=\"100%\"\n\tdataset=\"\"\n\tchartType=\"Bar\"\n\tminShapeSize=\"48px\"\n\tlabel=\"\"\n\ttitle=\"\"\n\ticon=\"\"\n\tsecondAxisVisible=\"true\"\n\tshowLegend=\"true\"\n\tselectionMode=\"Multiple\"\n\tshowHoverBackground=\"false\"\n\tshowTooltip=\"false\"\n\tshowPopover=\"true\"\n\tshowDataLabel=\"true\"\n\tyAxisLabelFormatter=\"\"\n\tyAxis2LabelFormatter=\"\"\n\txAxisLabelFormatter=\"\"\n\txAxis2LabelFormatter=\"\"\n\tplotAreaAxisTooltipFormatter=\"\"\n\ttooltipFormatter=\"\"\n\tdataLabelFormatter=\"\"\n\tpopoverFormatter=\"\"\n\tpopoverGroupFormatter=\"\"\n\tchartSemanticColorFormatter=\"\"\n\tinternalVizChart=\"\"\n\tchartPopOver=\"\"\n\tpopoverSubHeader=\"\"\n\tpopoverFooter=\"\"\n\tadvancedChartSettings=\"\"\n\tstackedChartWidthEnhancer=\"false\"\n\tnoData=\"\"\n\tdata=\"\"\n\tcontainer=\"chart\"\n\tbarHeight=\"48\"\n\tvalidationSuccess=\"\"\n\tvalidationError=\"\"\n\tparseError=\"\"\n\tformatError=\"\"\n\tvalidateFieldGroup=\"\"\n\tselectDataPoint=\"\"\n\tpopoverBeforeOpen=\"\"\n\tpopoverAfterOpen=\"\">\n\t\t<tooltip><\/tooltip> <!-- sap.ui.core.TooltipBase -->\n\t\t<dependents><\/dependents> <!-- sap.ui.core.Control, since 1.19 -->\n\t\t<tooltip><\/tooltip><!-- sap.ui.core.TooltipBase -->\n\t<customData><\/customData><!-- sap.ui.core.CustomData -->\n\t<layoutData><\/layoutData><!-- sap.ui.core.LayoutData -->\n\t<dependents><\/dependents><!-- sap.ui.core.Control -->\n\t<internalContent><\/internalContent><!-- sap.ui.core.Control -->\n\t<chartPopover><\/chartPopover><!-- sap.ui.core.Control -->\n\t<scroll><\/scroll><!-- sap.m.ScrollContainer -->\n\t<horizontalBarChart><\/horizontalBarChart><!-- sap.viz.ui5.Bar -->\n\t<verticalArea><\/verticalArea><!-- sap.m.VBox -->\n<\/charts/HorizontalBarChart>\n","Deprecated":true,"helpDescription":"<strong style=\"color: red;\">Deprecated! <\/strong>Since 1.24 \nSap.ca charts have been replaced with sap.viz and vizFrame in 1.24.\nThe UI5 control \"sap.viz.ui5.controls.VizFrame\" serves as a single point of entry for all the new charts.\nNow that 1.24 is available you are asked to use sap.viz charts and the VizFrame instead!\nThis control will not be supported anymore from 1.24.<br>Allows you to create a chart using horizontal bars to represent the data","description":"sap.ca.ui.charts.HorizontalBarChart","Experimental":false,"prefix":"HorizontalBarChart","name":"sap.ca.ui.charts.HorizontalBarChart"},{"template":"<charts/LineChart xmlns=\"sap.ca.ui\"\n\tid=\"${id}\"\n\tbusy=\"false\"\n\tbusyIndicatorDelay=\"1000\"\n\tvisible=\"true\"\n\tfieldGroupIds=\"[]\"\n\twidth=\"100%\"\n\theight=\"100%\"\n\tdataset=\"\"\n\tchartType=\"Bar\"\n\tminShapeSize=\"48px\"\n\tlabel=\"\"\n\ttitle=\"\"\n\ticon=\"\"\n\tsecondAxisVisible=\"true\"\n\tshowLegend=\"true\"\n\tselectionMode=\"Multiple\"\n\tshowHoverBackground=\"false\"\n\tshowTooltip=\"false\"\n\tshowPopover=\"true\"\n\tshowDataLabel=\"true\"\n\tyAxisLabelFormatter=\"\"\n\tyAxis2LabelFormatter=\"\"\n\txAxisLabelFormatter=\"\"\n\txAxis2LabelFormatter=\"\"\n\tplotAreaAxisTooltipFormatter=\"\"\n\ttooltipFormatter=\"\"\n\tdataLabelFormatter=\"\"\n\tpopoverFormatter=\"\"\n\tpopoverGroupFormatter=\"\"\n\tchartSemanticColorFormatter=\"\"\n\tinternalVizChart=\"\"\n\tchartPopOver=\"\"\n\tpopoverSubHeader=\"\"\n\tpopoverFooter=\"\"\n\tadvancedChartSettings=\"\"\n\tstackedChartWidthEnhancer=\"false\"\n\tnoData=\"\"\n\tchartTitle=\"Line Chart\"\n\tdataLabelFormat=\"#0\"\n\tminTouchSize=\"48px\"\n\tminTouchWidth=\"48px\"\n\tshowLabel=\"true\"\n\tshowScrollContext=\"false\"\n\tchartDataset=\"\"\n\tdatasetSettings=\"\"\n\tchartDatasetSettings=\"\"\n\tdataPath=\"\"\n\tdata=\"\"\n\tchartBusinessData=\"\"\n\tuseDelayedResize=\"false\"\n\tvalidationSuccess=\"\"\n\tvalidationError=\"\"\n\tparseError=\"\"\n\tformatError=\"\"\n\tvalidateFieldGroup=\"\"\n\tselectDataPoint=\"\"\n\tpopoverBeforeOpen=\"\"\n\tpopoverAfterOpen=\"\"\n\tonDetailsSelected=\"\">\n\t\t<tooltip><\/tooltip> <!-- sap.ui.core.TooltipBase -->\n\t\t<dependents><\/dependents> <!-- sap.ui.core.Control, since 1.19 -->\n\t\t<tooltip><\/tooltip><!-- sap.ui.core.TooltipBase -->\n\t<customData><\/customData><!-- sap.ui.core.CustomData -->\n\t<layoutData><\/layoutData><!-- sap.ui.core.LayoutData -->\n\t<dependents><\/dependents><!-- sap.ui.core.Control -->\n\t<internalContent><\/internalContent><!-- sap.ui.core.Control -->\n\t<chartPopover><\/chartPopover><!-- sap.ui.core.Control -->\n\t<vertical><\/vertical><!-- sap.m.VBox -->\n<\/charts/LineChart>\n","Deprecated":true,"helpDescription":"<strong style=\"color: red;\">Deprecated! <\/strong>Since 1.24 \nSap.ca charts have been replaced with sap.viz and vizFrame in 1.24.\nThe UI5 control \"sap.viz.ui5.controls.VizFrame\" serves as a single point of entry for all the new charts.\nNow that 1.24 is available you are asked to use sap.viz charts and the VizFrame instead!\nThis control will not be supported anymore from 1.24.<br>Line Chart for the Fiori Project","description":"sap.ca.ui.charts.LineChart","Experimental":false,"prefix":"LineChart","name":"sap.ca.ui.charts.LineChart"},{"template":"<charts/StackedHorizontalBarChart xmlns=\"sap.ca.ui\"\n\tid=\"${id}\"\n\tbusy=\"false\"\n\tbusyIndicatorDelay=\"1000\"\n\tvisible=\"true\"\n\tfieldGroupIds=\"[]\"\n\twidth=\"100%\"\n\theight=\"100%\"\n\tdataset=\"\"\n\tchartType=\"Bar\"\n\tminShapeSize=\"48px\"\n\tlabel=\"\"\n\ttitle=\"\"\n\ticon=\"\"\n\tsecondAxisVisible=\"true\"\n\tshowLegend=\"true\"\n\tselectionMode=\"Multiple\"\n\tshowHoverBackground=\"false\"\n\tshowTooltip=\"false\"\n\tshowPopover=\"true\"\n\tshowDataLabel=\"true\"\n\tyAxisLabelFormatter=\"\"\n\tyAxis2LabelFormatter=\"\"\n\txAxisLabelFormatter=\"\"\n\txAxis2LabelFormatter=\"\"\n\tplotAreaAxisTooltipFormatter=\"\"\n\ttooltipFormatter=\"\"\n\tdataLabelFormatter=\"\"\n\tpopoverFormatter=\"\"\n\tpopoverGroupFormatter=\"\"\n\tchartSemanticColorFormatter=\"\"\n\tinternalVizChart=\"\"\n\tchartPopOver=\"\"\n\tpopoverSubHeader=\"\"\n\tpopoverFooter=\"\"\n\tadvancedChartSettings=\"\"\n\tstackedChartWidthEnhancer=\"false\"\n\tnoData=\"\"\n\ttype=\"StackedBar\"\n\tminTouchSize=\"48px\"\n\tdataLabelFormat=\"???\"\n\tvalidationSuccess=\"\"\n\tvalidationError=\"\"\n\tparseError=\"\"\n\tformatError=\"\"\n\tvalidateFieldGroup=\"\"\n\tselectDataPoint=\"\"\n\tpopoverBeforeOpen=\"\"\n\tpopoverAfterOpen=\"\">\n\t\t<tooltip><\/tooltip> <!-- sap.ui.core.TooltipBase -->\n\t\t<dependents><\/dependents> <!-- sap.ui.core.Control, since 1.19 -->\n\t\t<tooltip><\/tooltip><!-- sap.ui.core.TooltipBase -->\n\t<customData><\/customData><!-- sap.ui.core.CustomData -->\n\t<layoutData><\/layoutData><!-- sap.ui.core.LayoutData -->\n\t<dependents><\/dependents><!-- sap.ui.core.Control -->\n\t<internalContent><\/internalContent><!-- sap.ui.core.Control -->\n\t<chartPopover><\/chartPopover><!-- sap.ui.core.Control -->\n\t<content><\/content><!-- sap.ui.core.Control -->\n<\/charts/StackedHorizontalBarChart>\n","Deprecated":true,"helpDescription":"<strong style=\"color: red;\">Deprecated! <\/strong>Since 1.24 \nSap.ca charts have been replaced with sap.viz and vizFrame in 1.24.\nThe UI5 control \"sap.viz.ui5.controls.VizFrame\" serves as a single point of entry for all the new charts.\nNow that 1.24 is available you are asked to use sap.viz charts and the VizFrame instead!\nThis control will not be supported anymore from 1.24.<br>Stacked Horizontal Bar Chart wrapper around the viz StackedBarChart / MultipleStackedBarChart.\nTo be used in conjunction with the chart toolbar.","description":"sap.ca.ui.charts.StackedHorizontalBarChart","Experimental":false,"prefix":"StackedHorizontalBarChart","name":"sap.ca.ui.charts.StackedHorizontalBarChart"},{"template":"<charts/StackedVerticalColumnChart xmlns=\"sap.ca.ui\"\n\tid=\"${id}\"\n\tbusy=\"false\"\n\tbusyIndicatorDelay=\"1000\"\n\tvisible=\"true\"\n\tfieldGroupIds=\"[]\"\n\twidth=\"100%\"\n\theight=\"100%\"\n\tdataset=\"\"\n\tchartType=\"Bar\"\n\tminShapeSize=\"48px\"\n\tlabel=\"\"\n\ttitle=\"\"\n\ticon=\"\"\n\tsecondAxisVisible=\"true\"\n\tshowLegend=\"true\"\n\tselectionMode=\"Multiple\"\n\tshowHoverBackground=\"false\"\n\tshowTooltip=\"false\"\n\tshowPopover=\"true\"\n\tshowDataLabel=\"true\"\n\tyAxisLabelFormatter=\"\"\n\tyAxis2LabelFormatter=\"\"\n\txAxisLabelFormatter=\"\"\n\txAxis2LabelFormatter=\"\"\n\tplotAreaAxisTooltipFormatter=\"\"\n\ttooltipFormatter=\"\"\n\tdataLabelFormatter=\"\"\n\tpopoverFormatter=\"\"\n\tpopoverGroupFormatter=\"\"\n\tchartSemanticColorFormatter=\"\"\n\tinternalVizChart=\"\"\n\tchartPopOver=\"\"\n\tpopoverSubHeader=\"\"\n\tpopoverFooter=\"\"\n\tadvancedChartSettings=\"\"\n\tstackedChartWidthEnhancer=\"false\"\n\tnoData=\"\"\n\ttype=\"StackedColumn\"\n\tminTouchSize=\"48px\"\n\tdataLabelFormat=\"???\"\n\tvalidationSuccess=\"\"\n\tvalidationError=\"\"\n\tparseError=\"\"\n\tformatError=\"\"\n\tvalidateFieldGroup=\"\"\n\tselectDataPoint=\"\"\n\tpopoverBeforeOpen=\"\"\n\tpopoverAfterOpen=\"\">\n\t\t<tooltip><\/tooltip> <!-- sap.ui.core.TooltipBase -->\n\t\t<dependents><\/dependents> <!-- sap.ui.core.Control, since 1.19 -->\n\t\t<tooltip><\/tooltip><!-- sap.ui.core.TooltipBase -->\n\t<customData><\/customData><!-- sap.ui.core.CustomData -->\n\t<layoutData><\/layoutData><!-- sap.ui.core.LayoutData -->\n\t<dependents><\/dependents><!-- sap.ui.core.Control -->\n\t<internalContent><\/internalContent><!-- sap.ui.core.Control -->\n\t<chartPopover><\/chartPopover><!-- sap.ui.core.Control -->\n\t<content><\/content><!-- sap.ui.core.Control -->\n<\/charts/StackedVerticalColumnChart>\n","Deprecated":true,"helpDescription":"<strong style=\"color: red;\">Deprecated! <\/strong>Since 1.24 \nSap.ca charts have been replaced with sap.viz and vizFrame in 1.24.\nThe UI5 control \"sap.viz.ui5.controls.VizFrame\" serves as a single point of entry for all the new charts.\nNow that 1.24 is available you are asked to use sap.viz charts and the VizFrame instead!\nThis control will not be supported anymore from 1.24.<br>Stacked Vertical Column Chart wrapper around the viz StackedColumnChart / MultipleStackedColumnChart.\nTo be used in conjunction with the chart toolbar.","description":"sap.ca.ui.charts.StackedVerticalColumnChart","Experimental":false,"prefix":"StackedVerticalColumnChart","name":"sap.ca.ui.charts.StackedVerticalColumnChart"},{"template":"<charts/VerticalBarChart xmlns=\"sap.ca.ui\"\n\tid=\"${id}\"\n\tbusy=\"false\"\n\tbusyIndicatorDelay=\"1000\"\n\tvisible=\"true\"\n\tfieldGroupIds=\"[]\"\n\twidth=\"100%\"\n\theight=\"100%\"\n\tdataset=\"\"\n\tchartType=\"Bar\"\n\tminShapeSize=\"48px\"\n\tlabel=\"\"\n\ttitle=\"\"\n\ticon=\"\"\n\tsecondAxisVisible=\"true\"\n\tshowLegend=\"true\"\n\tselectionMode=\"Multiple\"\n\tshowHoverBackground=\"false\"\n\tshowTooltip=\"false\"\n\tshowPopover=\"true\"\n\tshowDataLabel=\"true\"\n\tyAxisLabelFormatter=\"\"\n\tyAxis2LabelFormatter=\"\"\n\txAxisLabelFormatter=\"\"\n\txAxis2LabelFormatter=\"\"\n\tplotAreaAxisTooltipFormatter=\"\"\n\ttooltipFormatter=\"\"\n\tdataLabelFormatter=\"\"\n\tpopoverFormatter=\"\"\n\tpopoverGroupFormatter=\"\"\n\tchartSemanticColorFormatter=\"\"\n\tinternalVizChart=\"\"\n\tchartPopOver=\"\"\n\tpopoverSubHeader=\"\"\n\tpopoverFooter=\"\"\n\tadvancedChartSettings=\"\"\n\tstackedChartWidthEnhancer=\"false\"\n\tnoData=\"\"\n\tdata=\"\"\n\tcontainer=\"chart\"\n\tbarWidth=\"48\"\n\tvalidationSuccess=\"\"\n\tvalidationError=\"\"\n\tparseError=\"\"\n\tformatError=\"\"\n\tvalidateFieldGroup=\"\"\n\tselectDataPoint=\"\"\n\tpopoverBeforeOpen=\"\"\n\tpopoverAfterOpen=\"\">\n\t\t<tooltip><\/tooltip> <!-- sap.ui.core.TooltipBase -->\n\t\t<dependents><\/dependents> <!-- sap.ui.core.Control, since 1.19 -->\n\t\t<tooltip><\/tooltip><!-- sap.ui.core.TooltipBase -->\n\t<customData><\/customData><!-- sap.ui.core.CustomData -->\n\t<layoutData><\/layoutData><!-- sap.ui.core.LayoutData -->\n\t<dependents><\/dependents><!-- sap.ui.core.Control -->\n\t<internalContent><\/internalContent><!-- sap.ui.core.Control -->\n\t<chartPopover><\/chartPopover><!-- sap.ui.core.Control -->\n\t<content><\/content><!-- sap.ui.core.Control -->\n\t<scroll><\/scroll><!-- sap.m.ScrollContainer -->\n\t<verticalBarChart><\/verticalBarChart><!-- sap.viz.ui5.Column -->\n\t<verticalArea><\/verticalArea><!-- sap.m.VBox -->\n<\/charts/VerticalBarChart>\n","Deprecated":true,"helpDescription":"<strong style=\"color: red;\">Deprecated! <\/strong>Since 1.24 \nSap.ca charts have been replaced with sap.viz and vizFrame in 1.24.\nThe UI5 control \"sap.viz.ui5.controls.VizFrame\" serves as a single point of entry for all the new charts.\nNow that 1.24 is available you are asked to use sap.viz charts and the VizFrame instead!\nThis control will not be supported anymore from 1.24.<br>Allows you to create a chart using vertical bars to represent the data","description":"sap.ca.ui.charts.VerticalBarChart","Experimental":false,"prefix":"VerticalBarChart","name":"sap.ca.ui.charts.VerticalBarChart"},{"template":"<model/format.AmountFormat xmlns=\"sap.ca.ui\"\n\tid=\"${id}\"\n\t\t<tooltip><\/tooltip> <!-- sap.ui.core.TooltipBase -->\n\t\t<dependents><\/dependents> <!-- sap.ui.core.Control, since 1.19 -->\n\t\t\n<\/model/format.AmountFormat>\n","Deprecated":true,"helpDescription":"<strong style=\"color: red;\">Deprecated! <\/strong>Since undefined Deprecated API:Since version 1.28. This control has been made available in sap.ui.core. Please use sap.ui.core.format.NumberFormat.getCurrencyInstance instead! This control will not be supported anymore.<br>The AmountFormat is a static class for formatting and parsing file size values according\nto a set of format options.\n\nIf no pattern is specified a default pattern according to the locale settings is used.","description":"sap.ca.ui.model.format.AmountFormat","Experimental":false,"prefix":"AmountFormat","name":"sap.ca.ui.model.format.AmountFormat"},{"template":"<model/format.DateFormat xmlns=\"sap.ca.ui\"\n\tid=\"${id}\"\n\t\t<tooltip><\/tooltip> <!-- sap.ui.core.TooltipBase -->\n\t\t<dependents><\/dependents> <!-- sap.ui.core.Control, since 1.19 -->\n\t\t\n<\/model/format.DateFormat>\n","Deprecated":true,"helpDescription":"<strong style=\"color: red;\">Deprecated! <\/strong>Since undefined Deprecated API:Since version 1.28. This control has been made available in sap.ui.core. Please use sap.ui.core.format.DateFormat instead! This control will not be supported anymore.<br>The DateFormat is a static class for formatting and parsing date and time values according\nto a set of format options.\n\nIt uses sap.ui.core.format.DateFormat to format and parse dates, and adds a new style daysAgo for Date instances.\nWith this style:\n<ul>\n<li>For today: \"Today\" will be displayed (localized)<\/li>\n<li>For yesterday: \"1 day ago\" will be displayed (localized)<\/li>\n<li>Between 2 days and 6 days in the past: \"x days ago\" will be displayed (localized)<\/li>\n<li>In the future or more than 6 days in the past: the date will be formatted with a medium style<\/li> \n<\/ul>\nThe daysAgo style can be formatted in UTC.\n\nSupported format options are pattern based on Unicode LDML Date Format notation.\nIf no pattern is specified a default pattern according to the locale settings is used.","description":"sap.ca.ui.model.format.DateFormat","Experimental":false,"prefix":"DateFormat","name":"sap.ca.ui.model.format.DateFormat"},{"template":"<model/format.FileSizeFormat xmlns=\"sap.ca.ui\"\n\tid=\"${id}\"\n\t\t<tooltip><\/tooltip> <!-- sap.ui.core.TooltipBase -->\n\t\t<dependents><\/dependents> <!-- sap.ui.core.Control, since 1.19 -->\n\t\t\n<\/model/format.FileSizeFormat>\n","Deprecated":true,"helpDescription":"<strong style=\"color: red;\">Deprecated! <\/strong>Since undefined Deprecated API:Since version 1.28. This control has been made available in sap.ui.core. Please use sap.ui.core.format.FileSizeFormat instead! This control will not be supported anymore.<br>The FileSizeFormat is a static class for formatting and parsing file size values according\nto a set of format options.\n\nSimplified logic:\n display in kB for 1e3 <= bytes < 1e6\n display in MB for 1e6 <= bytes < 1e9\n ...","description":"sap.ca.ui.model.format.FileSizeFormat","Experimental":false,"prefix":"FileSizeFormat","name":"sap.ca.ui.model.format.FileSizeFormat"},{"template":"<model/format.QuantityFormat xmlns=\"sap.ca.ui\"\n\tid=\"${id}\"\n\t\t<tooltip><\/tooltip> <!-- sap.ui.core.TooltipBase -->\n\t\t<dependents><\/dependents> <!-- sap.ui.core.Control, since 1.19 -->\n\t\t\n<\/model/format.QuantityFormat>\n","Deprecated":true,"helpDescription":"<strong style=\"color: red;\">Deprecated! <\/strong>Since undefined Deprecated API:Since version 1.28. There is no replacement for the QuantityFormat in sap.ui.core.format. Please refer to sap.ui.core.format and set the minFractionDigits and maxFractionDigits on the formatter as required. This control will not be supported anymore.<br>The QuantityFormat is a static class for formatting and parsing file size values according\nto a set of format options.\n\nIf no pattern is specified a default pattern according to the locale settings is used.","description":"sap.ca.ui.model.format.QuantityFormat","Experimental":false,"prefix":"QuantityFormat","name":"sap.ca.ui.model.format.QuantityFormat"},{"template":"<model/type.Date xmlns=\"sap.ca.ui\"\n\tid=\"${id}\"\n\t\t<tooltip><\/tooltip> <!-- sap.ui.core.TooltipBase -->\n\t\t<dependents><\/dependents> <!-- sap.ui.core.Control, since 1.19 -->\n\t\t\n<\/model/type.Date>\n","Deprecated":true,"helpDescription":"<strong style=\"color: red;\">Deprecated! <\/strong>Since undefined Deprecated API:Since version 1.28. This control has been made available in sap.ui.core. Please use sap.ui.model.type.Date instead! This control will not be supported anymore.<br>This class represents date simple types.","description":"sap.ca.ui.model.type.Date","Experimental":false,"prefix":"Date","name":"sap.ca.ui.model.type.Date"},{"template":"<model/type.DateTime xmlns=\"sap.ca.ui\"\n\tid=\"${id}\"\n\t\t<tooltip><\/tooltip> <!-- sap.ui.core.TooltipBase -->\n\t\t<dependents><\/dependents> <!-- sap.ui.core.Control, since 1.19 -->\n\t\t\n<\/model/type.DateTime>\n","Deprecated":true,"helpDescription":"<strong style=\"color: red;\">Deprecated! <\/strong>Since undefined Deprecated API:Since version 1.28. This control has been made available in sap.ui.core. Please use sap.ui.model.type.DateTime instead! This control will not be supported anymore.<br>This class represents datetime simple types.","description":"sap.ca.ui.model.type.DateTime","Experimental":false,"prefix":"DateTime","name":"sap.ca.ui.model.type.DateTime"},{"template":"<model/type.FileSize xmlns=\"sap.ca.ui\"\n\tid=\"${id}\"\n\t\t<tooltip><\/tooltip> <!-- sap.ui.core.TooltipBase -->\n\t\t<dependents><\/dependents> <!-- sap.ui.core.Control, since 1.19 -->\n\t\t\n<\/model/type.FileSize>\n","Deprecated":true,"helpDescription":"<strong style=\"color: red;\">Deprecated! <\/strong>Since undefined Deprecated API:Since version 1.28. This control has been made available in sap.ui.core. Please use sap.ui.model.type.FileSize instead! This control will not be supported anymore.<br>This class represents file size types.","description":"sap.ca.ui.model.type.FileSize","Experimental":false,"prefix":"FileSize","name":"sap.ca.ui.model.type.FileSize"},{"template":"<model/type.Number xmlns=\"sap.ca.ui\"\n\tid=\"${id}\"\n\t\t<tooltip><\/tooltip> <!-- sap.ui.core.TooltipBase -->\n\t\t<dependents><\/dependents> <!-- sap.ui.core.Control, since 1.19 -->\n\t\t\n<\/model/type.Number>\n","Deprecated":true,"helpDescription":"<strong style=\"color: red;\">Deprecated! <\/strong>Since undefined Deprecated API:Since version 1.28. This control has been made available in sap.ui.core. Please use sap.ui.model.type.Float or sap.ui.model.type.Integer with sap.ui.core.format.NumberFormat instead! This control will not be supported anymore.<br>This class represents number simple types.","description":"sap.ca.ui.model.type.Number","Experimental":false,"prefix":"Number","name":"sap.ca.ui.model.type.Number"},{"template":"<model/type.Time xmlns=\"sap.ca.ui\"\n\tid=\"${id}\"\n\t\t<tooltip><\/tooltip> <!-- sap.ui.core.TooltipBase -->\n\t\t<dependents><\/dependents> <!-- sap.ui.core.Control, since 1.19 -->\n\t\t\n<\/model/type.Time>\n","Deprecated":true,"helpDescription":"<strong style=\"color: red;\">Deprecated! <\/strong>Since undefined Deprecated API:Since version 1.28. This control has been made available in sap.ui.core. Please use sap.ui.model.type.Time instead! This control will not be supported anymore.<br>This class represents time simple types.","description":"sap.ca.ui.model.type.Time","Experimental":false,"prefix":"Time","name":"sap.ca.ui.model.type.Time"}]}