{"XML_KEYWORDS":["sap.suite.ui.commons.BulletChart","sap.suite.ui.commons.BulletChartData","sap.suite.ui.commons.BusinessCard","sap.suite.ui.commons.ChartContainer","sap.suite.ui.commons.ChartContainerContent","sap.suite.ui.commons.ChartTile","sap.suite.ui.commons.ColumnData","sap.suite.ui.commons.ColumnMicroChart","sap.suite.ui.commons.ColumnMicroChartLabel","sap.suite.ui.commons.ComparisonChart","sap.suite.ui.commons.ComparisonData","sap.suite.ui.commons.CountingNavigationItem","sap.suite.ui.commons.DateRangeScroller","sap.suite.ui.commons.DateRangeSlider","sap.suite.ui.commons.DateRangeSliderInternal","sap.suite.ui.commons.DeltaMicroChart","sap.suite.ui.commons.DynamicContainer","sap.suite.ui.commons.FacetOverview","sap.suite.ui.commons.FeedItem","sap.suite.ui.commons.FeedItemHeader","sap.suite.ui.commons.FeedTile","sap.suite.ui.commons.GenericTile","sap.suite.ui.commons.GenericTile2X2","sap.suite.ui.commons.HarveyBallMicroChart","sap.suite.ui.commons.HarveyBallMicroChartItem","sap.suite.ui.commons.HeaderCell","sap.suite.ui.commons.HeaderCellItem","sap.suite.ui.commons.HeaderContainer","sap.suite.ui.commons.InfoTile","sap.suite.ui.commons.JamContent","sap.suite.ui.commons.KpiTile","sap.suite.ui.commons.LaunchTile","sap.suite.ui.commons.LinkActionSheet","sap.suite.ui.commons.MicroAreaChart","sap.suite.ui.commons.MicroAreaChartItem","sap.suite.ui.commons.MicroAreaChartLabel","sap.suite.ui.commons.MicroAreaChartPoint","sap.suite.ui.commons.MonitoringContent","sap.suite.ui.commons.MonitoringTile","sap.suite.ui.commons.NewsContent","sap.suite.ui.commons.NoteTaker","sap.suite.ui.commons.NoteTakerCard","sap.suite.ui.commons.NoteTakerFeeder","sap.suite.ui.commons.NumericContent","sap.suite.ui.commons.NumericTile","sap.suite.ui.commons.PictureZoomIn","sap.suite.ui.commons.ProcessFlow","sap.suite.ui.commons.ProcessFlowConnection","sap.suite.ui.commons.ProcessFlowConnectionLabel","sap.suite.ui.commons.ProcessFlowLaneHeader","sap.suite.ui.commons.ProcessFlowNode","sap.suite.ui.commons.RepeaterViewConfiguration","sap.suite.ui.commons.SplitButton","sap.suite.ui.commons.TargetFilter","sap.suite.ui.commons.TargetFilterColumn","sap.suite.ui.commons.TargetFilterMeasureColumn","sap.suite.ui.commons.ThingCollection","sap.suite.ui.commons.ThreePanelThingInspector","sap.suite.ui.commons.ThreePanelThingViewer","sap.suite.ui.commons.TileContent","sap.suite.ui.commons.TileContent2X2","sap.suite.ui.commons.Timeline","sap.suite.ui.commons.TimelineFilterListItem","sap.suite.ui.commons.TimelineItem","sap.suite.ui.commons.UnifiedThingGroup","sap.suite.ui.commons.UnifiedThingInspector","sap.suite.ui.commons.VerticalNavigationBar","sap.suite.ui.commons.ViewRepeater","sap.suite.ui.commons.util.DateUtils"],"XML_TEMPLATES":[{"template":"<BulletChart xmlns=\"sap.suite.ui.commons\"\n\tid=\"${id}\"\n\tbusy=\"false\"\n\tbusyIndicatorDelay=\"1000\"\n\tvisible=\"true\"\n\tfieldGroupIds=\"[]\"\n\tsize=\"Auto\"\n\tmode=\"Actual\"\n\tscale=\"\"\n\tforecastValue=\"\"\n\ttargetValue=\"\"\n\tminValue=\"\"\n\tmaxValue=\"\"\n\tshowActualValue=\"true\"\n\tshowDeltaValue=\"false\"\n\tshowTargetValue=\"true\"\n\tshowValueMarker=\"false\"\n\tactualValueLabel=\"\"\n\tdeltaValueLabel=\"\"\n\ttargetValueLabel=\"\"\n\twidth=\"\"\n\tscaleColor=\"MediumLight\"\n\tvalidationSuccess=\"\"\n\tvalidationError=\"\"\n\tparseError=\"\"\n\tformatError=\"\"\n\tvalidateFieldGroup=\"\"\n\tpress=\"\">\n\t\t<tooltip><\/tooltip> <!-- sap.ui.core.TooltipBase -->\n\t\t<dependents><\/dependents> <!-- sap.ui.core.Control, since 1.19 -->\n\t\t<tooltip><\/tooltip><!-- sap.ui.core.TooltipBase -->\n\t<customData><\/customData><!-- sap.ui.core.CustomData -->\n\t<layoutData><\/layoutData><!-- sap.ui.core.LayoutData -->\n\t<dependents><\/dependents><!-- sap.ui.core.Control -->\n\t<actual><\/actual><!-- sap.suite.ui.commons.BulletChartData -->\n\t<thresholds><\/thresholds><!-- sap.suite.ui.commons.BulletChartData -->\n<\/BulletChart>\n","Deprecated":false,"helpDescription":"Chart that displays an actual value as a horizontal bar in semantic color on the top of the background bar, the numeric value, the scaling factor, along with the thresholds, and a target value as vertical bars.","description":"sap.suite.ui.commons.BulletChart","Experimental":false,"prefix":"BulletChart","name":"sap.suite.ui.commons.BulletChart"},{"template":"<BulletChartData xmlns=\"sap.suite.ui.commons\"\n\tid=\"${id}\"\n\tvalue=\"0\"\n\tcolor=\"Neutral\"\n\tvalidationSuccess=\"\"\n\tvalidationError=\"\"\n\tparseError=\"\"\n\tformatError=\"\">\n\t\t<tooltip><\/tooltip> <!-- sap.ui.core.TooltipBase -->\n\t\t<dependents><\/dependents> <!-- sap.ui.core.Control, since 1.19 -->\n\t\t<tooltip><\/tooltip><!-- sap.ui.core.TooltipBase -->\n\t<customData><\/customData><!-- sap.ui.core.CustomData -->\n\t<layoutData><\/layoutData><!-- sap.ui.core.LayoutData -->\n\t<dependents><\/dependents><!-- sap.ui.core.Control -->\n<\/BulletChartData>\n","Deprecated":false,"helpDescription":"Thresholds data holder.","description":"sap.suite.ui.commons.BulletChartData","Experimental":false,"prefix":"BulletChartData","name":"sap.suite.ui.commons.BulletChartData"},{"template":"<BusinessCard xmlns=\"sap.suite.ui.commons\"\n\tid=\"${id}\"\n\tbusy=\"false\"\n\tbusyIndicatorDelay=\"1000\"\n\tvisible=\"true\"\n\tfieldGroupIds=\"[]\"\n\ttype=\"\"\n\ticonPath=\"\"\n\tsecondTitle=\"\"\n\twidth=\"\"\n\timageTooltip=\"\"\n\tvalidationSuccess=\"\"\n\tvalidationError=\"\"\n\tparseError=\"\"\n\tformatError=\"\"\n\tvalidateFieldGroup=\"\">\n\t\t<tooltip><\/tooltip> <!-- sap.ui.core.TooltipBase -->\n\t\t<dependents><\/dependents> <!-- sap.ui.core.Control, since 1.19 -->\n\t\t<tooltip><\/tooltip><!-- sap.ui.core.TooltipBase -->\n\t<customData><\/customData><!-- sap.ui.core.CustomData -->\n\t<layoutData><\/layoutData><!-- sap.ui.core.LayoutData -->\n\t<dependents><\/dependents><!-- sap.ui.core.Control -->\n\t<content><\/content><!-- sap.ui.core.Control -->\n\t<firstTitle><\/firstTitle><!-- sap.ui.core.Control -->\n<\/BusinessCard>\n","Deprecated":true,"helpDescription":"<strong style=\"color: red;\">Deprecated! <\/strong>Since 1.31 Deprecated. Standard Fiori technology should be used.<br>This control allows you to display business card information including an image, first title (either URL link or text), second title, and multiple text lines.","description":"sap.suite.ui.commons.BusinessCard","Experimental":false,"prefix":"BusinessCard","name":"sap.suite.ui.commons.BusinessCard"},{"template":"<ChartContainer xmlns=\"sap.suite.ui.commons\"\n\tid=\"${id}\"\n\tbusy=\"false\"\n\tbusyIndicatorDelay=\"1000\"\n\tvisible=\"true\"\n\tfieldGroupIds=\"[]\"\n\tshowPersonalization=\"false\"\n\tshowFullScreen=\"false\"\n\tfullScreen=\"false\"\n\tshowLegend=\"true\"\n\ttitle=\"\"\n\tselectorGroupLabel=\"\"\n\tautoAdjustHeight=\"false\"\n\tshowZoom=\"true\"\n\tshowLegendButton=\"true\"\n\tvalidationSuccess=\"\"\n\tvalidationError=\"\"\n\tparseError=\"\"\n\tformatError=\"\"\n\tvalidateFieldGroup=\"\"\n\tpersonalizationPress=\"\"\n\tcontentChange=\"\"\n\tcustomZoomInPress=\"\"\n\tcustomZoomOutPress=\"\">\n\t\t<tooltip><\/tooltip> <!-- sap.ui.core.TooltipBase -->\n\t\t<dependents><\/dependents> <!-- sap.ui.core.Control, since 1.19 -->\n\t\t<tooltip><\/tooltip><!-- sap.ui.core.TooltipBase -->\n\t<customData><\/customData><!-- sap.ui.core.CustomData -->\n\t<layoutData><\/layoutData><!-- sap.ui.core.LayoutData -->\n\t<dependents><\/dependents><!-- sap.ui.core.Control -->\n\t<dimensionSelectors><\/dimensionSelectors><!-- sap.ui.core.Control -->\n\t<content><\/content><!-- sap.suite.ui.commons.ChartContainerContent -->\n\t<toolBar><\/toolBar><!-- sap.m.OverflowToolbar -->\n\t<customIcons><\/customIcons><!-- sap.ui.core.Icon -->\n<\/ChartContainer>\n","Deprecated":false,"helpDescription":"ToolBar used for displaying one chart amongst several and provide additional features:\n- multiple select boxes for selecting dimensions\n- fullscreen toggle\n- personalization icon\n- showLegend toggle","description":"sap.suite.ui.commons.ChartContainer","Experimental":false,"prefix":"ChartContainer","name":"sap.suite.ui.commons.ChartContainer"},{"template":"<ChartContainerContent xmlns=\"sap.suite.ui.commons\"\n\tid=\"${id}\"\n\tbusy=\"false\"\n\tbusyIndicatorDelay=\"1000\"\n\tvisible=\"true\"\n\tfieldGroupIds=\"[]\"\n\ticon=\"\"\n\ttitle=\"\"\n\tvalidationSuccess=\"\"\n\tvalidationError=\"\"\n\tparseError=\"\"\n\tformatError=\"\"\n\tvalidateFieldGroup=\"\">\n\t\t<tooltip><\/tooltip> <!-- sap.ui.core.TooltipBase -->\n\t\t<dependents><\/dependents> <!-- sap.ui.core.Control, since 1.19 -->\n\t\t<tooltip><\/tooltip><!-- sap.ui.core.TooltipBase -->\n\t<customData><\/customData><!-- sap.ui.core.CustomData -->\n\t<layoutData><\/layoutData><!-- sap.ui.core.LayoutData -->\n\t<dependents><\/dependents><!-- sap.ui.core.Control -->\n\t<content><\/content><!-- sap.ui.core.Control -->\n<\/ChartContainerContent>\n","Deprecated":false,"helpDescription":"Content Aggregation for ChartContainer.","description":"sap.suite.ui.commons.ChartContainerContent","Experimental":false,"prefix":"ChartContainerContent","name":"sap.suite.ui.commons.ChartContainerContent"},{"template":"<ChartTile xmlns=\"sap.suite.ui.commons\"\n\tid=\"${id}\"\n\tbusy=\"false\"\n\tbusyIndicatorDelay=\"1000\"\n\tvisible=\"true\"\n\tfieldGroupIds=\"[]\"\n\tdescription=\"\"\n\ttitle=\"\"\n\tfooter=\"\"\n\tsize=\"Auto\"\n\tstate=\"Loading\"\n\tunit=\"\"\n\tvalidationSuccess=\"\"\n\tvalidationError=\"\"\n\tparseError=\"\"\n\tformatError=\"\"\n\tvalidateFieldGroup=\"\"\n\tpress=\"\">\n\t\t<tooltip><\/tooltip> <!-- sap.ui.core.TooltipBase -->\n\t\t<dependents><\/dependents> <!-- sap.ui.core.Control, since 1.19 -->\n\t\t<tooltip><\/tooltip><!-- sap.ui.core.TooltipBase -->\n\t<customData><\/customData><!-- sap.ui.core.CustomData -->\n\t<layoutData><\/layoutData><!-- sap.ui.core.LayoutData -->\n\t<dependents><\/dependents><!-- sap.ui.core.Control -->\n\t<content><\/content><!-- sap.ui.core.Control -->\n\t<titleText><\/titleText><!-- sap.m.Text -->\n<\/ChartTile>\n","Deprecated":true,"helpDescription":"<strong style=\"color: red;\">Deprecated! <\/strong>Since 1.25 This control has been deprecated in favor of new sap.suite.ui.commons.GenericTile.<br>This control is the implementation of the InfoTile to show a comparison or bullet chart.","description":"sap.suite.ui.commons.ChartTile","Experimental":false,"prefix":"ChartTile","name":"sap.suite.ui.commons.ChartTile"},{"template":"<ColumnData xmlns=\"sap.suite.ui.commons\"\n\tid=\"${id}\"\n\tlabel=\"\"\n\tvalue=\"\"\n\tcolor=\"Neutral\"\n\tvalidationSuccess=\"\"\n\tvalidationError=\"\"\n\tparseError=\"\"\n\tformatError=\"\"\n\tpress=\"\">\n\t\t<tooltip><\/tooltip> <!-- sap.ui.core.TooltipBase -->\n\t\t<dependents><\/dependents> <!-- sap.ui.core.Control, since 1.19 -->\n\t\t<tooltip><\/tooltip><!-- sap.ui.core.TooltipBase -->\n\t<customData><\/customData><!-- sap.ui.core.CustomData -->\n\t<layoutData><\/layoutData><!-- sap.ui.core.LayoutData -->\n\t<dependents><\/dependents><!-- sap.ui.core.Control -->\n<\/ColumnData>\n","Deprecated":false,"helpDescription":"Column data holder.","description":"sap.suite.ui.commons.ColumnData","Experimental":false,"prefix":"ColumnData","name":"sap.suite.ui.commons.ColumnData"},{"template":"<ColumnMicroChart xmlns=\"sap.suite.ui.commons\"\n\tid=\"${id}\"\n\tbusy=\"false\"\n\tbusyIndicatorDelay=\"1000\"\n\tvisible=\"true\"\n\tfieldGroupIds=\"[]\"\n\tsize=\"Auto\"\n\twidth=\"\"\n\theight=\"\"\n\tvalidationSuccess=\"\"\n\tvalidationError=\"\"\n\tparseError=\"\"\n\tformatError=\"\"\n\tvalidateFieldGroup=\"\"\n\tpress=\"\">\n\t\t<tooltip><\/tooltip> <!-- sap.ui.core.TooltipBase -->\n\t\t<dependents><\/dependents> <!-- sap.ui.core.Control, since 1.19 -->\n\t\t<tooltip><\/tooltip><!-- sap.ui.core.TooltipBase -->\n\t<customData><\/customData><!-- sap.ui.core.CustomData -->\n\t<layoutData><\/layoutData><!-- sap.ui.core.LayoutData -->\n\t<dependents><\/dependents><!-- sap.ui.core.Control -->\n\t<columns><\/columns><!-- sap.suite.ui.commons.ColumnData -->\n\t<leftTopLabel><\/leftTopLabel><!-- sap.suite.ui.commons.ColumnMicroChartLabel -->\n\t<rightTopLabel><\/rightTopLabel><!-- sap.suite.ui.commons.ColumnMicroChartLabel -->\n\t<leftBottomLabel><\/leftBottomLabel><!-- sap.suite.ui.commons.ColumnMicroChartLabel -->\n\t<rightBottomLabel><\/rightBottomLabel><!-- sap.suite.ui.commons.ColumnMicroChartLabel -->\n<\/ColumnMicroChart>\n","Deprecated":false,"helpDescription":"This control shows a column chart.","description":"sap.suite.ui.commons.ColumnMicroChart","Experimental":false,"prefix":"ColumnMicroChart","name":"sap.suite.ui.commons.ColumnMicroChart"},{"template":"<ColumnMicroChartLabel xmlns=\"sap.suite.ui.commons\"\n\tid=\"${id}\"\n\tlabel=\"\"\n\tcolor=\"Neutral\"\n\tvalidationSuccess=\"\"\n\tvalidationError=\"\"\n\tparseError=\"\"\n\tformatError=\"\">\n\t\t<tooltip><\/tooltip> <!-- sap.ui.core.TooltipBase -->\n\t\t<dependents><\/dependents> <!-- sap.ui.core.Control, since 1.19 -->\n\t\t<tooltip><\/tooltip><!-- sap.ui.core.TooltipBase -->\n\t<customData><\/customData><!-- sap.ui.core.CustomData -->\n\t<layoutData><\/layoutData><!-- sap.ui.core.LayoutData -->\n\t<dependents><\/dependents><!-- sap.ui.core.Control -->\n<\/ColumnMicroChartLabel>\n","Deprecated":false,"helpDescription":"This element contains data for a label in ColumnMicroChart control.","description":"sap.suite.ui.commons.ColumnMicroChartLabel","Experimental":false,"prefix":"ColumnMicroChartLabel","name":"sap.suite.ui.commons.ColumnMicroChartLabel"},{"template":"<ComparisonChart xmlns=\"sap.suite.ui.commons\"\n\tid=\"${id}\"\n\tbusy=\"false\"\n\tbusyIndicatorDelay=\"1000\"\n\tvisible=\"true\"\n\tfieldGroupIds=\"[]\"\n\tscale=\"\"\n\tsize=\"Auto\"\n\tview=\"Normal\"\n\twidth=\"\"\n\tcolorPalette=\"[]\"\n\tshrinkable=\"false\"\n\theight=\"\"\n\tvalidationSuccess=\"\"\n\tvalidationError=\"\"\n\tparseError=\"\"\n\tformatError=\"\"\n\tvalidateFieldGroup=\"\"\n\tpress=\"\">\n\t\t<tooltip><\/tooltip> <!-- sap.ui.core.TooltipBase -->\n\t\t<dependents><\/dependents> <!-- sap.ui.core.Control, since 1.19 -->\n\t\t<tooltip><\/tooltip><!-- sap.ui.core.TooltipBase -->\n\t<customData><\/customData><!-- sap.ui.core.CustomData -->\n\t<layoutData><\/layoutData><!-- sap.ui.core.LayoutData -->\n\t<dependents><\/dependents><!-- sap.ui.core.Control -->\n\t<data><\/data><!-- sap.suite.ui.commons.ComparisonData -->\n<\/ComparisonChart>\n","Deprecated":false,"helpDescription":"This control shows a comparison chart.","description":"sap.suite.ui.commons.ComparisonChart","Experimental":false,"prefix":"ComparisonChart","name":"sap.suite.ui.commons.ComparisonChart"},{"template":"<ComparisonData xmlns=\"sap.suite.ui.commons\"\n\tid=\"${id}\"\n\ttitle=\"\"\n\tvalue=\"0\"\n\tcolor=\"Neutral\"\n\tdisplayValue=\"\"\n\tvalidationSuccess=\"\"\n\tvalidationError=\"\"\n\tparseError=\"\"\n\tformatError=\"\"\n\tpress=\"\">\n\t\t<tooltip><\/tooltip> <!-- sap.ui.core.TooltipBase -->\n\t\t<dependents><\/dependents> <!-- sap.ui.core.Control, since 1.19 -->\n\t\t<tooltip><\/tooltip><!-- sap.ui.core.TooltipBase -->\n\t<customData><\/customData><!-- sap.ui.core.CustomData -->\n\t<layoutData><\/layoutData><!-- sap.ui.core.LayoutData -->\n\t<dependents><\/dependents><!-- sap.ui.core.Control -->\n<\/ComparisonData>\n","Deprecated":false,"helpDescription":"Comparison tile value holder.","description":"sap.suite.ui.commons.ComparisonData","Experimental":false,"prefix":"ComparisonData","name":"sap.suite.ui.commons.ComparisonData"},{"template":"<CountingNavigationItem xmlns=\"sap.suite.ui.commons\"\n\tid=\"${id}\"\n\ttext=\"\"\n\tenabled=\"true\"\n\ttextDirection=\"Inherit\"\n\tkey=\"\"\n\tvisible=\"true\"\n\thref=\"\"\n\tquantity=\"\"\n\tvalidationSuccess=\"\"\n\tvalidationError=\"\"\n\tparseError=\"\"\n\tformatError=\"\">\n\t\t<tooltip><\/tooltip> <!-- sap.ui.core.TooltipBase -->\n\t\t<dependents><\/dependents> <!-- sap.ui.core.Control, since 1.19 -->\n\t\t<tooltip><\/tooltip><!-- sap.ui.core.TooltipBase -->\n\t<customData><\/customData><!-- sap.ui.core.CustomData -->\n\t<layoutData><\/layoutData><!-- sap.ui.core.LayoutData -->\n\t<dependents><\/dependents><!-- sap.ui.core.Control -->\n\t<subItems><\/subItems><!-- sap.ui.ux3.NavigationItem -->\n<\/CountingNavigationItem>\n","Deprecated":true,"helpDescription":"<strong style=\"color: red;\">Deprecated! <\/strong>Since 1.31 Deprecated. Object page should be used instead.<br>This control extends the sap.ui.ux3.NavigationItem control. This control can display the quantity of items on a corresponding content area. It also provides a rich tooltip that can appear and disappear after a certain delay.","description":"sap.suite.ui.commons.CountingNavigationItem","Experimental":false,"prefix":"CountingNavigationItem","name":"sap.suite.ui.commons.CountingNavigationItem"},{"template":"<DateRangeScroller xmlns=\"sap.suite.ui.commons\"\n\tid=\"${id}\"\n\tbusy=\"false\"\n\tbusyIndicatorDelay=\"1000\"\n\tvisible=\"true\"\n\tfieldGroupIds=\"[]\"\n\tvalidationSuccess=\"\"\n\tvalidationError=\"\"\n\tparseError=\"\"\n\tformatError=\"\"\n\tvalidateFieldGroup=\"\"\n\tchange=\"\">\n\t\t<tooltip><\/tooltip> <!-- sap.ui.core.TooltipBase -->\n\t\t<dependents><\/dependents> <!-- sap.ui.core.Control, since 1.19 -->\n\t\t<tooltip><\/tooltip><!-- sap.ui.core.TooltipBase -->\n\t<customData><\/customData><!-- sap.ui.core.CustomData -->\n\t<layoutData><\/layoutData><!-- sap.ui.core.LayoutData -->\n\t<dependents><\/dependents><!-- sap.ui.core.Control -->\n<\/DateRangeScroller>\n","Deprecated":false,"helpDescription":"The DateRangeScroller provides a method to scroll through a series of time periods, each of which is represented by a starting date and an ending date, known as the date range. The user may scroll to the previous or next date range. Several predefined ranges are supported such as day, week, work week, month, and year.","description":"sap.suite.ui.commons.DateRangeScroller","Experimental":false,"prefix":"DateRangeScroller","name":"sap.suite.ui.commons.DateRangeScroller"},{"template":"<DateRangeSlider xmlns=\"sap.suite.ui.commons\"\n\tid=\"${id}\"\n\tbusy=\"false\"\n\tbusyIndicatorDelay=\"1000\"\n\tvisible=\"true\"\n\tfieldGroupIds=\"[]\"\n\twidth=\"100%\"\n\tenabled=\"true\"\n\teditable=\"true\"\n\tvisible=\"true\"\n\tshowBubbles=\"true\"\n\tsmallStepWidth=\"\"\n\ttotalUnits=\"\"\n\tstepLabels=\"false\"\n\tlabels=\"\"\n\tmin=\"\"\n\tmax=\"\"\n\tvalue=\"\"\n\tvalue2=\"\"\n\tpinGrip=\"false\"\n\tpinGrip2=\"false\"\n\tvalidationSuccess=\"\"\n\tvalidationError=\"\"\n\tparseError=\"\"\n\tformatError=\"\"\n\tvalidateFieldGroup=\"\"\n\tchange=\"\"\n\tliveChange=\"\">\n\t\t<tooltip><\/tooltip> <!-- sap.ui.core.TooltipBase -->\n\t\t<dependents><\/dependents> <!-- sap.ui.core.Control, since 1.19 -->\n\t\t<tooltip><\/tooltip><!-- sap.ui.core.TooltipBase -->\n\t<customData><\/customData><!-- sap.ui.core.CustomData -->\n\t<layoutData><\/layoutData><!-- sap.ui.core.LayoutData -->\n\t<dependents><\/dependents><!-- sap.ui.core.Control -->\n<\/DateRangeSlider>\n","Deprecated":false,"helpDescription":"The Date Range Slider provides the user with a Range Slider control that is optimized for use with Dates.","description":"sap.suite.ui.commons.DateRangeSlider","Experimental":false,"prefix":"DateRangeSlider","name":"sap.suite.ui.commons.DateRangeSlider"},{"template":"<DateRangeSliderInternal xmlns=\"sap.suite.ui.commons\"\n\tid=\"${id}\"\n\tbusy=\"false\"\n\tbusyIndicatorDelay=\"1000\"\n\tvisible=\"true\"\n\tfieldGroupIds=\"[]\"\n\twidth=\"100%\"\n\tmin=\"0\"\n\tmax=\"100\"\n\tvalue=\"50\"\n\tsmallStepWidth=\"\"\n\ttotalUnits=\"\"\n\tstepLabels=\"false\"\n\teditable=\"true\"\n\tenabled=\"true\"\n\tlabels=\"\"\n\tvertical=\"false\"\n\theight=\"100%\"\n\tvalue2=\"80\"\n\tshowBubbles=\"true\"\n\tpinGrip=\"false\"\n\tpinGrip2=\"false\"\n\tvalidationSuccess=\"\"\n\tvalidationError=\"\"\n\tparseError=\"\"\n\tformatError=\"\"\n\tvalidateFieldGroup=\"\"\n\tchange=\"\"\n\tliveChange=\"\"\n\tchange=\"\"\n\tliveChange=\"\">\n\t\t<tooltip><\/tooltip> <!-- sap.ui.core.TooltipBase -->\n\t\t<dependents><\/dependents> <!-- sap.ui.core.Control, since 1.19 -->\n\t\t<tooltip><\/tooltip><!-- sap.ui.core.TooltipBase -->\n\t<customData><\/customData><!-- sap.ui.core.CustomData -->\n\t<layoutData><\/layoutData><!-- sap.ui.core.LayoutData -->\n\t<dependents><\/dependents><!-- sap.ui.core.Control -->\n<\/DateRangeSliderInternal>\n","Deprecated":false,"helpDescription":"The Date Range Slider provides the user with a Range Slider control that is optimized for use with Dates.","description":"sap.suite.ui.commons.DateRangeSliderInternal","Experimental":false,"prefix":"DateRangeSliderInternal","name":"sap.suite.ui.commons.DateRangeSliderInternal"},{"template":"<DeltaMicroChart xmlns=\"sap.suite.ui.commons\"\n\tid=\"${id}\"\n\tbusy=\"false\"\n\tbusyIndicatorDelay=\"1000\"\n\tvisible=\"true\"\n\tfieldGroupIds=\"[]\"\n\tvalue1=\"\"\n\tvalue2=\"\"\n\ttitle1=\"\"\n\ttitle2=\"\"\n\tdisplayValue1=\"\"\n\tdisplayValue2=\"\"\n\tdeltaDisplayValue=\"\"\n\tcolor=\"Neutral\"\n\twidth=\"\"\n\tsize=\"Auto\"\n\tvalidationSuccess=\"\"\n\tvalidationError=\"\"\n\tparseError=\"\"\n\tformatError=\"\"\n\tvalidateFieldGroup=\"\"\n\tpress=\"\">\n\t\t<tooltip><\/tooltip> <!-- sap.ui.core.TooltipBase -->\n\t\t<dependents><\/dependents> <!-- sap.ui.core.Control, since 1.19 -->\n\t\t<tooltip><\/tooltip><!-- sap.ui.core.TooltipBase -->\n\t<customData><\/customData><!-- sap.ui.core.CustomData -->\n\t<layoutData><\/layoutData><!-- sap.ui.core.LayoutData -->\n\t<dependents><\/dependents><!-- sap.ui.core.Control -->\n<\/DeltaMicroChart>\n","Deprecated":false,"helpDescription":"This control displays a delta of two values as a chart.","description":"sap.suite.ui.commons.DeltaMicroChart","Experimental":false,"prefix":"DeltaMicroChart","name":"sap.suite.ui.commons.DeltaMicroChart"},{"template":"<DynamicContainer xmlns=\"sap.suite.ui.commons\"\n\tid=\"${id}\"\n\tbusy=\"false\"\n\tbusyIndicatorDelay=\"1000\"\n\tvisible=\"true\"\n\tfieldGroupIds=\"[]\"\n\tdisplayTime=\"5000\"\n\ttransitionTime=\"500\"\n\tvalidationSuccess=\"\"\n\tvalidationError=\"\"\n\tparseError=\"\"\n\tformatError=\"\"\n\tvalidateFieldGroup=\"\">\n\t\t<tooltip><\/tooltip> <!-- sap.ui.core.TooltipBase -->\n\t\t<dependents><\/dependents> <!-- sap.ui.core.Control, since 1.19 -->\n\t\t<tooltip><\/tooltip><!-- sap.ui.core.TooltipBase -->\n\t<customData><\/customData><!-- sap.ui.core.CustomData -->\n\t<layoutData><\/layoutData><!-- sap.ui.core.LayoutData -->\n\t<dependents><\/dependents><!-- sap.ui.core.Control -->\n\t<tiles><\/tiles><!-- sap.suite.ui.commons.GenericTile -->\n<\/DynamicContainer>\n","Deprecated":false,"helpDescription":"The control that displays multiple GenericTile controls as changing slides.","description":"sap.suite.ui.commons.DynamicContainer","Experimental":false,"prefix":"DynamicContainer","name":"sap.suite.ui.commons.DynamicContainer"},{"template":"<FacetOverview xmlns=\"sap.suite.ui.commons\"\n\tid=\"${id}\"\n\tbusy=\"false\"\n\tbusyIndicatorDelay=\"1000\"\n\tvisible=\"true\"\n\tfieldGroupIds=\"[]\"\n\ttitle=\"\"\n\tquantity=\"-1\"\n\twidth=\"auto\"\n\theight=\"10rem\"\n\trowSpan=\"1\"\n\theightType=\"None\"\n\tvalidationSuccess=\"\"\n\tvalidationError=\"\"\n\tparseError=\"\"\n\tformatError=\"\"\n\tvalidateFieldGroup=\"\"\n\tpress=\"\"\n\theightChange=\"\">\n\t\t<tooltip><\/tooltip> <!-- sap.ui.core.TooltipBase -->\n\t\t<dependents><\/dependents> <!-- sap.ui.core.Control, since 1.19 -->\n\t\t<tooltip><\/tooltip><!-- sap.ui.core.TooltipBase -->\n\t<customData><\/customData><!-- sap.ui.core.CustomData -->\n\t<layoutData><\/layoutData><!-- sap.ui.core.LayoutData -->\n\t<dependents><\/dependents><!-- sap.ui.core.Control -->\n\t<content><\/content><!-- sap.ui.core.Control -->\n<\/FacetOverview>\n","Deprecated":true,"helpDescription":"<strong style=\"color: red;\">Deprecated! <\/strong>Since 1.31 Deprecated. Object page should be used instead.<br>This control is used in UnifiedThingInspector to display the preview of the facet content.","description":"sap.suite.ui.commons.FacetOverview","Experimental":false,"prefix":"FacetOverview","name":"sap.suite.ui.commons.FacetOverview"},{"template":"<FeedItem xmlns=\"sap.suite.ui.commons\"\n\tid=\"${id}\"\n\ttitle=\"\"\n\timage=\"\"\n\tlink=\"\"\n\tsource=\"\"\n\tpublicationDate=\"\"\n\tvalidationSuccess=\"\"\n\tvalidationError=\"\"\n\tparseError=\"\"\n\tformatError=\"\">\n\t\t<tooltip><\/tooltip> <!-- sap.ui.core.TooltipBase -->\n\t\t<dependents><\/dependents> <!-- sap.ui.core.Control, since 1.19 -->\n\t\t<tooltip><\/tooltip><!-- sap.ui.core.TooltipBase -->\n\t<customData><\/customData><!-- sap.ui.core.CustomData -->\n\t<layoutData><\/layoutData><!-- sap.ui.core.LayoutData -->\n\t<dependents><\/dependents><!-- sap.ui.core.Control -->\n<\/FeedItem>\n","Deprecated":true,"helpDescription":"<strong style=\"color: red;\">Deprecated! <\/strong>Since 1.31 Deprecated. Generic Tile should be used instead.<br>This element represents a news feed item.","description":"sap.suite.ui.commons.FeedItem","Experimental":false,"prefix":"FeedItem","name":"sap.suite.ui.commons.FeedItem"},{"template":"<FeedItemHeader xmlns=\"sap.suite.ui.commons\"\n\tid=\"${id}\"\n\tbusy=\"false\"\n\tbusyIndicatorDelay=\"1000\"\n\tvisible=\"true\"\n\tfieldGroupIds=\"[]\"\n\ttype=\"Inactive\"\n\tvisible=\"true\"\n\tunread=\"false\"\n\tselected=\"false\"\n\tcounter=\"\"\n\ttitle=\"\"\n\timage=\"\"\n\tlink=\"\"\n\tsource=\"\"\n\tpublicationDate=\"\"\n\tdescription=\"\"\n\tvalidationSuccess=\"\"\n\tvalidationError=\"\"\n\tparseError=\"\"\n\tformatError=\"\"\n\tvalidateFieldGroup=\"\"\n\ttap=\"\"\n\tdetailTap=\"\"\n\tpress=\"\"\n\tdetailPress=\"\">\n\t\t<tooltip><\/tooltip> <!-- sap.ui.core.TooltipBase -->\n\t\t<dependents><\/dependents> <!-- sap.ui.core.Control, since 1.19 -->\n\t\t<tooltip><\/tooltip><!-- sap.ui.core.TooltipBase -->\n\t<customData><\/customData><!-- sap.ui.core.CustomData -->\n\t<layoutData><\/layoutData><!-- sap.ui.core.LayoutData -->\n\t<dependents><\/dependents><!-- sap.ui.core.Control -->\n<\/FeedItemHeader>\n","Deprecated":true,"helpDescription":"<strong style=\"color: red;\">Deprecated! <\/strong>Since 1.25 This control has been deprecated in favor of new sap.suite.ui.commons.GenericTile.<br>This control displays feed item header information.","description":"sap.suite.ui.commons.FeedItemHeader","Experimental":false,"prefix":"FeedItemHeader","name":"sap.suite.ui.commons.FeedItemHeader"},{"template":"<FeedTile xmlns=\"sap.suite.ui.commons\"\n\tid=\"${id}\"\n\tbusy=\"false\"\n\tbusyIndicatorDelay=\"1000\"\n\tvisible=\"true\"\n\tfieldGroupIds=\"[]\"\n\tdisplayDuration=\"5\"\n\tdisplayArticleImage=\"true\"\n\tsource=\"\"\n\tdefaultImages=\"\"\n\tvalidationSuccess=\"\"\n\tvalidationError=\"\"\n\tparseError=\"\"\n\tformatError=\"\"\n\tvalidateFieldGroup=\"\"\n\tpress=\"\">\n\t\t<tooltip><\/tooltip> <!-- sap.ui.core.TooltipBase -->\n\t\t<dependents><\/dependents> <!-- sap.ui.core.Control, since 1.19 -->\n\t\t<tooltip><\/tooltip><!-- sap.ui.core.TooltipBase -->\n\t<customData><\/customData><!-- sap.ui.core.CustomData -->\n\t<layoutData><\/layoutData><!-- sap.ui.core.LayoutData -->\n\t<dependents><\/dependents><!-- sap.ui.core.Control -->\n\t<items><\/items><!-- sap.suite.ui.commons.FeedItem -->\n<\/FeedTile>\n","Deprecated":true,"helpDescription":"<strong style=\"color: red;\">Deprecated! <\/strong>Since 1.25 This control has been deprecated in favor of new sap.suite.ui.commons.GenericTile.<br>This control displays news feeds.","description":"sap.suite.ui.commons.FeedTile","Experimental":false,"prefix":"FeedTile","name":"sap.suite.ui.commons.FeedTile"},{"template":"<GenericTile xmlns=\"sap.suite.ui.commons\"\n\tid=\"${id}\"\n\tbusy=\"false\"\n\tbusyIndicatorDelay=\"1000\"\n\tvisible=\"true\"\n\tfieldGroupIds=\"[]\"\n\theader=\"\"\n\tsubheader=\"\"\n\tfailedText=\"\"\n\tsize=\"Auto\"\n\tframeType=\"OneByOne\"\n\tbackgroundImage=\"\"\n\theaderImage=\"\"\n\tstate=\"Loaded\"\n\timageDescription=\"\"\n\tvalidationSuccess=\"\"\n\tvalidationError=\"\"\n\tparseError=\"\"\n\tformatError=\"\"\n\tvalidateFieldGroup=\"\"\n\tpress=\"\">\n\t\t<tooltip><\/tooltip> <!-- sap.ui.core.TooltipBase -->\n\t\t<dependents><\/dependents> <!-- sap.ui.core.Control, since 1.19 -->\n\t\t<tooltip><\/tooltip><!-- sap.ui.core.TooltipBase -->\n\t<customData><\/customData><!-- sap.ui.core.CustomData -->\n\t<layoutData><\/layoutData><!-- sap.ui.core.LayoutData -->\n\t<dependents><\/dependents><!-- sap.ui.core.Control -->\n\t<tileContent><\/tileContent><!-- sap.suite.ui.commons.TileContent -->\n\t<icon><\/icon><!-- sap.ui.core.Control -->\n\t<titleText><\/titleText><!-- sap.m.Text -->\n\t<failedMessageText><\/failedMessageText><!-- sap.m.Text -->\n<\/GenericTile>\n","Deprecated":false,"helpDescription":"The tile control that displays the title, description, and customizable main area.","description":"sap.suite.ui.commons.GenericTile","Experimental":false,"prefix":"GenericTile","name":"sap.suite.ui.commons.GenericTile"},{"template":"<GenericTile2X2 xmlns=\"sap.suite.ui.commons\"\n\tid=\"${id}\"\n\tbusy=\"false\"\n\tbusyIndicatorDelay=\"1000\"\n\tvisible=\"true\"\n\tfieldGroupIds=\"[]\"\n\theader=\"\"\n\tsubheader=\"\"\n\tfailedText=\"\"\n\tsize=\"Auto\"\n\tbackgroundImage=\"\"\n\theaderImage=\"\"\n\tframeType=\"OneByOne\"\n\tstate=\"Loaded\"\n\timageDescription=\"\"\n\tvalidationSuccess=\"\"\n\tvalidationError=\"\"\n\tparseError=\"\"\n\tformatError=\"\"\n\tvalidateFieldGroup=\"\"\n\tpress=\"\">\n\t\t<tooltip><\/tooltip> <!-- sap.ui.core.TooltipBase -->\n\t\t<dependents><\/dependents> <!-- sap.ui.core.Control, since 1.19 -->\n\t\t<tooltip><\/tooltip><!-- sap.ui.core.TooltipBase -->\n\t<customData><\/customData><!-- sap.ui.core.CustomData -->\n\t<layoutData><\/layoutData><!-- sap.ui.core.LayoutData -->\n\t<dependents><\/dependents><!-- sap.ui.core.Control -->\n\t<tileContent><\/tileContent><!-- sap.suite.ui.commons.TileContent2X2 -->\n\t<icon><\/icon><!-- sap.ui.core.Control -->\n\t<titleText><\/titleText><!-- sap.m.Text -->\n\t<failedMessageText><\/failedMessageText><!-- sap.m.Text -->\n<\/GenericTile2X2>\n","Deprecated":false,"helpDescription":"<strong style=\"color: red;\">Experimental! <\/strong>","description":"sap.suite.ui.commons.GenericTile2X2","Experimental":true,"prefix":"GenericTile2X2","name":"sap.suite.ui.commons.GenericTile2X2"},{"template":"<HarveyBallMicroChart xmlns=\"sap.suite.ui.commons\"\n\tid=\"${id}\"\n\tbusy=\"false\"\n\tbusyIndicatorDelay=\"1000\"\n\tvisible=\"true\"\n\tfieldGroupIds=\"[]\"\n\ttotal=\"0\"\n\ttotalLabel=\"\"\n\ttotalScale=\"\"\n\tformattedLabel=\"false\"\n\tshowTotal=\"true\"\n\tshowFractions=\"true\"\n\tsize=\"Auto\"\n\tcolorPalette=\"[]\"\n\twidth=\"\"\n\tvalidationSuccess=\"\"\n\tvalidationError=\"\"\n\tparseError=\"\"\n\tformatError=\"\"\n\tvalidateFieldGroup=\"\"\n\tpress=\"\">\n\t\t<tooltip><\/tooltip> <!-- sap.ui.core.TooltipBase -->\n\t\t<dependents><\/dependents> <!-- sap.ui.core.Control, since 1.19 -->\n\t\t<tooltip><\/tooltip><!-- sap.ui.core.TooltipBase -->\n\t<customData><\/customData><!-- sap.ui.core.CustomData -->\n\t<layoutData><\/layoutData><!-- sap.ui.core.LayoutData -->\n\t<dependents><\/dependents><!-- sap.ui.core.Control -->\n\t<items><\/items><!-- sap.suite.ui.commons.HarveyBallMicroChartItem -->\n<\/HarveyBallMicroChart>\n","Deprecated":false,"helpDescription":"This chart shows the part comparative to total.","description":"sap.suite.ui.commons.HarveyBallMicroChart","Experimental":false,"prefix":"HarveyBallMicroChart","name":"sap.suite.ui.commons.HarveyBallMicroChart"},{"template":"<HarveyBallMicroChartItem xmlns=\"sap.suite.ui.commons\"\n\tid=\"${id}\"\n\tcolor=\"Neutral\"\n\tfraction=\"0\"\n\tfractionLabel=\"\"\n\tfractionScale=\"\"\n\tformattedLabel=\"false\"\n\tvalidationSuccess=\"\"\n\tvalidationError=\"\"\n\tparseError=\"\"\n\tformatError=\"\">\n\t\t<tooltip><\/tooltip> <!-- sap.ui.core.TooltipBase -->\n\t\t<dependents><\/dependents> <!-- sap.ui.core.Control, since 1.19 -->\n\t\t<tooltip><\/tooltip><!-- sap.ui.core.TooltipBase -->\n\t<customData><\/customData><!-- sap.ui.core.CustomData -->\n\t<layoutData><\/layoutData><!-- sap.ui.core.LayoutData -->\n\t<dependents><\/dependents><!-- sap.ui.core.Control -->\n<\/HarveyBallMicroChartItem>\n","Deprecated":false,"helpDescription":"The configuration of the slice on the pie chart.","description":"sap.suite.ui.commons.HarveyBallMicroChartItem","Experimental":false,"prefix":"HarveyBallMicroChartItem","name":"sap.suite.ui.commons.HarveyBallMicroChartItem"},{"template":"<HeaderCell xmlns=\"sap.suite.ui.commons\"\n\tid=\"${id}\"\n\tbusy=\"false\"\n\tbusyIndicatorDelay=\"1000\"\n\tvisible=\"true\"\n\tfieldGroupIds=\"[]\"\n\theigth=\"100px\"\n\theight=\"106px\"\n\tvalidationSuccess=\"\"\n\tvalidationError=\"\"\n\tparseError=\"\"\n\tformatError=\"\"\n\tvalidateFieldGroup=\"\">\n\t\t<tooltip><\/tooltip> <!-- sap.ui.core.TooltipBase -->\n\t\t<dependents><\/dependents> <!-- sap.ui.core.Control, since 1.19 -->\n\t\t<tooltip><\/tooltip><!-- sap.ui.core.TooltipBase -->\n\t<customData><\/customData><!-- sap.ui.core.CustomData -->\n\t<layoutData><\/layoutData><!-- sap.ui.core.LayoutData -->\n\t<dependents><\/dependents><!-- sap.ui.core.Control -->\n\t<west><\/west><!-- sap.suite.ui.commons.HeaderCellItem -->\n\t<north><\/north><!-- sap.suite.ui.commons.HeaderCellItem -->\n\t<east><\/east><!-- sap.suite.ui.commons.HeaderCellItem -->\n\t<south><\/south><!-- sap.suite.ui.commons.HeaderCellItem -->\n<\/HeaderCell>\n","Deprecated":false,"helpDescription":"This control contains 4 cells (West, North, East, South). It can display one or more controls in different layouts. Each aggregation must contain only one instance of HeaderCellItem.","description":"sap.suite.ui.commons.HeaderCell","Experimental":false,"prefix":"HeaderCell","name":"sap.suite.ui.commons.HeaderCell"},{"template":"<HeaderCellItem xmlns=\"sap.suite.ui.commons\"\n\tid=\"${id}\"\n\theight=\"\"\n\tvalidationSuccess=\"\"\n\tvalidationError=\"\"\n\tparseError=\"\"\n\tformatError=\"\">\n\t\t<tooltip><\/tooltip> <!-- sap.ui.core.TooltipBase -->\n\t\t<dependents><\/dependents> <!-- sap.ui.core.Control, since 1.19 -->\n\t\t<tooltip><\/tooltip><!-- sap.ui.core.TooltipBase -->\n\t<customData><\/customData><!-- sap.ui.core.CustomData -->\n\t<layoutData><\/layoutData><!-- sap.ui.core.LayoutData -->\n\t<dependents><\/dependents><!-- sap.ui.core.Control -->\n\t<content><\/content><!-- sap.ui.core.Control -->\n<\/HeaderCellItem>\n","Deprecated":false,"helpDescription":"Object that contains instance of control and infomation about height. It should be used inside sap.suite.ui.commons.HeaderCell","description":"sap.suite.ui.commons.HeaderCellItem","Experimental":false,"prefix":"HeaderCellItem","name":"sap.suite.ui.commons.HeaderCellItem"},{"template":"<HeaderContainer xmlns=\"sap.suite.ui.commons\"\n\tid=\"${id}\"\n\tbusy=\"false\"\n\tbusyIndicatorDelay=\"1000\"\n\tvisible=\"true\"\n\tfieldGroupIds=\"[]\"\n\tscrollStep=\"300\"\n\tscrollTime=\"500\"\n\tshowDividers=\"true\"\n\tview=\"Horizontal\"\n\tvalidationSuccess=\"\"\n\tvalidationError=\"\"\n\tparseError=\"\"\n\tformatError=\"\"\n\tvalidateFieldGroup=\"\">\n\t\t<tooltip><\/tooltip> <!-- sap.ui.core.TooltipBase -->\n\t\t<dependents><\/dependents> <!-- sap.ui.core.Control, since 1.19 -->\n\t\t<tooltip><\/tooltip><!-- sap.ui.core.TooltipBase -->\n\t<customData><\/customData><!-- sap.ui.core.CustomData -->\n\t<layoutData><\/layoutData><!-- sap.ui.core.LayoutData -->\n\t<dependents><\/dependents><!-- sap.ui.core.Control -->\n\t<scrollContainer><\/scrollContainer><!-- sap.ui.core.Control -->\n\t<items><\/items><!-- sap.ui.core.Control -->\n\t<buttonPrev><\/buttonPrev><!-- sap.ui.core.Control -->\n\t<buttonNext><\/buttonNext><!-- sap.ui.core.Control -->\n<\/HeaderContainer>\n","Deprecated":false,"helpDescription":"The container that provides a horizontal layout. It provides a horizontal scroll on the tablet and phone. On the desktop, it provides scroll left and scroll right buttons. This control supports keyboard navigation. You can use left and right arrow keys to navigate through the inner content. The Home key puts focus on the first control and the End key puts focus on the last control. Use Enter or Space to choose the control.","description":"sap.suite.ui.commons.HeaderContainer","Experimental":false,"prefix":"HeaderContainer","name":"sap.suite.ui.commons.HeaderContainer"},{"template":"<InfoTile xmlns=\"sap.suite.ui.commons\"\n\tid=\"${id}\"\n\tbusy=\"false\"\n\tbusyIndicatorDelay=\"1000\"\n\tvisible=\"true\"\n\tfieldGroupIds=\"[]\"\n\tdescription=\"\"\n\ttitle=\"\"\n\tfooter=\"\"\n\tsize=\"Auto\"\n\tstate=\"Loading\"\n\tvalidationSuccess=\"\"\n\tvalidationError=\"\"\n\tparseError=\"\"\n\tformatError=\"\"\n\tvalidateFieldGroup=\"\"\n\tpress=\"\">\n\t\t<tooltip><\/tooltip> <!-- sap.ui.core.TooltipBase -->\n\t\t<dependents><\/dependents> <!-- sap.ui.core.Control, since 1.19 -->\n\t\t<tooltip><\/tooltip><!-- sap.ui.core.TooltipBase -->\n\t<customData><\/customData><!-- sap.ui.core.CustomData -->\n\t<layoutData><\/layoutData><!-- sap.ui.core.LayoutData -->\n\t<dependents><\/dependents><!-- sap.ui.core.Control -->\n\t<content><\/content><!-- sap.ui.core.Control -->\n\t<titleText><\/titleText><!-- sap.m.Text -->\n<\/InfoTile>\n","Deprecated":true,"helpDescription":"<strong style=\"color: red;\">Deprecated! <\/strong>Since 1.25 This control has been deprecated in favor of new sap.suite.ui.commons.GenericTile.<br>The tile control that displays the title, description, footer, and customizable main area.","description":"sap.suite.ui.commons.InfoTile","Experimental":false,"prefix":"InfoTile","name":"sap.suite.ui.commons.InfoTile"},{"template":"<JamContent xmlns=\"sap.suite.ui.commons\"\n\tid=\"${id}\"\n\tbusy=\"false\"\n\tbusyIndicatorDelay=\"1000\"\n\tvisible=\"true\"\n\tfieldGroupIds=\"[]\"\n\tsize=\"Auto\"\n\tcontentText=\"\"\n\tsubheader=\"\"\n\tvalue=\"\"\n\tvalueColor=\"\"\n\ttruncateValueTo=\"4\"\n\tvalidationSuccess=\"\"\n\tvalidationError=\"\"\n\tparseError=\"\"\n\tformatError=\"\"\n\tvalidateFieldGroup=\"\"\n\tpress=\"\">\n\t\t<tooltip><\/tooltip> <!-- sap.ui.core.TooltipBase -->\n\t\t<dependents><\/dependents> <!-- sap.ui.core.Control, since 1.19 -->\n\t\t<tooltip><\/tooltip><!-- sap.ui.core.TooltipBase -->\n\t<customData><\/customData><!-- sap.ui.core.CustomData -->\n\t<layoutData><\/layoutData><!-- sap.ui.core.LayoutData -->\n\t<dependents><\/dependents><!-- sap.ui.core.Control -->\n\t<contentTextAgr><\/contentTextAgr><!-- sap.m.Text -->\n<\/JamContent>\n","Deprecated":false,"helpDescription":"This control displays the jam content text, subheader, and numeric value in a tile.","description":"sap.suite.ui.commons.JamContent","Experimental":false,"prefix":"JamContent","name":"sap.suite.ui.commons.JamContent"},{"template":"<KpiTile xmlns=\"sap.suite.ui.commons\"\n\tid=\"${id}\"\n\tbusy=\"false\"\n\tbusyIndicatorDelay=\"1000\"\n\tvisible=\"true\"\n\tfieldGroupIds=\"[]\"\n\tvalue=\"\"\n\tdescription=\"\"\n\tdoubleFontSize=\"true\"\n\tvalueUnit=\"\"\n\tvalueScale=\"\"\n\tvalueStatus=\"Neutral\"\n\tvalidationSuccess=\"\"\n\tvalidationError=\"\"\n\tparseError=\"\"\n\tformatError=\"\"\n\tvalidateFieldGroup=\"\">\n\t\t<tooltip><\/tooltip> <!-- sap.ui.core.TooltipBase -->\n\t\t<dependents><\/dependents> <!-- sap.ui.core.Control, since 1.19 -->\n\t\t<tooltip><\/tooltip><!-- sap.ui.core.TooltipBase -->\n\t<customData><\/customData><!-- sap.ui.core.CustomData -->\n\t<layoutData><\/layoutData><!-- sap.ui.core.LayoutData -->\n\t<dependents><\/dependents><!-- sap.ui.core.Control -->\n<\/KpiTile>\n","Deprecated":true,"helpDescription":"<strong style=\"color: red;\">Deprecated! <\/strong>Since 1.31 Deprecated. Numeric content or any other standard Fiori control should be used instead.<br>This control is used in UnifiedThingInspector to display object-related KPIs in a factsheet.","description":"sap.suite.ui.commons.KpiTile","Experimental":false,"prefix":"KpiTile","name":"sap.suite.ui.commons.KpiTile"},{"template":"<LaunchTile xmlns=\"sap.suite.ui.commons\"\n\tid=\"${id}\"\n\tbusy=\"false\"\n\tbusyIndicatorDelay=\"1000\"\n\tvisible=\"true\"\n\tfieldGroupIds=\"[]\"\n\ttitle=\"\"\n\ticon=\"\"\n\tlink=\"\"\n\tvalidationSuccess=\"\"\n\tvalidationError=\"\"\n\tparseError=\"\"\n\tformatError=\"\"\n\tvalidateFieldGroup=\"\"\n\tpress=\"\">\n\t\t<tooltip><\/tooltip> <!-- sap.ui.core.TooltipBase -->\n\t\t<dependents><\/dependents> <!-- sap.ui.core.Control, since 1.19 -->\n\t\t<tooltip><\/tooltip><!-- sap.ui.core.TooltipBase -->\n\t<customData><\/customData><!-- sap.ui.core.CustomData -->\n\t<layoutData><\/layoutData><!-- sap.ui.core.LayoutData -->\n\t<dependents><\/dependents><!-- sap.ui.core.Control -->\n<\/LaunchTile>\n","Deprecated":true,"helpDescription":"<strong style=\"color: red;\">Deprecated! <\/strong>Since 1.25 API is not yet finished and might change completely<br>This control launches a URL.","description":"sap.suite.ui.commons.LaunchTile","Experimental":false,"prefix":"LaunchTile","name":"sap.suite.ui.commons.LaunchTile"},{"template":"<LinkActionSheet xmlns=\"sap.suite.ui.commons\"\n\tid=\"${id}\"\n\tbusy=\"false\"\n\tbusyIndicatorDelay=\"1000\"\n\tvisible=\"true\"\n\tfieldGroupIds=\"[]\"\n\tplacement=\"Bottom\"\n\tshowCancelButton=\"true\"\n\tcancelButtonText=\"\"\n\ttitle=\"\"\n\tvalidationSuccess=\"\"\n\tvalidationError=\"\"\n\tparseError=\"\"\n\tformatError=\"\"\n\tvalidateFieldGroup=\"\"\n\tcancelButtonTap=\"\"\n\tbeforeOpen=\"\"\n\tafterOpen=\"\"\n\tbeforeClose=\"\"\n\tafterClose=\"\"\n\tcancelButtonPress=\"\"\n\titemPress=\"\">\n\t\t<tooltip><\/tooltip> <!-- sap.ui.core.TooltipBase -->\n\t\t<dependents><\/dependents> <!-- sap.ui.core.Control, since 1.19 -->\n\t\t<tooltip><\/tooltip><!-- sap.ui.core.TooltipBase -->\n\t<customData><\/customData><!-- sap.ui.core.CustomData -->\n\t<layoutData><\/layoutData><!-- sap.ui.core.LayoutData -->\n\t<dependents><\/dependents><!-- sap.ui.core.Control -->\n\t<buttons><\/buttons><!-- sap.m.Button -->\n\t<_cancelButton><\/_cancelButton><!-- sap.m.Button -->\n\t<items><\/items><!-- sap.ui.core.Control -->\n<\/LinkActionSheet>\n","Deprecated":true,"helpDescription":"<strong style=\"color: red;\">Deprecated! <\/strong>Since 1.31 Deprecated. Object page should be used instead.<br>This control contains one or more sap.m.Button controls or sap.ui.commons.Link controls. The LinkActionSheet control is closed if the user chooses one of the buttons or links. It looks similar to sap.m.Dialog in iPhone and Android, and to sap.m.Popover in iPad.","description":"sap.suite.ui.commons.LinkActionSheet","Experimental":false,"prefix":"LinkActionSheet","name":"sap.suite.ui.commons.LinkActionSheet"},{"template":"<MicroAreaChart xmlns=\"sap.suite.ui.commons\"\n\tid=\"${id}\"\n\tbusy=\"false\"\n\tbusyIndicatorDelay=\"1000\"\n\tvisible=\"true\"\n\tfieldGroupIds=\"[]\"\n\twidth=\"200px\"\n\theight=\"190px\"\n\tmaxXValue=\"\"\n\tminXValue=\"\"\n\tmaxYValue=\"\"\n\tminYValue=\"\"\n\tview=\"Normal\"\n\tcolorPalette=\"[]\"\n\tvalidationSuccess=\"\"\n\tvalidationError=\"\"\n\tparseError=\"\"\n\tformatError=\"\"\n\tvalidateFieldGroup=\"\"\n\tpress=\"\">\n\t\t<tooltip><\/tooltip> <!-- sap.ui.core.TooltipBase -->\n\t\t<dependents><\/dependents> <!-- sap.ui.core.Control, since 1.19 -->\n\t\t<tooltip><\/tooltip><!-- sap.ui.core.TooltipBase -->\n\t<customData><\/customData><!-- sap.ui.core.CustomData -->\n\t<layoutData><\/layoutData><!-- sap.ui.core.LayoutData -->\n\t<dependents><\/dependents><!-- sap.ui.core.Control -->\n\t<chart><\/chart><!-- sap.suite.ui.commons.MicroAreaChartItem -->\n\t<maxThreshold><\/maxThreshold><!-- sap.suite.ui.commons.MicroAreaChartItem -->\n\t<innerMaxThreshold><\/innerMaxThreshold><!-- sap.suite.ui.commons.MicroAreaChartItem -->\n\t<innerMinThreshold><\/innerMinThreshold><!-- sap.suite.ui.commons.MicroAreaChartItem -->\n\t<minThreshold><\/minThreshold><!-- sap.suite.ui.commons.MicroAreaChartItem -->\n\t<target><\/target><!-- sap.suite.ui.commons.MicroAreaChartItem -->\n\t<firstXLabel><\/firstXLabel><!-- sap.suite.ui.commons.MicroAreaChartLabel -->\n\t<firstYLabel><\/firstYLabel><!-- sap.suite.ui.commons.MicroAreaChartLabel -->\n\t<lastXLabel><\/lastXLabel><!-- sap.suite.ui.commons.MicroAreaChartLabel -->\n\t<lastYLabel><\/lastYLabel><!-- sap.suite.ui.commons.MicroAreaChartLabel -->\n\t<maxLabel><\/maxLabel><!-- sap.suite.ui.commons.MicroAreaChartLabel -->\n\t<minLabel><\/minLabel><!-- sap.suite.ui.commons.MicroAreaChartLabel -->\n\t<lines><\/lines><!-- sap.suite.ui.commons.MicroAreaChartItem -->\n<\/MicroAreaChart>\n","Deprecated":false,"helpDescription":"This control displays the history of values as a line mini chart or an area mini chart.","description":"sap.suite.ui.commons.MicroAreaChart","Experimental":false,"prefix":"MicroAreaChart","name":"sap.suite.ui.commons.MicroAreaChart"},{"template":"<MicroAreaChartItem xmlns=\"sap.suite.ui.commons\"\n\tid=\"${id}\"\n\tcolor=\"Neutral\"\n\ttitle=\"\"\n\tvalidationSuccess=\"\"\n\tvalidationError=\"\"\n\tparseError=\"\"\n\tformatError=\"\">\n\t\t<tooltip><\/tooltip> <!-- sap.ui.core.TooltipBase -->\n\t\t<dependents><\/dependents> <!-- sap.ui.core.Control, since 1.19 -->\n\t\t<tooltip><\/tooltip><!-- sap.ui.core.TooltipBase -->\n\t<customData><\/customData><!-- sap.ui.core.CustomData -->\n\t<layoutData><\/layoutData><!-- sap.ui.core.LayoutData -->\n\t<dependents><\/dependents><!-- sap.ui.core.Control -->\n\t<points><\/points><!-- sap.suite.ui.commons.MicroAreaChartPoint -->\n<\/MicroAreaChartItem>\n","Deprecated":false,"helpDescription":"The configuration of the graphic element on the chart.","description":"sap.suite.ui.commons.MicroAreaChartItem","Experimental":false,"prefix":"MicroAreaChartItem","name":"sap.suite.ui.commons.MicroAreaChartItem"},{"template":"<MicroAreaChartLabel xmlns=\"sap.suite.ui.commons\"\n\tid=\"${id}\"\n\tlabel=\"\"\n\tcolor=\"Neutral\"\n\tvalidationSuccess=\"\"\n\tvalidationError=\"\"\n\tparseError=\"\"\n\tformatError=\"\">\n\t\t<tooltip><\/tooltip> <!-- sap.ui.core.TooltipBase -->\n\t\t<dependents><\/dependents> <!-- sap.ui.core.Control, since 1.19 -->\n\t\t<tooltip><\/tooltip><!-- sap.ui.core.TooltipBase -->\n\t<customData><\/customData><!-- sap.ui.core.CustomData -->\n\t<layoutData><\/layoutData><!-- sap.ui.core.LayoutData -->\n\t<dependents><\/dependents><!-- sap.ui.core.Control -->\n<\/MicroAreaChartLabel>\n","Deprecated":false,"helpDescription":"This element contains data for a label in MicroAreaChart control.","description":"sap.suite.ui.commons.MicroAreaChartLabel","Experimental":false,"prefix":"MicroAreaChartLabel","name":"sap.suite.ui.commons.MicroAreaChartLabel"},{"template":"<MicroAreaChartPoint xmlns=\"sap.suite.ui.commons\"\n\tid=\"${id}\"\n\tx=\"\"\n\ty=\"\"\n\tvalidationSuccess=\"\"\n\tvalidationError=\"\"\n\tparseError=\"\"\n\tformatError=\"\">\n\t\t<tooltip><\/tooltip> <!-- sap.ui.core.TooltipBase -->\n\t\t<dependents><\/dependents> <!-- sap.ui.core.Control, since 1.19 -->\n\t\t<tooltip><\/tooltip><!-- sap.ui.core.TooltipBase -->\n\t<customData><\/customData><!-- sap.ui.core.CustomData -->\n\t<layoutData><\/layoutData><!-- sap.ui.core.LayoutData -->\n\t<dependents><\/dependents><!-- sap.ui.core.Control -->\n<\/MicroAreaChartPoint>\n","Deprecated":false,"helpDescription":"This control contains data for the point.","description":"sap.suite.ui.commons.MicroAreaChartPoint","Experimental":false,"prefix":"MicroAreaChartPoint","name":"sap.suite.ui.commons.MicroAreaChartPoint"},{"template":"<MonitoringContent xmlns=\"sap.suite.ui.commons\"\n\tid=\"${id}\"\n\tbusy=\"false\"\n\tbusyIndicatorDelay=\"1000\"\n\tvisible=\"true\"\n\tfieldGroupIds=\"[]\"\n\tvalue=\"\"\n\ticonSrc=\"\"\n\tsize=\"Auto\"\n\tstate=\"Loaded\"\n\tanimateTextChange=\"true\"\n\tvalidationSuccess=\"\"\n\tvalidationError=\"\"\n\tparseError=\"\"\n\tformatError=\"\"\n\tvalidateFieldGroup=\"\"\n\tpress=\"\">\n\t\t<tooltip><\/tooltip> <!-- sap.ui.core.TooltipBase -->\n\t\t<dependents><\/dependents> <!-- sap.ui.core.Control, since 1.19 -->\n\t\t<tooltip><\/tooltip><!-- sap.ui.core.TooltipBase -->\n\t<customData><\/customData><!-- sap.ui.core.CustomData -->\n\t<layoutData><\/layoutData><!-- sap.ui.core.LayoutData -->\n\t<dependents><\/dependents><!-- sap.ui.core.Control -->\n\t<icon><\/icon><!-- sap.ui.core.Icon -->\n<\/MonitoringContent>\n","Deprecated":true,"helpDescription":"<strong style=\"color: red;\">Deprecated! <\/strong>Since 1.25 This control has been deprecated in favor of new sap.suite.ui.commons.NumericContent.<br>This control is used in a tile or any other place to display numeric values and an icon.","description":"sap.suite.ui.commons.MonitoringContent","Experimental":false,"prefix":"MonitoringContent","name":"sap.suite.ui.commons.MonitoringContent"},{"template":"<MonitoringTile xmlns=\"sap.suite.ui.commons\"\n\tid=\"${id}\"\n\tbusy=\"false\"\n\tbusyIndicatorDelay=\"1000\"\n\tvisible=\"true\"\n\tfieldGroupIds=\"[]\"\n\tdescription=\"\"\n\ttitle=\"\"\n\tfooter=\"\"\n\tsize=\"Auto\"\n\tstate=\"Loading\"\n\tvalue=\"\"\n\ticonSrc=\"\"\n\tfooterColor=\"Positive\"\n\tvalidationSuccess=\"\"\n\tvalidationError=\"\"\n\tparseError=\"\"\n\tformatError=\"\"\n\tvalidateFieldGroup=\"\"\n\tpress=\"\">\n\t\t<tooltip><\/tooltip> <!-- sap.ui.core.TooltipBase -->\n\t\t<dependents><\/dependents> <!-- sap.ui.core.Control, since 1.19 -->\n\t\t<tooltip><\/tooltip><!-- sap.ui.core.TooltipBase -->\n\t<customData><\/customData><!-- sap.ui.core.CustomData -->\n\t<layoutData><\/layoutData><!-- sap.ui.core.LayoutData -->\n\t<dependents><\/dependents><!-- sap.ui.core.Control -->\n\t<content><\/content><!-- sap.ui.core.Control -->\n\t<titleText><\/titleText><!-- sap.m.Text -->\n<\/MonitoringTile>\n","Deprecated":true,"helpDescription":"<strong style=\"color: red;\">Deprecated! <\/strong>Since 1.25 This control has been deprecated in favor of new sap.suite.ui.commons.GenericTile.<br>This control is the implementation of the InfoTile to show a numeric value and an icon.","description":"sap.suite.ui.commons.MonitoringTile","Experimental":false,"prefix":"MonitoringTile","name":"sap.suite.ui.commons.MonitoringTile"},{"template":"<NewsContent xmlns=\"sap.suite.ui.commons\"\n\tid=\"${id}\"\n\tbusy=\"false\"\n\tbusyIndicatorDelay=\"1000\"\n\tvisible=\"true\"\n\tfieldGroupIds=\"[]\"\n\tsize=\"Auto\"\n\tcontentText=\"\"\n\tsubheader=\"\"\n\tvalidationSuccess=\"\"\n\tvalidationError=\"\"\n\tparseError=\"\"\n\tformatError=\"\"\n\tvalidateFieldGroup=\"\"\n\tpress=\"\">\n\t\t<tooltip><\/tooltip> <!-- sap.ui.core.TooltipBase -->\n\t\t<dependents><\/dependents> <!-- sap.ui.core.Control, since 1.19 -->\n\t\t<tooltip><\/tooltip><!-- sap.ui.core.TooltipBase -->\n\t<customData><\/customData><!-- sap.ui.core.CustomData -->\n\t<layoutData><\/layoutData><!-- sap.ui.core.LayoutData -->\n\t<dependents><\/dependents><!-- sap.ui.core.Control -->\n\t<contentTextAgr><\/contentTextAgr><!-- sap.m.Text -->\n<\/NewsContent>\n","Deprecated":false,"helpDescription":"This control displays the news content text and subheader in a tile.","description":"sap.suite.ui.commons.NewsContent","Experimental":false,"prefix":"NewsContent","name":"sap.suite.ui.commons.NewsContent"},{"template":"<NoteTaker xmlns=\"sap.suite.ui.commons\"\n\tid=\"${id}\"\n\tbusy=\"false\"\n\tbusyIndicatorDelay=\"1000\"\n\tvisible=\"true\"\n\tfieldGroupIds=\"[]\"\n\tvisibleNotes=\"2\"\n\tcardViewAllTrigger=\"1800\"\n\tfilterCriteria=\"\"\n\tattachmentUploadUrl=\"\"\n\tattachmentName=\"attachment\"\n\tvalidationSuccess=\"\"\n\tvalidationError=\"\"\n\tparseError=\"\"\n\tformatError=\"\"\n\tvalidateFieldGroup=\"\"\n\taddCard=\"\"\n\tdeleteCard=\"\"\n\teditCard=\"\"\n\tattachmentSelect=\"\"\n\tattachmentUploadComplete=\"\"\n\tattachmentDelete=\"\"\n\tattachmentClick=\"\">\n\t\t<tooltip><\/tooltip> <!-- sap.ui.core.TooltipBase -->\n\t\t<dependents><\/dependents> <!-- sap.ui.core.Control, since 1.19 -->\n\t\t<tooltip><\/tooltip><!-- sap.ui.core.TooltipBase -->\n\t<customData><\/customData><!-- sap.ui.core.CustomData -->\n\t<layoutData><\/layoutData><!-- sap.ui.core.LayoutData -->\n\t<dependents><\/dependents><!-- sap.ui.core.Control -->\n\t<cards><\/cards><!-- sap.suite.ui.commons.NoteTakerCard -->\n\t<carousel><\/carousel><!-- sap.ui.commons.Carousel -->\n<\/NoteTaker>\n","Deprecated":true,"helpDescription":"<strong style=\"color: red;\">Deprecated! <\/strong>Since 1.31 Deprecated. Standard Fiori technology should be used.<br>This control allows you to create and store your notes for further reference.","description":"sap.suite.ui.commons.NoteTaker","Experimental":false,"prefix":"NoteTaker","name":"sap.suite.ui.commons.NoteTaker"},{"template":"<NoteTakerCard xmlns=\"sap.suite.ui.commons\"\n\tid=\"${id}\"\n\tbusy=\"false\"\n\tbusyIndicatorDelay=\"1000\"\n\tvisible=\"true\"\n\tfieldGroupIds=\"[]\"\n\theader=\"\"\n\tbody=\"\"\n\ttimestamp=\"???\"\n\ttags=\"[]\"\n\tviewAllTrigger=\"1800\"\n\tuid=\"\"\n\tisFiltered=\"false\"\n\tthumbUp=\"\"\n\tthumbDown=\"\"\n\tallTags=\"[]\"\n\tattachmentFilename=\"\"\n\tattachmentUrl=\"\"\n\tvalidationSuccess=\"\"\n\tvalidationError=\"\"\n\tparseError=\"\"\n\tformatError=\"\"\n\tvalidateFieldGroup=\"\"\n\teditNote=\"\"\n\tdeleteNote=\"\"\n\tattachmentClick=\"\">\n\t\t<tooltip><\/tooltip> <!-- sap.ui.core.TooltipBase -->\n\t\t<dependents><\/dependents> <!-- sap.ui.core.Control, since 1.19 -->\n\t\t<tooltip><\/tooltip><!-- sap.ui.core.TooltipBase -->\n\t<customData><\/customData><!-- sap.ui.core.CustomData -->\n\t<layoutData><\/layoutData><!-- sap.ui.core.LayoutData -->\n\t<dependents><\/dependents><!-- sap.ui.core.Control -->\n<\/NoteTakerCard>\n","Deprecated":true,"helpDescription":"<strong style=\"color: red;\">Deprecated! <\/strong>Since 1.31 Deprecated. Standard Fiori technology should be used.<br>This control allows you to store Note Taker card header and body text.","description":"sap.suite.ui.commons.NoteTakerCard","Experimental":false,"prefix":"NoteTakerCard","name":"sap.suite.ui.commons.NoteTakerCard"},{"template":"<NoteTakerFeeder xmlns=\"sap.suite.ui.commons\"\n\tid=\"${id}\"\n\tbusy=\"false\"\n\tbusyIndicatorDelay=\"1000\"\n\tvisible=\"true\"\n\tfieldGroupIds=\"[]\"\n\tbody=\"\"\n\ttitle=\"\"\n\ttags=\"[]\"\n\tthumbUp=\"\"\n\tthumbDown=\"\"\n\tattachmentUploadUrl=\"\"\n\tattachmentName=\"attachment\"\n\tvalidationSuccess=\"\"\n\tvalidationError=\"\"\n\tparseError=\"\"\n\tformatError=\"\"\n\tvalidateFieldGroup=\"\"\n\taddNote=\"\"\n\tattachmentSelect=\"\"\n\tattachmentUploadComplete=\"\"\n\tattachmentDelete=\"\"\n\tattachmentClick=\"\">\n\t\t<tooltip><\/tooltip> <!-- sap.ui.core.TooltipBase -->\n\t\t<dependents><\/dependents> <!-- sap.ui.core.Control, since 1.19 -->\n\t\t<tooltip><\/tooltip><!-- sap.ui.core.TooltipBase -->\n\t<customData><\/customData><!-- sap.ui.core.CustomData -->\n\t<layoutData><\/layoutData><!-- sap.ui.core.LayoutData -->\n\t<dependents><\/dependents><!-- sap.ui.core.Control -->\n\t<bodyArea><\/bodyArea><!-- sap.ui.core.Control -->\n\t<titleInput><\/titleInput><!-- sap.ui.core.Control -->\n\t<fileUploader><\/fileUploader><!-- sap.ui.core.Control -->\n\t<tagInput><\/tagInput><!-- sap.ui.core.Control -->\n<\/NoteTakerFeeder>\n","Deprecated":true,"helpDescription":"<strong style=\"color: red;\">Deprecated! <\/strong>Since 1.31 Deprecated. Standard Fiori technology should be used.<br>This control allows you to enter a quick note and N note cards.","description":"sap.suite.ui.commons.NoteTakerFeeder","Experimental":false,"prefix":"NoteTakerFeeder","name":"sap.suite.ui.commons.NoteTakerFeeder"},{"template":"<NumericContent xmlns=\"sap.suite.ui.commons\"\n\tid=\"${id}\"\n\tbusy=\"false\"\n\tbusyIndicatorDelay=\"1000\"\n\tvisible=\"true\"\n\tfieldGroupIds=\"[]\"\n\tsize=\"Auto\"\n\tvalue=\"\"\n\tscale=\"\"\n\tvalueColor=\"Neutral\"\n\tindicator=\"None\"\n\tstate=\"Loaded\"\n\tanimateTextChange=\"true\"\n\tformatterValue=\"false\"\n\ttruncateValueTo=\"4\"\n\ticon=\"\"\n\tnullifyValue=\"true\"\n\ticonDescription=\"\"\n\twidth=\"\"\n\twithMargin=\"true\"\n\tvalidationSuccess=\"\"\n\tvalidationError=\"\"\n\tparseError=\"\"\n\tformatError=\"\"\n\tvalidateFieldGroup=\"\"\n\tpress=\"\">\n\t\t<tooltip><\/tooltip> <!-- sap.ui.core.TooltipBase -->\n\t\t<dependents><\/dependents> <!-- sap.ui.core.Control, since 1.19 -->\n\t\t<tooltip><\/tooltip><!-- sap.ui.core.TooltipBase -->\n\t<customData><\/customData><!-- sap.ui.core.CustomData -->\n\t<layoutData><\/layoutData><!-- sap.ui.core.LayoutData -->\n\t<dependents><\/dependents><!-- sap.ui.core.Control -->\n<\/NumericContent>\n","Deprecated":false,"helpDescription":"NumericContent to be used in tile or in other place where need to show numeric values with sematic colors and deviations.","description":"sap.suite.ui.commons.NumericContent","Experimental":false,"prefix":"NumericContent","name":"sap.suite.ui.commons.NumericContent"},{"template":"<NumericTile xmlns=\"sap.suite.ui.commons\"\n\tid=\"${id}\"\n\tbusy=\"false\"\n\tbusyIndicatorDelay=\"1000\"\n\tvisible=\"true\"\n\tfieldGroupIds=\"[]\"\n\tdescription=\"\"\n\ttitle=\"\"\n\tfooter=\"\"\n\tsize=\"Auto\"\n\tstate=\"Loading\"\n\tvalue=\"\"\n\tscale=\"\"\n\tunit=\"\"\n\tvalueColor=\"\"\n\tindicator=\"None\"\n\tvalidationSuccess=\"\"\n\tvalidationError=\"\"\n\tparseError=\"\"\n\tformatError=\"\"\n\tvalidateFieldGroup=\"\"\n\tpress=\"\">\n\t\t<tooltip><\/tooltip> <!-- sap.ui.core.TooltipBase -->\n\t\t<dependents><\/dependents> <!-- sap.ui.core.Control, since 1.19 -->\n\t\t<tooltip><\/tooltip><!-- sap.ui.core.TooltipBase -->\n\t<customData><\/customData><!-- sap.ui.core.CustomData -->\n\t<layoutData><\/layoutData><!-- sap.ui.core.LayoutData -->\n\t<dependents><\/dependents><!-- sap.ui.core.Control -->\n\t<content><\/content><!-- sap.ui.core.Control -->\n\t<titleText><\/titleText><!-- sap.m.Text -->\n<\/NumericTile>\n","Deprecated":true,"helpDescription":"<strong style=\"color: red;\">Deprecated! <\/strong>Since 1.25 This control has been deprecated in favor of new sap.suite.ui.commons.GenericTile.<br>This control is the implementation of the InfoTile to show a numeric value.","description":"sap.suite.ui.commons.NumericTile","Experimental":false,"prefix":"NumericTile","name":"sap.suite.ui.commons.NumericTile"},{"template":"<PictureZoomIn xmlns=\"sap.suite.ui.commons\"\n\tid=\"${id}\"\n\tbusy=\"false\"\n\tbusyIndicatorDelay=\"1000\"\n\tvisible=\"true\"\n\tfieldGroupIds=\"[]\"\n\tdescription=\"\"\n\timageSrc=\"\"\n\tvalidationSuccess=\"\"\n\tvalidationError=\"\"\n\tparseError=\"\"\n\tformatError=\"\"\n\tvalidateFieldGroup=\"\">\n\t\t<tooltip><\/tooltip> <!-- sap.ui.core.TooltipBase -->\n\t\t<dependents><\/dependents> <!-- sap.ui.core.Control, since 1.19 -->\n\t\t<tooltip><\/tooltip><!-- sap.ui.core.TooltipBase -->\n\t<customData><\/customData><!-- sap.ui.core.CustomData -->\n\t<layoutData><\/layoutData><!-- sap.ui.core.LayoutData -->\n\t<dependents><\/dependents><!-- sap.ui.core.Control -->\n\t<busyIndicator><\/busyIndicator><!-- sap.ui.core.Control -->\n<\/PictureZoomIn>\n","Deprecated":false,"helpDescription":"<strong style=\"color: red;\">Experimental! <\/strong>","description":"sap.suite.ui.commons.PictureZoomIn","Experimental":true,"prefix":"PictureZoomIn","name":"sap.suite.ui.commons.PictureZoomIn"},{"template":"<ProcessFlow xmlns=\"sap.suite.ui.commons\"\n\tid=\"${id}\"\n\tbusy=\"false\"\n\tbusyIndicatorDelay=\"1000\"\n\tvisible=\"true\"\n\tfieldGroupIds=\"[]\"\n\tfoldedCorners=\"false\"\n\tscrollable=\"true\"\n\twheelZoomable=\"true\"\n\tshowLabels=\"false\"\n\tvalidationSuccess=\"\"\n\tvalidationError=\"\"\n\tparseError=\"\"\n\tformatError=\"\"\n\tvalidateFieldGroup=\"\"\n\tnodeTitlePress=\"\"\n\tnodePress=\"\"\n\tlabelPress=\"\"\n\theaderPress=\"\"\n\tonError=\"\">\n\t\t<tooltip><\/tooltip> <!-- sap.ui.core.TooltipBase -->\n\t\t<dependents><\/dependents> <!-- sap.ui.core.Control, since 1.19 -->\n\t\t<tooltip><\/tooltip><!-- sap.ui.core.TooltipBase -->\n\t<customData><\/customData><!-- sap.ui.core.CustomData -->\n\t<layoutData><\/layoutData><!-- sap.ui.core.LayoutData -->\n\t<dependents><\/dependents><!-- sap.ui.core.Control -->\n\t<_connections><\/_connections><!-- sap.suite.ui.commons.ProcessFlowConnection -->\n\t<nodes><\/nodes><!-- sap.suite.ui.commons.ProcessFlowNode -->\n\t<lanes><\/lanes><!-- sap.suite.ui.commons.ProcessFlowLaneHeader -->\n<\/ProcessFlow>\n","Deprecated":false,"helpDescription":"Complex control that enables you to display documents or other items in their flow.","description":"sap.suite.ui.commons.ProcessFlow","Experimental":false,"prefix":"ProcessFlow","name":"sap.suite.ui.commons.ProcessFlow"},{"template":"<ProcessFlowConnection xmlns=\"sap.suite.ui.commons\"\n\tid=\"${id}\"\n\tbusy=\"false\"\n\tbusyIndicatorDelay=\"1000\"\n\tvisible=\"true\"\n\tfieldGroupIds=\"[]\"\n\tdrawData=\"\"\n\tzoomLevel=\"Two\"\n\ttype=\"Normal\"\n\tstate=\"Regular\"\n\tvalidationSuccess=\"\"\n\tvalidationError=\"\"\n\tparseError=\"\"\n\tformatError=\"\"\n\tvalidateFieldGroup=\"\">\n\t\t<tooltip><\/tooltip> <!-- sap.ui.core.TooltipBase -->\n\t\t<dependents><\/dependents> <!-- sap.ui.core.Control, since 1.19 -->\n\t\t<tooltip><\/tooltip><!-- sap.ui.core.TooltipBase -->\n\t<customData><\/customData><!-- sap.ui.core.CustomData -->\n\t<layoutData><\/layoutData><!-- sap.ui.core.LayoutData -->\n\t<dependents><\/dependents><!-- sap.ui.core.Control -->\n\t<_labels><\/_labels><!-- sap.suite.ui.commons.ProcessFlowConnectionLabel -->\n<\/ProcessFlowConnection>\n","Deprecated":false,"helpDescription":"This control is used inside the ProcessFlow control to connect process flow node A with process flow node B in respect to the style(x) chosen by the application.","description":"sap.suite.ui.commons.ProcessFlowConnection","Experimental":false,"prefix":"ProcessFlowConnection","name":"sap.suite.ui.commons.ProcessFlowConnection"},{"template":"<ProcessFlowConnectionLabel xmlns=\"sap.suite.ui.commons\"\n\tid=\"${id}\"\n\tbusy=\"false\"\n\tbusyIndicatorDelay=\"1000\"\n\tvisible=\"true\"\n\tfieldGroupIds=\"[]\"\n\ttext=\"\"\n\ttype=\"Default\"\n\twidth=\"\"\n\tenabled=\"true\"\n\ticon=\"\"\n\ticonFirst=\"true\"\n\tactiveIcon=\"\"\n\ticonDensityAware=\"true\"\n\ttextDirection=\"Inherit\"\n\tpriority=\"0\"\n\tstate=\"Neutral\"\n\tvalidationSuccess=\"\"\n\tvalidationError=\"\"\n\tparseError=\"\"\n\tformatError=\"\"\n\tvalidateFieldGroup=\"\"\n\ttap=\"\"\n\tpress=\"\">\n\t\t<tooltip><\/tooltip> <!-- sap.ui.core.TooltipBase -->\n\t\t<dependents><\/dependents> <!-- sap.ui.core.Control, since 1.19 -->\n\t\t<tooltip><\/tooltip><!-- sap.ui.core.TooltipBase -->\n\t<customData><\/customData><!-- sap.ui.core.CustomData -->\n\t<layoutData><\/layoutData><!-- sap.ui.core.LayoutData -->\n\t<dependents><\/dependents><!-- sap.ui.core.Control -->\n<\/ProcessFlowConnectionLabel>\n","Deprecated":false,"helpDescription":"This control is used inside the ProcessFlow control providing information on connections.","description":"sap.suite.ui.commons.ProcessFlowConnectionLabel","Experimental":false,"prefix":"ProcessFlowConnectionLabel","name":"sap.suite.ui.commons.ProcessFlowConnectionLabel"},{"template":"<ProcessFlowLaneHeader xmlns=\"sap.suite.ui.commons\"\n\tid=\"${id}\"\n\tbusy=\"false\"\n\tbusyIndicatorDelay=\"1000\"\n\tvisible=\"true\"\n\tfieldGroupIds=\"[]\"\n\ttext=\"\"\n\ticonSrc=\"\"\n\tposition=\"\"\n\tlaneId=\"\"\n\tstate=\"\"\n\tzoomLevel=\"\"\n\tvalidationSuccess=\"\"\n\tvalidationError=\"\"\n\tparseError=\"\"\n\tformatError=\"\"\n\tvalidateFieldGroup=\"\"\n\tpress=\"\">\n\t\t<tooltip><\/tooltip> <!-- sap.ui.core.TooltipBase -->\n\t\t<dependents><\/dependents> <!-- sap.ui.core.Control, since 1.19 -->\n\t\t<tooltip><\/tooltip><!-- sap.ui.core.TooltipBase -->\n\t<customData><\/customData><!-- sap.ui.core.CustomData -->\n\t<layoutData><\/layoutData><!-- sap.ui.core.LayoutData -->\n\t<dependents><\/dependents><!-- sap.ui.core.Control -->\n<\/ProcessFlowLaneHeader>\n","Deprecated":false,"helpDescription":"This control gives you an overview of documents/items used in a process flow. The process flow is represented by the doughnut chart sections which are colored according to the documents\u2019 status(es). This control can be used in two different ways. If you use it standalone, an event is fired and can be caught in to display the node map. If you use it with the node/document, it gives you an overview of the documents/items used in the process flow that is represented by the doughnut chart sections.","description":"sap.suite.ui.commons.ProcessFlowLaneHeader","Experimental":false,"prefix":"ProcessFlowLaneHeader","name":"sap.suite.ui.commons.ProcessFlowLaneHeader"},{"template":"<ProcessFlowNode xmlns=\"sap.suite.ui.commons\"\n\tid=\"${id}\"\n\tbusy=\"false\"\n\tbusyIndicatorDelay=\"1000\"\n\tvisible=\"true\"\n\tfieldGroupIds=\"[]\"\n\ttitle=\"\"\n\tisTitleClickable=\"false\"\n\tlaneId=\"\"\n\tnodeId=\"\"\n\tstate=\"Neutral\"\n\ttype=\"Single\"\n\tchildren=\"\"\n\ttitleAbbreviation=\"\"\n\tstateText=\"\"\n\ttexts=\"\"\n\thighlighted=\"false\"\n\tfocused=\"false\"\n\ttag=\"\"\n\tselected=\"false\"\n\tvalidationSuccess=\"\"\n\tvalidationError=\"\"\n\tparseError=\"\"\n\tformatError=\"\"\n\tvalidateFieldGroup=\"\"\n\ttitlePress=\"\"\n\tpress=\"\">\n\t\t<tooltip><\/tooltip> <!-- sap.ui.core.TooltipBase -->\n\t\t<dependents><\/dependents> <!-- sap.ui.core.Control, since 1.19 -->\n\t\t<tooltip><\/tooltip><!-- sap.ui.core.TooltipBase -->\n\t<customData><\/customData><!-- sap.ui.core.CustomData -->\n\t<layoutData><\/layoutData><!-- sap.ui.core.LayoutData -->\n\t<dependents><\/dependents><!-- sap.ui.core.Control -->\n<\/ProcessFlowNode>\n","Deprecated":false,"helpDescription":"This control enables you to see documents (or other items) in respect to their statuses \u2013 positive, negative, neutral, planned, planned negative. In addition to the node title (which can be optionally a hyperlink) also two other text fields are provided and can be filled. The process flow nodes consider all styles depending on the status they are in. The user can update or change the content of the node. The content of the node can be also filtered according to updated data and specific parameters set. This means that also the node\u2019s style is affected.","description":"sap.suite.ui.commons.ProcessFlowNode","Experimental":false,"prefix":"ProcessFlowNode","name":"sap.suite.ui.commons.ProcessFlowNode"},{"template":"<RepeaterViewConfiguration xmlns=\"sap.suite.ui.commons\"\n\tid=\"${id}\"\n\tbusy=\"false\"\n\tbusyIndicatorDelay=\"1000\"\n\tvisible=\"true\"\n\tfieldGroupIds=\"[]\"\n\ttitle=\"\"\n\ticon=\"\"\n\ticonHovered=\"\"\n\tpath=\"\"\n\titemMinWidth=\"-1\"\n\tnumberOfTiles=\"-1\"\n\tresponsive=\"false\"\n\texternal=\"false\"\n\ticonSelected=\"\"\n\titemHeight=\"\"\n\tvalidationSuccess=\"\"\n\tvalidationError=\"\"\n\tparseError=\"\"\n\tformatError=\"\"\n\tvalidateFieldGroup=\"\">\n\t\t<tooltip><\/tooltip> <!-- sap.ui.core.TooltipBase -->\n\t\t<dependents><\/dependents> <!-- sap.ui.core.Control, since 1.19 -->\n\t\t<tooltip><\/tooltip><!-- sap.ui.core.TooltipBase -->\n\t<customData><\/customData><!-- sap.ui.core.CustomData -->\n\t<layoutData><\/layoutData><!-- sap.ui.core.LayoutData -->\n\t<dependents><\/dependents><!-- sap.ui.core.Control -->\n\t<template><\/template><!-- sap.ui.core.Control -->\n\t<externalRepresentation><\/externalRepresentation><!-- sap.ui.core.Control -->\n<\/RepeaterViewConfiguration>\n","Deprecated":true,"helpDescription":"<strong style=\"color: red;\">Deprecated! <\/strong>Since 1.31 Deprecated. Standard Fiori technology should be used.<br>A configuration control defining how the content of the sap.suite.ui.commons.ViewRepeater control is displayed and what data is bound.","description":"sap.suite.ui.commons.RepeaterViewConfiguration","Experimental":false,"prefix":"RepeaterViewConfiguration","name":"sap.suite.ui.commons.RepeaterViewConfiguration"},{"template":"<SplitButton xmlns=\"sap.suite.ui.commons\"\n\tid=\"${id}\"\n\tbusy=\"false\"\n\tbusyIndicatorDelay=\"1000\"\n\tvisible=\"true\"\n\tfieldGroupIds=\"[]\"\n\tvisible=\"true\"\n\tenabled=\"true\"\n\tlite=\"false\"\n\tstyle=\"Default\"\n\tstyled=\"true\"\n\ticonFirst=\"true\"\n\ttext=\"\"\n\ticon=\"\"\n\tvalidationSuccess=\"\"\n\tvalidationError=\"\"\n\tparseError=\"\"\n\tformatError=\"\"\n\tvalidateFieldGroup=\"\">\n\t\t<tooltip><\/tooltip> <!-- sap.ui.core.TooltipBase -->\n\t\t<dependents><\/dependents> <!-- sap.ui.core.Control, since 1.19 -->\n\t\t<tooltip><\/tooltip><!-- sap.ui.core.TooltipBase -->\n\t<customData><\/customData><!-- sap.ui.core.CustomData -->\n\t<layoutData><\/layoutData><!-- sap.ui.core.LayoutData -->\n\t<dependents><\/dependents><!-- sap.ui.core.Control -->\n\t<menu><\/menu><!-- sap.ui.commons.Menu -->\n<\/SplitButton>\n","Deprecated":false,"helpDescription":"The Split Button Control is a composite control that consists of a default-action Button and a Menu Button control.\nThe default-action button control represents a simple push button. It is used for initiating actions, such as save or print. It can contain some text, an icon, or both; the order of the two can be configured. The action initiated by this button is considered to be the default action for the control, and it must be one of the selections defined in the Menu Button menu.\nThe Menu Button control is a button that opens a menu upon user's click. MenuButton is a composition of the Menu control and the Button control and thus inheriting all features. When a menu item is selected by the user, MenuButton throws an event called itemSelected. The event transfers the itemId of the selected item. As an alternative, the button press event can be used which has a similar behavior.","description":"sap.suite.ui.commons.SplitButton","Experimental":false,"prefix":"SplitButton","name":"sap.suite.ui.commons.SplitButton"},{"template":"<TargetFilter xmlns=\"sap.suite.ui.commons\"\n\tid=\"${id}\"\n\tbusy=\"false\"\n\tbusyIndicatorDelay=\"1000\"\n\tvisible=\"true\"\n\tfieldGroupIds=\"[]\"\n\tentitySet=\"\"\n\tvalidationSuccess=\"\"\n\tvalidationError=\"\"\n\tparseError=\"\"\n\tformatError=\"\"\n\tvalidateFieldGroup=\"\"\n\tsearch=\"\"\n\tfilterChange=\"\"\n\tcancel=\"\">\n\t\t<tooltip><\/tooltip> <!-- sap.ui.core.TooltipBase -->\n\t\t<dependents><\/dependents> <!-- sap.ui.core.Control, since 1.19 -->\n\t\t<tooltip><\/tooltip><!-- sap.ui.core.TooltipBase -->\n\t<customData><\/customData><!-- sap.ui.core.CustomData -->\n\t<layoutData><\/layoutData><!-- sap.ui.core.LayoutData -->\n\t<dependents><\/dependents><!-- sap.ui.core.Control -->\n\t<columns><\/columns><!-- sap.suite.ui.commons.TargetFilterColumn -->\n\t<_countDisplay><\/_countDisplay><!-- sap.ui.core.Control -->\n\t<_quad0><\/_quad0><!-- sap.ui.core.Control -->\n\t<_quad1><\/_quad1><!-- sap.ui.core.Control -->\n\t<_quad2><\/_quad2><!-- sap.ui.core.Control -->\n\t<_quad3><\/_quad3><!-- sap.ui.core.Control -->\n\t<measureColumn><\/measureColumn><!-- sap.suite.ui.commons.TargetFilterMeasureColumn -->\n<\/TargetFilter>\n","Deprecated":false,"helpDescription":"<strong style=\"color: red;\">Experimental! <\/strong>","description":"sap.suite.ui.commons.TargetFilter","Experimental":true,"prefix":"TargetFilter","name":"sap.suite.ui.commons.TargetFilter"},{"template":"<TargetFilterColumn xmlns=\"sap.suite.ui.commons\"\n\tid=\"${id}\"\n\tpath=\"\"\n\ttitle=\"\"\n\tlength=\"10\"\n\ttype=\"\"\n\tvalidationSuccess=\"\"\n\tvalidationError=\"\"\n\tparseError=\"\"\n\tformatError=\"\">\n\t\t<tooltip><\/tooltip> <!-- sap.ui.core.TooltipBase -->\n\t\t<dependents><\/dependents> <!-- sap.ui.core.Control, since 1.19 -->\n\t\t<tooltip><\/tooltip><!-- sap.ui.core.TooltipBase -->\n\t<customData><\/customData><!-- sap.ui.core.CustomData -->\n\t<layoutData><\/layoutData><!-- sap.ui.core.LayoutData -->\n\t<dependents><\/dependents><!-- sap.ui.core.Control -->\n<\/TargetFilterColumn>\n","Deprecated":false,"helpDescription":"The configuration element for the column in the TargetFilter control.","description":"sap.suite.ui.commons.TargetFilterColumn","Experimental":false,"prefix":"TargetFilterColumn","name":"sap.suite.ui.commons.TargetFilterColumn"},{"template":"<TargetFilterMeasureColumn xmlns=\"sap.suite.ui.commons\"\n\tid=\"${id}\"\n\tpath=\"\"\n\ttype=\"\"\n\tvalidationSuccess=\"\"\n\tvalidationError=\"\"\n\tparseError=\"\"\n\tformatError=\"\">\n\t\t<tooltip><\/tooltip> <!-- sap.ui.core.TooltipBase -->\n\t\t<dependents><\/dependents> <!-- sap.ui.core.Control, since 1.19 -->\n\t\t<tooltip><\/tooltip><!-- sap.ui.core.TooltipBase -->\n\t<customData><\/customData><!-- sap.ui.core.CustomData -->\n\t<layoutData><\/layoutData><!-- sap.ui.core.LayoutData -->\n\t<dependents><\/dependents><!-- sap.ui.core.Control -->\n<\/TargetFilterMeasureColumn>\n","Deprecated":false,"helpDescription":"The configuration element for the measure column in the TargetFilter control.","description":"sap.suite.ui.commons.TargetFilterMeasureColumn","Experimental":false,"prefix":"TargetFilterMeasureColumn","name":"sap.suite.ui.commons.TargetFilterMeasureColumn"},{"template":"<ThingCollection xmlns=\"sap.suite.ui.commons\"\n\tid=\"${id}\"\n\tbusy=\"false\"\n\tbusyIndicatorDelay=\"1000\"\n\tvisible=\"true\"\n\tfieldGroupIds=\"[]\"\n\twidth=\"100%\"\n\theight=\"100%\"\n\tminWidth=\"\"\n\tminHeight=\"\"\n\tvalidationSuccess=\"\"\n\tvalidationError=\"\"\n\tparseError=\"\"\n\tformatError=\"\"\n\tvalidateFieldGroup=\"\">\n\t\t<tooltip><\/tooltip> <!-- sap.ui.core.TooltipBase -->\n\t\t<dependents><\/dependents> <!-- sap.ui.core.Control, since 1.19 -->\n\t\t<tooltip><\/tooltip><!-- sap.ui.core.TooltipBase -->\n\t<customData><\/customData><!-- sap.ui.core.CustomData -->\n\t<layoutData><\/layoutData><!-- sap.ui.core.LayoutData -->\n\t<dependents><\/dependents><!-- sap.ui.core.Control -->\n\t<content><\/content><!-- sap.ui.ux3.ThingViewer -->\n<\/ThingCollection>\n","Deprecated":true,"helpDescription":"<strong style=\"color: red;\">Deprecated! <\/strong>Since 1.31 Deprecated. Object page should be used instead.<br>This control contains a collection of the sap.ui.ux3.ThingViewer controls or descendants of sap.ui.ux3.ThingViewer. It allows you to navigate through them as well as delete them from the collection.","description":"sap.suite.ui.commons.ThingCollection","Experimental":false,"prefix":"ThingCollection","name":"sap.suite.ui.commons.ThingCollection"},{"template":"<ThreePanelThingInspector xmlns=\"sap.suite.ui.commons\"\n\tid=\"${id}\"\n\tbusy=\"false\"\n\tbusyIndicatorDelay=\"1000\"\n\tvisible=\"true\"\n\tfieldGroupIds=\"[]\"\n\topenButtonVisible=\"true\"\n\tcloseButtonVisible=\"true\"\n\tfirstTitle=\"\"\n\ttype=\"\"\n\ticon=\"\"\n\tsecondTitle=\"\"\n\tfollowState=\"Default\"\n\tflagState=\"false\"\n\tfavoriteState=\"false\"\n\tfavoriteActionEnabled=\"true\"\n\tupdateActionEnabled=\"true\"\n\tfollowActionEnabled=\"true\"\n\tflagActionEnabled=\"true\"\n\theaderType=\"Standard\"\n\tshowHeader=\"true\"\n\tlogo=\"\"\n\tsidebarWidth=\"224px\"\n\tvalidationSuccess=\"\"\n\tvalidationError=\"\"\n\tparseError=\"\"\n\tformatError=\"\"\n\tvalidateFieldGroup=\"\"\n\tclose=\"\"\n\tclosed=\"\"\n\topenNew=\"\"\n\topen=\"\"\n\tactionSelected=\"\"\n\tfacetSelected=\"\"\n\tfeedSubmit=\"\">\n\t\t<tooltip><\/tooltip> <!-- sap.ui.core.TooltipBase -->\n\t\t<dependents><\/dependents> <!-- sap.ui.core.Control, since 1.19 -->\n\t\t<tooltip><\/tooltip><!-- sap.ui.core.TooltipBase -->\n\t<customData><\/customData><!-- sap.ui.core.CustomData -->\n\t<layoutData><\/layoutData><!-- sap.ui.core.LayoutData -->\n\t<dependents><\/dependents><!-- sap.ui.core.Control -->\n\t<actions><\/actions><!-- sap.ui.ux3.ThingAction -->\n\t<headerContent><\/headerContent><!-- sap.ui.ux3.ThingGroup -->\n\t<facets><\/facets><!-- sap.ui.ux3.NavigationItem -->\n\t<facetContent><\/facetContent><!-- sap.ui.ux3.ThingGroup -->\n\t<actionBar><\/actionBar><!-- sap.ui.ux3.ActionBar -->\n\t<thingViewer><\/thingViewer><!-- sap.ui.ux3.ThingViewer -->\n\t<menuContent><\/menuContent><!-- sap.ui.commons.Link -->\n<\/ThreePanelThingInspector>\n","Deprecated":true,"helpDescription":"<strong style=\"color: red;\">Deprecated! <\/strong>Since 1.31 Deprecated. Object page should be used instead.<br>This control extends the sap.ui.ux3.ThingInspector control. It displays the sap.suite.ui.commons.ThreePanelThingViewer control in the sap.ui.ux3.Overlay control.","description":"sap.suite.ui.commons.ThreePanelThingInspector","Experimental":false,"prefix":"ThreePanelThingInspector","name":"sap.suite.ui.commons.ThreePanelThingInspector"},{"template":"<ThreePanelThingViewer xmlns=\"sap.suite.ui.commons\"\n\tid=\"${id}\"\n\tbusy=\"false\"\n\tbusyIndicatorDelay=\"1000\"\n\tvisible=\"true\"\n\tfieldGroupIds=\"[]\"\n\ttitle=\"\"\n\ttype=\"\"\n\ticon=\"\"\n\tsubtitle=\"\"\n\twidth=\"100%\"\n\theight=\"100%\"\n\theaderType=\"Standard\"\n\tlogo=\"\"\n\tshowHeader=\"\"\n\tsidebarWidth=\"244px\"\n\tvalidationSuccess=\"\"\n\tvalidationError=\"\"\n\tparseError=\"\"\n\tformatError=\"\"\n\tvalidateFieldGroup=\"\"\n\tfacetSelected=\"\">\n\t\t<tooltip><\/tooltip> <!-- sap.ui.core.TooltipBase -->\n\t\t<dependents><\/dependents> <!-- sap.ui.core.Control, since 1.19 -->\n\t\t<tooltip><\/tooltip><!-- sap.ui.core.TooltipBase -->\n\t<customData><\/customData><!-- sap.ui.core.CustomData -->\n\t<layoutData><\/layoutData><!-- sap.ui.core.LayoutData -->\n\t<dependents><\/dependents><!-- sap.ui.core.Control -->\n\t<headerContent><\/headerContent><!-- sap.ui.ux3.ThingGroup -->\n\t<facets><\/facets><!-- sap.ui.ux3.NavigationItem -->\n\t<facetContent><\/facetContent><!-- sap.ui.ux3.ThingGroup -->\n\t<actionBar><\/actionBar><!-- sap.ui.ux3.ActionBar -->\n\t<navBar><\/navBar><!-- sap.ui.ux3.NavigationBar -->\n\t<menuContent><\/menuContent><!-- sap.ui.commons.Link -->\n<\/ThreePanelThingViewer>\n","Deprecated":true,"helpDescription":"<strong style=\"color: red;\">Deprecated! <\/strong>Since 1.31 Deprecated. Object page should be used instead.<br>This control extends the sap.ui.ux3.ThingViewer control. The first panel can display a thing icon, a title, the Action Menu button, up to two rows of text descriptions (the first is wrapped, the second is truncated), vertical navigation bar (sap.suite.ui.commons.VerticalNavigationBar), and an image aka key visual. The second panel displays the header area as a vertical panel containing ThingGroup objects. The third panel is a main content area designed to display ThingGroup objects.","description":"sap.suite.ui.commons.ThreePanelThingViewer","Experimental":false,"prefix":"ThreePanelThingViewer","name":"sap.suite.ui.commons.ThreePanelThingViewer"},{"template":"<TileContent xmlns=\"sap.suite.ui.commons\"\n\tid=\"${id}\"\n\tbusy=\"false\"\n\tbusyIndicatorDelay=\"1000\"\n\tvisible=\"true\"\n\tfieldGroupIds=\"[]\"\n\tfooter=\"\"\n\tsize=\"Auto\"\n\tunit=\"\"\n\tdisabled=\"false\"\n\tframeType=\"Auto\"\n\tvalidationSuccess=\"\"\n\tvalidationError=\"\"\n\tparseError=\"\"\n\tformatError=\"\"\n\tvalidateFieldGroup=\"\">\n\t\t<tooltip><\/tooltip> <!-- sap.ui.core.TooltipBase -->\n\t\t<dependents><\/dependents> <!-- sap.ui.core.Control, since 1.19 -->\n\t\t<tooltip><\/tooltip><!-- sap.ui.core.TooltipBase -->\n\t<customData><\/customData><!-- sap.ui.core.CustomData -->\n\t<layoutData><\/layoutData><!-- sap.ui.core.LayoutData -->\n\t<dependents><\/dependents><!-- sap.ui.core.Control -->\n\t<content><\/content><!-- sap.ui.core.Control -->\n<\/TileContent>\n","Deprecated":false,"helpDescription":"This control serves a universal container for different types of content and footer.","description":"sap.suite.ui.commons.TileContent","Experimental":false,"prefix":"TileContent","name":"sap.suite.ui.commons.TileContent"},{"template":"<TileContent2X2 xmlns=\"sap.suite.ui.commons\"\n\tid=\"${id}\"\n\tbusy=\"false\"\n\tbusyIndicatorDelay=\"1000\"\n\tvisible=\"true\"\n\tfieldGroupIds=\"[]\"\n\tfooter=\"\"\n\tsize=\"Auto\"\n\tunit=\"\"\n\tdisabled=\"false\"\n\tvalidationSuccess=\"\"\n\tvalidationError=\"\"\n\tparseError=\"\"\n\tformatError=\"\"\n\tvalidateFieldGroup=\"\">\n\t\t<tooltip><\/tooltip> <!-- sap.ui.core.TooltipBase -->\n\t\t<dependents><\/dependents> <!-- sap.ui.core.Control, since 1.19 -->\n\t\t<tooltip><\/tooltip><!-- sap.ui.core.TooltipBase -->\n\t<customData><\/customData><!-- sap.ui.core.CustomData -->\n\t<layoutData><\/layoutData><!-- sap.ui.core.LayoutData -->\n\t<dependents><\/dependents><!-- sap.ui.core.Control -->\n\t<content><\/content><!-- sap.ui.core.Control -->\n<\/TileContent2X2>\n","Deprecated":false,"helpDescription":"<strong style=\"color: red;\">Experimental! <\/strong>","description":"sap.suite.ui.commons.TileContent2X2","Experimental":true,"prefix":"TileContent2X2","name":"sap.suite.ui.commons.TileContent2X2"},{"template":"<Timeline xmlns=\"sap.suite.ui.commons\"\n\tid=\"${id}\"\n\tbusy=\"false\"\n\tbusyIndicatorDelay=\"1000\"\n\tvisible=\"true\"\n\tfieldGroupIds=\"[]\"\n\tdata=\"\"\n\tsortOldestFirst=\"false\"\n\taxisOrientation=\"Vertical\"\n\talignment=\"Right\"\n\tshowIcons=\"true\"\n\tnoDataText=\"\"\n\twidth=\"100%\"\n\tenableBusyIndicator=\"true\"\n\tshowHeaderBar=\"true\"\n\tgrowing=\"true\"\n\tgrowingThreshold=\"5\"\n\tvisible=\"true\"\n\tenableBackendFilter=\"false\"\n\tenableAllInFilterItem=\"true\"\n\tenableSocial=\"false\"\n\tshowSuggestion=\"true\"\n\tenableScroll=\"true\"\n\tforceGrowing=\"false\"\n\tsort=\"true\"\n\tvalidationSuccess=\"\"\n\tvalidationError=\"\"\n\tparseError=\"\"\n\tformatError=\"\"\n\tvalidateFieldGroup=\"\"\n\tfilterSelectionChange=\"\"\n\tselect=\"\"\n\taddPost=\"\"\n\tsuggest=\"\"\n\tsuggestionItemSelected=\"\"\n\tgrow=\"\"\n\tfilterOpen=\"\">\n\t\t<tooltip><\/tooltip> <!-- sap.ui.core.TooltipBase -->\n\t\t<dependents><\/dependents> <!-- sap.ui.core.Control, since 1.19 -->\n\t\t<tooltip><\/tooltip><!-- sap.ui.core.TooltipBase -->\n\t<customData><\/customData><!-- sap.ui.core.CustomData -->\n\t<layoutData><\/layoutData><!-- sap.ui.core.LayoutData -->\n\t<dependents><\/dependents><!-- sap.ui.core.Control -->\n\t<content><\/content><!-- sap.suite.ui.commons.TimelineItem -->\n\t<filterList><\/filterList><!-- sap.suite.ui.commons.TimelineFilterListItem -->\n\t<suggestionItems><\/suggestionItems><!-- sap.m.StandardListItem -->\n\t<customFilter><\/customFilter><!-- sap.ui.core.Control -->\n<\/Timeline>\n","Deprecated":false,"helpDescription":"Timeline Control for sFin.","description":"sap.suite.ui.commons.Timeline","Experimental":false,"prefix":"Timeline","name":"sap.suite.ui.commons.Timeline"},{"template":"<TimelineFilterListItem xmlns=\"sap.suite.ui.commons\"\n\tid=\"${id}\"\n\tbusy=\"false\"\n\tbusyIndicatorDelay=\"1000\"\n\tvisible=\"true\"\n\tfieldGroupIds=\"[]\"\n\tkey=\"\"\n\ttext=\"\"\n\tvalidationSuccess=\"\"\n\tvalidationError=\"\"\n\tparseError=\"\"\n\tformatError=\"\"\n\tvalidateFieldGroup=\"\">\n\t\t<tooltip><\/tooltip> <!-- sap.ui.core.TooltipBase -->\n\t\t<dependents><\/dependents> <!-- sap.ui.core.Control, since 1.19 -->\n\t\t<tooltip><\/tooltip><!-- sap.ui.core.TooltipBase -->\n\t<customData><\/customData><!-- sap.ui.core.CustomData -->\n\t<layoutData><\/layoutData><!-- sap.ui.core.LayoutData -->\n\t<dependents><\/dependents><!-- sap.ui.core.Control -->\n<\/TimelineFilterListItem>\n","Deprecated":false,"helpDescription":"Provides Filter List Item for Timeline Control","description":"sap.suite.ui.commons.TimelineFilterListItem","Experimental":false,"prefix":"TimelineFilterListItem","name":"sap.suite.ui.commons.TimelineFilterListItem"},{"template":"<TimelineItem xmlns=\"sap.suite.ui.commons\"\n\tid=\"${id}\"\n\tbusy=\"false\"\n\tbusyIndicatorDelay=\"1000\"\n\tvisible=\"true\"\n\tfieldGroupIds=\"[]\"\n\tdateTime=\"\"\n\tuserName=\"\"\n\ttitle=\"\"\n\ttext=\"\"\n\ticon=\"\"\n\tfilterValue=\"\"\n\tuserNameClickable=\"false\"\n\tuserPicture=\"\"\n\treplyCount=\"\"\n\tmaxCharacters=\"\"\n\tvalidationSuccess=\"\"\n\tvalidationError=\"\"\n\tparseError=\"\"\n\tformatError=\"\"\n\tvalidateFieldGroup=\"\"\n\tuserNameClicked=\"\"\n\treplyPost=\"\"\n\treplyListOpen=\"\"\n\tcustomActionClicked=\"\"\n\tsuggest=\"\"\n\tsuggestionItemSelected=\"\">\n\t\t<tooltip><\/tooltip> <!-- sap.ui.core.TooltipBase -->\n\t\t<dependents><\/dependents> <!-- sap.ui.core.Control, since 1.19 -->\n\t\t<tooltip><\/tooltip><!-- sap.ui.core.TooltipBase -->\n\t<customData><\/customData><!-- sap.ui.core.CustomData -->\n\t<layoutData><\/layoutData><!-- sap.ui.core.LayoutData -->\n\t<dependents><\/dependents><!-- sap.ui.core.Control -->\n\t<embeddedControl><\/embeddedControl><!-- sap.ui.core.Control -->\n\t<replyList><\/replyList><!-- sap.m.List -->\n\t<customAction><\/customAction><!-- sap.ui.core.CustomData -->\n\t<suggestionItems><\/suggestionItems><!-- sap.m.StandardListItem -->\n\t<customReply><\/customReply><!-- sap.ui.core.Control -->\n<\/TimelineItem>\n","Deprecated":false,"helpDescription":"TimelineItem","description":"sap.suite.ui.commons.TimelineItem","Experimental":false,"prefix":"TimelineItem","name":"sap.suite.ui.commons.TimelineItem"},{"template":"<UnifiedThingGroup xmlns=\"sap.suite.ui.commons\"\n\tid=\"${id}\"\n\tbusy=\"false\"\n\tbusyIndicatorDelay=\"1000\"\n\tvisible=\"true\"\n\tfieldGroupIds=\"[]\"\n\ttitle=\"\"\n\tdescription=\"\"\n\tdesign=\"ZeroIndent\"\n\tvalidationSuccess=\"\"\n\tvalidationError=\"\"\n\tparseError=\"\"\n\tformatError=\"\"\n\tvalidateFieldGroup=\"\">\n\t\t<tooltip><\/tooltip> <!-- sap.ui.core.TooltipBase -->\n\t\t<dependents><\/dependents> <!-- sap.ui.core.Control, since 1.19 -->\n\t\t<tooltip><\/tooltip><!-- sap.ui.core.TooltipBase -->\n\t<customData><\/customData><!-- sap.ui.core.CustomData -->\n\t<layoutData><\/layoutData><!-- sap.ui.core.LayoutData -->\n\t<dependents><\/dependents><!-- sap.ui.core.Control -->\n\t<content><\/content><!-- sap.ui.core.Control -->\n<\/UnifiedThingGroup>\n","Deprecated":true,"helpDescription":"<strong style=\"color: red;\">Deprecated! <\/strong>Since 1.31 Deprecated. Object page should be used instead.<br>This control is used in UnifiedThingInspector to display the facet header information.","description":"sap.suite.ui.commons.UnifiedThingGroup","Experimental":false,"prefix":"UnifiedThingGroup","name":"sap.suite.ui.commons.UnifiedThingGroup"},{"template":"<UnifiedThingInspector xmlns=\"sap.suite.ui.commons\"\n\tid=\"${id}\"\n\tbusy=\"false\"\n\tbusyIndicatorDelay=\"1000\"\n\tvisible=\"true\"\n\tfieldGroupIds=\"[]\"\n\theight=\"100%\"\n\ttitle=\"\"\n\tname=\"\"\n\tdescription=\"\"\n\ticon=\"\"\n\ttransactionsVisible=\"false\"\n\tactionsVisible=\"false\"\n\tdestroyPageOnBack=\"true\"\n\tconfigurationVisible=\"true\"\n\tvalidationSuccess=\"\"\n\tvalidationError=\"\"\n\tparseError=\"\"\n\tformatError=\"\"\n\tvalidateFieldGroup=\"\"\n\tbackAction=\"\"\n\ttransactionsButtonPress=\"\"\n\tactionsButtonPress=\"\"\n\tconfigurationButtonPress=\"\"\n\tnavigate=\"\"\n\tafterNavigate=\"\">\n\t\t<tooltip><\/tooltip> <!-- sap.ui.core.TooltipBase -->\n\t\t<dependents><\/dependents> <!-- sap.ui.core.Control, since 1.19 -->\n\t\t<tooltip><\/tooltip><!-- sap.ui.core.TooltipBase -->\n\t<customData><\/customData><!-- sap.ui.core.CustomData -->\n\t<layoutData><\/layoutData><!-- sap.ui.core.LayoutData -->\n\t<dependents><\/dependents><!-- sap.ui.core.Control -->\n\t<facets><\/facets><!-- sap.suite.ui.commons.FacetOverview -->\n\t<facetContent><\/facetContent><!-- sap.ui.core.Control -->\n\t<navContainer><\/navContainer><!-- sap.m.NavContainer -->\n\t<kpis><\/kpis><!-- sap.suite.ui.commons.KpiTile -->\n\t<transactions><\/transactions><!-- sap.ui.core.Control -->\n\t<actions><\/actions><!-- sap.m.Button -->\n\t<pages><\/pages><!-- sap.ui.core.Control -->\n\t<objectHeader><\/objectHeader><!-- sap.m.ObjectHeader -->\n<\/UnifiedThingInspector>\n","Deprecated":true,"helpDescription":"<strong style=\"color: red;\">Deprecated! <\/strong>Since 1.31 Deprecated. Object page should be used instead.<br>This control provides an ability to display a thing (for example, object factsheet) on the desktop, tablet, and phone devices in a Fiori style.","description":"sap.suite.ui.commons.UnifiedThingInspector","Experimental":false,"prefix":"UnifiedThingInspector","name":"sap.suite.ui.commons.UnifiedThingInspector"},{"template":"<VerticalNavigationBar xmlns=\"sap.suite.ui.commons\"\n\tid=\"${id}\"\n\t\t<tooltip><\/tooltip> <!-- sap.ui.core.TooltipBase -->\n\t\t<dependents><\/dependents> <!-- sap.ui.core.Control, since 1.19 -->\n\t\t\n<\/VerticalNavigationBar>\n","Deprecated":true,"helpDescription":"<strong style=\"color: red;\">Deprecated! <\/strong>Since 1.31 Deprecated. Object page should be used instead.<br>This control extends the sap.ui.ux3.NavigationBar and allows you to display navigation items vertically. The navigation list can contain sap.ui.ux3.NavigationItem or sap.suite.ui.commons.CountingNavigationItem controls.","description":"sap.suite.ui.commons.VerticalNavigationBar","Experimental":false,"prefix":"VerticalNavigationBar","name":"sap.suite.ui.commons.VerticalNavigationBar"},{"template":"<ViewRepeater xmlns=\"sap.suite.ui.commons\"\n\tid=\"${id}\"\n\tbusy=\"false\"\n\tbusyIndicatorDelay=\"1000\"\n\tvisible=\"true\"\n\tfieldGroupIds=\"[]\"\n\tnumberOfRows=\"5\"\n\tcurrentPage=\"1\"\n\tshowMoreSteps=\"0\"\n\tfixedRowHeight=\"\"\n\tdesign=\"Standard\"\n\tthreshold=\"\"\n\titemMinWidth=\"\"\n\tresponsive=\"false\"\n\tdefaultViewIndex=\"0\"\n\tshowSearchField=\"true\"\n\tshowViews=\"true\"\n\texternal=\"false\"\n\titemHeight=\"\"\n\theight=\"100%\"\n\tvalidationSuccess=\"\"\n\tvalidationError=\"\"\n\tparseError=\"\"\n\tformatError=\"\"\n\tvalidateFieldGroup=\"\"\n\tfilter=\"\"\n\tsort=\"\"\n\tpage=\"\"\n\tresize=\"\"\n\tsearch=\"\"\n\tchangeView=\"\">\n\t\t<tooltip><\/tooltip> <!-- sap.ui.core.TooltipBase -->\n\t\t<dependents><\/dependents> <!-- sap.ui.core.Control, since 1.19 -->\n\t\t<tooltip><\/tooltip><!-- sap.ui.core.TooltipBase -->\n\t<customData><\/customData><!-- sap.ui.core.CustomData -->\n\t<layoutData><\/layoutData><!-- sap.ui.core.LayoutData -->\n\t<dependents><\/dependents><!-- sap.ui.core.Control -->\n\t<rows><\/rows><!-- sap.ui.core.Control -->\n\t<title><\/title><!-- sap.ui.core.Title -->\n\t<filters><\/filters><!-- sap.ui.commons.RowRepeaterFilter -->\n\t<sorters><\/sorters><!-- sap.ui.commons.RowRepeaterSorter -->\n\t<noData><\/noData><!-- sap.ui.core.Control -->\n\t<filterToolbar><\/filterToolbar><!-- sap.ui.commons.Toolbar -->\n\t<sorterToolbar><\/sorterToolbar><!-- sap.ui.commons.Toolbar -->\n\t<headerShowMoreButton><\/headerShowMoreButton><!-- sap.ui.commons.Button -->\n\t<footerShowMoreButton><\/footerShowMoreButton><!-- sap.ui.commons.Button -->\n\t<footerPager><\/footerPager><!-- sap.ui.commons.Paginator -->\n\t<views><\/views><!-- sap.suite.ui.commons.RepeaterViewConfiguration -->\n<\/ViewRepeater>\n","Deprecated":true,"helpDescription":"<strong style=\"color: red;\">Deprecated! <\/strong>Since 1.31 Deprecated. Standard Fiori technology should be used.<br>This control extends the sap.ui.commons.RowRepeater control providing an ability to change data representation by switching between a number of views. The data can be displayed not only in rows but also in tiles that are adjusted to fill the entire horizontal space in a row.","description":"sap.suite.ui.commons.ViewRepeater","Experimental":false,"prefix":"ViewRepeater","name":"sap.suite.ui.commons.ViewRepeater"},{"template":"<util/DateUtils xmlns=\"sap.suite.ui.commons\"\n\tid=\"${id}\"\n\t\t<tooltip><\/tooltip> <!-- sap.ui.core.TooltipBase -->\n\t\t<dependents><\/dependents> <!-- sap.ui.core.Control, since 1.19 -->\n\t\t\n<\/util/DateUtils>\n","Deprecated":false,"helpDescription":"DateUtils is a static class for Date utility functions.","description":"sap.suite.ui.commons.util.DateUtils","Experimental":false,"prefix":"DateUtils","name":"sap.suite.ui.commons.util.DateUtils"}]}