{"XML_KEYWORDS":["sap.ui.generic.template.BaseViewController","sap.ui.generic.template.TemplateComponent"],"XML_TEMPLATES":[{"template":"<BaseViewController xmlns=\"sap.ui.generic.template\"\n\tid=\"${id}\"\n\t\t<tooltip><\/tooltip> <!-- sap.ui.core.TooltipBase -->\n\t\t<dependents><\/dependents> <!-- sap.ui.core.Control, since 1.19 -->\n\t\t\n<\/BaseViewController>\n","Deprecated":false,"helpDescription":"The BaseViewController controller provides a generic API for integration with the view controller and other re-use functions required in\n       the controllers for smart templates. The BaseViewController is enabled for handling non-draft as well as draft documents. The provided\n       generic API is based on OData model entities.","description":"sap.ui.generic.template.BaseViewController","Experimental":false,"prefix":"BaseViewController","name":"sap.ui.generic.template.BaseViewController"},{"template":"<TemplateComponent xmlns=\"sap.ui.generic.template\"\n\tid=\"${id}\"\n\ttemplateName=\"\"\n\tentitySet=\"\"\n\tnavigationProperty=\"\"\n\tappComponent=\"\"\n\tisRefreshRequired=\"false\"\n\tpreventBinding=\"false\"\n\tvalidationSuccess=\"\"\n\tvalidationError=\"\"\n\tparseError=\"\"\n\tformatError=\"\">\n\t\t<tooltip><\/tooltip> <!-- sap.ui.core.TooltipBase -->\n\t\t<dependents><\/dependents> <!-- sap.ui.core.Control, since 1.19 -->\n\t\t<rootControl><\/rootControl><!-- sap.ui.core.Control -->\n<\/TemplateComponent>\n","Deprecated":false,"helpDescription":"Creates and initializes a new Smart Template component with the given <code>sId<\/code> and settings.","description":"sap.ui.generic.template.TemplateComponent","Experimental":false,"prefix":"TemplateComponent","name":"sap.ui.generic.template.TemplateComponent"}]}