{"XML_KEYWORDS":["sap.ui.suite.TaskCircle","sap.ui.suite.VerticalProgressIndicator"],"XML_TEMPLATES":[{"template":"<TaskCircle xmlns=\"sap.ui.suite\"\n\tid=\"${id}\"\n\tbusy=\"false\"\n\tbusyIndicatorDelay=\"1000\"\n\tvisible=\"true\"\n\tfieldGroupIds=\"[]\"\n\tvalue=\"0\"\n\tmaxValue=\"100\"\n\tminValue=\"0\"\n\tcolor=\"Gray\"\n\tvalidationSuccess=\"\"\n\tvalidationError=\"\"\n\tparseError=\"\"\n\tformatError=\"\"\n\tvalidateFieldGroup=\"\"\n\tpress=\"\">\n\t\t<tooltip><\/tooltip> <!-- sap.ui.core.TooltipBase -->\n\t\t<dependents><\/dependents> <!-- sap.ui.core.Control, since 1.19 -->\n\t\t<tooltip><\/tooltip><!-- sap.ui.core.TooltipBase -->\n\t<customData><\/customData><!-- sap.ui.core.CustomData -->\n\t<layoutData><\/layoutData><!-- sap.ui.core.LayoutData -->\n\t<dependents><\/dependents><!-- sap.ui.core.Control -->\n<\/TaskCircle>\n","Deprecated":false,"helpDescription":"<strong style=\"color: red;\">Experimental! <\/strong>","description":"sap.ui.suite.TaskCircle","Experimental":true,"prefix":"TaskCircle","name":"sap.ui.suite.TaskCircle"},{"template":"<VerticalProgressIndicator xmlns=\"sap.ui.suite\"\n\tid=\"${id}\"\n\tbusy=\"false\"\n\tbusyIndicatorDelay=\"1000\"\n\tvisible=\"true\"\n\tfieldGroupIds=\"[]\"\n\tpercentage=\"\"\n\tvalidationSuccess=\"\"\n\tvalidationError=\"\"\n\tparseError=\"\"\n\tformatError=\"\"\n\tvalidateFieldGroup=\"\"\n\tpress=\"\">\n\t\t<tooltip><\/tooltip> <!-- sap.ui.core.TooltipBase -->\n\t\t<dependents><\/dependents> <!-- sap.ui.core.Control, since 1.19 -->\n\t\t<tooltip><\/tooltip><!-- sap.ui.core.TooltipBase -->\n\t<customData><\/customData><!-- sap.ui.core.CustomData -->\n\t<layoutData><\/layoutData><!-- sap.ui.core.LayoutData -->\n\t<dependents><\/dependents><!-- sap.ui.core.Control -->\n<\/VerticalProgressIndicator>\n","Deprecated":false,"helpDescription":"<strong style=\"color: red;\">Experimental! <\/strong>","description":"sap.ui.suite.VerticalProgressIndicator","Experimental":true,"prefix":"VerticalProgressIndicator","name":"sap.ui.suite.VerticalProgressIndicator"}]}