{"XML_KEYWORDS":["sap.ui.unified.Calendar","sap.ui.unified.CalendarDateInterval","sap.ui.unified.CalendarLegend","sap.ui.unified.CalendarLegendItem","sap.ui.unified.CalendarMonthInterval","sap.ui.unified.CalendarTimeInterval","sap.ui.unified.ContentSwitcher","sap.ui.unified.Currency","sap.ui.unified.DateRange","sap.ui.unified.DateTypeRange","sap.ui.unified.FileUploader","sap.ui.unified.FileUploaderParameter","sap.ui.unified.Menu","sap.ui.unified.MenuItem","sap.ui.unified.MenuItemBase","sap.ui.unified.MenuTextFieldItem","sap.ui.unified.Shell","sap.ui.unified.ShellHeadItem","sap.ui.unified.ShellHeadUserItem","sap.ui.unified.ShellLayout","sap.ui.unified.ShellOverlay","sap.ui.unified.SplitContainer","sap.ui.unified.calendar.DatesRow","sap.ui.unified.calendar.Header","sap.ui.unified.calendar.Month","sap.ui.unified.calendar.MonthPicker","sap.ui.unified.calendar.MonthsRow","sap.ui.unified.calendar.TimesRow","sap.ui.unified.calendar.YearPicker"],"XML_TEMPLATES":[{"template":"<Calendar xmlns=\"sap.ui.unified\"\n\tid=\"${id}\"\n\tbusy=\"false\"\n\tbusyIndicatorDelay=\"1000\"\n\tvisible=\"true\"\n\tfieldGroupIds=\"[]\"\n\tintervalSelection=\"false\"\n\tsingleSelection=\"true\"\n\tmonths=\"1\"\n\tfirstDayOfWeek=\"-1\"\n\tnonWorkingDays=\"\"\n\tvalidationSuccess=\"\"\n\tvalidationError=\"\"\n\tparseError=\"\"\n\tformatError=\"\"\n\tvalidateFieldGroup=\"\"\n\tselect=\"\"\n\tcancel=\"\">\n\t\t<tooltip><\/tooltip> <!-- sap.ui.core.TooltipBase -->\n\t\t<dependents><\/dependents> <!-- sap.ui.core.Control, since 1.19 -->\n\t\t<tooltip><\/tooltip><!-- sap.ui.core.TooltipBase -->\n\t<customData><\/customData><!-- sap.ui.core.CustomData -->\n\t<layoutData><\/layoutData><!-- sap.ui.core.LayoutData -->\n\t<dependents><\/dependents><!-- sap.ui.core.Control -->\n\t<selectedDates><\/selectedDates><!-- sap.ui.unified.DateRange -->\n\t<specialDates><\/specialDates><!-- sap.ui.unified.DateTypeRange -->\n\t<header><\/header><!-- sap.ui.unified.calendar.Header -->\n\t<month><\/month><!-- sap.ui.unified.calendar.Month -->\n\t<monthPicker><\/monthPicker><!-- sap.ui.unified.calendar.MonthPicker -->\n\t<yearPicker><\/yearPicker><!-- sap.ui.unified.calendar.YearPicker -->\n<\/Calendar>\n","Deprecated":false,"helpDescription":"Basic Calendar.\nThis calendar is used for DatePickers","description":"sap.ui.unified.Calendar","Experimental":false,"prefix":"Calendar","name":"sap.ui.unified.Calendar"},{"template":"<CalendarDateInterval xmlns=\"sap.ui.unified\"\n\tid=\"${id}\"\n\tbusy=\"false\"\n\tbusyIndicatorDelay=\"1000\"\n\tvisible=\"true\"\n\tfieldGroupIds=\"[]\"\n\tintervalSelection=\"false\"\n\tsingleSelection=\"true\"\n\tmonths=\"1\"\n\tfirstDayOfWeek=\"-1\"\n\tnonWorkingDays=\"\"\n\tstartDate=\"\"\n\tdays=\"7\"\n\twidth=\"\"\n\tvalidationSuccess=\"\"\n\tvalidationError=\"\"\n\tparseError=\"\"\n\tformatError=\"\"\n\tvalidateFieldGroup=\"\"\n\tselect=\"\"\n\tcancel=\"\">\n\t\t<tooltip><\/tooltip> <!-- sap.ui.core.TooltipBase -->\n\t\t<dependents><\/dependents> <!-- sap.ui.core.Control, since 1.19 -->\n\t\t<tooltip><\/tooltip><!-- sap.ui.core.TooltipBase -->\n\t<customData><\/customData><!-- sap.ui.core.CustomData -->\n\t<layoutData><\/layoutData><!-- sap.ui.core.LayoutData -->\n\t<dependents><\/dependents><!-- sap.ui.core.Control -->\n\t<selectedDates><\/selectedDates><!-- sap.ui.unified.DateRange -->\n\t<specialDates><\/specialDates><!-- sap.ui.unified.DateTypeRange -->\n\t<header><\/header><!-- sap.ui.unified.calendar.Header -->\n\t<month><\/month><!-- sap.ui.unified.calendar.Month -->\n\t<monthPicker><\/monthPicker><!-- sap.ui.unified.calendar.MonthPicker -->\n\t<yearPicker><\/yearPicker><!-- sap.ui.unified.calendar.YearPicker -->\n<\/CalendarDateInterval>\n","Deprecated":false,"helpDescription":"Calendar with dates displayed in one line.","description":"sap.ui.unified.CalendarDateInterval","Experimental":false,"prefix":"CalendarDateInterval","name":"sap.ui.unified.CalendarDateInterval"},{"template":"<CalendarLegend xmlns=\"sap.ui.unified\"\n\tid=\"${id}\"\n\tbusy=\"false\"\n\tbusyIndicatorDelay=\"1000\"\n\tvisible=\"true\"\n\tfieldGroupIds=\"[]\"\n\tcolumnWidth=\"120px\"\n\tvalidationSuccess=\"\"\n\tvalidationError=\"\"\n\tparseError=\"\"\n\tformatError=\"\"\n\tvalidateFieldGroup=\"\">\n\t\t<tooltip><\/tooltip> <!-- sap.ui.core.TooltipBase -->\n\t\t<dependents><\/dependents> <!-- sap.ui.core.Control, since 1.19 -->\n\t\t<tooltip><\/tooltip><!-- sap.ui.core.TooltipBase -->\n\t<customData><\/customData><!-- sap.ui.core.CustomData -->\n\t<layoutData><\/layoutData><!-- sap.ui.core.LayoutData -->\n\t<dependents><\/dependents><!-- sap.ui.core.Control -->\n\t<items><\/items><!-- sap.ui.unified.CalendarLegendItem -->\n\t<standardItems><\/standardItems><!-- sap.ui.unified.CalendarLegendItem -->\n<\/CalendarLegend>\n","Deprecated":false,"helpDescription":"A legend for the Calendar Control. Displays special dates colors with their corresponding description. The aggregation specialDates can be set herefor.","description":"sap.ui.unified.CalendarLegend","Experimental":false,"prefix":"CalendarLegend","name":"sap.ui.unified.CalendarLegend"},{"template":"<CalendarLegendItem xmlns=\"sap.ui.unified\"\n\tid=\"${id}\"\n\ttext=\"\"\n\ttype=\"None\"\n\tvalidationSuccess=\"\"\n\tvalidationError=\"\"\n\tparseError=\"\"\n\tformatError=\"\">\n\t\t<tooltip><\/tooltip> <!-- sap.ui.core.TooltipBase -->\n\t\t<dependents><\/dependents> <!-- sap.ui.core.Control, since 1.19 -->\n\t\t<tooltip><\/tooltip><!-- sap.ui.core.TooltipBase -->\n\t<customData><\/customData><!-- sap.ui.core.CustomData -->\n\t<layoutData><\/layoutData><!-- sap.ui.core.LayoutData -->\n\t<dependents><\/dependents><!-- sap.ui.core.Control -->\n<\/CalendarLegendItem>\n","Deprecated":false,"helpDescription":"Item to be displayed in a CalendarLegend.","description":"sap.ui.unified.CalendarLegendItem","Experimental":false,"prefix":"CalendarLegendItem","name":"sap.ui.unified.CalendarLegendItem"},{"template":"<CalendarMonthInterval xmlns=\"sap.ui.unified\"\n\tid=\"${id}\"\n\tbusy=\"false\"\n\tbusyIndicatorDelay=\"1000\"\n\tvisible=\"true\"\n\tfieldGroupIds=\"[]\"\n\twidth=\"\"\n\tstartDate=\"\"\n\tintervalSelection=\"false\"\n\tsingleSelection=\"true\"\n\tmonths=\"12\"\n\tvalidationSuccess=\"\"\n\tvalidationError=\"\"\n\tparseError=\"\"\n\tformatError=\"\"\n\tvalidateFieldGroup=\"\"\n\tselect=\"\"\n\tcancel=\"\">\n\t\t<tooltip><\/tooltip> <!-- sap.ui.core.TooltipBase -->\n\t\t<dependents><\/dependents> <!-- sap.ui.core.Control, since 1.19 -->\n\t\t<tooltip><\/tooltip><!-- sap.ui.core.TooltipBase -->\n\t<customData><\/customData><!-- sap.ui.core.CustomData -->\n\t<layoutData><\/layoutData><!-- sap.ui.core.LayoutData -->\n\t<dependents><\/dependents><!-- sap.ui.core.Control -->\n\t<selectedDates><\/selectedDates><!-- sap.ui.unified.DateRange -->\n\t<specialDates><\/specialDates><!-- sap.ui.unified.DateTypeRange -->\n\t<header><\/header><!-- sap.ui.unified.calendar.Header -->\n\t<monthsRow><\/monthsRow><!-- sap.ui.unified.calendar.MonthsRow -->\n\t<yearPicker><\/yearPicker><!-- sap.ui.unified.calendar.YearPicker -->\n<\/CalendarMonthInterval>\n","Deprecated":false,"helpDescription":"Calendar with granularity of months displayed in one line.\n\n<b>Note:<\/b> JavaScript Date objects are used to set and return the months, mark them as selected or as a special type.\nBut the date part of the Date object is not used. If a Date object is returned the date will be set to the 1st of the corresponding month.","description":"sap.ui.unified.CalendarMonthInterval","Experimental":false,"prefix":"CalendarMonthInterval","name":"sap.ui.unified.CalendarMonthInterval"},{"template":"<CalendarTimeInterval xmlns=\"sap.ui.unified\"\n\tid=\"${id}\"\n\tbusy=\"false\"\n\tbusyIndicatorDelay=\"1000\"\n\tvisible=\"true\"\n\tfieldGroupIds=\"[]\"\n\twidth=\"\"\n\tstartDate=\"\"\n\tintervalSelection=\"false\"\n\tsingleSelection=\"true\"\n\titems=\"12\"\n\tintervalMinutes=\"60\"\n\tvalidationSuccess=\"\"\n\tvalidationError=\"\"\n\tparseError=\"\"\n\tformatError=\"\"\n\tvalidateFieldGroup=\"\"\n\tselect=\"\"\n\tcancel=\"\">\n\t\t<tooltip><\/tooltip> <!-- sap.ui.core.TooltipBase -->\n\t\t<dependents><\/dependents> <!-- sap.ui.core.Control, since 1.19 -->\n\t\t<tooltip><\/tooltip><!-- sap.ui.core.TooltipBase -->\n\t<customData><\/customData><!-- sap.ui.core.CustomData -->\n\t<layoutData><\/layoutData><!-- sap.ui.core.LayoutData -->\n\t<dependents><\/dependents><!-- sap.ui.core.Control -->\n\t<selectedDates><\/selectedDates><!-- sap.ui.unified.DateRange -->\n\t<specialDates><\/specialDates><!-- sap.ui.unified.DateTypeRange -->\n\t<header><\/header><!-- sap.ui.unified.calendar.Header -->\n\t<timesRow><\/timesRow><!-- sap.ui.unified.calendar.TimesRow -->\n\t<datesRow><\/datesRow><!-- sap.ui.unified.calendar.DatesRow -->\n\t<monthPicker><\/monthPicker><!-- sap.ui.unified.calendar.MonthPicker -->\n\t<yearPicker><\/yearPicker><!-- sap.ui.unified.calendar.YearPicker -->\n<\/CalendarTimeInterval>\n","Deprecated":false,"helpDescription":"Calendar with granularity of time items displayed in one line.","description":"sap.ui.unified.CalendarTimeInterval","Experimental":false,"prefix":"CalendarTimeInterval","name":"sap.ui.unified.CalendarTimeInterval"},{"template":"<ContentSwitcher xmlns=\"sap.ui.unified\"\n\tid=\"${id}\"\n\tbusy=\"false\"\n\tbusyIndicatorDelay=\"1000\"\n\tvisible=\"true\"\n\tfieldGroupIds=\"[]\"\n\tanimation=\"None\"\n\tactiveContent=\"1\"\n\tvalidationSuccess=\"\"\n\tvalidationError=\"\"\n\tparseError=\"\"\n\tformatError=\"\"\n\tvalidateFieldGroup=\"\">\n\t\t<tooltip><\/tooltip> <!-- sap.ui.core.TooltipBase -->\n\t\t<dependents><\/dependents> <!-- sap.ui.core.Control, since 1.19 -->\n\t\t<tooltip><\/tooltip><!-- sap.ui.core.TooltipBase -->\n\t<customData><\/customData><!-- sap.ui.core.CustomData -->\n\t<layoutData><\/layoutData><!-- sap.ui.core.LayoutData -->\n\t<dependents><\/dependents><!-- sap.ui.core.Control -->\n\t<content1><\/content1><!-- sap.ui.core.Control -->\n\t<content2><\/content2><!-- sap.ui.core.Control -->\n<\/ContentSwitcher>\n","Deprecated":false,"helpDescription":"<strong style=\"color: red;\">Experimental! <\/strong>","description":"sap.ui.unified.ContentSwitcher","Experimental":true,"prefix":"ContentSwitcher","name":"sap.ui.unified.ContentSwitcher"},{"template":"<Currency xmlns=\"sap.ui.unified\"\n\tid=\"${id}\"\n\tbusy=\"false\"\n\tbusyIndicatorDelay=\"1000\"\n\tvisible=\"true\"\n\tfieldGroupIds=\"[]\"\n\tvalue=\"0\"\n\tcurrency=\"\"\n\tmaxPrecision=\"3\"\n\tuseSymbol=\"true\"\n\tvalidationSuccess=\"\"\n\tvalidationError=\"\"\n\tparseError=\"\"\n\tformatError=\"\"\n\tvalidateFieldGroup=\"\">\n\t\t<tooltip><\/tooltip> <!-- sap.ui.core.TooltipBase -->\n\t\t<dependents><\/dependents> <!-- sap.ui.core.Control, since 1.19 -->\n\t\t<tooltip><\/tooltip><!-- sap.ui.core.TooltipBase -->\n\t<customData><\/customData><!-- sap.ui.core.CustomData -->\n\t<layoutData><\/layoutData><!-- sap.ui.core.LayoutData -->\n\t<dependents><\/dependents><!-- sap.ui.core.Control -->\n<\/Currency>\n","Deprecated":false,"helpDescription":"A text view which displays currency values and aligns them at the separator","description":"sap.ui.unified.Currency","Experimental":false,"prefix":"Currency","name":"sap.ui.unified.Currency"},{"template":"<DateRange xmlns=\"sap.ui.unified\"\n\tid=\"${id}\"\n\tstartDate=\"\"\n\tendDate=\"\"\n\tvalidationSuccess=\"\"\n\tvalidationError=\"\"\n\tparseError=\"\"\n\tformatError=\"\">\n\t\t<tooltip><\/tooltip> <!-- sap.ui.core.TooltipBase -->\n\t\t<dependents><\/dependents> <!-- sap.ui.core.Control, since 1.19 -->\n\t\t<tooltip><\/tooltip><!-- sap.ui.core.TooltipBase -->\n\t<customData><\/customData><!-- sap.ui.core.CustomData -->\n\t<layoutData><\/layoutData><!-- sap.ui.core.LayoutData -->\n\t<dependents><\/dependents><!-- sap.ui.core.Control -->\n<\/DateRange>\n","Deprecated":false,"helpDescription":"Date range for use in DatePicker","description":"sap.ui.unified.DateRange","Experimental":false,"prefix":"DateRange","name":"sap.ui.unified.DateRange"},{"template":"<DateTypeRange xmlns=\"sap.ui.unified\"\n\tid=\"${id}\"\n\tstartDate=\"\"\n\tendDate=\"\"\n\ttype=\"Type01\"\n\tvalidationSuccess=\"\"\n\tvalidationError=\"\"\n\tparseError=\"\"\n\tformatError=\"\">\n\t\t<tooltip><\/tooltip> <!-- sap.ui.core.TooltipBase -->\n\t\t<dependents><\/dependents> <!-- sap.ui.core.Control, since 1.19 -->\n\t\t<tooltip><\/tooltip><!-- sap.ui.core.TooltipBase -->\n\t<customData><\/customData><!-- sap.ui.core.CustomData -->\n\t<layoutData><\/layoutData><!-- sap.ui.core.LayoutData -->\n\t<dependents><\/dependents><!-- sap.ui.core.Control -->\n<\/DateTypeRange>\n","Deprecated":false,"helpDescription":"Date range with calendar day type information. Used to visualize special days in the Calendar.","description":"sap.ui.unified.DateTypeRange","Experimental":false,"prefix":"DateTypeRange","name":"sap.ui.unified.DateTypeRange"},{"template":"<FileUploader xmlns=\"sap.ui.unified\"\n\tid=\"${id}\"\n\tbusy=\"false\"\n\tbusyIndicatorDelay=\"1000\"\n\tvisible=\"true\"\n\tfieldGroupIds=\"[]\"\n\tvalue=\"\"\n\tenabled=\"true\"\n\tuploadUrl=\"\"\n\tname=\"\"\n\twidth=\"\"\n\tuploadOnChange=\"false\"\n\tadditionalData=\"\"\n\tsameFilenameAllowed=\"false\"\n\tbuttonText=\"\"\n\tfileType=\"\"\n\tmultiple=\"false\"\n\tmaximumFileSize=\"\"\n\tmimeType=\"\"\n\tsendXHR=\"false\"\n\tplaceholder=\"\"\n\tstyle=\"\"\n\tbuttonOnly=\"false\"\n\tuseMultipart=\"true\"\n\tmaximumFilenameLength=\"\"\n\tvalueState=\"None\"\n\ticon=\"\"\n\ticonHovered=\"\"\n\ticonSelected=\"\"\n\ticonFirst=\"true\"\n\ticonOnly=\"false\"\n\tvalidationSuccess=\"\"\n\tvalidationError=\"\"\n\tparseError=\"\"\n\tformatError=\"\"\n\tvalidateFieldGroup=\"\"\n\tchange=\"\"\n\tuploadComplete=\"\"\n\ttypeMissmatch=\"\"\n\tfileSizeExceed=\"\"\n\tfileAllowed=\"\"\n\tuploadProgress=\"\"\n\tuploadAborted=\"\"\n\tfilenameLengthExceed=\"\"\n\tuploadStart=\"\">\n\t\t<tooltip><\/tooltip> <!-- sap.ui.core.TooltipBase -->\n\t\t<dependents><\/dependents> <!-- sap.ui.core.Control, since 1.19 -->\n\t\t<tooltip><\/tooltip><!-- sap.ui.core.TooltipBase -->\n\t<customData><\/customData><!-- sap.ui.core.CustomData -->\n\t<layoutData><\/layoutData><!-- sap.ui.core.LayoutData -->\n\t<dependents><\/dependents><!-- sap.ui.core.Control -->\n\t<parameters><\/parameters><!-- sap.ui.unified.FileUploaderParameter -->\n\t<headerParameters><\/headerParameters><!-- sap.ui.unified.FileUploaderParameter -->\n<\/FileUploader>\n","Deprecated":false,"helpDescription":"The framework generates an input field and a button with text \"Browse ...\". The API supports features such as on change uploads (the upload starts immediately after a file has been selected), file uploads with explicit calls, adjustable control sizes, text display after uploads, or tooltips containing complete file paths.","description":"sap.ui.unified.FileUploader","Experimental":false,"prefix":"FileUploader","name":"sap.ui.unified.FileUploader"},{"template":"<FileUploaderParameter xmlns=\"sap.ui.unified\"\n\tid=\"${id}\"\n\tname=\"\"\n\tvalue=\"\"\n\tvalidationSuccess=\"\"\n\tvalidationError=\"\"\n\tparseError=\"\"\n\tformatError=\"\">\n\t\t<tooltip><\/tooltip> <!-- sap.ui.core.TooltipBase -->\n\t\t<dependents><\/dependents> <!-- sap.ui.core.Control, since 1.19 -->\n\t\t<tooltip><\/tooltip><!-- sap.ui.core.TooltipBase -->\n\t<customData><\/customData><!-- sap.ui.core.CustomData -->\n\t<layoutData><\/layoutData><!-- sap.ui.core.LayoutData -->\n\t<dependents><\/dependents><!-- sap.ui.core.Control -->\n<\/FileUploaderParameter>\n","Deprecated":false,"helpDescription":"Represents a parameter for the FileUploader which is rendered as a hidden inputfield.","description":"sap.ui.unified.FileUploaderParameter","Experimental":false,"prefix":"FileUploaderParameter","name":"sap.ui.unified.FileUploaderParameter"},{"template":"<Menu xmlns=\"sap.ui.unified\"\n\tid=\"${id}\"\n\tbusy=\"false\"\n\tbusyIndicatorDelay=\"1000\"\n\tvisible=\"true\"\n\tfieldGroupIds=\"[]\"\n\tenabled=\"true\"\n\tariaDescription=\"\"\n\tmaxVisibleItems=\"0\"\n\tpageSize=\"5\"\n\tvalidationSuccess=\"\"\n\tvalidationError=\"\"\n\tparseError=\"\"\n\tformatError=\"\"\n\tvalidateFieldGroup=\"\"\n\titemSelect=\"\">\n\t\t<tooltip><\/tooltip> <!-- sap.ui.core.TooltipBase -->\n\t\t<dependents><\/dependents> <!-- sap.ui.core.Control, since 1.19 -->\n\t\t<tooltip><\/tooltip><!-- sap.ui.core.TooltipBase -->\n\t<customData><\/customData><!-- sap.ui.core.CustomData -->\n\t<layoutData><\/layoutData><!-- sap.ui.core.LayoutData -->\n\t<dependents><\/dependents><!-- sap.ui.core.Control -->\n\t<items><\/items><!-- sap.ui.unified.MenuItemBase -->\n<\/Menu>\n","Deprecated":false,"helpDescription":"A menu is an interactive element which provides a choice of different actions to the user. These actions (items) can also be organized in submenus.\nLike other dialog-like controls, the menu is not rendered within the control hierarchy. Instead it can be opened at a specified position via a function call.","description":"sap.ui.unified.Menu","Experimental":false,"prefix":"Menu","name":"sap.ui.unified.Menu"},{"template":"<MenuItem xmlns=\"sap.ui.unified\"\n\tid=\"${id}\"\n\tenabled=\"true\"\n\tvisible=\"true\"\n\tstartsSection=\"false\"\n\ttext=\"\"\n\ticon=\"\"\n\tvalidationSuccess=\"\"\n\tvalidationError=\"\"\n\tparseError=\"\"\n\tformatError=\"\"\n\tselect=\"\">\n\t\t<tooltip><\/tooltip> <!-- sap.ui.core.TooltipBase -->\n\t\t<dependents><\/dependents> <!-- sap.ui.core.Control, since 1.19 -->\n\t\t<tooltip><\/tooltip><!-- sap.ui.core.TooltipBase -->\n\t<customData><\/customData><!-- sap.ui.core.CustomData -->\n\t<layoutData><\/layoutData><!-- sap.ui.core.LayoutData -->\n\t<dependents><\/dependents><!-- sap.ui.core.Control -->\n\t<submenu><\/submenu><!-- sap.ui.unified.Menu -->\n<\/MenuItem>\n","Deprecated":false,"helpDescription":"Standard item to be used inside a menu. A menu item represents an action which can be selected by the user in the menu or\nit can provide a submenu to organize the actions hierarchically.","description":"sap.ui.unified.MenuItem","Experimental":false,"prefix":"MenuItem","name":"sap.ui.unified.MenuItem"},{"template":"<MenuItemBase xmlns=\"sap.ui.unified\"\n\tid=\"${id}\"\n\tenabled=\"true\"\n\tvisible=\"true\"\n\tstartsSection=\"false\"\n\tvalidationSuccess=\"\"\n\tvalidationError=\"\"\n\tparseError=\"\"\n\tformatError=\"\"\n\tselect=\"\">\n\t\t<tooltip><\/tooltip> <!-- sap.ui.core.TooltipBase -->\n\t\t<dependents><\/dependents> <!-- sap.ui.core.Control, since 1.19 -->\n\t\t<tooltip><\/tooltip><!-- sap.ui.core.TooltipBase -->\n\t<customData><\/customData><!-- sap.ui.core.CustomData -->\n\t<layoutData><\/layoutData><!-- sap.ui.core.LayoutData -->\n\t<dependents><\/dependents><!-- sap.ui.core.Control -->\n\t<submenu><\/submenu><!-- sap.ui.unified.Menu -->\n<\/MenuItemBase>\n","Deprecated":false,"helpDescription":"Abstract base class for menu item which provides common properties and events for all concrete item implementations.","description":"sap.ui.unified.MenuItemBase","Experimental":false,"prefix":"MenuItemBase","name":"sap.ui.unified.MenuItemBase"},{"template":"<MenuTextFieldItem xmlns=\"sap.ui.unified\"\n\tid=\"${id}\"\n\tenabled=\"true\"\n\tvisible=\"true\"\n\tstartsSection=\"false\"\n\tlabel=\"\"\n\ticon=\"\"\n\tvalue=\"\"\n\tvalueState=\"None\"\n\tvalidationSuccess=\"\"\n\tvalidationError=\"\"\n\tparseError=\"\"\n\tformatError=\"\"\n\tselect=\"\">\n\t\t<tooltip><\/tooltip> <!-- sap.ui.core.TooltipBase -->\n\t\t<dependents><\/dependents> <!-- sap.ui.core.Control, since 1.19 -->\n\t\t<tooltip><\/tooltip><!-- sap.ui.core.TooltipBase -->\n\t<customData><\/customData><!-- sap.ui.core.CustomData -->\n\t<layoutData><\/layoutData><!-- sap.ui.core.LayoutData -->\n\t<dependents><\/dependents><!-- sap.ui.core.Control -->\n\t<submenu><\/submenu><!-- sap.ui.unified.Menu -->\n<\/MenuTextFieldItem>\n","Deprecated":false,"helpDescription":"Special menu item which contains a label and a text field. This menu item is e.g. helpful for filter implementations.\nThe aggregation <code>submenu<\/code> (inherited from parent class) is not supported for this type of menu item.","description":"sap.ui.unified.MenuTextFieldItem","Experimental":false,"prefix":"MenuTextFieldItem","name":"sap.ui.unified.MenuTextFieldItem"},{"template":"<Shell xmlns=\"sap.ui.unified\"\n\tid=\"${id}\"\n\tbusy=\"false\"\n\tbusyIndicatorDelay=\"1000\"\n\tvisible=\"true\"\n\tfieldGroupIds=\"[]\"\n\tshowPane=\"false\"\n\theaderHiding=\"false\"\n\theaderVisible=\"true\"\n\ticon=\"\"\n\tshowCurtain=\"\"\n\tshowCurtainPane=\"\"\n\tsearchVisible=\"true\"\n\tvalidationSuccess=\"\"\n\tvalidationError=\"\"\n\tparseError=\"\"\n\tformatError=\"\"\n\tvalidateFieldGroup=\"\">\n\t\t<tooltip><\/tooltip> <!-- sap.ui.core.TooltipBase -->\n\t\t<dependents><\/dependents> <!-- sap.ui.core.Control, since 1.19 -->\n\t\t<tooltip><\/tooltip><!-- sap.ui.core.TooltipBase -->\n\t<customData><\/customData><!-- sap.ui.core.CustomData -->\n\t<layoutData><\/layoutData><!-- sap.ui.core.LayoutData -->\n\t<dependents><\/dependents><!-- sap.ui.core.Control -->\n\t<content><\/content><!-- sap.ui.core.Control -->\n\t<paneContent><\/paneContent><!-- sap.ui.core.Control -->\n\t<header><\/header><!-- sap.ui.core.Control -->\n\t<canvasSplitContainer><\/canvasSplitContainer><!-- sap.ui.unified.SplitContainer -->\n\t<curtainSplitContainer><\/curtainSplitContainer><!-- sap.ui.unified.SplitContainer -->\n\t<curtainContent><\/curtainContent><!-- sap.ui.core.Control -->\n\t<curtainPaneContent><\/curtainPaneContent><!-- sap.ui.core.Control -->\n\t<headItems><\/headItems><!-- sap.ui.unified.ShellHeadItem -->\n\t<headEndItems><\/headEndItems><!-- sap.ui.unified.ShellHeadItem -->\n\t<search><\/search><!-- sap.ui.core.Control -->\n\t<user><\/user><!-- sap.ui.unified.ShellHeadUserItem -->\n<\/Shell>\n","Deprecated":false,"helpDescription":"The shell control is meant as root control (full-screen) of an application.\nIt was build as root control of the Fiori Launchpad application and provides the basic capabilities\nfor this purpose. Do not use this control within applications which run inside the Fiori Lauchpad and\ndo not use it for other scenarios than the root control usecase.","description":"sap.ui.unified.Shell","Experimental":false,"prefix":"Shell","name":"sap.ui.unified.Shell"},{"template":"<ShellHeadItem xmlns=\"sap.ui.unified\"\n\tid=\"${id}\"\n\tstartsSection=\"false\"\n\tshowSeparator=\"true\"\n\tselected=\"false\"\n\tshowMarker=\"false\"\n\ticon=\"\"\n\tvisible=\"true\"\n\tvalidationSuccess=\"\"\n\tvalidationError=\"\"\n\tparseError=\"\"\n\tformatError=\"\"\n\tpress=\"\">\n\t\t<tooltip><\/tooltip> <!-- sap.ui.core.TooltipBase -->\n\t\t<dependents><\/dependents> <!-- sap.ui.core.Control, since 1.19 -->\n\t\t<tooltip><\/tooltip><!-- sap.ui.core.TooltipBase -->\n\t<customData><\/customData><!-- sap.ui.core.CustomData -->\n\t<layoutData><\/layoutData><!-- sap.ui.core.LayoutData -->\n\t<dependents><\/dependents><!-- sap.ui.core.Control -->\n<\/ShellHeadItem>\n","Deprecated":false,"helpDescription":"Header Action item of the Shell.","description":"sap.ui.unified.ShellHeadItem","Experimental":false,"prefix":"ShellHeadItem","name":"sap.ui.unified.ShellHeadItem"},{"template":"<ShellHeadUserItem xmlns=\"sap.ui.unified\"\n\tid=\"${id}\"\n\tusername=\"\"\n\tshowPopupIndicator=\"true\"\n\timage=\"\"\n\tvalidationSuccess=\"\"\n\tvalidationError=\"\"\n\tparseError=\"\"\n\tformatError=\"\"\n\tpress=\"\">\n\t\t<tooltip><\/tooltip> <!-- sap.ui.core.TooltipBase -->\n\t\t<dependents><\/dependents> <!-- sap.ui.core.Control, since 1.19 -->\n\t\t<tooltip><\/tooltip><!-- sap.ui.core.TooltipBase -->\n\t<customData><\/customData><!-- sap.ui.core.CustomData -->\n\t<layoutData><\/layoutData><!-- sap.ui.core.LayoutData -->\n\t<dependents><\/dependents><!-- sap.ui.core.Control -->\n<\/ShellHeadUserItem>\n","Deprecated":false,"helpDescription":"User Header Action Item of the Shell.","description":"sap.ui.unified.ShellHeadUserItem","Experimental":false,"prefix":"ShellHeadUserItem","name":"sap.ui.unified.ShellHeadUserItem"},{"template":"<ShellLayout xmlns=\"sap.ui.unified\"\n\tid=\"${id}\"\n\tbusy=\"false\"\n\tbusyIndicatorDelay=\"1000\"\n\tvisible=\"true\"\n\tfieldGroupIds=\"[]\"\n\tshowPane=\"false\"\n\theaderHiding=\"false\"\n\theaderVisible=\"true\"\n\tvalidationSuccess=\"\"\n\tvalidationError=\"\"\n\tparseError=\"\"\n\tformatError=\"\"\n\tvalidateFieldGroup=\"\">\n\t\t<tooltip><\/tooltip> <!-- sap.ui.core.TooltipBase -->\n\t\t<dependents><\/dependents> <!-- sap.ui.core.Control, since 1.19 -->\n\t\t<tooltip><\/tooltip><!-- sap.ui.core.TooltipBase -->\n\t<customData><\/customData><!-- sap.ui.core.CustomData -->\n\t<layoutData><\/layoutData><!-- sap.ui.core.LayoutData -->\n\t<dependents><\/dependents><!-- sap.ui.core.Control -->\n\t<content><\/content><!-- sap.ui.core.Control -->\n\t<paneContent><\/paneContent><!-- sap.ui.core.Control -->\n\t<header><\/header><!-- sap.ui.core.Control -->\n\t<canvasSplitContainer><\/canvasSplitContainer><!-- sap.ui.unified.SplitContainer -->\n\t<curtainSplitContainer><\/curtainSplitContainer><!-- sap.ui.unified.SplitContainer -->\n<\/ShellLayout>\n","Deprecated":false,"helpDescription":"The shell layout is the base for the shell control which is meant as root control (full-screen) of an application.\nIt was build as root control of the Fiori Launchpad application and provides the basic capabilities\nfor this purpose. Do not use this control within applications which run inside the Fiori Lauchpad and\ndo not use it for other scenarios than the root control usecase.","description":"sap.ui.unified.ShellLayout","Experimental":false,"prefix":"ShellLayout","name":"sap.ui.unified.ShellLayout"},{"template":"<ShellOverlay xmlns=\"sap.ui.unified\"\n\tid=\"${id}\"\n\tbusy=\"false\"\n\tbusyIndicatorDelay=\"1000\"\n\tvisible=\"true\"\n\tfieldGroupIds=\"[]\"\n\tvalidationSuccess=\"\"\n\tvalidationError=\"\"\n\tparseError=\"\"\n\tformatError=\"\"\n\tvalidateFieldGroup=\"\"\n\tclosed=\"\">\n\t\t<tooltip><\/tooltip> <!-- sap.ui.core.TooltipBase -->\n\t\t<dependents><\/dependents> <!-- sap.ui.core.Control, since 1.19 -->\n\t\t<tooltip><\/tooltip><!-- sap.ui.core.TooltipBase -->\n\t<customData><\/customData><!-- sap.ui.core.CustomData -->\n\t<layoutData><\/layoutData><!-- sap.ui.core.LayoutData -->\n\t<dependents><\/dependents><!-- sap.ui.core.Control -->\n\t<content><\/content><!-- sap.ui.core.Control -->\n\t<search><\/search><!-- sap.ui.core.Control -->\n<\/ShellOverlay>\n","Deprecated":false,"helpDescription":"ShellOverlay to be opened in front of a sap.ui.unified.Shell","description":"sap.ui.unified.ShellOverlay","Experimental":false,"prefix":"ShellOverlay","name":"sap.ui.unified.ShellOverlay"},{"template":"<SplitContainer xmlns=\"sap.ui.unified\"\n\tid=\"${id}\"\n\tbusy=\"false\"\n\tbusyIndicatorDelay=\"1000\"\n\tvisible=\"true\"\n\tfieldGroupIds=\"[]\"\n\tshowSecondaryContent=\"\"\n\tsecondaryContentSize=\"250px\"\n\tsecondaryContentWidth=\"250px\"\n\torientation=\"Horizontal\"\n\tvalidationSuccess=\"\"\n\tvalidationError=\"\"\n\tparseError=\"\"\n\tformatError=\"\"\n\tvalidateFieldGroup=\"\">\n\t\t<tooltip><\/tooltip> <!-- sap.ui.core.TooltipBase -->\n\t\t<dependents><\/dependents> <!-- sap.ui.core.Control, since 1.19 -->\n\t\t<tooltip><\/tooltip><!-- sap.ui.core.TooltipBase -->\n\t<customData><\/customData><!-- sap.ui.core.CustomData -->\n\t<layoutData><\/layoutData><!-- sap.ui.core.LayoutData -->\n\t<dependents><\/dependents><!-- sap.ui.core.Control -->\n\t<content><\/content><!-- sap.ui.core.Control -->\n\t<secondaryContent><\/secondaryContent><!-- sap.ui.core.Control -->\n<\/SplitContainer>\n","Deprecated":false,"helpDescription":"<strong style=\"color: red;\">Experimental! <\/strong>","description":"sap.ui.unified.SplitContainer","Experimental":true,"prefix":"SplitContainer","name":"sap.ui.unified.SplitContainer"},{"template":"<calendar/DatesRow xmlns=\"sap.ui.unified\"\n\tid=\"${id}\"\n\tbusy=\"false\"\n\tbusyIndicatorDelay=\"1000\"\n\tvisible=\"true\"\n\tfieldGroupIds=\"[]\"\n\tdate=\"\"\n\tintervalSelection=\"false\"\n\tsingleSelection=\"true\"\n\tshowHeader=\"false\"\n\tfirstDayOfWeek=\"-1\"\n\tnonWorkingDays=\"\"\n\tstartDate=\"\"\n\tdays=\"7\"\n\tvalidationSuccess=\"\"\n\tvalidationError=\"\"\n\tparseError=\"\"\n\tformatError=\"\"\n\tvalidateFieldGroup=\"\"\n\tselect=\"\"\n\tfocus=\"\">\n\t\t<tooltip><\/tooltip> <!-- sap.ui.core.TooltipBase -->\n\t\t<dependents><\/dependents> <!-- sap.ui.core.Control, since 1.19 -->\n\t\t<tooltip><\/tooltip><!-- sap.ui.core.TooltipBase -->\n\t<customData><\/customData><!-- sap.ui.core.CustomData -->\n\t<layoutData><\/layoutData><!-- sap.ui.core.LayoutData -->\n\t<dependents><\/dependents><!-- sap.ui.core.Control -->\n\t<selectedDates><\/selectedDates><!-- sap.ui.unified.DateRange -->\n\t<specialDates><\/specialDates><!-- sap.ui.unified.DateTypeRange -->\n<\/calendar/DatesRow>\n","Deprecated":false,"helpDescription":"renders a row of days with ItemNavigation\nThis is used inside the calendar. Not for stand alone usage\nIf used inside the calendar the properties and aggregation are directly taken from the parent\n(To not duplicate and sync DateRanges and so on...)","description":"sap.ui.unified.calendar.DatesRow","Experimental":false,"prefix":"DatesRow","name":"sap.ui.unified.calendar.DatesRow"},{"template":"<calendar/Header xmlns=\"sap.ui.unified\"\n\tid=\"${id}\"\n\tbusy=\"false\"\n\tbusyIndicatorDelay=\"1000\"\n\tvisible=\"true\"\n\tfieldGroupIds=\"[]\"\n\ttextButton0=\"\"\n\tariaLabelButton0=\"\"\n\tvisibleButton0=\"false\"\n\ttextButton1=\"\"\n\tariaLabelButton1=\"\"\n\tvisibleButton1=\"true\"\n\ttextButton2=\"\"\n\tariaLabelButton2=\"\"\n\tvisibleButton2=\"true\"\n\tenabledPrevious=\"true\"\n\tenabledNext=\"true\"\n\tvalidationSuccess=\"\"\n\tvalidationError=\"\"\n\tparseError=\"\"\n\tformatError=\"\"\n\tvalidateFieldGroup=\"\"\n\tpressPrevious=\"\"\n\tpressNext=\"\"\n\tpressButton0=\"\"\n\tpressButton1=\"\"\n\tpressButton2=\"\">\n\t\t<tooltip><\/tooltip> <!-- sap.ui.core.TooltipBase -->\n\t\t<dependents><\/dependents> <!-- sap.ui.core.Control, since 1.19 -->\n\t\t<tooltip><\/tooltip><!-- sap.ui.core.TooltipBase -->\n\t<customData><\/customData><!-- sap.ui.core.CustomData -->\n\t<layoutData><\/layoutData><!-- sap.ui.core.LayoutData -->\n\t<dependents><\/dependents><!-- sap.ui.core.Control -->\n<\/calendar/Header>\n","Deprecated":false,"helpDescription":"renders a calendar header\n\nThe calendar header consists of 3 buttons where the text can be set and a previous and a next button.\nIn the normal calendar the first button contains the displayed day, the second button the displayed month and the third button the displayed year.\n\n<b>Note:<\/b> This is used inside the calendar. Not for standalone usage","description":"sap.ui.unified.calendar.Header","Experimental":false,"prefix":"Header","name":"sap.ui.unified.calendar.Header"},{"template":"<calendar/Month xmlns=\"sap.ui.unified\"\n\tid=\"${id}\"\n\tbusy=\"false\"\n\tbusyIndicatorDelay=\"1000\"\n\tvisible=\"true\"\n\tfieldGroupIds=\"[]\"\n\tdate=\"\"\n\tintervalSelection=\"false\"\n\tsingleSelection=\"true\"\n\tshowHeader=\"false\"\n\tfirstDayOfWeek=\"-1\"\n\tnonWorkingDays=\"\"\n\tvalidationSuccess=\"\"\n\tvalidationError=\"\"\n\tparseError=\"\"\n\tformatError=\"\"\n\tvalidateFieldGroup=\"\"\n\tselect=\"\"\n\tfocus=\"\">\n\t\t<tooltip><\/tooltip> <!-- sap.ui.core.TooltipBase -->\n\t\t<dependents><\/dependents> <!-- sap.ui.core.Control, since 1.19 -->\n\t\t<tooltip><\/tooltip><!-- sap.ui.core.TooltipBase -->\n\t<customData><\/customData><!-- sap.ui.core.CustomData -->\n\t<layoutData><\/layoutData><!-- sap.ui.core.LayoutData -->\n\t<dependents><\/dependents><!-- sap.ui.core.Control -->\n\t<selectedDates><\/selectedDates><!-- sap.ui.unified.DateRange -->\n\t<specialDates><\/specialDates><!-- sap.ui.unified.DateTypeRange -->\n<\/calendar/Month>\n","Deprecated":false,"helpDescription":"renders a month with ItemNavigation\nThis is used inside the calendar. Not for stand alone usage\nIf used inside the calendar the properties and aggregation are directly taken from the parent\n(To not duplicate and sync DateRanges and so on...)","description":"sap.ui.unified.calendar.Month","Experimental":false,"prefix":"Month","name":"sap.ui.unified.calendar.Month"},{"template":"<calendar/MonthPicker xmlns=\"sap.ui.unified\"\n\tid=\"${id}\"\n\tbusy=\"false\"\n\tbusyIndicatorDelay=\"1000\"\n\tvisible=\"true\"\n\tfieldGroupIds=\"[]\"\n\tmonth=\"0\"\n\tmonths=\"12\"\n\tcolumns=\"3\"\n\tvalidationSuccess=\"\"\n\tvalidationError=\"\"\n\tparseError=\"\"\n\tformatError=\"\"\n\tvalidateFieldGroup=\"\"\n\tselect=\"\">\n\t\t<tooltip><\/tooltip> <!-- sap.ui.core.TooltipBase -->\n\t\t<dependents><\/dependents> <!-- sap.ui.core.Control, since 1.19 -->\n\t\t<tooltip><\/tooltip><!-- sap.ui.core.TooltipBase -->\n\t<customData><\/customData><!-- sap.ui.core.CustomData -->\n\t<layoutData><\/layoutData><!-- sap.ui.core.LayoutData -->\n\t<dependents><\/dependents><!-- sap.ui.core.Control -->\n<\/calendar/MonthPicker>\n","Deprecated":false,"helpDescription":"renders a MonthPicker with ItemNavigation\nThis is used inside the calendar. Not for stand alone usage","description":"sap.ui.unified.calendar.MonthPicker","Experimental":false,"prefix":"MonthPicker","name":"sap.ui.unified.calendar.MonthPicker"},{"template":"<calendar/MonthsRow xmlns=\"sap.ui.unified\"\n\tid=\"${id}\"\n\tbusy=\"false\"\n\tbusyIndicatorDelay=\"1000\"\n\tvisible=\"true\"\n\tfieldGroupIds=\"[]\"\n\tdate=\"\"\n\tstartDate=\"\"\n\tmonths=\"12\"\n\tintervalSelection=\"false\"\n\tsingleSelection=\"true\"\n\tshowHeader=\"false\"\n\tvalidationSuccess=\"\"\n\tvalidationError=\"\"\n\tparseError=\"\"\n\tformatError=\"\"\n\tvalidateFieldGroup=\"\"\n\tselect=\"\"\n\tfocus=\"\">\n\t\t<tooltip><\/tooltip> <!-- sap.ui.core.TooltipBase -->\n\t\t<dependents><\/dependents> <!-- sap.ui.core.Control, since 1.19 -->\n\t\t<tooltip><\/tooltip><!-- sap.ui.core.TooltipBase -->\n\t<customData><\/customData><!-- sap.ui.core.CustomData -->\n\t<layoutData><\/layoutData><!-- sap.ui.core.LayoutData -->\n\t<dependents><\/dependents><!-- sap.ui.core.Control -->\n\t<selectedDates><\/selectedDates><!-- sap.ui.unified.DateRange -->\n\t<specialDates><\/specialDates><!-- sap.ui.unified.DateTypeRange -->\n<\/calendar/MonthsRow>\n","Deprecated":false,"helpDescription":"Renders a row of months using ItemNavigation. There is no paging or navigation outside the rendered area implemented.\nThis is done inside the CalendarMonthInterval.\nIf used inside the CalendarMonthInterval the properties and aggregation are directly taken from the parent\n(to not duplicate and synchronize DateRanges and so on...).\n\nThe MontsRow works with JavaScript Date objects, but only the month and the year are used to display and interact.\nAs representation for a month, the 1st of the month will always be returned in the API.","description":"sap.ui.unified.calendar.MonthsRow","Experimental":false,"prefix":"MonthsRow","name":"sap.ui.unified.calendar.MonthsRow"},{"template":"<calendar/TimesRow xmlns=\"sap.ui.unified\"\n\tid=\"${id}\"\n\tbusy=\"false\"\n\tbusyIndicatorDelay=\"1000\"\n\tvisible=\"true\"\n\tfieldGroupIds=\"[]\"\n\tdate=\"\"\n\tstartDate=\"\"\n\titems=\"12\"\n\tintervalMinutes=\"60\"\n\tintervalSelection=\"false\"\n\tsingleSelection=\"true\"\n\tshowHeader=\"false\"\n\tvalidationSuccess=\"\"\n\tvalidationError=\"\"\n\tparseError=\"\"\n\tformatError=\"\"\n\tvalidateFieldGroup=\"\"\n\tselect=\"\"\n\tfocus=\"\">\n\t\t<tooltip><\/tooltip> <!-- sap.ui.core.TooltipBase -->\n\t\t<dependents><\/dependents> <!-- sap.ui.core.Control, since 1.19 -->\n\t\t<tooltip><\/tooltip><!-- sap.ui.core.TooltipBase -->\n\t<customData><\/customData><!-- sap.ui.core.CustomData -->\n\t<layoutData><\/layoutData><!-- sap.ui.core.LayoutData -->\n\t<dependents><\/dependents><!-- sap.ui.core.Control -->\n\t<selectedDates><\/selectedDates><!-- sap.ui.unified.DateRange -->\n\t<specialDates><\/specialDates><!-- sap.ui.unified.DateTypeRange -->\n<\/calendar/TimesRow>\n","Deprecated":false,"helpDescription":"Renders a row of time items using ItemNavigation. There is no paging or navigation outside the rendered area implemented.\nThis is done inside the CalendarTimeInterval.\nIf used inside the CalendarTimeInterval the properties and aggregation are directly taken from the parent\n(to not duplicate and synchronize DateRanges and so on...).\n\nThe TimesRow works with JavaScript Date objects.","description":"sap.ui.unified.calendar.TimesRow","Experimental":false,"prefix":"TimesRow","name":"sap.ui.unified.calendar.TimesRow"},{"template":"<calendar/YearPicker xmlns=\"sap.ui.unified\"\n\tid=\"${id}\"\n\tbusy=\"false\"\n\tbusyIndicatorDelay=\"1000\"\n\tvisible=\"true\"\n\tfieldGroupIds=\"[]\"\n\tyear=\"2000\"\n\tyears=\"20\"\n\tcolumns=\"4\"\n\tvalidationSuccess=\"\"\n\tvalidationError=\"\"\n\tparseError=\"\"\n\tformatError=\"\"\n\tvalidateFieldGroup=\"\"\n\tselect=\"\">\n\t\t<tooltip><\/tooltip> <!-- sap.ui.core.TooltipBase -->\n\t\t<dependents><\/dependents> <!-- sap.ui.core.Control, since 1.19 -->\n\t\t<tooltip><\/tooltip><!-- sap.ui.core.TooltipBase -->\n\t<customData><\/customData><!-- sap.ui.core.CustomData -->\n\t<layoutData><\/layoutData><!-- sap.ui.core.LayoutData -->\n\t<dependents><\/dependents><!-- sap.ui.core.Control -->\n<\/calendar/YearPicker>\n","Deprecated":false,"helpDescription":"renders a YearPicker with ItemNavigation\nThis is used inside the calendar. Not for stand alone usage","description":"sap.ui.unified.calendar.YearPicker","Experimental":false,"prefix":"YearPicker","name":"sap.ui.unified.calendar.YearPicker"}]}