{"XML_KEYWORDS":["sap.ui.table.AnalyticalColumn","sap.ui.table.AnalyticalColumnMenu","sap.ui.table.AnalyticalTable","sap.ui.table.Column","sap.ui.table.ColumnMenu","sap.ui.table.DataTable","sap.ui.table.Row","sap.ui.table.Table","sap.ui.table.TablePersoController","sap.ui.table.TreeTable"],"XML_TEMPLATES":[{"template":"<AnalyticalColumn xmlns=\"sap.ui.table\"\n\tid=\"${id}\"\n\twidth=\"\"\n\tflexible=\"true\"\n\tresizable=\"true\"\n\thAlign=\"Begin\"\n\tsorted=\"false\"\n\tsortOrder=\"Ascending\"\n\tsortProperty=\"\"\n\tfiltered=\"false\"\n\tfilterProperty=\"\"\n\tfilterValue=\"\"\n\tfilterOperator=\"\"\n\tgrouped=\"false\"\n\tvisible=\"true\"\n\tfilterType=\"\"\n\tname=\"\"\n\tshowFilterMenuEntry=\"true\"\n\tshowSortMenuEntry=\"true\"\n\theaderSpan=\"1\"\n\tautoResizable=\"false\"\n\tdefaultFilterOperator=\"\"\n\tleadingProperty=\"\"\n\tsummed=\"false\"\n\tinResult=\"false\"\n\tshowIfGrouped=\"false\"\n\tgroupHeaderFormatter=\"\"\n\tvalidationSuccess=\"\"\n\tvalidationError=\"\"\n\tparseError=\"\"\n\tformatError=\"\">\n\t\t<tooltip><\/tooltip> <!-- sap.ui.core.TooltipBase -->\n\t\t<dependents><\/dependents> <!-- sap.ui.core.Control, since 1.19 -->\n\t\t<tooltip><\/tooltip><!-- sap.ui.core.TooltipBase -->\n\t<customData><\/customData><!-- sap.ui.core.CustomData -->\n\t<layoutData><\/layoutData><!-- sap.ui.core.LayoutData -->\n\t<dependents><\/dependents><!-- sap.ui.core.Control -->\n\t<label><\/label><!-- sap.ui.core.Control -->\n\t<multiLabels><\/multiLabels><!-- sap.ui.core.Control -->\n\t<template><\/template><!-- sap.ui.core.Control -->\n\t<menu><\/menu><!-- sap.ui.unified.Menu -->\n<\/AnalyticalColumn>\n","Deprecated":false,"helpDescription":"<strong style=\"color: red;\">Experimental! <\/strong>","description":"sap.ui.table.AnalyticalColumn","Experimental":true,"prefix":"AnalyticalColumn","name":"sap.ui.table.AnalyticalColumn"},{"template":"<AnalyticalColumnMenu xmlns=\"sap.ui.table\"\n\tid=\"${id}\"\n\t\t<tooltip><\/tooltip> <!-- sap.ui.core.TooltipBase -->\n\t\t<dependents><\/dependents> <!-- sap.ui.core.Control, since 1.19 -->\n\t\t\n<\/AnalyticalColumnMenu>\n","Deprecated":false,"helpDescription":"<strong style=\"color: red;\">Experimental! <\/strong>","description":"sap.ui.table.AnalyticalColumnMenu","Experimental":true,"prefix":"AnalyticalColumnMenu","name":"sap.ui.table.AnalyticalColumnMenu"},{"template":"<AnalyticalTable xmlns=\"sap.ui.table\"\n\tid=\"${id}\"\n\tbusy=\"false\"\n\tbusyIndicatorDelay=\"1000\"\n\tvisible=\"true\"\n\tfieldGroupIds=\"[]\"\n\twidth=\"auto\"\n\trowHeight=\"\"\n\tcolumnHeaderHeight=\"\"\n\tcolumnHeaderVisible=\"true\"\n\tvisibleRowCount=\"10\"\n\tfirstVisibleRow=\"0\"\n\tselectionMode=\"Multi\"\n\tselectionBehavior=\"RowSelector\"\n\tselectedIndex=\"-1\"\n\teditable=\"true\"\n\tnavigationMode=\"Scrollbar\"\n\tthreshold=\"100\"\n\tenableColumnReordering=\"true\"\n\tenableGrouping=\"false\"\n\tshowColumnVisibilityMenu=\"false\"\n\tshowNoData=\"true\"\n\tvisibleRowCountMode=\"Fixed\"\n\tminAutoRowCount=\"5\"\n\tfixedColumnCount=\"0\"\n\tfixedRowCount=\"0\"\n\tfixedBottomRowCount=\"0\"\n\tenableColumnFreeze=\"false\"\n\tenableCellFilter=\"false\"\n\tshowOverlay=\"false\"\n\tenableSelectAll=\"true\"\n\tenableCustomFilter=\"false\"\n\tenableBusyIndicator=\"false\"\n\tallowColumnReordering=\"true\"\n\tnoDataText=\"\"\n\tsumOnTop=\"false\"\n\tnumberOfExpandedLevels=\"0\"\n\tautoExpandMode=\"Bundled\"\n\tcolumnVisibilityMenuSorter=\"\"\n\tcollapseRecursive=\"true\"\n\tdirty=\"\"\n\tvalidationSuccess=\"\"\n\tvalidationError=\"\"\n\tparseError=\"\"\n\tformatError=\"\"\n\tvalidateFieldGroup=\"\"\n\trowSelectionChange=\"\"\n\tcolumnSelect=\"\"\n\tcolumnResize=\"\"\n\tcolumnMove=\"\"\n\tsort=\"\"\n\tfilter=\"\"\n\tgroup=\"\"\n\tcolumnVisibility=\"\"\n\tcellClick=\"\"\n\tcellContextmenu=\"\"\n\tcolumnFreeze=\"\"\n\tcustomFilter=\"\">\n\t\t<tooltip><\/tooltip> <!-- sap.ui.core.TooltipBase -->\n\t\t<dependents><\/dependents> <!-- sap.ui.core.Control, since 1.19 -->\n\t\t<tooltip><\/tooltip><!-- sap.ui.core.TooltipBase -->\n\t<customData><\/customData><!-- sap.ui.core.CustomData -->\n\t<layoutData><\/layoutData><!-- sap.ui.core.LayoutData -->\n\t<dependents><\/dependents><!-- sap.ui.core.Control -->\n\t<title><\/title><!-- sap.ui.core.Control -->\n\t<footer><\/footer><!-- sap.ui.core.Control -->\n\t<toolbar><\/toolbar><!-- sap.ui.core.Toolbar -->\n\t<extension><\/extension><!-- sap.ui.core.Control -->\n\t<columns><\/columns><!-- sap.ui.table.Column -->\n\t<rows><\/rows><!-- sap.ui.table.Row -->\n\t<noData><\/noData><!-- sap.ui.core.Control -->\n<\/AnalyticalTable>\n","Deprecated":false,"helpDescription":"Table which handles analytical OData backends. The AnalyticalTable only works with an AnalyticalBinding and\ncorrectly annotated OData services. Please check on the SAP Annotations for OData Version 2.0 documentation for further details.","description":"sap.ui.table.AnalyticalTable","Experimental":false,"prefix":"AnalyticalTable","name":"sap.ui.table.AnalyticalTable"},{"template":"<Column xmlns=\"sap.ui.table\"\n\tid=\"${id}\"\n\twidth=\"\"\n\tflexible=\"true\"\n\tresizable=\"true\"\n\thAlign=\"Begin\"\n\tsorted=\"false\"\n\tsortOrder=\"Ascending\"\n\tsortProperty=\"\"\n\tfiltered=\"false\"\n\tfilterProperty=\"\"\n\tfilterValue=\"\"\n\tfilterOperator=\"\"\n\tgrouped=\"false\"\n\tvisible=\"true\"\n\tfilterType=\"\"\n\tname=\"\"\n\tshowFilterMenuEntry=\"true\"\n\tshowSortMenuEntry=\"true\"\n\theaderSpan=\"1\"\n\tautoResizable=\"false\"\n\tdefaultFilterOperator=\"\"\n\tvalidationSuccess=\"\"\n\tvalidationError=\"\"\n\tparseError=\"\"\n\tformatError=\"\">\n\t\t<tooltip><\/tooltip> <!-- sap.ui.core.TooltipBase -->\n\t\t<dependents><\/dependents> <!-- sap.ui.core.Control, since 1.19 -->\n\t\t<tooltip><\/tooltip><!-- sap.ui.core.TooltipBase -->\n\t<customData><\/customData><!-- sap.ui.core.CustomData -->\n\t<layoutData><\/layoutData><!-- sap.ui.core.LayoutData -->\n\t<dependents><\/dependents><!-- sap.ui.core.Control -->\n\t<label><\/label><!-- sap.ui.core.Control -->\n\t<multiLabels><\/multiLabels><!-- sap.ui.core.Control -->\n\t<template><\/template><!-- sap.ui.core.Control -->\n\t<menu><\/menu><!-- sap.ui.unified.Menu -->\n<\/Column>\n","Deprecated":false,"helpDescription":"The column allows to define column specific properties that will be applied when rendering the table.","description":"sap.ui.table.Column","Experimental":false,"prefix":"Column","name":"sap.ui.table.Column"},{"template":"<ColumnMenu xmlns=\"sap.ui.table\"\n\tid=\"${id}\"\n\t\t<tooltip><\/tooltip> <!-- sap.ui.core.TooltipBase -->\n\t\t<dependents><\/dependents> <!-- sap.ui.core.Control, since 1.19 -->\n\t\t\n<\/ColumnMenu>\n","Deprecated":false,"helpDescription":"The column menu provides all common actions that can be performed on a column.","description":"sap.ui.table.ColumnMenu","Experimental":false,"prefix":"ColumnMenu","name":"sap.ui.table.ColumnMenu"},{"template":"<DataTable xmlns=\"sap.ui.table\"\n\tid=\"${id}\"\n\tbusy=\"false\"\n\tbusyIndicatorDelay=\"1000\"\n\tvisible=\"true\"\n\tfieldGroupIds=\"[]\"\n\twidth=\"auto\"\n\trowHeight=\"\"\n\tcolumnHeaderHeight=\"\"\n\tcolumnHeaderVisible=\"true\"\n\tvisibleRowCount=\"10\"\n\tfirstVisibleRow=\"0\"\n\tselectionMode=\"Multi\"\n\tselectionBehavior=\"RowSelector\"\n\tselectedIndex=\"-1\"\n\teditable=\"true\"\n\tnavigationMode=\"Scrollbar\"\n\tthreshold=\"100\"\n\tenableColumnReordering=\"true\"\n\tenableGrouping=\"false\"\n\tshowColumnVisibilityMenu=\"false\"\n\tshowNoData=\"true\"\n\tvisibleRowCountMode=\"Fixed\"\n\tminAutoRowCount=\"5\"\n\tfixedColumnCount=\"0\"\n\tfixedRowCount=\"0\"\n\tfixedBottomRowCount=\"0\"\n\tenableColumnFreeze=\"false\"\n\tenableCellFilter=\"false\"\n\tshowOverlay=\"false\"\n\tenableSelectAll=\"true\"\n\tenableCustomFilter=\"false\"\n\tenableBusyIndicator=\"false\"\n\tallowColumnReordering=\"true\"\n\tnoDataText=\"\"\n\texpandFirstLevel=\"false\"\n\tuseGroupMode=\"false\"\n\tgroupHeaderProperty=\"\"\n\tcollapseRecursive=\"true\"\n\trootLevel=\"0\"\n\texpandedVisibleRowCount=\"\"\n\texpanded=\"false\"\n\thierarchical=\"false\"\n\tvalidationSuccess=\"\"\n\tvalidationError=\"\"\n\tparseError=\"\"\n\tformatError=\"\"\n\tvalidateFieldGroup=\"\"\n\trowSelectionChange=\"\"\n\tcolumnSelect=\"\"\n\tcolumnResize=\"\"\n\tcolumnMove=\"\"\n\tsort=\"\"\n\tfilter=\"\"\n\tgroup=\"\"\n\tcolumnVisibility=\"\"\n\tcellClick=\"\"\n\tcellContextmenu=\"\"\n\tcolumnFreeze=\"\"\n\tcustomFilter=\"\"\n\ttoggleOpenState=\"\"\n\trowSelect=\"\">\n\t\t<tooltip><\/tooltip> <!-- sap.ui.core.TooltipBase -->\n\t\t<dependents><\/dependents> <!-- sap.ui.core.Control, since 1.19 -->\n\t\t<tooltip><\/tooltip><!-- sap.ui.core.TooltipBase -->\n\t<customData><\/customData><!-- sap.ui.core.CustomData -->\n\t<layoutData><\/layoutData><!-- sap.ui.core.LayoutData -->\n\t<dependents><\/dependents><!-- sap.ui.core.Control -->\n\t<title><\/title><!-- sap.ui.core.Control -->\n\t<footer><\/footer><!-- sap.ui.core.Control -->\n\t<toolbar><\/toolbar><!-- sap.ui.core.Toolbar -->\n\t<extension><\/extension><!-- sap.ui.core.Control -->\n\t<columns><\/columns><!-- sap.ui.table.Column -->\n\t<rows><\/rows><!-- sap.ui.table.Row -->\n\t<noData><\/noData><!-- sap.ui.core.Control -->\n<\/DataTable>\n","Deprecated":false,"helpDescription":"<p>\n    Provides a comprehensive set of features for displaying and dealing with vast amounts of data. The Table control supports\n    desktop PCs and tablet devices. On tablets, special consideration should be given to the number of visible columns\n    and rows due to the limited performance of some devices.\n<\/p>\n<p>\n    In order to keep the document DOM as lean as possible, the Table control reuses its DOM elements of the rows.\n    When the user scrolls, only the row contexts are changed but the rendered controls remain the same. This allows\n    the Table control to handle huge amounts of data. Nevertheless, restrictions apply regarding the number of displayed\n    columns. Keep the number as low as possible to improve performance. Due to the nature of tables, the used\n    control for column templates also has a big influence on the performance.\n<\/p>\n<p>\n    The Table control relies completely on data binding, and its supported feature set is tightly coupled to\n    the data model and binding being used.\n<\/p>","description":"sap.ui.table.DataTable","Experimental":false,"prefix":"DataTable","name":"sap.ui.table.DataTable"},{"template":"<Row xmlns=\"sap.ui.table\"\n\tid=\"${id}\"\n\tvalidationSuccess=\"\"\n\tvalidationError=\"\"\n\tparseError=\"\"\n\tformatError=\"\">\n\t\t<tooltip><\/tooltip> <!-- sap.ui.core.TooltipBase -->\n\t\t<dependents><\/dependents> <!-- sap.ui.core.Control, since 1.19 -->\n\t\t<tooltip><\/tooltip><!-- sap.ui.core.TooltipBase -->\n\t<customData><\/customData><!-- sap.ui.core.CustomData -->\n\t<layoutData><\/layoutData><!-- sap.ui.core.LayoutData -->\n\t<dependents><\/dependents><!-- sap.ui.core.Control -->\n\t<cells><\/cells><!-- sap.ui.core.Control -->\n<\/Row>\n","Deprecated":false,"helpDescription":"The row.","description":"sap.ui.table.Row","Experimental":false,"prefix":"Row","name":"sap.ui.table.Row"},{"template":"<Table xmlns=\"sap.ui.table\"\n\tid=\"${id}\"\n\tbusy=\"false\"\n\tbusyIndicatorDelay=\"1000\"\n\tvisible=\"true\"\n\tfieldGroupIds=\"[]\"\n\twidth=\"auto\"\n\trowHeight=\"\"\n\tcolumnHeaderHeight=\"\"\n\tcolumnHeaderVisible=\"true\"\n\tvisibleRowCount=\"10\"\n\tfirstVisibleRow=\"0\"\n\tselectionMode=\"Multi\"\n\tselectionBehavior=\"RowSelector\"\n\tselectedIndex=\"-1\"\n\teditable=\"true\"\n\tnavigationMode=\"Scrollbar\"\n\tthreshold=\"100\"\n\tenableColumnReordering=\"true\"\n\tenableGrouping=\"false\"\n\tshowColumnVisibilityMenu=\"false\"\n\tshowNoData=\"true\"\n\tvisibleRowCountMode=\"Fixed\"\n\tminAutoRowCount=\"5\"\n\tfixedColumnCount=\"0\"\n\tfixedRowCount=\"0\"\n\tfixedBottomRowCount=\"0\"\n\tenableColumnFreeze=\"false\"\n\tenableCellFilter=\"false\"\n\tshowOverlay=\"false\"\n\tenableSelectAll=\"true\"\n\tenableCustomFilter=\"false\"\n\tenableBusyIndicator=\"false\"\n\tallowColumnReordering=\"true\"\n\tnoDataText=\"\"\n\tvalidationSuccess=\"\"\n\tvalidationError=\"\"\n\tparseError=\"\"\n\tformatError=\"\"\n\tvalidateFieldGroup=\"\"\n\trowSelectionChange=\"\"\n\tcolumnSelect=\"\"\n\tcolumnResize=\"\"\n\tcolumnMove=\"\"\n\tsort=\"\"\n\tfilter=\"\"\n\tgroup=\"\"\n\tcolumnVisibility=\"\"\n\tcellClick=\"\"\n\tcellContextmenu=\"\"\n\tcolumnFreeze=\"\"\n\tcustomFilter=\"\">\n\t\t<tooltip><\/tooltip> <!-- sap.ui.core.TooltipBase -->\n\t\t<dependents><\/dependents> <!-- sap.ui.core.Control, since 1.19 -->\n\t\t<tooltip><\/tooltip><!-- sap.ui.core.TooltipBase -->\n\t<customData><\/customData><!-- sap.ui.core.CustomData -->\n\t<layoutData><\/layoutData><!-- sap.ui.core.LayoutData -->\n\t<dependents><\/dependents><!-- sap.ui.core.Control -->\n\t<title><\/title><!-- sap.ui.core.Control -->\n\t<footer><\/footer><!-- sap.ui.core.Control -->\n\t<toolbar><\/toolbar><!-- sap.ui.core.Toolbar -->\n\t<extension><\/extension><!-- sap.ui.core.Control -->\n\t<columns><\/columns><!-- sap.ui.table.Column -->\n\t<rows><\/rows><!-- sap.ui.table.Row -->\n\t<noData><\/noData><!-- sap.ui.core.Control -->\n<\/Table>\n","Deprecated":false,"helpDescription":"<p>\n    Provides a comprehensive set of features for displaying and dealing with vast amounts of data. The Table control supports\n    desktop PCs and tablet devices. On tablets, special consideration should be given to the number of visible columns\n    and rows due to the limited performance of some devices.\n<\/p>\n<p>\n    In order to keep the document DOM as lean as possible, the Table control reuses its DOM elements of the rows.\n    When the user scrolls, only the row contexts are changed but the rendered controls remain the same. This allows\n    the Table control to handle huge amounts of data. Nevertheless, restrictions apply regarding the number of displayed\n    columns. Keep the number as low as possible to improve performance. Due to the nature of tables, the used\n    control for column templates also has a big influence on the performance.\n<\/p>\n<p>\n    The Table control relies completely on data binding, and its supported feature set is tightly coupled to\n    the data model and binding being used.\n<\/p>","description":"sap.ui.table.Table","Experimental":false,"prefix":"Table","name":"sap.ui.table.Table"},{"template":"<TablePersoController xmlns=\"sap.ui.table\"\n\tid=\"${id}\"\n\tautoSave=\"true\"\n\tpersoService=\"\"\n\tcustomDataKey=\"persoKey\"\n\tvalidationSuccess=\"\"\n\tvalidationError=\"\"\n\tparseError=\"\"\n\tformatError=\"\">\n\t\t<tooltip><\/tooltip> <!-- sap.ui.core.TooltipBase -->\n\t\t<dependents><\/dependents> <!-- sap.ui.core.Control, since 1.19 -->\n\t\t\n<\/TablePersoController>\n","Deprecated":false,"helpDescription":"The TablePersoController can be used to connect a table with a persistence service.","description":"sap.ui.table.TablePersoController","Experimental":false,"prefix":"TablePersoController","name":"sap.ui.table.TablePersoController"},{"template":"<TreeTable xmlns=\"sap.ui.table\"\n\tid=\"${id}\"\n\tbusy=\"false\"\n\tbusyIndicatorDelay=\"1000\"\n\tvisible=\"true\"\n\tfieldGroupIds=\"[]\"\n\twidth=\"auto\"\n\trowHeight=\"\"\n\tcolumnHeaderHeight=\"\"\n\tcolumnHeaderVisible=\"true\"\n\tvisibleRowCount=\"10\"\n\tfirstVisibleRow=\"0\"\n\tselectionMode=\"Multi\"\n\tselectionBehavior=\"RowSelector\"\n\tselectedIndex=\"-1\"\n\teditable=\"true\"\n\tnavigationMode=\"Scrollbar\"\n\tthreshold=\"100\"\n\tenableColumnReordering=\"true\"\n\tenableGrouping=\"false\"\n\tshowColumnVisibilityMenu=\"false\"\n\tshowNoData=\"true\"\n\tvisibleRowCountMode=\"Fixed\"\n\tminAutoRowCount=\"5\"\n\tfixedColumnCount=\"0\"\n\tfixedRowCount=\"0\"\n\tfixedBottomRowCount=\"0\"\n\tenableColumnFreeze=\"false\"\n\tenableCellFilter=\"false\"\n\tshowOverlay=\"false\"\n\tenableSelectAll=\"true\"\n\tenableCustomFilter=\"false\"\n\tenableBusyIndicator=\"false\"\n\tallowColumnReordering=\"true\"\n\tnoDataText=\"\"\n\texpandFirstLevel=\"false\"\n\tuseGroupMode=\"false\"\n\tgroupHeaderProperty=\"\"\n\tcollapseRecursive=\"true\"\n\trootLevel=\"0\"\n\tvalidationSuccess=\"\"\n\tvalidationError=\"\"\n\tparseError=\"\"\n\tformatError=\"\"\n\tvalidateFieldGroup=\"\"\n\trowSelectionChange=\"\"\n\tcolumnSelect=\"\"\n\tcolumnResize=\"\"\n\tcolumnMove=\"\"\n\tsort=\"\"\n\tfilter=\"\"\n\tgroup=\"\"\n\tcolumnVisibility=\"\"\n\tcellClick=\"\"\n\tcellContextmenu=\"\"\n\tcolumnFreeze=\"\"\n\tcustomFilter=\"\"\n\ttoggleOpenState=\"\">\n\t\t<tooltip><\/tooltip> <!-- sap.ui.core.TooltipBase -->\n\t\t<dependents><\/dependents> <!-- sap.ui.core.Control, since 1.19 -->\n\t\t<tooltip><\/tooltip><!-- sap.ui.core.TooltipBase -->\n\t<customData><\/customData><!-- sap.ui.core.CustomData -->\n\t<layoutData><\/layoutData><!-- sap.ui.core.LayoutData -->\n\t<dependents><\/dependents><!-- sap.ui.core.Control -->\n\t<title><\/title><!-- sap.ui.core.Control -->\n\t<footer><\/footer><!-- sap.ui.core.Control -->\n\t<toolbar><\/toolbar><!-- sap.ui.core.Toolbar -->\n\t<extension><\/extension><!-- sap.ui.core.Control -->\n\t<columns><\/columns><!-- sap.ui.table.Column -->\n\t<rows><\/rows><!-- sap.ui.table.Row -->\n\t<noData><\/noData><!-- sap.ui.core.Control -->\n<\/TreeTable>\n","Deprecated":false,"helpDescription":"The TreeTable Control.","description":"sap.ui.table.TreeTable","Experimental":false,"prefix":"TreeTable","name":"sap.ui.table.TreeTable"}]}