{"XML_KEYWORDS":["sap.ui.ux3.ActionBar","sap.ui.ux3.Collection","sap.ui.ux3.CollectionInspector","sap.ui.ux3.DataSet","sap.ui.ux3.DataSetItem","sap.ui.ux3.DataSetSimpleView","sap.ui.ux3.Exact","sap.ui.ux3.ExactArea","sap.ui.ux3.ExactAttribute","sap.ui.ux3.ExactBrowser","sap.ui.ux3.FacetFilter","sap.ui.ux3.FacetFilterList","sap.ui.ux3.Feed","sap.ui.ux3.FeedChunk","sap.ui.ux3.Feeder","sap.ui.ux3.NavigationBar","sap.ui.ux3.NavigationItem","sap.ui.ux3.NotificationBar","sap.ui.ux3.Notifier","sap.ui.ux3.Overlay","sap.ui.ux3.OverlayContainer","sap.ui.ux3.OverlayDialog","sap.ui.ux3.QuickView","sap.ui.ux3.Shell","sap.ui.ux3.ThingAction","sap.ui.ux3.ThingGroup","sap.ui.ux3.ThingInspector","sap.ui.ux3.ThingViewer","sap.ui.ux3.ToolPopup"],"XML_TEMPLATES":[{"template":"<ActionBar xmlns=\"sap.ui.ux3\"\n\tid=\"${id}\"\n\tbusy=\"false\"\n\tbusyIndicatorDelay=\"1000\"\n\tvisible=\"true\"\n\tfieldGroupIds=\"[]\"\n\tfollowState=\"Default\"\n\tflagState=\"\"\n\tfavoriteState=\"\"\n\tupdateState=\"\"\n\tthingIconURI=\"\"\n\talwaysShowMoreMenu=\"true\"\n\tshowUpdate=\"true\"\n\tshowFollow=\"true\"\n\tshowFlag=\"true\"\n\tshowFavorite=\"true\"\n\tshowOpen=\"true\"\n\tdividerWidth=\"\"\n\tvalidationSuccess=\"\"\n\tvalidationError=\"\"\n\tparseError=\"\"\n\tformatError=\"\"\n\tvalidateFieldGroup=\"\"\n\tactionSelected=\"\"\n\tfeedSubmit=\"\">\n\t\t<tooltip><\/tooltip> <!-- sap.ui.core.TooltipBase -->\n\t\t<dependents><\/dependents> <!-- sap.ui.core.Control, since 1.19 -->\n\t\t<tooltip><\/tooltip><!-- sap.ui.core.TooltipBase -->\n\t<customData><\/customData><!-- sap.ui.core.CustomData -->\n\t<layoutData><\/layoutData><!-- sap.ui.core.LayoutData -->\n\t<dependents><\/dependents><!-- sap.ui.core.Control -->\n\t<businessActions><\/businessActions><!-- sap.ui.ux3.ThingAction -->\n\t<_businessActionButtons><\/_businessActionButtons><!-- sap.ui.commons.Button -->\n\t<_socialActions><\/_socialActions><!-- sap.ui.ux3.ThingAction -->\n<\/ActionBar>\n","Deprecated":false,"helpDescription":"A special toolbar with predefined social actions which can be shown as needed. These are: Create an update (Feed), Follow, Mark for Follow Up, Mark as Favorite and Open Thing.\n\nIn addition business actions (ThingAction instances) can be added which are either displayed as MenuItems of the 'More' menu button or as individual tool bar buttons.\n\nWhen using this control, please be aware that it fulfills rather specific requirements: it has been designed for and is used within composite controls QuickView and ThingInspector.","description":"sap.ui.ux3.ActionBar","Experimental":false,"prefix":"ActionBar","name":"sap.ui.ux3.ActionBar"},{"template":"<Collection xmlns=\"sap.ui.ux3\"\n\tid=\"${id}\"\n\ttitle=\"\"\n\teditable=\"false\"\n\tmultiSelection=\"false\"\n\tvalidationSuccess=\"\"\n\tvalidationError=\"\"\n\tparseError=\"\"\n\tformatError=\"\"\n\tselectionChanged=\"\"\n\tpropertyChanged=\"\">\n\t\t<tooltip><\/tooltip> <!-- sap.ui.core.TooltipBase -->\n\t\t<dependents><\/dependents> <!-- sap.ui.core.Control, since 1.19 -->\n\t\t<tooltip><\/tooltip><!-- sap.ui.core.TooltipBase -->\n\t<customData><\/customData><!-- sap.ui.core.CustomData -->\n\t<layoutData><\/layoutData><!-- sap.ui.core.LayoutData -->\n\t<dependents><\/dependents><!-- sap.ui.core.Control -->\n\t<items><\/items><!-- sap.ui.core.Item -->\n<\/Collection>\n","Deprecated":false,"helpDescription":"Collection","description":"sap.ui.ux3.Collection","Experimental":false,"prefix":"Collection","name":"sap.ui.ux3.Collection"},{"template":"<CollectionInspector xmlns=\"sap.ui.ux3\"\n\tid=\"${id}\"\n\tbusy=\"false\"\n\tbusyIndicatorDelay=\"1000\"\n\tvisible=\"true\"\n\tfieldGroupIds=\"[]\"\n\tsidebarVisible=\"true\"\n\tfitParent=\"true\"\n\tvalidationSuccess=\"\"\n\tvalidationError=\"\"\n\tparseError=\"\"\n\tformatError=\"\"\n\tvalidateFieldGroup=\"\"\n\tcollectionSelected=\"\"\n\titemSelectionChanged=\"\"\n\teditCollection=\"\">\n\t\t<tooltip><\/tooltip> <!-- sap.ui.core.TooltipBase -->\n\t\t<dependents><\/dependents> <!-- sap.ui.core.Control, since 1.19 -->\n\t\t<tooltip><\/tooltip><!-- sap.ui.core.TooltipBase -->\n\t<customData><\/customData><!-- sap.ui.core.CustomData -->\n\t<layoutData><\/layoutData><!-- sap.ui.core.LayoutData -->\n\t<dependents><\/dependents><!-- sap.ui.core.Control -->\n\t<collections><\/collections><!-- sap.ui.ux3.Collection -->\n\t<content><\/content><!-- sap.ui.core.Control -->\n<\/CollectionInspector>\n","Deprecated":false,"helpDescription":"CollectionInspector","description":"sap.ui.ux3.CollectionInspector","Experimental":false,"prefix":"CollectionInspector","name":"sap.ui.ux3.CollectionInspector"},{"template":"<DataSet xmlns=\"sap.ui.ux3\"\n\tid=\"${id}\"\n\tbusy=\"false\"\n\tbusyIndicatorDelay=\"1000\"\n\tvisible=\"true\"\n\tfieldGroupIds=\"[]\"\n\tshowToolbar=\"true\"\n\tshowFilter=\"true\"\n\tshowSearchField=\"true\"\n\tmultiSelect=\"false\"\n\tvalidationSuccess=\"\"\n\tvalidationError=\"\"\n\tparseError=\"\"\n\tformatError=\"\"\n\tvalidateFieldGroup=\"\"\n\tselectionChanged=\"\"\n\tsearch=\"\">\n\t\t<tooltip><\/tooltip> <!-- sap.ui.core.TooltipBase -->\n\t\t<dependents><\/dependents> <!-- sap.ui.core.Control, since 1.19 -->\n\t\t<tooltip><\/tooltip><!-- sap.ui.core.TooltipBase -->\n\t<customData><\/customData><!-- sap.ui.core.CustomData -->\n\t<layoutData><\/layoutData><!-- sap.ui.core.LayoutData -->\n\t<dependents><\/dependents><!-- sap.ui.core.Control -->\n\t<items><\/items><!-- sap.ui.ux3.DataSetItem -->\n\t<views><\/views><!-- sap.ui.ux3.DataSetView -->\n\t<filter><\/filter><!-- sap.ui.core.Control -->\n\t<_viewSwitches><\/_viewSwitches><!-- sap.ui.core.Control -->\n\t<_toolbar><\/_toolbar><!-- sap.ui.commons.Toolbar -->\n<\/DataSet>\n","Deprecated":false,"helpDescription":"DataSet","description":"sap.ui.ux3.DataSet","Experimental":false,"prefix":"DataSet","name":"sap.ui.ux3.DataSet"},{"template":"<DataSetItem xmlns=\"sap.ui.ux3\"\n\tid=\"${id}\"\n\ticonSrc=\"\"\n\ttitle=\"Title\"\n\tcheckable=\"true\"\n\tsubtitle=\"Subtitle\"\n\tvalidationSuccess=\"\"\n\tvalidationError=\"\"\n\tparseError=\"\"\n\tformatError=\"\"\n\tselected=\"\">\n\t\t<tooltip><\/tooltip> <!-- sap.ui.core.TooltipBase -->\n\t\t<dependents><\/dependents> <!-- sap.ui.core.Control, since 1.19 -->\n\t\t<tooltip><\/tooltip><!-- sap.ui.core.TooltipBase -->\n\t<customData><\/customData><!-- sap.ui.core.CustomData -->\n\t<layoutData><\/layoutData><!-- sap.ui.core.LayoutData -->\n\t<dependents><\/dependents><!-- sap.ui.core.Control -->\n\t<_template><\/_template><!-- sap.ui.core.Control -->\n<\/DataSetItem>\n","Deprecated":false,"helpDescription":"DataSet Item","description":"sap.ui.ux3.DataSetItem","Experimental":false,"prefix":"DataSetItem","name":"sap.ui.ux3.DataSetItem"},{"template":"<DataSetSimpleView xmlns=\"sap.ui.ux3\"\n\tid=\"${id}\"\n\tbusy=\"false\"\n\tbusyIndicatorDelay=\"1000\"\n\tvisible=\"true\"\n\tfieldGroupIds=\"[]\"\n\tfloating=\"true\"\n\tname=\"Name of this View\"\n\ticon=\"\"\n\ticonHovered=\"\"\n\ticonSelected=\"\"\n\tresponsive=\"false\"\n\titemMinWidth=\"0\"\n\tinitialItemCount=\"0\"\n\treloadItemCount=\"0\"\n\tscrollArea=\"\"\n\theight=\"\"\n\tvalidationSuccess=\"\"\n\tvalidationError=\"\"\n\tparseError=\"\"\n\tformatError=\"\"\n\tvalidateFieldGroup=\"\">\n\t\t<tooltip><\/tooltip> <!-- sap.ui.core.TooltipBase -->\n\t\t<dependents><\/dependents> <!-- sap.ui.core.Control, since 1.19 -->\n\t\t<tooltip><\/tooltip><!-- sap.ui.core.TooltipBase -->\n\t<customData><\/customData><!-- sap.ui.core.CustomData -->\n\t<layoutData><\/layoutData><!-- sap.ui.core.LayoutData -->\n\t<dependents><\/dependents><!-- sap.ui.core.Control -->\n\t<template><\/template><!-- sap.ui.core.Control -->\n<\/DataSetSimpleView>\n","Deprecated":false,"helpDescription":"DataSetSimpleView provides a simple view example for DataSet usage.","description":"sap.ui.ux3.DataSetSimpleView","Experimental":false,"prefix":"DataSetSimpleView","name":"sap.ui.ux3.DataSetSimpleView"},{"template":"<Exact xmlns=\"sap.ui.ux3\"\n\tid=\"${id}\"\n\tbusy=\"false\"\n\tbusyIndicatorDelay=\"1000\"\n\tvisible=\"true\"\n\tfieldGroupIds=\"[]\"\n\tresultText=\"\"\n\tvalidationSuccess=\"\"\n\tvalidationError=\"\"\n\tparseError=\"\"\n\tformatError=\"\"\n\tvalidateFieldGroup=\"\"\n\tsearch=\"\"\n\trefineSearch=\"\">\n\t\t<tooltip><\/tooltip> <!-- sap.ui.core.TooltipBase -->\n\t\t<dependents><\/dependents> <!-- sap.ui.core.Control, since 1.19 -->\n\t\t<tooltip><\/tooltip><!-- sap.ui.core.TooltipBase -->\n\t<customData><\/customData><!-- sap.ui.core.CustomData -->\n\t<layoutData><\/layoutData><!-- sap.ui.core.LayoutData -->\n\t<dependents><\/dependents><!-- sap.ui.core.Control -->\n\t<settingsMenu><\/settingsMenu><!-- sap.ui.commons.Menu -->\n\t<attributes><\/attributes><!-- sap.ui.ux3.ExactAttribute -->\n\t<controls><\/controls><!-- sap.ui.core.Control -->\n<\/Exact>\n","Deprecated":false,"helpDescription":"<strong style=\"color: red;\">Experimental! <\/strong>","description":"sap.ui.ux3.Exact","Experimental":true,"prefix":"Exact","name":"sap.ui.ux3.Exact"},{"template":"<ExactArea xmlns=\"sap.ui.ux3\"\n\tid=\"${id}\"\n\tbusy=\"false\"\n\tbusyIndicatorDelay=\"1000\"\n\tvisible=\"true\"\n\tfieldGroupIds=\"[]\"\n\ttoolbarVisible=\"true\"\n\tvalidationSuccess=\"\"\n\tvalidationError=\"\"\n\tparseError=\"\"\n\tformatError=\"\"\n\tvalidateFieldGroup=\"\">\n\t\t<tooltip><\/tooltip> <!-- sap.ui.core.TooltipBase -->\n\t\t<dependents><\/dependents> <!-- sap.ui.core.Control, since 1.19 -->\n\t\t<tooltip><\/tooltip><!-- sap.ui.core.TooltipBase -->\n\t<customData><\/customData><!-- sap.ui.core.CustomData -->\n\t<layoutData><\/layoutData><!-- sap.ui.core.LayoutData -->\n\t<dependents><\/dependents><!-- sap.ui.core.Control -->\n\t<content><\/content><!-- sap.ui.core.Control -->\n\t<toolbarItems><\/toolbarItems><!-- sap.ui.commons.ToolbarItem -->\n<\/ExactArea>\n","Deprecated":false,"helpDescription":"<strong style=\"color: red;\">Experimental! <\/strong>","description":"sap.ui.ux3.ExactArea","Experimental":true,"prefix":"ExactArea","name":"sap.ui.ux3.ExactArea"},{"template":"<ExactAttribute xmlns=\"sap.ui.ux3\"\n\tid=\"${id}\"\n\ttext=\"\"\n\tselected=\"\"\n\twidth=\"168\"\n\tlistOrder=\"Select\"\n\tshowSubAttributesIndicator=\"true\"\n\tadditionalData=\"\"\n\tsupplyActive=\"true\"\n\tautoActivateSupply=\"false\"\n\tvalidationSuccess=\"\"\n\tvalidationError=\"\"\n\tparseError=\"\"\n\tformatError=\"\"\n\tsupplyAttributes=\"\">\n\t\t<tooltip><\/tooltip> <!-- sap.ui.core.TooltipBase -->\n\t\t<dependents><\/dependents> <!-- sap.ui.core.Control, since 1.19 -->\n\t\t<tooltip><\/tooltip><!-- sap.ui.core.TooltipBase -->\n\t<customData><\/customData><!-- sap.ui.core.CustomData -->\n\t<layoutData><\/layoutData><!-- sap.ui.core.LayoutData -->\n\t<dependents><\/dependents><!-- sap.ui.core.Control -->\n\t<attributes><\/attributes><!-- sap.ui.ux3.ExactAttribute -->\n<\/ExactAttribute>\n","Deprecated":false,"helpDescription":"An element for defining attributes and sub-attributes used within the Exact pattern.","description":"sap.ui.ux3.ExactAttribute","Experimental":false,"prefix":"ExactAttribute","name":"sap.ui.ux3.ExactAttribute"},{"template":"<ExactBrowser xmlns=\"sap.ui.ux3\"\n\tid=\"${id}\"\n\tbusy=\"false\"\n\tbusyIndicatorDelay=\"1000\"\n\tvisible=\"true\"\n\tfieldGroupIds=\"[]\"\n\ttitle=\"\"\n\theaderTitle=\"\"\n\ttopListOrder=\"Select\"\n\tenableListClose=\"false\"\n\tlistHeight=\"290\"\n\tshowHeader=\"false\"\n\tshowTopList=\"true\"\n\tenableReset=\"true\"\n\tenableSave=\"false\"\n\ttopListWidth=\"168\"\n\tvalidationSuccess=\"\"\n\tvalidationError=\"\"\n\tparseError=\"\"\n\tformatError=\"\"\n\tvalidateFieldGroup=\"\"\n\tattributeSelected=\"\"\n\tsave=\"\">\n\t\t<tooltip><\/tooltip> <!-- sap.ui.core.TooltipBase -->\n\t\t<dependents><\/dependents> <!-- sap.ui.core.Control, since 1.19 -->\n\t\t<tooltip><\/tooltip><!-- sap.ui.core.TooltipBase -->\n\t<customData><\/customData><!-- sap.ui.core.CustomData -->\n\t<layoutData><\/layoutData><!-- sap.ui.core.LayoutData -->\n\t<dependents><\/dependents><!-- sap.ui.core.Control -->\n\t<attributes><\/attributes><!-- sap.ui.ux3.ExactAttribute -->\n\t<optionsMenu><\/optionsMenu><!-- sap.ui.commons.Menu -->\n\t<controls><\/controls><!-- sap.ui.core.Control -->\n\t<rootAttribute><\/rootAttribute><!-- sap.ui.core.Element -->\n<\/ExactBrowser>\n","Deprecated":false,"helpDescription":"Attribute browse area used within the Exact pattern. The main benefit of this control is the high flexibility when large data amounts shall be displayed\nin the form of structured data sets with a high or low interdependency level. From lists - which can be nested according to the defined attributes - the user can choose\nentries and thereby trigger the display of further information, depending on the chosen entry/entries (multiple selection supported).","description":"sap.ui.ux3.ExactBrowser","Experimental":false,"prefix":"ExactBrowser","name":"sap.ui.ux3.ExactBrowser"},{"template":"<FacetFilter xmlns=\"sap.ui.ux3\"\n\tid=\"${id}\"\n\tbusy=\"false\"\n\tbusyIndicatorDelay=\"1000\"\n\tvisible=\"true\"\n\tfieldGroupIds=\"[]\"\n\tvisibleItemCountMode=\"Fixed\"\n\tvalidationSuccess=\"\"\n\tvalidationError=\"\"\n\tparseError=\"\"\n\tformatError=\"\"\n\tvalidateFieldGroup=\"\">\n\t\t<tooltip><\/tooltip> <!-- sap.ui.core.TooltipBase -->\n\t\t<dependents><\/dependents> <!-- sap.ui.core.Control, since 1.19 -->\n\t\t<tooltip><\/tooltip><!-- sap.ui.core.TooltipBase -->\n\t<customData><\/customData><!-- sap.ui.core.CustomData -->\n\t<layoutData><\/layoutData><!-- sap.ui.core.LayoutData -->\n\t<dependents><\/dependents><!-- sap.ui.core.Control -->\n\t<lists><\/lists><!-- sap.ui.ux3.FacetFilterList -->\n<\/FacetFilter>\n","Deprecated":false,"helpDescription":"FacetFilter Control.","description":"sap.ui.ux3.FacetFilter","Experimental":false,"prefix":"FacetFilter","name":"sap.ui.ux3.FacetFilter"},{"template":"<FacetFilterList xmlns=\"sap.ui.ux3\"\n\tid=\"${id}\"\n\tbusy=\"false\"\n\tbusyIndicatorDelay=\"1000\"\n\tvisible=\"true\"\n\tfieldGroupIds=\"[]\"\n\ttitle=\"\"\n\tmultiSelect=\"true\"\n\tdisplaySecondaryValues=\"false\"\n\tselectedKeys=\"\"\n\tshowCounter=\"true\"\n\tvalidationSuccess=\"\"\n\tvalidationError=\"\"\n\tparseError=\"\"\n\tformatError=\"\"\n\tvalidateFieldGroup=\"\"\n\tselect=\"\">\n\t\t<tooltip><\/tooltip> <!-- sap.ui.core.TooltipBase -->\n\t\t<dependents><\/dependents> <!-- sap.ui.core.Control, since 1.19 -->\n\t\t<tooltip><\/tooltip><!-- sap.ui.core.TooltipBase -->\n\t<customData><\/customData><!-- sap.ui.core.CustomData -->\n\t<layoutData><\/layoutData><!-- sap.ui.core.LayoutData -->\n\t<dependents><\/dependents><!-- sap.ui.core.Control -->\n\t<items><\/items><!-- sap.ui.core.ListItem -->\n\t<controls><\/controls><!-- sap.ui.commons.ListBox -->\n<\/FacetFilterList>\n","Deprecated":false,"helpDescription":"List to be used with the FacetFilter control. The control is not intended to be used stand alone.","description":"sap.ui.ux3.FacetFilterList","Experimental":false,"prefix":"FacetFilterList","name":"sap.ui.ux3.FacetFilterList"},{"template":"<Feed xmlns=\"sap.ui.ux3\"\n\tid=\"${id}\"\n\tbusy=\"false\"\n\tbusyIndicatorDelay=\"1000\"\n\tvisible=\"true\"\n\tfieldGroupIds=\"[]\"\n\tfeederThumbnailSrc=\"\"\n\tfeederSender=\"\"\n\tlive=\"true\"\n\ttitle=\"\"\n\tvalidationSuccess=\"\"\n\tvalidationError=\"\"\n\tparseError=\"\"\n\tformatError=\"\"\n\tvalidateFieldGroup=\"\"\n\tfilterChange=\"\"\n\tsearch=\"\"\n\tchunkAdded=\"\"\n\ttoolsItemSelected=\"\"\n\ttoggleLive=\"\">\n\t\t<tooltip><\/tooltip> <!-- sap.ui.core.TooltipBase -->\n\t\t<dependents><\/dependents> <!-- sap.ui.core.Control, since 1.19 -->\n\t\t<tooltip><\/tooltip><!-- sap.ui.core.TooltipBase -->\n\t<customData><\/customData><!-- sap.ui.core.CustomData -->\n\t<layoutData><\/layoutData><!-- sap.ui.core.LayoutData -->\n\t<dependents><\/dependents><!-- sap.ui.core.Control -->\n\t<filterItems><\/filterItems><!-- sap.ui.core.ListItem -->\n\t<chunks><\/chunks><!-- sap.ui.ux3.FeedChunk -->\n\t<toolsMenuItems><\/toolsMenuItems><!-- sap.ui.commons.MenuItem -->\n<\/Feed>\n","Deprecated":false,"helpDescription":"<strong style=\"color: red;\">Experimental! <\/strong>","description":"sap.ui.ux3.Feed","Experimental":true,"prefix":"Feed","name":"sap.ui.ux3.Feed"},{"template":"<FeedChunk xmlns=\"sap.ui.ux3\"\n\tid=\"${id}\"\n\tbusy=\"false\"\n\tbusyIndicatorDelay=\"1000\"\n\tvisible=\"true\"\n\tfieldGroupIds=\"[]\"\n\tthumbnailSrc=\"\"\n\ttext=\"\"\n\tsender=\"\"\n\ttimestamp=\"\"\n\tdeletionAllowed=\"false\"\n\tcommentChunk=\"false\"\n\tfeederThumbnailSrc=\"\"\n\tfeederSender=\"\"\n\tflagged=\"false\"\n\tfavorite=\"\"\n\tshared=\"false\"\n\tenableFlag=\"true\"\n\tenableShare=\"true\"\n\tenableComment=\"true\"\n\tenableInspect=\"true\"\n\tenableFavorite=\"true\"\n\tvalidationSuccess=\"\"\n\tvalidationError=\"\"\n\tparseError=\"\"\n\tformatError=\"\"\n\tvalidateFieldGroup=\"\"\n\tdeleted=\"\"\n\tcommentAdded=\"\"\n\ttoggleFlagged=\"\"\n\tsenderClicked=\"\"\n\treferenceClicked=\"\"\n\ttoggleFavorite=\"\"\n\tinspect=\"\"\n\ttoggleShared=\"\"\n\tactionItemSelected=\"\">\n\t\t<tooltip><\/tooltip> <!-- sap.ui.core.TooltipBase -->\n\t\t<dependents><\/dependents> <!-- sap.ui.core.Control, since 1.19 -->\n\t\t<tooltip><\/tooltip><!-- sap.ui.core.TooltipBase -->\n\t<customData><\/customData><!-- sap.ui.core.CustomData -->\n\t<layoutData><\/layoutData><!-- sap.ui.core.LayoutData -->\n\t<dependents><\/dependents><!-- sap.ui.core.Control -->\n\t<comments><\/comments><!-- sap.ui.ux3.FeedChunk -->\n\t<actionMenuItems><\/actionMenuItems><!-- sap.ui.commons.MenuItem -->\n<\/FeedChunk>\n","Deprecated":false,"helpDescription":"<strong style=\"color: red;\">Experimental! <\/strong>","description":"sap.ui.ux3.FeedChunk","Experimental":true,"prefix":"FeedChunk","name":"sap.ui.ux3.FeedChunk"},{"template":"<Feeder xmlns=\"sap.ui.ux3\"\n\tid=\"${id}\"\n\tbusy=\"false\"\n\tbusyIndicatorDelay=\"1000\"\n\tvisible=\"true\"\n\tfieldGroupIds=\"[]\"\n\tthumbnailSrc=\"\"\n\ttext=\"\"\n\ttype=\"Large\"\n\tplaceholderText=\"\"\n\tvalidationSuccess=\"\"\n\tvalidationError=\"\"\n\tparseError=\"\"\n\tformatError=\"\"\n\tvalidateFieldGroup=\"\"\n\tsubmit=\"\">\n\t\t<tooltip><\/tooltip> <!-- sap.ui.core.TooltipBase -->\n\t\t<dependents><\/dependents> <!-- sap.ui.core.Control, since 1.19 -->\n\t\t<tooltip><\/tooltip><!-- sap.ui.core.TooltipBase -->\n\t<customData><\/customData><!-- sap.ui.core.CustomData -->\n\t<layoutData><\/layoutData><!-- sap.ui.core.LayoutData -->\n\t<dependents><\/dependents><!-- sap.ui.core.Control -->\n<\/Feeder>\n","Deprecated":false,"helpDescription":"<strong style=\"color: red;\">Experimental! <\/strong>","description":"sap.ui.ux3.Feeder","Experimental":true,"prefix":"Feeder","name":"sap.ui.ux3.Feeder"},{"template":"<NavigationBar xmlns=\"sap.ui.ux3\"\n\tid=\"${id}\"\n\tbusy=\"false\"\n\tbusyIndicatorDelay=\"1000\"\n\tvisible=\"true\"\n\tfieldGroupIds=\"[]\"\n\ttoplevelVariant=\"false\"\n\tvalidationSuccess=\"\"\n\tvalidationError=\"\"\n\tparseError=\"\"\n\tformatError=\"\"\n\tvalidateFieldGroup=\"\"\n\tselect=\"\">\n\t\t<tooltip><\/tooltip> <!-- sap.ui.core.TooltipBase -->\n\t\t<dependents><\/dependents> <!-- sap.ui.core.Control, since 1.19 -->\n\t\t<tooltip><\/tooltip><!-- sap.ui.core.TooltipBase -->\n\t<customData><\/customData><!-- sap.ui.core.CustomData -->\n\t<layoutData><\/layoutData><!-- sap.ui.core.LayoutData -->\n\t<dependents><\/dependents><!-- sap.ui.core.Control -->\n\t<items><\/items><!-- sap.ui.ux3.NavigationItem -->\n\t<overflowMenu><\/overflowMenu><!-- sap.ui.commons.Menu -->\n<\/NavigationBar>\n","Deprecated":false,"helpDescription":"Provides enhanced navigation capabilities and is the parent control of NavigationItem. It is displayed in the form of a horizontal line\nwith switching markers depending on the currently selected item. The size of an item which is currently chosen by the user is enlarged. In the case\nthat a large number of items are defined for the bar, this is made transparent to the user by showing symbols for scrolling options (forwards and backwards)\nto see the next or previous items.","description":"sap.ui.ux3.NavigationBar","Experimental":false,"prefix":"NavigationBar","name":"sap.ui.ux3.NavigationBar"},{"template":"<NavigationItem xmlns=\"sap.ui.ux3\"\n\tid=\"${id}\"\n\ttext=\"\"\n\tenabled=\"true\"\n\ttextDirection=\"Inherit\"\n\tkey=\"\"\n\tvisible=\"true\"\n\thref=\"\"\n\tvalidationSuccess=\"\"\n\tvalidationError=\"\"\n\tparseError=\"\"\n\tformatError=\"\">\n\t\t<tooltip><\/tooltip> <!-- sap.ui.core.TooltipBase -->\n\t\t<dependents><\/dependents> <!-- sap.ui.core.Control, since 1.19 -->\n\t\t<tooltip><\/tooltip><!-- sap.ui.core.TooltipBase -->\n\t<customData><\/customData><!-- sap.ui.core.CustomData -->\n\t<layoutData><\/layoutData><!-- sap.ui.core.LayoutData -->\n\t<dependents><\/dependents><!-- sap.ui.core.Control -->\n\t<subItems><\/subItems><!-- sap.ui.ux3.NavigationItem -->\n<\/NavigationItem>\n","Deprecated":false,"helpDescription":"Is the item to be used within the NavigationBar","description":"sap.ui.ux3.NavigationItem","Experimental":false,"prefix":"NavigationItem","name":"sap.ui.ux3.NavigationItem"},{"template":"<NotificationBar xmlns=\"sap.ui.ux3\"\n\tid=\"${id}\"\n\tbusy=\"false\"\n\tbusyIndicatorDelay=\"1000\"\n\tvisible=\"true\"\n\tfieldGroupIds=\"[]\"\n\tvisibleStatus=\"Default\"\n\tresizeEnabled=\"true\"\n\talwaysShowToggler=\"false\"\n\tvalidationSuccess=\"\"\n\tvalidationError=\"\"\n\tparseError=\"\"\n\tformatError=\"\"\n\tvalidateFieldGroup=\"\"\n\tdisplay=\"\"\n\tresize=\"\">\n\t\t<tooltip><\/tooltip> <!-- sap.ui.core.TooltipBase -->\n\t\t<dependents><\/dependents> <!-- sap.ui.core.Control, since 1.19 -->\n\t\t<tooltip><\/tooltip><!-- sap.ui.core.TooltipBase -->\n\t<customData><\/customData><!-- sap.ui.core.CustomData -->\n\t<layoutData><\/layoutData><!-- sap.ui.core.LayoutData -->\n\t<dependents><\/dependents><!-- sap.ui.core.Control -->\n\t<messageNotifier><\/messageNotifier><!-- sap.ui.core.Element -->\n\t<notifiers><\/notifiers><!-- sap.ui.core.Element -->\n<\/NotificationBar>\n","Deprecated":false,"helpDescription":"A NotificationBar is a \"toolbar\" that can be added to a page to show messages and notifications from the application.\nIts position, height and width is inherited from the element that the notification bar is added to.","description":"sap.ui.ux3.NotificationBar","Experimental":false,"prefix":"NotificationBar","name":"sap.ui.ux3.NotificationBar"},{"template":"<Notifier xmlns=\"sap.ui.ux3\"\n\tid=\"${id}\"\n\ticon=\"\"\n\ttitle=\"\"\n\tvalidationSuccess=\"\"\n\tvalidationError=\"\"\n\tparseError=\"\"\n\tformatError=\"\"\n\tmessageSelected=\"\">\n\t\t<tooltip><\/tooltip> <!-- sap.ui.core.TooltipBase -->\n\t\t<dependents><\/dependents> <!-- sap.ui.core.Control, since 1.19 -->\n\t\t<tooltip><\/tooltip><!-- sap.ui.core.TooltipBase -->\n\t<customData><\/customData><!-- sap.ui.core.CustomData -->\n\t<layoutData><\/layoutData><!-- sap.ui.core.LayoutData -->\n\t<dependents><\/dependents><!-- sap.ui.core.Control -->\n\t<messages><\/messages><!-- sap.ui.core.Message -->\n\t<views><\/views><!-- sap.ui.core.Control -->\n<\/Notifier>\n","Deprecated":false,"helpDescription":"This element can be docked to a notification bar to show notification items","description":"sap.ui.ux3.Notifier","Experimental":false,"prefix":"Notifier","name":"sap.ui.ux3.Notifier"},{"template":"<Overlay xmlns=\"sap.ui.ux3\"\n\tid=\"${id}\"\n\tbusy=\"false\"\n\tbusyIndicatorDelay=\"1000\"\n\tvisible=\"true\"\n\tfieldGroupIds=\"[]\"\n\topenButtonVisible=\"true\"\n\tcloseButtonVisible=\"true\"\n\tvalidationSuccess=\"\"\n\tvalidationError=\"\"\n\tparseError=\"\"\n\tformatError=\"\"\n\tvalidateFieldGroup=\"\"\n\tclose=\"\"\n\tclosed=\"\"\n\topenNew=\"\"\n\topen=\"\">\n\t\t<tooltip><\/tooltip> <!-- sap.ui.core.TooltipBase -->\n\t\t<dependents><\/dependents> <!-- sap.ui.core.Control, since 1.19 -->\n\t\t<tooltip><\/tooltip><!-- sap.ui.core.TooltipBase -->\n\t<customData><\/customData><!-- sap.ui.core.CustomData -->\n\t<layoutData><\/layoutData><!-- sap.ui.core.LayoutData -->\n\t<dependents><\/dependents><!-- sap.ui.core.Control -->\n<\/Overlay>\n","Deprecated":false,"helpDescription":"Overlay Control","description":"sap.ui.ux3.Overlay","Experimental":false,"prefix":"Overlay","name":"sap.ui.ux3.Overlay"},{"template":"<OverlayContainer xmlns=\"sap.ui.ux3\"\n\tid=\"${id}\"\n\tbusy=\"false\"\n\tbusyIndicatorDelay=\"1000\"\n\tvisible=\"true\"\n\tfieldGroupIds=\"[]\"\n\topenButtonVisible=\"true\"\n\tcloseButtonVisible=\"true\"\n\tvalidationSuccess=\"\"\n\tvalidationError=\"\"\n\tparseError=\"\"\n\tformatError=\"\"\n\tvalidateFieldGroup=\"\"\n\tclose=\"\"\n\tclosed=\"\"\n\topenNew=\"\"\n\topen=\"\">\n\t\t<tooltip><\/tooltip> <!-- sap.ui.core.TooltipBase -->\n\t\t<dependents><\/dependents> <!-- sap.ui.core.Control, since 1.19 -->\n\t\t<tooltip><\/tooltip><!-- sap.ui.core.TooltipBase -->\n\t<customData><\/customData><!-- sap.ui.core.CustomData -->\n\t<layoutData><\/layoutData><!-- sap.ui.core.LayoutData -->\n\t<dependents><\/dependents><!-- sap.ui.core.Control -->\n\t<content><\/content><!-- sap.ui.core.Control -->\n<\/OverlayContainer>\n","Deprecated":false,"helpDescription":"Is to be embedded into the Overlay control as content container","description":"sap.ui.ux3.OverlayContainer","Experimental":false,"prefix":"OverlayContainer","name":"sap.ui.ux3.OverlayContainer"},{"template":"<OverlayDialog xmlns=\"sap.ui.ux3\"\n\tid=\"${id}\"\n\tbusy=\"false\"\n\tbusyIndicatorDelay=\"1000\"\n\tvisible=\"true\"\n\tfieldGroupIds=\"[]\"\n\topenButtonVisible=\"true\"\n\tcloseButtonVisible=\"true\"\n\twidth=\"auto\"\n\theight=\"auto\"\n\tvalidationSuccess=\"\"\n\tvalidationError=\"\"\n\tparseError=\"\"\n\tformatError=\"\"\n\tvalidateFieldGroup=\"\"\n\tclose=\"\"\n\tclosed=\"\"\n\topenNew=\"\"\n\topen=\"\">\n\t\t<tooltip><\/tooltip> <!-- sap.ui.core.TooltipBase -->\n\t\t<dependents><\/dependents> <!-- sap.ui.core.Control, since 1.19 -->\n\t\t<tooltip><\/tooltip><!-- sap.ui.core.TooltipBase -->\n\t<customData><\/customData><!-- sap.ui.core.CustomData -->\n\t<layoutData><\/layoutData><!-- sap.ui.core.LayoutData -->\n\t<dependents><\/dependents><!-- sap.ui.core.Control -->\n\t<content><\/content><!-- sap.ui.core.Control -->\n<\/OverlayDialog>\n","Deprecated":false,"helpDescription":"Dialog implementation based on the Overlay. If used in a Shell it leaves the Tool-Palette, Pane-Bar and Header-Items accessible.","description":"sap.ui.ux3.OverlayDialog","Experimental":false,"prefix":"OverlayDialog","name":"sap.ui.ux3.OverlayDialog"},{"template":"<QuickView xmlns=\"sap.ui.ux3\"\n\tid=\"${id}\"\n\tbusy=\"false\"\n\tbusyIndicatorDelay=\"1000\"\n\tvisible=\"true\"\n\tfieldGroupIds=\"[]\"\n\ttext=\"\"\n\topenDuration=\"200\"\n\tcloseDuration=\"200\"\n\tmyPosition=\"begin top\"\n\tatPosition=\"begin bottom\"\n\toffset=\"10 3\"\n\tcollision=\"flip\"\n\topenDelay=\"500\"\n\tcloseDelay=\"100\"\n\ttype=\"\"\n\tfirstTitle=\"\"\n\tfirstTitleHref=\"\"\n\tsecondTitle=\"\"\n\ticon=\"\"\n\twidth=\"\"\n\tshowActionBar=\"true\"\n\tfollowState=\"Default\"\n\tflagState=\"false\"\n\tfavoriteState=\"false\"\n\tfavoriteActionEnabled=\"true\"\n\tupdateActionEnabled=\"true\"\n\tfollowActionEnabled=\"true\"\n\tflagActionEnabled=\"true\"\n\topenActionEnabled=\"true\"\n\tvalidationSuccess=\"\"\n\tvalidationError=\"\"\n\tparseError=\"\"\n\tformatError=\"\"\n\tvalidateFieldGroup=\"\"\n\tclosed=\"\"\n\topen=\"\"\n\tclose=\"\"\n\tbeforeOpen=\"\"\n\topened=\"\"\n\tactionSelected=\"\"\n\tfeedSubmit=\"\"\n\tnavigate=\"\">\n\t\t<tooltip><\/tooltip> <!-- sap.ui.core.TooltipBase -->\n\t\t<dependents><\/dependents> <!-- sap.ui.core.Control, since 1.19 -->\n\t\t<tooltip><\/tooltip><!-- sap.ui.core.TooltipBase -->\n\t<customData><\/customData><!-- sap.ui.core.CustomData -->\n\t<layoutData><\/layoutData><!-- sap.ui.core.LayoutData -->\n\t<dependents><\/dependents><!-- sap.ui.core.Control -->\n\t<content><\/content><!-- sap.ui.core.Element -->\n\t<actions><\/actions><!-- sap.ui.ux3.ThingAction -->\n\t<actionBar><\/actionBar><!-- sap.ui.ux3.ActionBar -->\n<\/QuickView>\n","Deprecated":false,"helpDescription":"QuickView is a small popup with a short overview of a Thing.\nQuickView is shown when a user holds the mouse pointer over a related screen element.","description":"sap.ui.ux3.QuickView","Experimental":false,"prefix":"QuickView","name":"sap.ui.ux3.QuickView"},{"template":"<Shell xmlns=\"sap.ui.ux3\"\n\tid=\"${id}\"\n\tbusy=\"false\"\n\tbusyIndicatorDelay=\"1000\"\n\tvisible=\"true\"\n\tfieldGroupIds=\"[]\"\n\tappTitle=\"\"\n\tappIcon=\"\"\n\tappIconTooltip=\"\"\n\tshowLogoutButton=\"true\"\n\tlogoutButtonTooltip=\"\"\n\tshowSearchTool=\"true\"\n\tshowInspectorTool=\"false\"\n\tshowFeederTool=\"true\"\n\tshowTools=\"true\"\n\tshowPane=\"true\"\n\theaderType=\"Standard\"\n\tdesignType=\"Standard\"\n\tpaneWidth=\"250\"\n\tapplyContentPadding=\"true\"\n\tfullHeightContent=\"false\"\n\tallowOverlayHeaderAccess=\"false\"\n\tvalidationSuccess=\"\"\n\tvalidationError=\"\"\n\tparseError=\"\"\n\tformatError=\"\"\n\tvalidateFieldGroup=\"\"\n\tworksetItemSelected=\"\"\n\tpaneBarItemSelected=\"\"\n\tlogout=\"\"\n\tsearch=\"\"\n\tfeedSubmit=\"\"\n\tpaneClosed=\"\">\n\t\t<tooltip><\/tooltip> <!-- sap.ui.core.TooltipBase -->\n\t\t<dependents><\/dependents> <!-- sap.ui.core.Control, since 1.19 -->\n\t\t<tooltip><\/tooltip><!-- sap.ui.core.TooltipBase -->\n\t<customData><\/customData><!-- sap.ui.core.CustomData -->\n\t<layoutData><\/layoutData><!-- sap.ui.core.LayoutData -->\n\t<dependents><\/dependents><!-- sap.ui.core.Control -->\n\t<worksetItems><\/worksetItems><!-- sap.ui.ux3.NavigationItem -->\n\t<paneBarItems><\/paneBarItems><!-- sap.ui.core.Item -->\n\t<paneContent><\/paneContent><!-- sap.ui.core.Control -->\n\t<content><\/content><!-- sap.ui.core.Control -->\n\t<toolPopups><\/toolPopups><!-- sap.ui.ux3.ToolPopup -->\n\t<headerItems><\/headerItems><!-- sap.ui.core.Control -->\n\t<notificationBar><\/notificationBar><!-- sap.ui.ux3.NotificationBar -->\n\t<_paneOverflowMenu><\/_paneOverflowMenu><!-- sap.ui.commons.Menu -->\n<\/Shell>\n","Deprecated":false,"helpDescription":"The Ux3 GoldReflection Shell, which is an application frame with navigation capabilities.\nIt is supposed to be added to a direct child of the BODY tag of a page and there should be no other parts of the page consuming space outside the Shell.","description":"sap.ui.ux3.Shell","Experimental":false,"prefix":"Shell","name":"sap.ui.ux3.Shell"},{"template":"<ThingAction xmlns=\"sap.ui.ux3\"\n\tid=\"${id}\"\n\ttext=\"\"\n\tenabled=\"true\"\n\tvalidationSuccess=\"\"\n\tvalidationError=\"\"\n\tparseError=\"\"\n\tformatError=\"\"\n\tselect=\"\">\n\t\t<tooltip><\/tooltip> <!-- sap.ui.core.TooltipBase -->\n\t\t<dependents><\/dependents> <!-- sap.ui.core.Control, since 1.19 -->\n\t\t<tooltip><\/tooltip><!-- sap.ui.core.TooltipBase -->\n\t<customData><\/customData><!-- sap.ui.core.CustomData -->\n\t<layoutData><\/layoutData><!-- sap.ui.core.LayoutData -->\n\t<dependents><\/dependents><!-- sap.ui.core.Control -->\n<\/ThingAction>\n","Deprecated":false,"helpDescription":"Thing Action for Swatch, QuickView, Thinginspector","description":"sap.ui.ux3.ThingAction","Experimental":false,"prefix":"ThingAction","name":"sap.ui.ux3.ThingAction"},{"template":"<ThingGroup xmlns=\"sap.ui.ux3\"\n\tid=\"${id}\"\n\ttitle=\"\"\n\tcolspan=\"false\"\n\tvalidationSuccess=\"\"\n\tvalidationError=\"\"\n\tparseError=\"\"\n\tformatError=\"\">\n\t\t<tooltip><\/tooltip> <!-- sap.ui.core.TooltipBase -->\n\t\t<dependents><\/dependents> <!-- sap.ui.core.Control, since 1.19 -->\n\t\t<tooltip><\/tooltip><!-- sap.ui.core.TooltipBase -->\n\t<customData><\/customData><!-- sap.ui.core.CustomData -->\n\t<layoutData><\/layoutData><!-- sap.ui.core.LayoutData -->\n\t<dependents><\/dependents><!-- sap.ui.core.Control -->\n\t<content><\/content><!-- sap.ui.core.Control -->\n\t<actions><\/actions><!-- sap.ui.ux3.ThingGroup -->\n<\/ThingGroup>\n","Deprecated":false,"helpDescription":"Thing Group Area","description":"sap.ui.ux3.ThingGroup","Experimental":false,"prefix":"ThingGroup","name":"sap.ui.ux3.ThingGroup"},{"template":"<ThingInspector xmlns=\"sap.ui.ux3\"\n\tid=\"${id}\"\n\tbusy=\"false\"\n\tbusyIndicatorDelay=\"1000\"\n\tvisible=\"true\"\n\tfieldGroupIds=\"[]\"\n\topenButtonVisible=\"true\"\n\tcloseButtonVisible=\"true\"\n\tfirstTitle=\"\"\n\ttype=\"\"\n\ticon=\"\"\n\tsecondTitle=\"\"\n\tfollowState=\"Default\"\n\tflagState=\"false\"\n\tfavoriteState=\"false\"\n\tfavoriteActionEnabled=\"true\"\n\tupdateActionEnabled=\"true\"\n\tfollowActionEnabled=\"true\"\n\tflagActionEnabled=\"true\"\n\theaderType=\"Standard\"\n\tvalidationSuccess=\"\"\n\tvalidationError=\"\"\n\tparseError=\"\"\n\tformatError=\"\"\n\tvalidateFieldGroup=\"\"\n\tclose=\"\"\n\tclosed=\"\"\n\topenNew=\"\"\n\topen=\"\"\n\tactionSelected=\"\"\n\tfacetSelected=\"\"\n\tfeedSubmit=\"\">\n\t\t<tooltip><\/tooltip> <!-- sap.ui.core.TooltipBase -->\n\t\t<dependents><\/dependents> <!-- sap.ui.core.Control, since 1.19 -->\n\t\t<tooltip><\/tooltip><!-- sap.ui.core.TooltipBase -->\n\t<customData><\/customData><!-- sap.ui.core.CustomData -->\n\t<layoutData><\/layoutData><!-- sap.ui.core.LayoutData -->\n\t<dependents><\/dependents><!-- sap.ui.core.Control -->\n\t<actions><\/actions><!-- sap.ui.ux3.ThingAction -->\n\t<headerContent><\/headerContent><!-- sap.ui.ux3.ThingGroup -->\n\t<facets><\/facets><!-- sap.ui.ux3.NavigationItem -->\n\t<facetContent><\/facetContent><!-- sap.ui.ux3.ThingGroup -->\n\t<actionBar><\/actionBar><!-- sap.ui.ux3.ActionBar -->\n\t<thingViewer><\/thingViewer><!-- sap.ui.ux3.ThingViewer -->\n<\/ThingInspector>\n","Deprecated":false,"helpDescription":"Thing Inspector","description":"sap.ui.ux3.ThingInspector","Experimental":false,"prefix":"ThingInspector","name":"sap.ui.ux3.ThingInspector"},{"template":"<ThingViewer xmlns=\"sap.ui.ux3\"\n\tid=\"${id}\"\n\tbusy=\"false\"\n\tbusyIndicatorDelay=\"1000\"\n\tvisible=\"true\"\n\tfieldGroupIds=\"[]\"\n\ttitle=\"\"\n\ttype=\"\"\n\ticon=\"\"\n\tsubtitle=\"\"\n\twidth=\"100%\"\n\theight=\"100%\"\n\theaderType=\"Standard\"\n\tvalidationSuccess=\"\"\n\tvalidationError=\"\"\n\tparseError=\"\"\n\tformatError=\"\"\n\tvalidateFieldGroup=\"\"\n\tfacetSelected=\"\">\n\t\t<tooltip><\/tooltip> <!-- sap.ui.core.TooltipBase -->\n\t\t<dependents><\/dependents> <!-- sap.ui.core.Control, since 1.19 -->\n\t\t<tooltip><\/tooltip><!-- sap.ui.core.TooltipBase -->\n\t<customData><\/customData><!-- sap.ui.core.CustomData -->\n\t<layoutData><\/layoutData><!-- sap.ui.core.LayoutData -->\n\t<dependents><\/dependents><!-- sap.ui.core.Control -->\n\t<headerContent><\/headerContent><!-- sap.ui.ux3.ThingGroup -->\n\t<facets><\/facets><!-- sap.ui.ux3.NavigationItem -->\n\t<facetContent><\/facetContent><!-- sap.ui.ux3.ThingGroup -->\n\t<actionBar><\/actionBar><!-- sap.ui.ux3.ActionBar -->\n\t<navBar><\/navBar><!-- sap.ui.ux3.NavigationBar -->\n<\/ThingViewer>\n","Deprecated":false,"helpDescription":"ThingViewer: Same as ThingInspector but decoupled from the Overlay and the ActionBar.\nThe control can be added to a Parent container that has a defined width. The ThingViewer fill the whole container. If the parent container has no width defined the control will not work properly.","description":"sap.ui.ux3.ThingViewer","Experimental":false,"prefix":"ThingViewer","name":"sap.ui.ux3.ThingViewer"},{"template":"<ToolPopup xmlns=\"sap.ui.ux3\"\n\tid=\"${id}\"\n\tbusy=\"false\"\n\tbusyIndicatorDelay=\"1000\"\n\tvisible=\"true\"\n\tfieldGroupIds=\"[]\"\n\ttitle=\"\"\n\ticon=\"\"\n\ticonHover=\"\"\n\ticonSelected=\"\"\n\tmodal=\"false\"\n\tinverted=\"true\"\n\tautoClose=\"false\"\n\tmaxHeight=\"\"\n\tmaxWidth=\"\"\n\topenDuration=\"400\"\n\tcloseDuration=\"400\"\n\tvalidationSuccess=\"\"\n\tvalidationError=\"\"\n\tparseError=\"\"\n\tformatError=\"\"\n\tvalidateFieldGroup=\"\"\n\topen=\"\"\n\tclose=\"\"\n\tenter=\"\"\n\ticonChanged=\"\"\n\tclosed=\"\"\n\topened=\"\">\n\t\t<tooltip><\/tooltip> <!-- sap.ui.core.TooltipBase -->\n\t\t<dependents><\/dependents> <!-- sap.ui.core.Control, since 1.19 -->\n\t\t<tooltip><\/tooltip><!-- sap.ui.core.TooltipBase -->\n\t<customData><\/customData><!-- sap.ui.core.CustomData -->\n\t<layoutData><\/layoutData><!-- sap.ui.core.LayoutData -->\n\t<dependents><\/dependents><!-- sap.ui.core.Control -->\n\t<buttons><\/buttons><!-- sap.ui.core.Control -->\n\t<content><\/content><!-- sap.ui.core.Control -->\n<\/ToolPopup>\n","Deprecated":false,"helpDescription":"A popup which the user can open from the Shell's tool pane. Generally, the starting point would be an icon.\nFor this pop up, buttons can be defined with any text; therefore, it has the same purpose\nand similar look like any common dialog box.\nA ToolPopup can have any content. Depending on the application type and design, the structure\nof the texts and input fields can be for example form-like.","description":"sap.ui.ux3.ToolPopup","Experimental":false,"prefix":"ToolPopup","name":"sap.ui.ux3.ToolPopup"}]}