{"XML_KEYWORDS":["sap.me.Calendar","sap.me.CalendarLegend","sap.me.OverlapCalendar","sap.me.OverlapCalendarEvent","sap.me.ProgressIndicator","sap.me.TabContainer"],"XML_TEMPLATES":[{"template":"<Calendar xmlns=\"sap.me\"\n\tid=\"${id}\"\n\tbusy=\"false\"\n\tbusyIndicatorDelay=\"1000\"\n\tvisible=\"true\"\n\tfieldGroupIds=\"[]\"\n\tvisible=\"true\"\n\thideNavControls=\"false\"\n\thideMonthTitles=\"false\"\n\tmonthsPerRow=\"1\"\n\tdayWidth=\"45\"\n\tdayHeight=\"50\"\n\tweeksPerRow=\"1\"\n\tsingleRow=\"\"\n\tmonthsToDisplay=\"1\"\n\tcurrentDate=\"\"\n\tenableMultiselection=\"false\"\n\tfirstDayOffset=\"0\"\n\tdisabledWeekDays=\"\"\n\tdisabledDates=\"\"\n\tswipeToNavigate=\"false\"\n\tdesign=\"Approval\"\n\tselectionMode=\"SINGLE\"\n\twidth=\"100%\"\n\tdays=\"\"\n\tmonths=\"\"\n\tvalidationSuccess=\"\"\n\tvalidationError=\"\"\n\tparseError=\"\"\n\tformatError=\"\"\n\tvalidateFieldGroup=\"\"\n\ttapOnDate=\"\"\n\tchangeCurrentDate=\"\"\n\tchangeRange=\"\">\n\t\t<tooltip><\/tooltip> <!-- sap.ui.core.TooltipBase -->\n\t\t<dependents><\/dependents> <!-- sap.ui.core.Control, since 1.19 -->\n\t\t<tooltip><\/tooltip><!-- sap.ui.core.TooltipBase -->\n\t<customData><\/customData><!-- sap.ui.core.CustomData -->\n\t<layoutData><\/layoutData><!-- sap.ui.core.LayoutData -->\n\t<dependents><\/dependents><!-- sap.ui.core.Control -->\n<\/Calendar>\n","Deprecated":true,"helpDescription":"<strong style=\"color: red;\">Deprecated! <\/strong>Since 1.26.0 This control was experimental since 1.12. Please use the sap.ui.unified.Calendar instead!<br>This is the Calendar control","description":"sap.me.Calendar","Experimental":false,"prefix":"Calendar","name":"sap.me.Calendar"},{"template":"<CalendarLegend xmlns=\"sap.me\"\n\tid=\"${id}\"\n\tbusy=\"false\"\n\tbusyIndicatorDelay=\"1000\"\n\tvisible=\"true\"\n\tfieldGroupIds=\"[]\"\n\tlegendForType00=\"\"\n\tlegendForType01=\"\"\n\tlegendForType04=\"\"\n\tlegendForType06=\"\"\n\tlegendForType07=\"\"\n\tlegendForToday=\"\"\n\tlegendForSelected=\"\"\n\tlegendForSelected00=\"\"\n\tlegendForNormal=\"\"\n\texpandable=\"true\"\n\texpanded=\"true\"\n\twidth=\"auto\"\n\tlegendWidth=\"12.5rem\"\n\tvisible=\"true\"\n\tdesign=\"Approval\"\n\tvalidationSuccess=\"\"\n\tvalidationError=\"\"\n\tparseError=\"\"\n\tformatError=\"\"\n\tvalidateFieldGroup=\"\">\n\t\t<tooltip><\/tooltip> <!-- sap.ui.core.TooltipBase -->\n\t\t<dependents><\/dependents> <!-- sap.ui.core.Control, since 1.19 -->\n\t\t<tooltip><\/tooltip><!-- sap.ui.core.TooltipBase -->\n\t<customData><\/customData><!-- sap.ui.core.CustomData -->\n\t<layoutData><\/layoutData><!-- sap.ui.core.LayoutData -->\n\t<dependents><\/dependents><!-- sap.ui.core.Control -->\n\t<labels><\/labels><!-- sap.m.Label -->\n\t<colors><\/colors><!-- sap.ui.core.Control -->\n\t<icon><\/icon><!-- sap.ui.core.Icon -->\n<\/CalendarLegend>\n","Deprecated":false,"helpDescription":"<strong style=\"color: red;\">Experimental! <\/strong>","description":"sap.me.CalendarLegend","Experimental":true,"prefix":"CalendarLegend","name":"sap.me.CalendarLegend"},{"template":"<OverlapCalendar xmlns=\"sap.me\"\n\tid=\"${id}\"\n\tbusy=\"false\"\n\tbusyIndicatorDelay=\"1000\"\n\tvisible=\"true\"\n\tfieldGroupIds=\"[]\"\n\tstartDate=\"\"\n\tweeksPerRow=\"2\"\n\tfirstDayOffset=\"0\"\n\tshowOverlapIndicator=\"false\"\n\tvisible=\"true\"\n\tswipeToNavigate=\"true\"\n\twidth=\"100%\"\n\tvalidationSuccess=\"\"\n\tvalidationError=\"\"\n\tparseError=\"\"\n\tformatError=\"\"\n\tvalidateFieldGroup=\"\"\n\tendOfData=\"\"\n\tchangeDate=\"\">\n\t\t<tooltip><\/tooltip> <!-- sap.ui.core.TooltipBase -->\n\t\t<dependents><\/dependents> <!-- sap.ui.core.Control, since 1.19 -->\n\t\t<tooltip><\/tooltip><!-- sap.ui.core.TooltipBase -->\n\t<customData><\/customData><!-- sap.ui.core.CustomData -->\n\t<layoutData><\/layoutData><!-- sap.ui.core.LayoutData -->\n\t<dependents><\/dependents><!-- sap.ui.core.Control -->\n\t<calendarEvents><\/calendarEvents><!-- sap.me.OverlapCalendarEvent -->\n\t<calendar><\/calendar><!-- sap.me.Calendar -->\n\t<typeLabels><\/typeLabels><!-- sap.m.Label -->\n\t<nameLabels><\/nameLabels><!-- sap.m.Label -->\n<\/OverlapCalendar>\n","Deprecated":false,"helpDescription":"<strong style=\"color: red;\">Experimental! <\/strong>","description":"sap.me.OverlapCalendar","Experimental":true,"prefix":"OverlapCalendar","name":"sap.me.OverlapCalendar"},{"template":"<OverlapCalendarEvent xmlns=\"sap.me\"\n\tid=\"${id}\"\n\tstartDay=\"\"\n\tendDay=\"\"\n\trelevant=\"\"\n\ttype=\"\"\n\ttypeName=\"\"\n\thalfDay=\"false\"\n\trow=\"-1\"\n\tname=\"\"\n\tvalidationSuccess=\"\"\n\tvalidationError=\"\"\n\tparseError=\"\"\n\tformatError=\"\">\n\t\t<tooltip><\/tooltip> <!-- sap.ui.core.TooltipBase -->\n\t\t<dependents><\/dependents> <!-- sap.ui.core.Control, since 1.19 -->\n\t\t<tooltip><\/tooltip><!-- sap.ui.core.TooltipBase -->\n\t<customData><\/customData><!-- sap.ui.core.CustomData -->\n\t<layoutData><\/layoutData><!-- sap.ui.core.LayoutData -->\n\t<dependents><\/dependents><!-- sap.ui.core.Control -->\n<\/OverlapCalendarEvent>\n","Deprecated":false,"helpDescription":"<strong style=\"color: red;\">Experimental! <\/strong>","description":"sap.me.OverlapCalendarEvent","Experimental":true,"prefix":"OverlapCalendarEvent","name":"sap.me.OverlapCalendarEvent"},{"template":"<ProgressIndicator xmlns=\"sap.me\"\n\tid=\"${id}\"\n\tbusy=\"false\"\n\tbusyIndicatorDelay=\"1000\"\n\tvisible=\"true\"\n\tfieldGroupIds=\"[]\"\n\tvisible=\"true\"\n\tenabled=\"true\"\n\tbarColor=\"NEUTRAL\"\n\tdisplayValue=\"0%\"\n\tpercentValue=\"0\"\n\tshowValue=\"true\"\n\twidth=\"100%\"\n\tvalidationSuccess=\"\"\n\tvalidationError=\"\"\n\tparseError=\"\"\n\tformatError=\"\"\n\tvalidateFieldGroup=\"\">\n\t\t<tooltip><\/tooltip> <!-- sap.ui.core.TooltipBase -->\n\t\t<dependents><\/dependents> <!-- sap.ui.core.Control, since 1.19 -->\n\t\t<tooltip><\/tooltip><!-- sap.ui.core.TooltipBase -->\n\t<customData><\/customData><!-- sap.ui.core.CustomData -->\n\t<layoutData><\/layoutData><!-- sap.ui.core.LayoutData -->\n\t<dependents><\/dependents><!-- sap.ui.core.Control -->\n<\/ProgressIndicator>\n","Deprecated":true,"helpDescription":"<strong style=\"color: red;\">Deprecated! <\/strong>Since 1.14 This control is replaced by sap.m.ProgressIndicator<br>Shows the progress of a process in a graphical way. The indicator can be displayed with or without numerical values.\nThe filling can be displayed in color only, or additionally with the percentage rate. The indicator status can be interactive.","description":"sap.me.ProgressIndicator","Experimental":false,"prefix":"ProgressIndicator","name":"sap.me.ProgressIndicator"},{"template":"<TabContainer xmlns=\"sap.me\"\n\tid=\"${id}\"\n\tbusy=\"false\"\n\tbusyIndicatorDelay=\"1000\"\n\tvisible=\"true\"\n\tfieldGroupIds=\"[]\"\n\tselectedTab=\"\"\n\tbadgeInfo=\"\"\n\tbadgeNotes=\"\"\n\tbadgeAttachments=\"\"\n\tbadgePeople=\"\"\n\texpandable=\"true\"\n\texpanded=\"true\"\n\tvisible=\"true\"\n\tvalidationSuccess=\"\"\n\tvalidationError=\"\"\n\tparseError=\"\"\n\tformatError=\"\"\n\tvalidateFieldGroup=\"\"\n\tselect=\"\"\n\texpand=\"\"\n\tcollapse=\"\">\n\t\t<tooltip><\/tooltip> <!-- sap.ui.core.TooltipBase -->\n\t\t<dependents><\/dependents> <!-- sap.ui.core.Control, since 1.19 -->\n\t\t<tooltip><\/tooltip><!-- sap.ui.core.TooltipBase -->\n\t<customData><\/customData><!-- sap.ui.core.CustomData -->\n\t<layoutData><\/layoutData><!-- sap.ui.core.LayoutData -->\n\t<dependents><\/dependents><!-- sap.ui.core.Control -->\n\t<tabs><\/tabs><!-- sap.ui.core.Icon -->\n\t<contentInfo><\/contentInfo><!-- sap.ui.core.Control -->\n\t<contentAttachments><\/contentAttachments><!-- sap.ui.core.Control -->\n\t<contentNotes><\/contentNotes><!-- sap.ui.core.Control -->\n\t<contentPeople><\/contentPeople><!-- sap.ui.core.Control -->\n\t<badges><\/badges><!-- sap.ui.core.Control -->\n<\/TabContainer>\n","Deprecated":true,"helpDescription":"<strong style=\"color: red;\">Deprecated! <\/strong>Since 1.15.0 The functionality of this control is merged with the sap.m.IconTabBar.\nPlease use the sap.m.IconTabBar instead!\nThis control will not be supported anymore.<br>The TabContainer allow to stack 1 to 4 contents in a\nview with corresponding icons","description":"sap.me.TabContainer","Experimental":false,"prefix":"TabContainer","name":"sap.me.TabContainer"}]}