{"XML_KEYWORDS":["sap.ui.richtexteditor.RichTextEditor"],"XML_TEMPLATES":[{"template":"<RichTextEditor xmlns=\"sap.ui.richtexteditor\"\n\tid=\"${id}\"\n\tbusy=\"false\"\n\tbusyIndicatorDelay=\"1000\"\n\tvisible=\"true\"\n\tfieldGroupIds=\"[]\"\n\tvalue=\"\"\n\ttextDirection=\"Inherit\"\n\twidth=\"\"\n\theight=\"\"\n\teditorType=\"TinyMCE\"\n\teditorLocation=\"js/tiny_mce/tiny_mce_src.js\"\n\teditable=\"true\"\n\tshowGroupFontStyle=\"true\"\n\tshowGroupTextAlign=\"true\"\n\tshowGroupStructure=\"true\"\n\tshowGroupFont=\"false\"\n\tshowGroupClipboard=\"true\"\n\tshowGroupInsert=\"false\"\n\tshowGroupLink=\"false\"\n\tshowGroupUndo=\"false\"\n\twrapping=\"true\"\n\trequired=\"false\"\n\tsanitizeValue=\"true\"\n\tplugins=\"[]\"\n\tuseLegacyTheme=\"true\"\n\tbuttonGroups=\"[]\"\n\tvalidationSuccess=\"\"\n\tvalidationError=\"\"\n\tparseError=\"\"\n\tformatError=\"\"\n\tvalidateFieldGroup=\"\"\n\tchange=\"\"\n\tready=\"\"\n\tbeforeEditorInit=\"\">\n\t\t<tooltip><\/tooltip> <!-- sap.ui.core.TooltipBase -->\n\t\t<dependents><\/dependents> <!-- sap.ui.core.Control, since 1.19 -->\n\t\t<tooltip><\/tooltip><!-- sap.ui.core.TooltipBase -->\n\t<customData><\/customData><!-- sap.ui.core.CustomData -->\n\t<layoutData><\/layoutData><!-- sap.ui.core.LayoutData -->\n\t<dependents><\/dependents><!-- sap.ui.core.Control -->\n<\/RichTextEditor>\n","Deprecated":false,"helpDescription":"The RichTextEditor-Control is used to enter formatted text.","description":"sap.ui.richtexteditor.RichTextEditor","Experimental":false,"prefix":"RichTextEditor","name":"sap.ui.richtexteditor.RichTextEditor"}]}