{"XML_KEYWORDS":["sap.ndc.BarcodeScannerButton"],"XML_TEMPLATES":[{"template":"<BarcodeScannerButton xmlns=\"sap.ndc\"\n\tid=\"${id}\"\n\tbusy=\"false\"\n\tbusyIndicatorDelay=\"1000\"\n\tvisible=\"true\"\n\tfieldGroupIds=\"[]\"\n\tprovideFallback=\"true\"\n\tvisible=\"true\"\n\twidth=\"\"\n\tvalidationSuccess=\"\"\n\tvalidationError=\"\"\n\tparseError=\"\"\n\tformatError=\"\"\n\tvalidateFieldGroup=\"\"\n\tscanSuccess=\"\"\n\tscanFail=\"\"\n\tinputLiveUpdate=\"\">\n\t\t<tooltip><\/tooltip> <!-- sap.ui.core.TooltipBase -->\n\t\t<dependents><\/dependents> <!-- sap.ui.core.Control, since 1.19 -->\n\t\t<tooltip><\/tooltip><!-- sap.ui.core.TooltipBase -->\n\t<customData><\/customData><!-- sap.ui.core.CustomData -->\n\t<layoutData><\/layoutData><!-- sap.ui.core.LayoutData -->\n\t<dependents><\/dependents><!-- sap.ui.core.Control -->\n\t<_btn><\/_btn><!-- sap.m.Button -->\n<\/BarcodeScannerButton>\n","Deprecated":false,"helpDescription":"A button control (displaying a bar code icon) to start the bar code scanning process. If the native scanning feature is\nnot available, the button is either hidden or it provides a fallback by opening a dialog with an input field where the bar code can\nbe entered manually.","description":"sap.ndc.BarcodeScannerButton","Experimental":false,"prefix":"BarcodeScannerButton","name":"sap.ndc.BarcodeScannerButton"}]}