{"XML_KEYWORDS":["sap.ui.demokit.CodeSampleContainer","sap.ui.demokit.CodeViewer","sap.ui.demokit.FileUploadIntrospector","sap.ui.demokit.HexagonButton","sap.ui.demokit.HexagonButtonGroup","sap.ui.demokit.IndexLayout","sap.ui.demokit.Tag","sap.ui.demokit.TagCloud","sap.ui.demokit.UI5EntityCueCard","sap.ui.demokit.UIAreaSubstitute"],"XML_TEMPLATES":[{"template":"<CodeSampleContainer xmlns=\"sap.ui.demokit\"\n\tid=\"${id}\"\n\tbusy=\"false\"\n\tbusyIndicatorDelay=\"1000\"\n\tvisible=\"true\"\n\tfieldGroupIds=\"[]\"\n\tscriptElementId=\"\"\n\tuiAreaId=\"\"\n\ttitle=\"\"\n\tsourceVisible=\"false\"\n\twidth=\"90%\"\n\tvalidationSuccess=\"\"\n\tvalidationError=\"\"\n\tparseError=\"\"\n\tformatError=\"\"\n\tvalidateFieldGroup=\"\"\n\tapply=\"\">\n\t\t<tooltip><\/tooltip> <!-- sap.ui.core.TooltipBase -->\n\t\t<dependents><\/dependents> <!-- sap.ui.core.Control, since 1.19 -->\n\t\t<tooltip><\/tooltip><!-- sap.ui.core.TooltipBase -->\n\t<customData><\/customData><!-- sap.ui.core.CustomData -->\n\t<layoutData><\/layoutData><!-- sap.ui.core.LayoutData -->\n\t<dependents><\/dependents><!-- sap.ui.core.Control -->\n\t<_uiarea><\/_uiarea><!-- sap.ui.demokit.UIAreaSubstitute -->\n<\/CodeSampleContainer>\n","Deprecated":false,"helpDescription":"A container for both the source and the runtime results of a CodeSample. By default, only the runtime results are shown. There are additional controls that allow the user to display the source, modify and run it.\n\nThe container provides a sub container that can be used in calls to sap.ui.setRoot() as if it would be a normal UIArea. So the sample code doesn't have to know that it runs in a CodeSample container.","description":"sap.ui.demokit.CodeSampleContainer","Experimental":false,"prefix":"CodeSampleContainer","name":"sap.ui.demokit.CodeSampleContainer"},{"template":"<CodeViewer xmlns=\"sap.ui.demokit\"\n\tid=\"${id}\"\n\tbusy=\"false\"\n\tbusyIndicatorDelay=\"1000\"\n\tvisible=\"true\"\n\tfieldGroupIds=\"[]\"\n\tsource=\"\"\n\twidth=\"\"\n\theight=\"\"\n\teditable=\"false\"\n\tvisible=\"true\"\n\tvalidationSuccess=\"\"\n\tvalidationError=\"\"\n\tparseError=\"\"\n\tformatError=\"\"\n\tvalidateFieldGroup=\"\"\n\tpress=\"\"\n\tsave=\"\">\n\t\t<tooltip><\/tooltip> <!-- sap.ui.core.TooltipBase -->\n\t\t<dependents><\/dependents> <!-- sap.ui.core.Control, since 1.19 -->\n\t\t<tooltip><\/tooltip><!-- sap.ui.core.TooltipBase -->\n\t<customData><\/customData><!-- sap.ui.core.CustomData -->\n\t<layoutData><\/layoutData><!-- sap.ui.core.LayoutData -->\n\t<dependents><\/dependents><!-- sap.ui.core.Control -->\n<\/CodeViewer>\n","Deprecated":false,"helpDescription":"Shows a piece of (Javascript) code and allows to edit it","description":"sap.ui.demokit.CodeViewer","Experimental":false,"prefix":"CodeViewer","name":"sap.ui.demokit.CodeViewer"},{"template":"<FileUploadIntrospector xmlns=\"sap.ui.demokit\"\n\tid=\"${id}\"\n\tbusy=\"false\"\n\tbusyIndicatorDelay=\"1000\"\n\tvisible=\"true\"\n\tfieldGroupIds=\"[]\"\n\tuploadUrl=\"\"\n\tautoRefreshInterval=\"0\"\n\theight=\"\"\n\twidth=\"\"\n\tvalidationSuccess=\"\"\n\tvalidationError=\"\"\n\tparseError=\"\"\n\tformatError=\"\"\n\tvalidateFieldGroup=\"\">\n\t\t<tooltip><\/tooltip> <!-- sap.ui.core.TooltipBase -->\n\t\t<dependents><\/dependents> <!-- sap.ui.core.Control, since 1.19 -->\n\t\t<tooltip><\/tooltip><!-- sap.ui.core.TooltipBase -->\n\t<customData><\/customData><!-- sap.ui.core.CustomData -->\n\t<layoutData><\/layoutData><!-- sap.ui.core.LayoutData -->\n\t<dependents><\/dependents><!-- sap.ui.core.Control -->\n<\/FileUploadIntrospector>\n","Deprecated":false,"helpDescription":"Control that allows to monitor uploaded files in a demo scenario. This is not a general purpose monitor but only works with the demo fileupload service.","description":"sap.ui.demokit.FileUploadIntrospector","Experimental":false,"prefix":"FileUploadIntrospector","name":"sap.ui.demokit.FileUploadIntrospector"},{"template":"<HexagonButton xmlns=\"sap.ui.demokit\"\n\tid=\"${id}\"\n\tbusy=\"false\"\n\tbusyIndicatorDelay=\"1000\"\n\tvisible=\"true\"\n\tfieldGroupIds=\"[]\"\n\ticon=\"\"\n\tcolor=\"blue\"\n\tposition=\"\"\n\tenabled=\"true\"\n\timagePosition=\"\"\n\tvalidationSuccess=\"\"\n\tvalidationError=\"\"\n\tparseError=\"\"\n\tformatError=\"\"\n\tvalidateFieldGroup=\"\"\n\tpress=\"\">\n\t\t<tooltip><\/tooltip> <!-- sap.ui.core.TooltipBase -->\n\t\t<dependents><\/dependents> <!-- sap.ui.core.Control, since 1.19 -->\n\t\t<tooltip><\/tooltip><!-- sap.ui.core.TooltipBase -->\n\t<customData><\/customData><!-- sap.ui.core.CustomData -->\n\t<layoutData><\/layoutData><!-- sap.ui.core.LayoutData -->\n\t<dependents><\/dependents><!-- sap.ui.core.Control -->\n<\/HexagonButton>\n","Deprecated":false,"helpDescription":"A custom button with a 'hexagon' shape","description":"sap.ui.demokit.HexagonButton","Experimental":false,"prefix":"HexagonButton","name":"sap.ui.demokit.HexagonButton"},{"template":"<HexagonButtonGroup xmlns=\"sap.ui.demokit\"\n\tid=\"${id}\"\n\tbusy=\"false\"\n\tbusyIndicatorDelay=\"1000\"\n\tvisible=\"true\"\n\tfieldGroupIds=\"[]\"\n\tcolspan=\"3\"\n\tvalidationSuccess=\"\"\n\tvalidationError=\"\"\n\tparseError=\"\"\n\tformatError=\"\"\n\tvalidateFieldGroup=\"\">\n\t\t<tooltip><\/tooltip> <!-- sap.ui.core.TooltipBase -->\n\t\t<dependents><\/dependents> <!-- sap.ui.core.Control, since 1.19 -->\n\t\t<tooltip><\/tooltip><!-- sap.ui.core.TooltipBase -->\n\t<customData><\/customData><!-- sap.ui.core.CustomData -->\n\t<layoutData><\/layoutData><!-- sap.ui.core.LayoutData -->\n\t<dependents><\/dependents><!-- sap.ui.core.Control -->\n\t<buttons><\/buttons><!-- sap.ui.demokit.HexagonButton -->\n<\/HexagonButtonGroup>\n","Deprecated":false,"helpDescription":"A group of HexagonButtons, aligned in a packed grid","description":"sap.ui.demokit.HexagonButtonGroup","Experimental":false,"prefix":"HexagonButtonGroup","name":"sap.ui.demokit.HexagonButtonGroup"},{"template":"<IndexLayout xmlns=\"sap.ui.demokit\"\n\tid=\"${id}\"\n\tbusy=\"false\"\n\tbusyIndicatorDelay=\"1000\"\n\tvisible=\"true\"\n\tfieldGroupIds=\"[]\"\n\titemWidth=\"200px\"\n\titemHeight=\"200px\"\n\tenableScaling=\"true\"\n\tvalidationSuccess=\"\"\n\tvalidationError=\"\"\n\tparseError=\"\"\n\tformatError=\"\"\n\tvalidateFieldGroup=\"\">\n\t\t<tooltip><\/tooltip> <!-- sap.ui.core.TooltipBase -->\n\t\t<dependents><\/dependents> <!-- sap.ui.core.Control, since 1.19 -->\n\t\t<tooltip><\/tooltip><!-- sap.ui.core.TooltipBase -->\n\t<customData><\/customData><!-- sap.ui.core.CustomData -->\n\t<layoutData><\/layoutData><!-- sap.ui.core.LayoutData -->\n\t<dependents><\/dependents><!-- sap.ui.core.Control -->\n\t<content><\/content><!-- sap.ui.core.Control -->\n<\/IndexLayout>\n","Deprecated":false,"helpDescription":"<strong style=\"color: red;\">Experimental! <\/strong>","description":"sap.ui.demokit.IndexLayout","Experimental":true,"prefix":"IndexLayout","name":"sap.ui.demokit.IndexLayout"},{"template":"<Tag xmlns=\"sap.ui.demokit\"\n\tid=\"${id}\"\n\ttext=\"\"\n\tweight=\"1\"\n\tvalidationSuccess=\"\"\n\tvalidationError=\"\"\n\tparseError=\"\"\n\tformatError=\"\">\n\t\t<tooltip><\/tooltip> <!-- sap.ui.core.TooltipBase -->\n\t\t<dependents><\/dependents> <!-- sap.ui.core.Control, since 1.19 -->\n\t\t<tooltip><\/tooltip><!-- sap.ui.core.TooltipBase -->\n\t<customData><\/customData><!-- sap.ui.core.CustomData -->\n\t<layoutData><\/layoutData><!-- sap.ui.core.LayoutData -->\n\t<dependents><\/dependents><!-- sap.ui.core.Control -->\n<\/Tag>\n","Deprecated":false,"helpDescription":"A Tag in a TagCloud","description":"sap.ui.demokit.Tag","Experimental":false,"prefix":"Tag","name":"sap.ui.demokit.Tag"},{"template":"<TagCloud xmlns=\"sap.ui.demokit\"\n\tid=\"${id}\"\n\tbusy=\"false\"\n\tbusyIndicatorDelay=\"1000\"\n\tvisible=\"true\"\n\tfieldGroupIds=\"[]\"\n\tmaxFontSize=\"30\"\n\tminFontSize=\"10\"\n\tvalidationSuccess=\"\"\n\tvalidationError=\"\"\n\tparseError=\"\"\n\tformatError=\"\"\n\tvalidateFieldGroup=\"\"\n\tpress=\"\">\n\t\t<tooltip><\/tooltip> <!-- sap.ui.core.TooltipBase -->\n\t\t<dependents><\/dependents> <!-- sap.ui.core.Control, since 1.19 -->\n\t\t<tooltip><\/tooltip><!-- sap.ui.core.TooltipBase -->\n\t<customData><\/customData><!-- sap.ui.core.CustomData -->\n\t<layoutData><\/layoutData><!-- sap.ui.core.LayoutData -->\n\t<dependents><\/dependents><!-- sap.ui.core.Control -->\n\t<tags><\/tags><!-- sap.ui.demokit.Tag -->\n<\/TagCloud>\n","Deprecated":false,"helpDescription":"A simple TagCloud representing a set of weighted tags","description":"sap.ui.demokit.TagCloud","Experimental":false,"prefix":"TagCloud","name":"sap.ui.demokit.TagCloud"},{"template":"<UI5EntityCueCard xmlns=\"sap.ui.demokit\"\n\tid=\"${id}\"\n\tbusy=\"false\"\n\tbusyIndicatorDelay=\"1000\"\n\tvisible=\"true\"\n\tfieldGroupIds=\"[]\"\n\tcollapsible=\"true\"\n\texpanded=\"false\"\n\tnavigable=\"false\"\n\tentityName=\"\"\n\tstyle=\"\"\n\tvalidationSuccess=\"\"\n\tvalidationError=\"\"\n\tparseError=\"\"\n\tformatError=\"\"\n\tvalidateFieldGroup=\"\"\n\tnavigate=\"\">\n\t\t<tooltip><\/tooltip> <!-- sap.ui.core.TooltipBase -->\n\t\t<dependents><\/dependents> <!-- sap.ui.core.Control, since 1.19 -->\n\t\t<tooltip><\/tooltip><!-- sap.ui.core.TooltipBase -->\n\t<customData><\/customData><!-- sap.ui.core.CustomData -->\n\t<layoutData><\/layoutData><!-- sap.ui.core.LayoutData -->\n\t<dependents><\/dependents><!-- sap.ui.core.Control -->\n<\/UI5EntityCueCard>\n","Deprecated":false,"helpDescription":"Displays documentation for a UI5 entity (control or type).\n\nThe documentation will be read from a UI5 metamodel file that by default is loaded from the same resource location\nwhere the control or type would be loaded from (using the UI5 resource loading). This control displays all properties,\naggregations, associations, events and methods that are described in the metamodel. For each part, it lists the name,\ntype (where applicable) and documentation. If the navigable property is set to true, all types are shown as links\nand when pressed, the navigate event is fired. This allows consumers to react on a user click on such a type\n(and to e.g. navigate to the underlying type of a property or aggregation)","description":"sap.ui.demokit.UI5EntityCueCard","Experimental":false,"prefix":"UI5EntityCueCard","name":"sap.ui.demokit.UI5EntityCueCard"},{"template":"<UIAreaSubstitute xmlns=\"sap.ui.demokit\"\n\tid=\"${id}\"\n\tvalidationSuccess=\"\"\n\tvalidationError=\"\"\n\tparseError=\"\"\n\tformatError=\"\">\n\t\t<tooltip><\/tooltip> <!-- sap.ui.core.TooltipBase -->\n\t\t<dependents><\/dependents> <!-- sap.ui.core.Control, since 1.19 -->\n\t\t<tooltip><\/tooltip><!-- sap.ui.core.TooltipBase -->\n\t<customData><\/customData><!-- sap.ui.core.CustomData -->\n\t<layoutData><\/layoutData><!-- sap.ui.core.LayoutData -->\n\t<dependents><\/dependents><!-- sap.ui.core.Control -->\n\t<content><\/content><!-- sap.ui.core.Control -->\n<\/UIAreaSubstitute>\n","Deprecated":false,"helpDescription":"A substitute for an UIArea that can be embedded in the control tree.","description":"sap.ui.demokit.UIAreaSubstitute","Experimental":false,"prefix":"UIAreaSubstitute","name":"sap.ui.demokit.UIAreaSubstitute"}]}