{"XML_KEYWORDS":["sap.ui.rta.RuntimeAuthoring"],"XML_TEMPLATES":[{"template":"<RuntimeAuthoring xmlns=\"sap.ui.rta\"\n\tid=\"${id}\"\n\tcustomFieldUrl=\"\"\n\tshowCreateCustomField=\"\"\n\tstart=\"\"\n\tstop=\"\">\n\t\t<tooltip><\/tooltip> <!-- sap.ui.core.TooltipBase -->\n\t\t<dependents><\/dependents> <!-- sap.ui.core.Control, since 1.19 -->\n\t\t\n<\/RuntimeAuthoring>\n","Deprecated":false,"helpDescription":"<strong style=\"color: red;\">Experimental! <\/strong>","description":"sap.ui.rta.RuntimeAuthoring","Experimental":true,"prefix":"RuntimeAuthoring","name":"sap.ui.rta.RuntimeAuthoring"}]}