{"XML_KEYWORDS":["sap.ushell.System","sap.ushell.renderers.fiori2.Renderer","sap.ushell.services.Bookmark","sap.ushell.services.Container","sap.ushell.services.ContainerInterface","sap.ushell.services.CrossApplicationNavigation","sap.ushell.services.EndUserFeedback","sap.ushell.services.LaunchPage","sap.ushell.services.Message","sap.ushell.services.NavTargetResolution","sap.ushell.services.Personalization.ContextContainer","sap.ushell.services.Personalization.Variant","sap.ushell.services.Personalization.VariantSet","sap.ushell.services.Personalization.VariantSetAdapter","sap.ushell.services.Personalization","sap.ushell.services.PersonalizationContainer","sap.ushell.services.PersonalizationContainerVariant","sap.ushell.services.PersonalizationContainerVariantSet","sap.ushell.services.Personalizer","sap.ushell.services.SupportTicket","sap.ushell.services.TransientPersonalizer","sap.ushell.services.URLParsing","sap.ushell.services.UsageAnalytics","sap.ushell.services.UserInfo","sap.ushell.ui.footerbar.AddBookmarkButton","sap.ushell.ui.launchpad.LoadingDialog","sap.ushell.ui.shell.ToolAreaItem","sap.ushell.components.factsheet.controls.PictureTile","sap.ushell.components.factsheet.controls.PictureViewer","sap.ushell.components.factsheet.controls.PictureViewerItem"],"XML_TEMPLATES":[{"template":"<System xmlns=\"sap.ushell\"\n\tid=\"${id}\"\n\t\t<tooltip><\/tooltip> <!-- sap.ui.core.TooltipBase -->\n\t\t<dependents><\/dependents> <!-- sap.ui.core.Control, since 1.19 -->\n\t\t\n<\/System>\n","Deprecated":false,"helpDescription":"A representation of a system","description":"sap.ushell.System","Experimental":false,"prefix":"System","name":"sap.ushell.System"},{"template":"<renderers/fiori2.Renderer xmlns=\"sap.ushell\"\n\tid=\"${id}\"\n\t\t<tooltip><\/tooltip> <!-- sap.ui.core.TooltipBase -->\n\t\t<dependents><\/dependents> <!-- sap.ui.core.Control, since 1.19 -->\n\t\t\n<\/renderers/fiori2.Renderer>\n","Deprecated":false,"helpDescription":"The SAPUI5 component of SAP Fiori Launchpad renderer for the Unified Shell.","description":"sap.ushell.renderers.fiori2.Renderer","Experimental":false,"prefix":"Renderer","name":"sap.ushell.renderers.fiori2.Renderer"},{"template":"<services/Bookmark xmlns=\"sap.ushell\"\n\tid=\"${id}\"\n\t\t<tooltip><\/tooltip> <!-- sap.ui.core.TooltipBase -->\n\t\t<dependents><\/dependents> <!-- sap.ui.core.Control, since 1.19 -->\n\t\t\n<\/services/Bookmark>\n","Deprecated":false,"helpDescription":"The unified shell's bookmark service, which allows you to create shortcuts on the\nuser's home page.","description":"sap.ushell.services.Bookmark","Experimental":false,"prefix":"Bookmark","name":"sap.ushell.services.Bookmark"},{"template":"<services/Container xmlns=\"sap.ushell\"\n\tid=\"${id}\"\n\t\t<tooltip><\/tooltip> <!-- sap.ui.core.TooltipBase -->\n\t\t<dependents><\/dependents> <!-- sap.ui.core.Control, since 1.19 -->\n\t\t\n<\/services/Container>\n","Deprecated":false,"helpDescription":"The Unified Shell's container which manages renderers, services, and adapters.","description":"sap.ushell.services.Container","Experimental":false,"prefix":"Container","name":"sap.ushell.services.Container"},{"template":"<services/ContainerInterface xmlns=\"sap.ushell\"\n\tid=\"${id}\"\n\t\t<tooltip><\/tooltip> <!-- sap.ui.core.TooltipBase -->\n\t\t<dependents><\/dependents> <!-- sap.ui.core.Control, since 1.19 -->\n\t\t\n<\/services/ContainerInterface>\n","Deprecated":false,"helpDescription":"This is a virtual type for the callback interface passed by\r{@link sap.ui.Container.getService()} to any newly created service.","description":"sap.ushell.services.ContainerInterface","Experimental":false,"prefix":"ContainerInterface","name":"sap.ushell.services.ContainerInterface"},{"template":"<services/CrossApplicationNavigation xmlns=\"sap.ushell\"\n\tid=\"${id}\"\n\t\t<tooltip><\/tooltip> <!-- sap.ui.core.TooltipBase -->\n\t\t<dependents><\/dependents> <!-- sap.ui.core.Control, since 1.19 -->\n\t\t\n<\/services/CrossApplicationNavigation>\n","Deprecated":false,"description":"sap.ushell.services.CrossApplicationNavigation","Experimental":false,"prefix":"CrossApplicationNavigation","name":"sap.ushell.services.CrossApplicationNavigation"},{"template":"<services/EndUserFeedback xmlns=\"sap.ushell\"\n\tid=\"${id}\"\n\t\t<tooltip><\/tooltip> <!-- sap.ui.core.TooltipBase -->\n\t\t<dependents><\/dependents> <!-- sap.ui.core.Control, since 1.19 -->\n\t\t\n<\/services/EndUserFeedback>\n","Deprecated":false,"helpDescription":"The Unified Shell's end user feedback service","description":"sap.ushell.services.EndUserFeedback","Experimental":false,"prefix":"EndUserFeedback","name":"sap.ushell.services.EndUserFeedback"},{"template":"<services/LaunchPage xmlns=\"sap.ushell\"\n\tid=\"${id}\"\n\t\t<tooltip><\/tooltip> <!-- sap.ui.core.TooltipBase -->\n\t\t<dependents><\/dependents> <!-- sap.ui.core.Control, since 1.19 -->\n\t\t\n<\/services/LaunchPage>\n","Deprecated":false,"helpDescription":"The Unified Shell's page builder service.","description":"sap.ushell.services.LaunchPage","Experimental":false,"prefix":"LaunchPage","name":"sap.ushell.services.LaunchPage"},{"template":"<services/Message xmlns=\"sap.ushell\"\n\tid=\"${id}\"\n\t\t<tooltip><\/tooltip> <!-- sap.ui.core.TooltipBase -->\n\t\t<dependents><\/dependents> <!-- sap.ui.core.Control, since 1.19 -->\n\t\t\n<\/services/Message>\n","Deprecated":false,"description":"sap.ushell.services.Message","Experimental":false,"prefix":"Message","name":"sap.ushell.services.Message"},{"template":"<services/NavTargetResolution xmlns=\"sap.ushell\"\n\tid=\"${id}\"\n\t\t<tooltip><\/tooltip> <!-- sap.ui.core.TooltipBase -->\n\t\t<dependents><\/dependents> <!-- sap.ui.core.Control, since 1.19 -->\n\t\t\n<\/services/NavTargetResolution>\n","Deprecated":false,"helpDescription":"The Unified Shell's internal navigation target resolution service\n\nMethods in this class deal with *internal* representations of the shell hash.\n\nconfigurations:\n<code>config : { allowTestUrlComponentConfig  : true }<\/code>\nallow to redefine the Test-url, Test-local1, Test-local2 applications via url parameters\n(sap-ushell-test-local1-url=  / sap-ushell-test-local1-additionalInformation=  ... )","description":"sap.ushell.services.NavTargetResolution","Experimental":false,"prefix":"NavTargetResolution","name":"sap.ushell.services.NavTargetResolution"},{"template":"<services/Personalization.ContextContainer xmlns=\"sap.ushell\"\n\tid=\"${id}\"\n\t\t<tooltip><\/tooltip> <!-- sap.ui.core.TooltipBase -->\n\t\t<dependents><\/dependents> <!-- sap.ui.core.Control, since 1.19 -->\n\t\t\n<\/services/Personalization.ContextContainer>\n","Deprecated":false,"helpDescription":"The container is the anchor object of the unified shell\n       personalization in container mode.","description":"sap.ushell.services.Personalization.ContextContainer","Experimental":false,"prefix":"ContextContainer","name":"sap.ushell.services.Personalization.ContextContainer"},{"template":"<services/Personalization.Variant xmlns=\"sap.ushell\"\n\tid=\"${id}\"\n\t\t<tooltip><\/tooltip> <!-- sap.ui.core.TooltipBase -->\n\t\t<dependents><\/dependents> <!-- sap.ui.core.Control, since 1.19 -->\n\t\t\n<\/services/Personalization.Variant>\n","Deprecated":false,"helpDescription":"The personalization variant contains personalization data.\n       It is used in the personalization container mode.","description":"sap.ushell.services.Personalization.Variant","Experimental":false,"prefix":"Variant","name":"sap.ushell.services.Personalization.Variant"},{"template":"<services/Personalization.VariantSet xmlns=\"sap.ushell\"\n\tid=\"${id}\"\n\t\t<tooltip><\/tooltip> <!-- sap.ui.core.TooltipBase -->\n\t\t<dependents><\/dependents> <!-- sap.ui.core.Control, since 1.19 -->\n\t\t\n<\/services/Personalization.VariantSet>\n","Deprecated":false,"helpDescription":"The personalization variant set contains variants of personalization data.\n       It is used in the personalization container mode.","description":"sap.ushell.services.Personalization.VariantSet","Experimental":false,"prefix":"VariantSet","name":"sap.ushell.services.Personalization.VariantSet"},{"template":"<services/Personalization.VariantSetAdapter xmlns=\"sap.ushell\"\n\tid=\"${id}\"\n\t\t<tooltip><\/tooltip> <!-- sap.ui.core.TooltipBase -->\n\t\t<dependents><\/dependents> <!-- sap.ui.core.Control, since 1.19 -->\n\t\t\n<\/services/Personalization.VariantSetAdapter>\n","Deprecated":false,"helpDescription":"Wrapper object to expose a variant interface on a\n       ContextContainer object obtained from the Peronalization service:\n       <code>\n       getContainer(...).done( function(oContainer) {\n          that.oVariantSetContainer = new sap.ushell.services.Personalization.VariantSetAdapater(oContainer);\n          });\n       <\/code>","description":"sap.ushell.services.Personalization.VariantSetAdapter","Experimental":false,"prefix":"VariantSetAdapter","name":"sap.ushell.services.Personalization.VariantSetAdapter"},{"template":"<services/Personalization xmlns=\"sap.ushell\"\n\tid=\"${id}\"\n\t\t<tooltip><\/tooltip> <!-- sap.ui.core.TooltipBase -->\n\t\t<dependents><\/dependents> <!-- sap.ui.core.Control, since 1.19 -->\n\t\t\n<\/services/Personalization>\n","Deprecated":false,"helpDescription":"The Unified Shell's personalization service, which provides a\n       personalizer object that handles all personalization operations.","description":"sap.ushell.services.Personalization","Experimental":false,"prefix":"Personalization","name":"sap.ushell.services.Personalization"},{"template":"<services/PersonalizationContainer xmlns=\"sap.ushell\"\n\tid=\"${id}\"\n\t\t<tooltip><\/tooltip> <!-- sap.ui.core.TooltipBase -->\n\t\t<dependents><\/dependents> <!-- sap.ui.core.Control, since 1.19 -->\n\t\t\n<\/services/PersonalizationContainer>\n","Deprecated":false,"helpDescription":"The personalization container is the anchor object of the unified shell\n       personalization in container mode.","description":"sap.ushell.services.PersonalizationContainer","Experimental":false,"prefix":"PersonalizationContainer","name":"sap.ushell.services.PersonalizationContainer"},{"template":"<services/PersonalizationContainerVariant xmlns=\"sap.ushell\"\n\tid=\"${id}\"\n\t\t<tooltip><\/tooltip> <!-- sap.ui.core.TooltipBase -->\n\t\t<dependents><\/dependents> <!-- sap.ui.core.Control, since 1.19 -->\n\t\t\n<\/services/PersonalizationContainerVariant>\n","Deprecated":false,"helpDescription":"The personalization variant contains personalization data.\n       It is used in the personalization container mode.","description":"sap.ushell.services.PersonalizationContainerVariant","Experimental":false,"prefix":"PersonalizationContainerVariant","name":"sap.ushell.services.PersonalizationContainerVariant"},{"template":"<services/PersonalizationContainerVariantSet xmlns=\"sap.ushell\"\n\tid=\"${id}\"\n\t\t<tooltip><\/tooltip> <!-- sap.ui.core.TooltipBase -->\n\t\t<dependents><\/dependents> <!-- sap.ui.core.Control, since 1.19 -->\n\t\t\n<\/services/PersonalizationContainerVariantSet>\n","Deprecated":false,"helpDescription":"The personalization variant set contains variants of personalization data.\n       It is used in the personalization container mode.","description":"sap.ushell.services.PersonalizationContainerVariantSet","Experimental":false,"prefix":"PersonalizationContainerVariantSet","name":"sap.ushell.services.PersonalizationContainerVariantSet"},{"template":"<services/Personalizer xmlns=\"sap.ushell\"\n\tid=\"${id}\"\n\t\t<tooltip><\/tooltip> <!-- sap.ui.core.TooltipBase -->\n\t\t<dependents><\/dependents> <!-- sap.ui.core.Control, since 1.19 -->\n\t\t\n<\/services/Personalizer>\n","Deprecated":false,"helpDescription":"The Unified Shell personalizer providing set get delete\n       methods to access the persisted personalization data in direct mode.","description":"sap.ushell.services.Personalizer","Experimental":false,"prefix":"Personalizer","name":"sap.ushell.services.Personalizer"},{"template":"<services/SupportTicket xmlns=\"sap.ushell\"\n\tid=\"${id}\"\n\t\t<tooltip><\/tooltip> <!-- sap.ui.core.TooltipBase -->\n\t\t<dependents><\/dependents> <!-- sap.ui.core.Control, since 1.19 -->\n\t\t\n<\/services/SupportTicket>\n","Deprecated":false,"helpDescription":"The Unified Shell's Support Ticket service","description":"sap.ushell.services.SupportTicket","Experimental":false,"prefix":"SupportTicket","name":"sap.ushell.services.SupportTicket"},{"template":"<services/TransientPersonalizer xmlns=\"sap.ushell\"\n\tid=\"${id}\"\n\t\t<tooltip><\/tooltip> <!-- sap.ui.core.TooltipBase -->\n\t\t<dependents><\/dependents> <!-- sap.ui.core.Control, since 1.19 -->\n\t\t\n<\/services/TransientPersonalizer>\n","Deprecated":false,"helpDescription":"The transient personalizer shall be used\n       in container mode for table personalization.","description":"sap.ushell.services.TransientPersonalizer","Experimental":false,"prefix":"TransientPersonalizer","name":"sap.ushell.services.TransientPersonalizer"},{"template":"<services/URLParsing xmlns=\"sap.ushell\"\n\tid=\"${id}\"\n\t\t<tooltip><\/tooltip> <!-- sap.ui.core.TooltipBase -->\n\t\t<dependents><\/dependents> <!-- sap.ui.core.Control, since 1.19 -->\n\t\t\n<\/services/URLParsing>\n","Deprecated":false,"description":"sap.ushell.services.URLParsing","Experimental":false,"prefix":"URLParsing","name":"sap.ushell.services.URLParsing"},{"template":"<services/UsageAnalytics xmlns=\"sap.ushell\"\n\tid=\"${id}\"\n\t\t<tooltip><\/tooltip> <!-- sap.ui.core.TooltipBase -->\n\t\t<dependents><\/dependents> <!-- sap.ui.core.Control, since 1.19 -->\n\t\t\n<\/services/UsageAnalytics>\n","Deprecated":false,"helpDescription":"A UShell service for tracking business flows and user actions.\n\nThe UsageAnalytics service exposes API for logging custom events and setting custom field values in the logged events.<br>\nThe data is sent via http and recorded on a server, whose URL is defined by the <code>baseUrl<\/code> service configuration property.<br>\nThe service configuration must also include the site ID from the <code>pubToken<\/code> attribute.<br>\nYou can find the pubToken in the code snippet provided in the WARP when creating a new site.\n\nEach tracked event is represented by a table entry on the server database.<br>\nThe administrator can produce reports based on the the recorded data.\n\nTwo types of events can be logged:<br>\n- Automatic events: Click or pageLoad are predefined events, logged by the base tracking library.<br>\n You can disable these events in the service configuration.<br>\n- Custom events: You can use the service API to log an event with custom data using the function logCustomEvent<br>\n\nEach tracked event (either automatic or custom) is represented by a database row, that includes 10 custom attributes named custom1...custom10.<br>\n Some of these values can be set using UsageAnalytics service API.<br>","description":"sap.ushell.services.UsageAnalytics","Experimental":false,"prefix":"UsageAnalytics","name":"sap.ushell.services.UsageAnalytics"},{"template":"<services/UserInfo xmlns=\"sap.ushell\"\n\tid=\"${id}\"\n\t\t<tooltip><\/tooltip> <!-- sap.ui.core.TooltipBase -->\n\t\t<dependents><\/dependents> <!-- sap.ui.core.Control, since 1.19 -->\n\t\t\n<\/services/UserInfo>\n","Deprecated":false,"helpDescription":"The Unified Shell's user information service, which allows you to retrieve\n    information about the logged-in user.","description":"sap.ushell.services.UserInfo","Experimental":false,"prefix":"UserInfo","name":"sap.ushell.services.UserInfo"},{"template":"<ui/footerbar.AddBookmarkButton xmlns=\"sap.ushell\"\n\tid=\"${id}\"\n\tbusy=\"false\"\n\tbusyIndicatorDelay=\"1000\"\n\tvisible=\"true\"\n\tfieldGroupIds=\"[]\"\n\ttext=\"\"\n\ttype=\"Default\"\n\twidth=\"\"\n\tenabled=\"true\"\n\ticon=\"\"\n\ticonFirst=\"true\"\n\tactiveIcon=\"\"\n\ticonDensityAware=\"true\"\n\ttextDirection=\"Inherit\"\n\tbeforePressHandler=\"\"\n\tafterPressHandler=\"\"\n\ttitle=\"\"\n\tsubtitle=\"\"\n\tinfo=\"\"\n\ttileIcon=\"\"\n\tnumberUnit=\"\"\n\tkeywords=\"\"\n\tcustomUrl=\"\"\n\tserviceUrl=\"\"\n\tserviceRefreshInterval=\"\"\n\tshowGroupSelection=\"true\"\n\tappData=\"\"\n\tvalidationSuccess=\"\"\n\tvalidationError=\"\"\n\tparseError=\"\"\n\tformatError=\"\"\n\tvalidateFieldGroup=\"\"\n\ttap=\"\"\n\tpress=\"\">\n\t\t<tooltip><\/tooltip> <!-- sap.ui.core.TooltipBase -->\n\t\t<dependents><\/dependents> <!-- sap.ui.core.Control, since 1.19 -->\n\t\t<tooltip><\/tooltip><!-- sap.ui.core.TooltipBase -->\n\t<customData><\/customData><!-- sap.ui.core.CustomData -->\n\t<layoutData><\/layoutData><!-- sap.ui.core.LayoutData -->\n\t<dependents><\/dependents><!-- sap.ui.core.Control -->\n<\/ui/footerbar.AddBookmarkButton>\n","Deprecated":false,"helpDescription":"A button to be displayed in the application footer. Clicking the button opens a dialog box allowing the user to save the app state, so that the app can be launched in this state directly from the launchpad.","description":"sap.ushell.ui.footerbar.AddBookmarkButton","Experimental":false,"prefix":"AddBookmarkButton","name":"sap.ushell.ui.footerbar.AddBookmarkButton"},{"template":"<ui/launchpad.LoadingDialog xmlns=\"sap.ushell\"\n\tid=\"${id}\"\n\tbusy=\"false\"\n\tbusyIndicatorDelay=\"1000\"\n\tvisible=\"true\"\n\tfieldGroupIds=\"[]\"\n\ticonUri=\"\"\n\ttext=\"\"\n\tvalidationSuccess=\"\"\n\tvalidationError=\"\"\n\tparseError=\"\"\n\tformatError=\"\"\n\tvalidateFieldGroup=\"\">\n\t\t<tooltip><\/tooltip> <!-- sap.ui.core.TooltipBase -->\n\t\t<dependents><\/dependents> <!-- sap.ui.core.Control, since 1.19 -->\n\t\t<tooltip><\/tooltip><!-- sap.ui.core.TooltipBase -->\n\t<customData><\/customData><!-- sap.ui.core.CustomData -->\n\t<layoutData><\/layoutData><!-- sap.ui.core.LayoutData -->\n\t<dependents><\/dependents><!-- sap.ui.core.Control -->\n<\/ui/launchpad.LoadingDialog>\n","Deprecated":false,"helpDescription":"Displays a loading dialog with an indicator that an app is loading","description":"sap.ushell.ui.launchpad.LoadingDialog","Experimental":false,"prefix":"LoadingDialog","name":"sap.ushell.ui.launchpad.LoadingDialog"},{"template":"<ui/shell.ToolAreaItem xmlns=\"sap.ushell\"\n\tid=\"${id}\"\n\tbusy=\"false\"\n\tbusyIndicatorDelay=\"1000\"\n\tvisible=\"true\"\n\tfieldGroupIds=\"[]\"\n\ticon=\"\"\n\tselected=\"false\"\n\ttext=\"\"\n\tariaLabel=\"\"\n\tvisible=\"true\"\n\texpandable=\"false\"\n\tvalidationSuccess=\"\"\n\tvalidationError=\"\"\n\tparseError=\"\"\n\tformatError=\"\"\n\tvalidateFieldGroup=\"\"\n\tpress=\"\"\n\texpand=\"\">\n\t\t<tooltip><\/tooltip> <!-- sap.ui.core.TooltipBase -->\n\t\t<dependents><\/dependents> <!-- sap.ui.core.Control, since 1.19 -->\n\t\t<tooltip><\/tooltip><!-- sap.ui.core.TooltipBase -->\n\t<customData><\/customData><!-- sap.ui.core.CustomData -->\n\t<layoutData><\/layoutData><!-- sap.ui.core.LayoutData -->\n\t<dependents><\/dependents><!-- sap.ui.core.Control -->\n<\/ui/shell.ToolAreaItem>\n","Deprecated":false,"helpDescription":"A control to be placed in the tool area","description":"sap.ushell.ui.shell.ToolAreaItem","Experimental":false,"prefix":"ToolAreaItem","name":"sap.ushell.ui.shell.ToolAreaItem"},{"template":"<components/factsheet.controls.PictureTile xmlns=\"sap.ushell\"\n\tid=\"${id}\"\n\tbusy=\"false\"\n\tbusyIndicatorDelay=\"1000\"\n\tvisible=\"true\"\n\tfieldGroupIds=\"[]\"\n\tremovable=\"true\"\n\theight=\"32px\"\n\twidth=\"32px\"\n\tvalidationSuccess=\"\"\n\tvalidationError=\"\"\n\tparseError=\"\"\n\tformatError=\"\"\n\tvalidateFieldGroup=\"\"\n\tpress=\"\"\n\tpictureDelete=\"\">\n\t\t<tooltip><\/tooltip> <!-- sap.ui.core.TooltipBase -->\n\t\t<dependents><\/dependents> <!-- sap.ui.core.Control, since 1.19 -->\n\t\t<tooltip><\/tooltip><!-- sap.ui.core.TooltipBase -->\n\t<customData><\/customData><!-- sap.ui.core.CustomData -->\n\t<layoutData><\/layoutData><!-- sap.ui.core.LayoutData -->\n\t<dependents><\/dependents><!-- sap.ui.core.Control -->\n\t<content><\/content><!-- sap.ui.core.Control -->\n<\/components/factsheet.controls.PictureTile>\n","Deprecated":true,"helpDescription":"<strong style=\"color: red;\">Deprecated! <\/strong>Since 1.22 \nPictureTile is used in PictureViewer control and is not meant to be consumed outside of PictureViewer usage.\nPictureViewer was replacing the sap.m.Carousel as it wasn't supporting some versions of MS Internet Explorer.\nNow, the sap.m.Carousel is fully functional, please use sap.m.Carousel instead. This control will not be supported anymore.<br>Tile control embedding an image and allowing custom sizing","description":"sap.ushell.components.factsheet.controls.PictureTile","Experimental":false,"prefix":"PictureTile","name":"sap.ushell.components.factsheet.controls.PictureTile"},{"template":"<components/factsheet.controls.PictureViewer xmlns=\"sap.ushell\"\n\tid=\"${id}\"\n\tbusy=\"false\"\n\tbusyIndicatorDelay=\"1000\"\n\tvisible=\"true\"\n\tfieldGroupIds=\"[]\"\n\twidth=\"100%\"\n\theight=\"100%\"\n\teditable=\"\"\n\tallowAdd=\"\"\n\ttileScaling=\"0.95\"\n\tremovable=\"false\"\n\tvalidationSuccess=\"\"\n\tvalidationError=\"\"\n\tparseError=\"\"\n\tformatError=\"\"\n\tvalidateFieldGroup=\"\"\n\ttileMove=\"\"\n\ttileDelete=\"\"\n\ttileAdd=\"\"\n\tpictureDeleted=\"\">\n\t\t<tooltip><\/tooltip> <!-- sap.ui.core.TooltipBase -->\n\t\t<dependents><\/dependents> <!-- sap.ui.core.Control, since 1.19 -->\n\t\t<tooltip><\/tooltip><!-- sap.ui.core.TooltipBase -->\n\t<customData><\/customData><!-- sap.ui.core.CustomData -->\n\t<layoutData><\/layoutData><!-- sap.ui.core.LayoutData -->\n\t<dependents><\/dependents><!-- sap.ui.core.Control -->\n\t<tiles><\/tiles><!-- sap.m.Tile -->\n\t<items><\/items><!-- sap.ushell.components.factsheet.controls.PictureViewerItem -->\n<\/components/factsheet.controls.PictureViewer>\n","Deprecated":true,"helpDescription":"<strong style=\"color: red;\">Deprecated! <\/strong>Since 1.22 PictureViewer was replacing the Carousel as it wasn't supporting some versions of MS Internet Explorer.\nNow, the sap.m.Carousel is fully functional, please use sap.m.Carousel instead.\nThis control will not be supported anymore.<br>Picture viewer control relying on the TileContainer control","description":"sap.ushell.components.factsheet.controls.PictureViewer","Experimental":false,"prefix":"PictureViewer","name":"sap.ushell.components.factsheet.controls.PictureViewer"},{"template":"<components/factsheet.controls.PictureViewerItem xmlns=\"sap.ushell\"\n\tid=\"${id}\"\n\tbusy=\"false\"\n\tbusyIndicatorDelay=\"1000\"\n\tvisible=\"true\"\n\tfieldGroupIds=\"[]\"\n\tsrc=\"\"\n\tvalidationSuccess=\"\"\n\tvalidationError=\"\"\n\tparseError=\"\"\n\tformatError=\"\"\n\tvalidateFieldGroup=\"\">\n\t\t<tooltip><\/tooltip> <!-- sap.ui.core.TooltipBase -->\n\t\t<dependents><\/dependents> <!-- sap.ui.core.Control, since 1.19 -->\n\t\t<tooltip><\/tooltip><!-- sap.ui.core.TooltipBase -->\n\t<customData><\/customData><!-- sap.ui.core.CustomData -->\n\t<layoutData><\/layoutData><!-- sap.ui.core.LayoutData -->\n\t<dependents><\/dependents><!-- sap.ui.core.Control -->\n\t<image><\/image><!-- sap.m.Image -->\n<\/components/factsheet.controls.PictureViewerItem>\n","Deprecated":true,"helpDescription":"<strong style=\"color: red;\">Deprecated! <\/strong>Since 1.22 \nPictureViewerItem is used in PictureViewer control and is not meant to be consumed outside of PictureViewer usage.\nPictureViewer was replacing the Carousel as it wasn't supporting some versions of MS Internet Explorer. Now, the\nsap.m.Carousel is fully functional, please use sap.m.Carousel instead. This control will not be supported anymore.<br>Picture viewer control relying on the TileContainer control","description":"sap.ushell.components.factsheet.controls.PictureViewerItem","Experimental":false,"prefix":"PictureViewerItem","name":"sap.ushell.components.factsheet.controls.PictureViewerItem"}]}