{"!name":"sap.me","!define":{"sap.me":{"!category":"namespace","!description":"SAPUI5 library with controls specialized for mobile devices (extension).","Calendar":"sap.me.Calendar_obj","CalendarDesign":"sap.me.CalendarDesign","CalendarEventType":"sap.me.CalendarEventType","CalendarLegend":"sap.me.CalendarLegend_obj","OverlapCalendar":"sap.me.OverlapCalendar_obj","OverlapCalendarEvent":"sap.me.OverlapCalendarEvent_obj","ProgressIndicator":"sap.me.ProgressIndicator_obj","TabContainer":"sap.me.TabContainer_obj"},"sap.me.Calendar":{"!category":"class","!description":"This is the Calendar control","!proto":"sap.ui.core.Control","attachChangeCurrentDate":{"!category":"function","!description":"Attach event handler <code>fnFunction</code> to the 'changeCurrentDate' event of this <code>sap.me.Calendar</code>.<br/>.\nWhen called, the context of the event handler (its <code>this</code>) will be bound to <code>oListener<code> if specified\notherwise to this <code>sap.me.Calendar</code>.<br/> itself. \n \nevent fired when tap to next or previous button and currentDate is updated","!type":"fn(oData?: Object, fnFunction?: fn(), oListener?: Object) -> sap.me.Calendar"},"attachChangeRange":{"!category":"function","!description":"Attach event handler <code>fnFunction</code> to the 'changeRange' event of this <code>sap.me.Calendar</code>.<br/>.\nWhen called, the context of the event handler (its <code>this</code>) will be bound to <code>oListener<code> if specified\notherwise to this <code>sap.me.Calendar</code>.<br/> itself. \n \nwhen the range of selected dates changes","!type":"fn(oData?: Object, fnFunction?: fn(), oListener?: Object) -> sap.me.Calendar"},"attachTapOnDate":{"!category":"function","!description":"Attach event handler <code>fnFunction</code> to the 'tapOnDate' event of this <code>sap.me.Calendar</code>.<br/>.\nWhen called, the context of the event handler (its <code>this</code>) will be bound to <code>oListener<code> if specified\notherwise to this <code>sap.me.Calendar</code>.<br/> itself. \n \nevent fired when a date is tapped","!type":"fn(oData?: Object, fnFunction?: fn(), oListener?: Object) -> sap.me.Calendar"},"detachChangeCurrentDate":{"!category":"function","!description":"Detach event handler <code>fnFunction</code> from the 'changeCurrentDate' event of this <code>sap.me.Calendar</code>.<br/>\n\nThe passed function and listener object must match the ones used for event registration.","!type":"fn(fnFunction: fn(), oListener: Object) -> sap.me.Calendar"},"detachChangeRange":{"!category":"function","!description":"Detach event handler <code>fnFunction</code> from the 'changeRange' event of this <code>sap.me.Calendar</code>.<br/>\n\nThe passed function and listener object must match the ones used for event registration.","!type":"fn(fnFunction: fn(), oListener: Object) -> sap.me.Calendar"},"detachTapOnDate":{"!category":"function","!description":"Detach event handler <code>fnFunction</code> from the 'tapOnDate' event of this <code>sap.me.Calendar</code>.<br/>\n\nThe passed function and listener object must match the ones used for event registration.","!type":"fn(fnFunction: fn(), oListener: Object) -> sap.me.Calendar"},"getCurrentDate":{"!category":"function","!description":"Getter for property <code>currentDate</code>.\nthe center date where the month/week will be build around\n\nDefault value is empty/<code>undefined</code>","!type":"fn() -> String"},"getDayHeight":{"!category":"function","!description":"Getter for property <code>dayHeight</code>.\nthe height of a day\n\nDefault value is <code>50</code>","!type":"fn() -> Number"},"getDayWidth":{"!category":"function","!description":"Getter for property <code>dayWidth</code>.\nthe width of a day\n\nDefault value is <code>45</code>","!type":"fn() -> Number"},"getDays":{"!category":"function","!description":"Getter for property <code>days</code>.\nArray of day names, default value is sap.m.getLocaleData().getDays(\"abbreviated\")\nCheck sap.ui.core.LocaleData documentation for more info.\n\nDefault value is empty/<code>undefined</code>","!type":"fn() -> Object"},"getDesign":{"!category":"function","!description":"Getter for property <code>design</code>.\nIndicates the design of the calendar (mainly colors)\n\nDefault value is <code>sap.me.CalendarDesign.Approval</code>","!type":"fn() -> sap.me.CalendarDesign"},"getDisabledDates":{"!category":"function","!description":"Getter for property <code>disabledDates</code>.\nArray of specific dates (strings or Date objects) that will be disabled/non interactive\n\nDefault value is empty/<code>undefined</code>","!type":"fn() -> Object"},"getDisabledWeekDays":{"!category":"function","!description":"Getter for property <code>disabledWeekDays</code>.\nArray of weekDays (as integers where 0=Sunday, 1=Monday etc) to be disabled. Interaction will be disabled for these week days.\n\nDefault value is empty/<code>undefined</code>","!type":"fn() -> Object"},"getEnableMultiselection":{"!category":"function","!description":"Getter for property <code>enableMultiselection</code>.\nto enable multiselection feature\n\nDefault value is <code>false</code>","!type":"fn() -> Boolean"},"getFirstDayOffset":{"!category":"function","!description":"Getter for property <code>firstDayOffset</code>.\nto offset the first day of the week (0 = sunday)\n\nDefault value is <code>0</code>","!type":"fn() -> Number"},"getHideMonthTitles":{"!category":"function","!description":"Getter for property <code>hideMonthTitles</code>.\nhides the area of month titles\n\nDefault value is <code>false</code>","!type":"fn() -> Boolean"},"getHideNavControls":{"!category":"function","!description":"Getter for property <code>hideNavControls</code>.\nhides the area of navigation controls\n\nDefault value is <code>false</code>","!type":"fn() -> Boolean"},"getMonths":{"!category":"function","!description":"Getter for property <code>months</code>.\nArray of month names, default value is sap.m.getLocaleData().getMonths(\"abbreviated\")\nCheck sap.ui.core.LocaleData documentation for more info.\n\nDefault value is empty/<code>undefined</code>","!type":"fn() -> Object"},"getMonthsPerRow":{"!category":"function","!description":"Getter for property <code>monthsPerRow</code>.\nmonths to display in a row. This sets the width of the whole control in order to contain the desired number of months per row\n\nDefault value is <code>0</code>","!type":"fn() -> Number"},"getMonthsToDisplay":{"!category":"function","!description":"Getter for property <code>monthsToDisplay</code>.\nnumber of months in a row.\n\nDefault value is <code>1</code>","!type":"fn() -> Number"},"getSelectedDates":{"!category":"function","!description":"returns an array of the currently selected dates (dates are strings formatted as Date.toDateString())","!type":"fn()"},"getSingleRow":{"!category":"function","!description":"Getter for property <code>singleRow</code>.\nboolean that sets the view to week mode or month mode\n\nDefault value is empty/<code>undefined</code>","!type":"fn() -> Boolean"},"getSwipeToNavigate":{"!category":"function","!description":"Getter for property <code>swipeToNavigate</code>.\nWhen enabled, swipe gestures will navigate and not select\n\nDefault value is <code>false</code>","!type":"fn() -> Boolean"},"getVisible":{"!category":"function","!description":"Getter for property <code>visible</code>.\nvisibility of the control\n\nDefault value is <code>true</code>","!type":"fn() -> Boolean"},"getWeeksPerRow":{"!category":"function","!description":"Getter for property <code>weeksPerRow</code>.\nweeks to display in a row\n\nDefault value is <code>1</code>","!type":"fn() -> Number"},"getWidth":{"!category":"function","!description":"Getter for property <code>width</code>.\nThe width of the calendar\n\nDefault value is <code>100%</code>","!type":"fn() -> sap.ui.core.CSSSize"},"setCurrentDate":{"!category":"function","!description":"Setter for property <code>currentDate</code>.\n\nDefault value is empty/<code>undefined</code>","!type":"fn(sCurrentDate: String) -> sap.me.Calendar"},"setDayHeight":{"!category":"function","!description":"Setter for property <code>dayHeight</code>.\n\nDefault value is <code>50</code>","!type":"fn(iDayHeight: Number) -> sap.me.Calendar"},"setDayWidth":{"!category":"function","!description":"Setter for property <code>dayWidth</code>.\n\nDefault value is <code>45</code>","!type":"fn(iDayWidth: Number) -> sap.me.Calendar"},"setDays":{"!category":"function","!description":"Setter for property <code>days</code>.\n\nDefault value is empty/<code>undefined</code>","!type":"fn(oDays: Object) -> sap.me.Calendar"},"setDesign":{"!category":"function","!description":"Setter for property <code>design</code>.\n\nDefault value is <code>sap.me.CalendarDesign.Approval</code>","!type":"fn(oDesign: sap.me.CalendarDesign) -> sap.me.Calendar"},"setDisabledDates":{"!category":"function","!description":"Setter for property <code>disabledDates</code>.\n\nDefault value is empty/<code>undefined</code>","!type":"fn(oDisabledDates: Object) -> sap.me.Calendar"},"setDisabledWeekDays":{"!category":"function","!description":"Setter for property <code>disabledWeekDays</code>.\n\nDefault value is empty/<code>undefined</code>","!type":"fn(oDisabledWeekDays: Object) -> sap.me.Calendar"},"setEnableMultiselection":{"!category":"function","!description":"Setter for property <code>enableMultiselection</code>.\n\nDefault value is <code>false</code>","!type":"fn(bEnableMultiselection: Boolean) -> sap.me.Calendar"},"setFirstDayOffset":{"!category":"function","!description":"Setter for property <code>firstDayOffset</code>.\n\nDefault value is <code>0</code>","!type":"fn(iFirstDayOffset: Number) -> sap.me.Calendar"},"setHideMonthTitles":{"!category":"function","!description":"Setter for property <code>hideMonthTitles</code>.\n\nDefault value is <code>false</code>","!type":"fn(bHideMonthTitles: Boolean) -> sap.me.Calendar"},"setHideNavControls":{"!category":"function","!description":"Setter for property <code>hideNavControls</code>.\n\nDefault value is <code>false</code>","!type":"fn(bHideNavControls: Boolean) -> sap.me.Calendar"},"setMonths":{"!category":"function","!description":"Setter for property <code>months</code>.\n\nDefault value is empty/<code>undefined</code>","!type":"fn(oMonths: Object) -> sap.me.Calendar"},"setMonthsPerRow":{"!category":"function","!description":"Setter for property <code>monthsPerRow</code>.\n\nDefault value is <code>0</code>","!type":"fn(iMonthsPerRow: Number) -> sap.me.Calendar"},"setMonthsToDisplay":{"!category":"function","!description":"Setter for property <code>monthsToDisplay</code>.\n\nDefault value is <code>1</code>","!type":"fn(iMonthsToDisplay: Number) -> sap.me.Calendar"},"setSingleRow":{"!category":"function","!description":"Setter for property <code>singleRow</code>.\n\nDefault value is empty/<code>undefined</code>","!type":"fn(bSingleRow: Boolean) -> sap.me.Calendar"},"setSwipeToNavigate":{"!category":"function","!description":"Setter for property <code>swipeToNavigate</code>.\n\nDefault value is <code>false</code>","!type":"fn(bSwipeToNavigate: Boolean) -> sap.me.Calendar"},"setVisible":{"!category":"function","!description":"Setter for property <code>visible</code>.\n\nDefault value is <code>true</code>","!type":"fn(bVisible: Boolean) -> sap.me.Calendar"},"setWeeksPerRow":{"!category":"function","!description":"Setter for property <code>weeksPerRow</code>.\n\nDefault value is <code>1</code>","!type":"fn(iWeeksPerRow: Number) -> sap.me.Calendar"},"setWidth":{"!category":"function","!description":"Setter for property <code>width</code>.\n\nDefault value is <code>100%</code>","!type":"fn(sWidth: sap.ui.core.CSSSize) -> sap.me.Calendar"},"toggleDatesRangeSelection":{"!category":"function","!description":"it toggles the selection of the dates within the passed range to selected/unselected","!type":"fn(oODateStart: Object, oODateEnd: Object, bBSelected: Boolean)"},"toggleDatesSelection":{"!category":"function","!description":"it toggles the passed dates to selected/unselected","!type":"fn(oADates: Object, bBSelect: Boolean)"},"toggleDatesType":{"!category":"function","!description":"Change the type of the given dates","!type":"fn(oADates: Object, oSType: sap.me.CalendarEventType, bBAdd: Boolean)"},"unselectAllDates":{"!category":"function","!description":"unselect all the dates","!type":"fn()"}},"sap.me.Calendar_obj":{"!type":"fn(sId?: String, mSettings?: Object)","extend":{"!category":"function","!description":"Creates a new subclass of class sap.me.Calendar with name <code>sClassName</code> \nand enriches it with the information contained in <code>oClassInfo</code>.\n\n<code>oClassInfo</code> might contain the same kind of informations as described in {@link sap.ui.core.Element.extend Element.extend}.","!type":"fn(sClassName: String, oClassInfo?: Object, FNMetaImpl?: fn())"},"prototype":"sap.me.Calendar"},"sap.me.CalendarLegend":{"!category":"class","!description":"Legend for the calendar control","!proto":"sap.ui.core.Control","getDesign":{"!category":"function","!description":"Getter for property <code>design</code>.\ndesign name for the legend\n\nDefault value is <code>sap.me.CalendarDesign.Approval</code>","!type":"fn() -> sap.me.CalendarDesign"},"getExpandable":{"!category":"function","!description":"Getter for property <code>expandable</code>.\nIndicates if the legend can be collapsed and expanded\n\n\nDefault value is <code>true</code>","!type":"fn() -> Boolean"},"getExpanded":{"!category":"function","!description":"Getter for property <code>expanded</code>.\nIndicates if the legend is expanded or not\n\n\nDefault value is <code>true</code>","!type":"fn() -> Boolean"},"getLegendForNormal":{"!category":"function","!description":"Getter for property <code>legendForNormal</code>.\nlegend for normal\n\nDefault value is empty/<code>undefined</code>","!type":"fn() -> String"},"getLegendForSelected":{"!category":"function","!description":"Getter for property <code>legendForSelected</code>.\nlegend for selected\n\nDefault value is empty/<code>undefined</code>","!type":"fn() -> String"},"getLegendForSelected00":{"!category":"function","!description":"Getter for property <code>legendForSelected00</code>.\nlegend for selected 00\n\nDefault value is empty/<code>undefined</code>","!type":"fn() -> String"},"getLegendForToday":{"!category":"function","!description":"Getter for property <code>legendForToday</code>.\nlegend for today\n\nDefault value is empty/<code>undefined</code>","!type":"fn() -> String"},"getLegendForType00":{"!category":"function","!description":"Getter for property <code>legendForType00</code>.\nlegend for type 00\n\nDefault value is empty/<code>undefined</code>","!type":"fn() -> String"},"getLegendForType01":{"!category":"function","!description":"Getter for property <code>legendForType01</code>.\nlegend for type 01\n\nDefault value is empty/<code>undefined</code>","!type":"fn() -> String"},"getLegendForType04":{"!category":"function","!description":"Getter for property <code>legendForType04</code>.\nlegend for type 04\n\nDefault value is empty/<code>undefined</code>","!type":"fn() -> String"},"getLegendForType06":{"!category":"function","!description":"Getter for property <code>legendForType06</code>.\nlegend for type 06\n\nDefault value is empty/<code>undefined</code>","!type":"fn() -> String"},"getLegendForType07":{"!category":"function","!description":"Getter for property <code>legendForType07</code>.\nlegend for type 07\n\nDefault value is empty/<code>undefined</code>","!type":"fn() -> String"},"getLegendWidth":{"!category":"function","!description":"Getter for property <code>legendWidth</code>.\nIndicates the legend items width\n\nDefault value is <code>12.5rem</code>","!type":"fn() -> sap.ui.core.CSSSize"},"getVisible":{"!category":"function","!description":"Getter for property <code>visible</code>.\nIndicates if the legend is visible\n\nDefault value is <code>true</code>","!type":"fn() -> Boolean"},"getWidth":{"!category":"function","!description":"Getter for property <code>width</code>.\nIndicates the whole component width\n\nDefault value is <code>auto</code>","!type":"fn() -> sap.ui.core.CSSSize"},"setDesign":{"!category":"function","!description":"Setter for property <code>design</code>.\n\nDefault value is <code>sap.me.CalendarDesign.Approval</code>","!type":"fn(oDesign: sap.me.CalendarDesign) -> sap.me.CalendarLegend"},"setExpandable":{"!category":"function","!description":"Setter for property <code>expandable</code>.\n\nDefault value is <code>true</code>","!type":"fn(bExpandable: Boolean) -> sap.me.CalendarLegend"},"setExpanded":{"!category":"function","!description":"Setter for property <code>expanded</code>.\n\nDefault value is <code>true</code>","!type":"fn(bExpanded: Boolean) -> sap.me.CalendarLegend"},"setLegendForNormal":{"!category":"function","!description":"Setter for property <code>legendForNormal</code>.\n\nDefault value is empty/<code>undefined</code>","!type":"fn(sLegendForNormal: String) -> sap.me.CalendarLegend"},"setLegendForSelected":{"!category":"function","!description":"Setter for property <code>legendForSelected</code>.\n\nDefault value is empty/<code>undefined</code>","!type":"fn(sLegendForSelected: String) -> sap.me.CalendarLegend"},"setLegendForSelected00":{"!category":"function","!description":"Setter for property <code>legendForSelected00</code>.\n\nDefault value is empty/<code>undefined</code>","!type":"fn(sLegendForSelected00: String) -> sap.me.CalendarLegend"},"setLegendForToday":{"!category":"function","!description":"Setter for property <code>legendForToday</code>.\n\nDefault value is empty/<code>undefined</code>","!type":"fn(sLegendForToday: String) -> sap.me.CalendarLegend"},"setLegendForType00":{"!category":"function","!description":"Setter for property <code>legendForType00</code>.\n\nDefault value is empty/<code>undefined</code>","!type":"fn(sLegendForType00: String) -> sap.me.CalendarLegend"},"setLegendForType01":{"!category":"function","!description":"Setter for property <code>legendForType01</code>.\n\nDefault value is empty/<code>undefined</code>","!type":"fn(sLegendForType01: String) -> sap.me.CalendarLegend"},"setLegendForType04":{"!category":"function","!description":"Setter for property <code>legendForType04</code>.\n\nDefault value is empty/<code>undefined</code>","!type":"fn(sLegendForType04: String) -> sap.me.CalendarLegend"},"setLegendForType06":{"!category":"function","!description":"Setter for property <code>legendForType06</code>.\n\nDefault value is empty/<code>undefined</code>","!type":"fn(sLegendForType06: String) -> sap.me.CalendarLegend"},"setLegendForType07":{"!category":"function","!description":"Setter for property <code>legendForType07</code>.\n\nDefault value is empty/<code>undefined</code>","!type":"fn(sLegendForType07: String) -> sap.me.CalendarLegend"},"setLegendWidth":{"!category":"function","!description":"Setter for property <code>legendWidth</code>.\n\nDefault value is <code>12.5rem</code>","!type":"fn(sLegendWidth: sap.ui.core.CSSSize) -> sap.me.CalendarLegend"},"setVisible":{"!category":"function","!description":"Setter for property <code>visible</code>.\n\nDefault value is <code>true</code>","!type":"fn(bVisible: Boolean) -> sap.me.CalendarLegend"},"setWidth":{"!category":"function","!description":"Setter for property <code>width</code>.\n\nDefault value is <code>auto</code>","!type":"fn(sWidth: sap.ui.core.CSSSize) -> sap.me.CalendarLegend"}},"sap.me.CalendarLegend_obj":{"!type":"fn(sId?: String, mSettings?: Object)","extend":{"!category":"function","!description":"Creates a new subclass of class sap.me.CalendarLegend with name <code>sClassName</code> \nand enriches it with the information contained in <code>oClassInfo</code>.\n\n<code>oClassInfo</code> might contain the same kind of informations as described in {@link sap.ui.core.Element.extend Element.extend}.","!type":"fn(sClassName: String, oClassInfo?: Object, FNMetaImpl?: fn())"},"prototype":"sap.me.CalendarLegend"},"sap.me.OverlapCalendar":{"!category":"class","!description":"A calendar that allows to display events in a grid and show the overlapped events","!proto":"sap.ui.core.Control","addCalendarEvent":{"!category":"function","!description":"Adds some calendarEvent <code>oCalendarEvent</code> \nto the aggregation named <code>calendarEvents</code>.","!type":"fn(oCalendarEvent: sap.me.OverlapCalendarEvent) -> sap.me.OverlapCalendar"},"attachChangeDate":{"!category":"function","!description":"Attach event handler <code>fnFunction</code> to the 'changeDate' event of this <code>sap.me.OverlapCalendar</code>.<br/>.\nWhen called, the context of the event handler (its <code>this</code>) will be bound to <code>oListener<code> if specified\notherwise to this <code>sap.me.OverlapCalendar</code>.<br/> itself. \n \nTriggered when the displayed dates change","!type":"fn(oData?: Object, fnFunction?: fn(), oListener?: Object) -> sap.me.OverlapCalendar"},"attachEndOfData":{"!category":"function","!description":"Attach event handler <code>fnFunction</code> to the 'endOfData' event of this <code>sap.me.OverlapCalendar</code>.<br/>.\nWhen called, the context of the event handler (its <code>this</code>) will be bound to <code>oListener<code> if specified\notherwise to this <code>sap.me.OverlapCalendar</code>.<br/> itself. \n \nIndicates that we have reach the last week with data","!type":"fn(oData?: Object, fnFunction?: fn(), oListener?: Object) -> sap.me.OverlapCalendar"},"destroyCalendarEvents":{"!category":"function","!description":"Destroys all the calendarEvents in the aggregation \nnamed <code>calendarEvents</code>.","!type":"fn() -> sap.me.OverlapCalendar"},"detachChangeDate":{"!category":"function","!description":"Detach event handler <code>fnFunction</code> from the 'changeDate' event of this <code>sap.me.OverlapCalendar</code>.<br/>\n\nThe passed function and listener object must match the ones used for event registration.","!type":"fn(fnFunction: fn(), oListener: Object) -> sap.me.OverlapCalendar"},"detachEndOfData":{"!category":"function","!description":"Detach event handler <code>fnFunction</code> from the 'endOfData' event of this <code>sap.me.OverlapCalendar</code>.<br/>\n\nThe passed function and listener object must match the ones used for event registration.","!type":"fn(fnFunction: fn(), oListener: Object) -> sap.me.OverlapCalendar"},"getCalendarEvents":{"!category":"function","!description":"Getter for aggregation <code>calendarEvents</code>.<br/>\nThe list of events to display in the calendar grid","!type":"fn() -> [sap.me.OverlapCalendarEvent]"},"getFirstDayOffset":{"!category":"function","!description":"Getter for property <code>firstDayOffset</code>.\nIndicate how to offset the first day in regards to a Sunday (by default)\n\nDefault value is <code>0</code>","!type":"fn() -> Number"},"getShowOverlapIndicator":{"!category":"function","!description":"Getter for property <code>showOverlapIndicator</code>.\nDo we want to display the overlap indicator\n\nDefault value is <code>false</code>","!type":"fn() -> Boolean"},"getStartDate":{"!category":"function","!description":"Getter for property <code>startDate</code>.\nThe first date to display for the calendar\n\nDefault value is empty/<code>undefined</code>","!type":"fn() -> String"},"getSwipeToNavigate":{"!category":"function","!description":"Getter for property <code>swipeToNavigate</code>.\nUse swipe gesture to navigate\n\nDefault value is <code>true</code>","!type":"fn() -> Boolean"},"getVisible":{"!category":"function","!description":"Getter for property <code>visible</code>.\nIndicates if we should render this component\n\nDefault value is <code>true</code>","!type":"fn() -> Boolean"},"getWeeksPerRow":{"!category":"function","!description":"Getter for property <code>weeksPerRow</code>.\nNumber of weeks\n\nDefault value is <code>2</code>","!type":"fn() -> Number"},"getWidth":{"!category":"function","!description":"Getter for property <code>width</code>.\nThe width of the calendar\n\nDefault value is <code>100%</code>","!type":"fn() -> sap.ui.core.CSSSize"},"indexOfCalendarEvent":{"!category":"function","!description":"Checks for the provided <code>sap.me.OverlapCalendarEvent</code> in the aggregation named <code>calendarEvents</code> \nand returns its index if found or -1 otherwise.","!type":"fn(oCalendarEvent: sap.me.OverlapCalendarEvent) -> Number"},"insertCalendarEvent":{"!category":"function","!description":"Inserts a calendarEvent into the aggregation named <code>calendarEvents</code>.","!type":"fn(oCalendarEvent: sap.me.OverlapCalendarEvent, iIndex: Number) -> sap.me.OverlapCalendar"},"removeAllCalendarEvents":{"!category":"function","!description":"Removes all the controls in the aggregation named <code>calendarEvents</code>.<br/>\nAdditionally unregisters them from the hosting UIArea.","!type":"fn() -> [sap.me.OverlapCalendarEvent]"},"removeCalendarEvent":{"!category":"function","!description":"Removes an calendarEvent from the aggregation named <code>calendarEvents</code>.","!type":"fn(vCalendarEvent: Number | String | sap.me.OverlapCalendarEvent) -> sap.me.OverlapCalendarEvent"},"setFirstDayOffset":{"!category":"function","!description":"Setter for property <code>firstDayOffset</code>.\n\nDefault value is <code>0</code>","!type":"fn(iFirstDayOffset: Number) -> sap.me.OverlapCalendar"},"setShowOverlapIndicator":{"!category":"function","!description":"Setter for property <code>showOverlapIndicator</code>.\n\nDefault value is <code>false</code>","!type":"fn(bShowOverlapIndicator: Boolean) -> sap.me.OverlapCalendar"},"setStartDate":{"!category":"function","!description":"Setter for property <code>startDate</code>.\n\nDefault value is empty/<code>undefined</code>","!type":"fn(sStartDate: String) -> sap.me.OverlapCalendar"},"setSwipeToNavigate":{"!category":"function","!description":"Setter for property <code>swipeToNavigate</code>.\n\nDefault value is <code>true</code>","!type":"fn(bSwipeToNavigate: Boolean) -> sap.me.OverlapCalendar"},"setVisible":{"!category":"function","!description":"Setter for property <code>visible</code>.\n\nDefault value is <code>true</code>","!type":"fn(bVisible: Boolean) -> sap.me.OverlapCalendar"},"setWeeksPerRow":{"!category":"function","!description":"Setter for property <code>weeksPerRow</code>.\n\nDefault value is <code>2</code>","!type":"fn(iWeeksPerRow: Number) -> sap.me.OverlapCalendar"},"setWidth":{"!category":"function","!description":"Setter for property <code>width</code>.\n\nDefault value is <code>100%</code>","!type":"fn(sWidth: sap.ui.core.CSSSize) -> sap.me.OverlapCalendar"}},"sap.me.OverlapCalendar_obj":{"!type":"fn(sId?: String, mSettings?: Object)","extend":{"!category":"function","!description":"Creates a new subclass of class sap.me.OverlapCalendar with name <code>sClassName</code> \nand enriches it with the information contained in <code>oClassInfo</code>.\n\n<code>oClassInfo</code> might contain the same kind of informations as described in {@link sap.ui.core.Element.extend Element.extend}.","!type":"fn(sClassName: String, oClassInfo?: Object, FNMetaImpl?: fn())"},"prototype":"sap.me.OverlapCalendar"},"sap.me.OverlapCalendarEvent":{"!category":"class","!description":"Represent the data of an event for the overlap calendar","!proto":"sap.ui.core.Element","bindEndDay":{"!category":"function","!description":"Binder for property <code>endDay</code>.","!type":"fn(sPath: String, fnFormatter?: fn(), sMode?: sap.ui.model.BindingMode) -> sap.me.OverlapCalendarEvent"},"bindHalfDay":{"!category":"function","!description":"Binder for property <code>halfDay</code>.","!type":"fn(sPath: String, fnFormatter?: fn(), sMode?: sap.ui.model.BindingMode) -> sap.me.OverlapCalendarEvent"},"bindName":{"!category":"function","!description":"Binder for property <code>name</code>.","!type":"fn(sPath: String, fnFormatter?: fn(), sMode?: sap.ui.model.BindingMode) -> sap.me.OverlapCalendarEvent"},"bindRelevant":{"!category":"function","!description":"Binder for property <code>relevant</code>.","!type":"fn(sPath: String, fnFormatter?: fn(), sMode?: sap.ui.model.BindingMode) -> sap.me.OverlapCalendarEvent"},"bindRow":{"!category":"function","!description":"Binder for property <code>row</code>.","!type":"fn(sPath: String, fnFormatter?: fn(), sMode?: sap.ui.model.BindingMode) -> sap.me.OverlapCalendarEvent"},"bindStartDay":{"!category":"function","!description":"Binder for property <code>startDay</code>.","!type":"fn(sPath: String, fnFormatter?: fn(), sMode?: sap.ui.model.BindingMode) -> sap.me.OverlapCalendarEvent"},"bindType":{"!category":"function","!description":"Binder for property <code>type</code>.","!type":"fn(sPath: String, fnFormatter?: fn(), sMode?: sap.ui.model.BindingMode) -> sap.me.OverlapCalendarEvent"},"bindTypeName":{"!category":"function","!description":"Binder for property <code>typeName</code>.","!type":"fn(sPath: String, fnFormatter?: fn(), sMode?: sap.ui.model.BindingMode) -> sap.me.OverlapCalendarEvent"},"getEndDay":{"!category":"function","!description":"Getter for property <code>endDay</code>.\nLast day of the event\n\nDefault value is empty/<code>undefined</code>","!type":"fn() -> String"},"getHalfDay":{"!category":"function","!description":"Getter for property <code>halfDay</code>.\nIs this half a day\n\nDefault value is <code>false</code>","!type":"fn() -> Boolean"},"getName":{"!category":"function","!description":"Getter for property <code>name</code>.\nName of the row\n\nDefault value is empty/<code>undefined</code>","!type":"fn() -> String"},"getRelevant":{"!category":"function","!description":"Getter for property <code>relevant</code>.\nIndicates if this elements is relevant to be consider in the overlap\n\nDefault value is empty/<code>undefined</code>","!type":"fn() -> Boolean"},"getRow":{"!category":"function","!description":"Getter for property <code>row</code>.\nId of the row on which to place this event\n\nDefault value is <code>-1</code>","!type":"fn() -> Number"},"getStartDay":{"!category":"function","!description":"Getter for property <code>startDay</code>.\nThe first day of the event\n\nDefault value is empty/<code>undefined</code>","!type":"fn() -> String"},"getType":{"!category":"function","!description":"Getter for property <code>type</code>.\nType of the event. Display in the second label (no overlap)\n\nDefault value is empty/<code>undefined</code>","!type":"fn() -> String"},"getTypeName":{"!category":"function","!description":"Getter for property <code>typeName</code>.\nThe CSS class to use\n\nDefault value is empty/<code>undefined</code>","!type":"fn() -> String"},"setEndDay":{"!category":"function","!description":"Setter for property <code>endDay</code>.\n\nDefault value is empty/<code>undefined</code>","!type":"fn(sEndDay: String) -> sap.me.OverlapCalendarEvent"},"setHalfDay":{"!category":"function","!description":"Setter for property <code>halfDay</code>.\n\nDefault value is <code>false</code>","!type":"fn(bHalfDay: Boolean) -> sap.me.OverlapCalendarEvent"},"setName":{"!category":"function","!description":"Setter for property <code>name</code>.\n\nDefault value is empty/<code>undefined</code>","!type":"fn(sName: String) -> sap.me.OverlapCalendarEvent"},"setRelevant":{"!category":"function","!description":"Setter for property <code>relevant</code>.\n\nDefault value is empty/<code>undefined</code>","!type":"fn(bRelevant: Boolean) -> sap.me.OverlapCalendarEvent"},"setRow":{"!category":"function","!description":"Setter for property <code>row</code>.\n\nDefault value is <code>-1</code>","!type":"fn(iRow: Number) -> sap.me.OverlapCalendarEvent"},"setStartDay":{"!category":"function","!description":"Setter for property <code>startDay</code>.\n\nDefault value is empty/<code>undefined</code>","!type":"fn(sStartDay: String) -> sap.me.OverlapCalendarEvent"},"setType":{"!category":"function","!description":"Setter for property <code>type</code>.\n\nDefault value is empty/<code>undefined</code>","!type":"fn(sType: String) -> sap.me.OverlapCalendarEvent"},"setTypeName":{"!category":"function","!description":"Setter for property <code>typeName</code>.\n\nDefault value is empty/<code>undefined</code>","!type":"fn(sTypeName: String) -> sap.me.OverlapCalendarEvent"},"unbindEndDay":{"!category":"function","!description":"Unbinder for property <code>endDay</code>.","!type":"fn() -> sap.me.OverlapCalendarEvent"},"unbindHalfDay":{"!category":"function","!description":"Unbinder for property <code>halfDay</code>.","!type":"fn() -> sap.me.OverlapCalendarEvent"},"unbindName":{"!category":"function","!description":"Unbinder for property <code>name</code>.","!type":"fn() -> sap.me.OverlapCalendarEvent"},"unbindRelevant":{"!category":"function","!description":"Unbinder for property <code>relevant</code>.","!type":"fn() -> sap.me.OverlapCalendarEvent"},"unbindRow":{"!category":"function","!description":"Unbinder for property <code>row</code>.","!type":"fn() -> sap.me.OverlapCalendarEvent"},"unbindStartDay":{"!category":"function","!description":"Unbinder for property <code>startDay</code>.","!type":"fn() -> sap.me.OverlapCalendarEvent"},"unbindType":{"!category":"function","!description":"Unbinder for property <code>type</code>.","!type":"fn() -> sap.me.OverlapCalendarEvent"},"unbindTypeName":{"!category":"function","!description":"Unbinder for property <code>typeName</code>.","!type":"fn() -> sap.me.OverlapCalendarEvent"}},"sap.me.OverlapCalendarEvent_obj":{"!type":"fn(sId?: String, mSettings?: Object)","extend":{"!category":"function","!description":"Creates a new subclass of class sap.me.OverlapCalendarEvent with name <code>sClassName</code> \nand enriches it with the information contained in <code>oClassInfo</code>.\n\n<code>oClassInfo</code> might contain the same kind of informations as described in {@link sap.ui.core.Element.extend Element.extend}.","!type":"fn(sClassName: String, oClassInfo?: Object, FNMetaImpl?: fn())"},"prototype":"sap.me.OverlapCalendarEvent"},"sap.me.ProgressIndicator":{"!category":"class","!description":"Shows the progress of a process in a graphical way. The indicator can be displayed with or without numerical values.\nThe filling can be displayed in color only, or additionally with the percentage rate. The indicator status can be interactive.","!proto":"sap.ui.core.Control","getBarColor":{"!category":"function","!description":"Getter for property <code>barColor</code>.\nThe color of the bar. Enumeration sap.ui.core.BarColor provides CRITICAL (yellow), NEGATIVE (red), POSITIVE (green), NEUTRAL (blue) (default value).\n\nDefault value is <code>NEUTRAL</code>","!type":"fn() -> sap.ui.core.BarColor"},"getDisplayValue":{"!category":"function","!description":"Getter for property <code>displayValue</code>.\nThe text value to be displayed in the bar.\n\nDefault value is <code>0%</code>","!type":"fn() -> String"},"getEnabled":{"!category":"function","!description":"Getter for property <code>enabled</code>.\nSwitches enabled state of the control. Disabled fields have different colors, and cannot be focused.\n\nDefault value is <code>true</code>","!type":"fn() -> Boolean"},"getPercentValue":{"!category":"function","!description":"Getter for property <code>percentValue</code>.\nThe numerical value for the displayed length of the progress bar.\n\nDefault value is <code>0</code>","!type":"fn() -> Number"},"getShowValue":{"!category":"function","!description":"Getter for property <code>showValue</code>.\nSpecifies whether the current value shall be rendered inside the bar.\n\nDefault value is <code>true</code>","!type":"fn() -> Boolean"},"getVisible":{"!category":"function","!description":"Getter for property <code>visible</code>.\nInvisible controls are not rendered\n\nDefault value is <code>true</code>","!type":"fn() -> Boolean"},"getWidth":{"!category":"function","!description":"Getter for property <code>width</code>.\nThe width of the control.\n\nDefault value is <code>100%</code>","!type":"fn() -> sap.ui.core.CSSSize"},"setBarColor":{"!category":"function","!description":"Setter for property <code>barColor</code>.\n\nDefault value is <code>NEUTRAL</code>","!type":"fn(oBarColor: sap.ui.core.BarColor) -> sap.me.ProgressIndicator"},"setDisplayValue":{"!category":"function","!description":"Setter for property <code>displayValue</code>.\n\nDefault value is <code>0%</code>","!type":"fn(sDisplayValue: String) -> sap.me.ProgressIndicator"},"setEnabled":{"!category":"function","!description":"Setter for property <code>enabled</code>.\n\nDefault value is <code>true</code>","!type":"fn(bEnabled: Boolean) -> sap.me.ProgressIndicator"},"setPercentValue":{"!category":"function","!description":"Property setter for the PercentValue\nA new rendering is not necessary, only the bar has to be moved.","!type":"fn() -> sap.me.ProgressIndicator"},"setShowValue":{"!category":"function","!description":"Setter for property <code>showValue</code>.\n\nDefault value is <code>true</code>","!type":"fn(bShowValue: Boolean) -> sap.me.ProgressIndicator"},"setVisible":{"!category":"function","!description":"Setter for property <code>visible</code>.\n\nDefault value is <code>true</code>","!type":"fn(bVisible: Boolean) -> sap.me.ProgressIndicator"},"setWidth":{"!category":"function","!description":"Setter for property <code>width</code>.\n\nDefault value is <code>100%</code>","!type":"fn(sWidth: sap.ui.core.CSSSize) -> sap.me.ProgressIndicator"}},"sap.me.ProgressIndicator_obj":{"!type":"fn(sId?: String, mSettings?: Object)","extend":{"!category":"function","!description":"Creates a new subclass of class sap.me.ProgressIndicator with name <code>sClassName</code> \nand enriches it with the information contained in <code>oClassInfo</code>.\n\n<code>oClassInfo</code> might contain the same kind of informations as described in {@link sap.ui.core.Element.extend Element.extend}.","!type":"fn(sClassName: String, oClassInfo?: Object, FNMetaImpl?: fn())"},"prototype":"sap.me.ProgressIndicator"},"sap.me.TabContainer":{"!category":"class","!description":"The TabContainer allow to stack 1 to 4 contents in a\nview with corresponding icons","!proto":"sap.ui.core.Control","attachCollapse":{"!category":"function","!description":"Attach event handler <code>fnFunction</code> to the 'collapse' event of this <code>sap.me.TabContainer</code>.<br/>.\nWhen called, the context of the event handler (its <code>this</code>) will be bound to <code>oListener<code> if specified\notherwise to this <code>sap.me.TabContainer</code>.<br/> itself. \n \nIndicates that the tab will collapse","!type":"fn(oData?: Object, fnFunction?: fn(), oListener?: Object) -> sap.me.TabContainer"},"attachExpand":{"!category":"function","!description":"Attach event handler <code>fnFunction</code> to the 'expand' event of this <code>sap.me.TabContainer</code>.<br/>.\nWhen called, the context of the event handler (its <code>this</code>) will be bound to <code>oListener<code> if specified\notherwise to this <code>sap.me.TabContainer</code>.<br/> itself. \n \nIndicates that the tab will expand","!type":"fn(oData?: Object, fnFunction?: fn(), oListener?: Object) -> sap.me.TabContainer"},"attachSelect":{"!category":"function","!description":"Attach event handler <code>fnFunction</code> to the 'select' event of this <code>sap.me.TabContainer</code>.<br/>.\nWhen called, the context of the event handler (its <code>this</code>) will be bound to <code>oListener<code> if specified\notherwise to this <code>sap.me.TabContainer</code>.<br/> itself. \n \nIndicates that the selected tab has changed","!type":"fn(oData?: Object, fnFunction?: fn(), oListener?: Object) -> sap.me.TabContainer"},"destroyContentAttachments":{"!category":"function","!description":"Destroys the contentAttachments in the aggregation \nnamed <code>contentAttachments</code>.","!type":"fn() -> sap.me.TabContainer"},"destroyContentInfo":{"!category":"function","!description":"Destroys the contentInfo in the aggregation \nnamed <code>contentInfo</code>.","!type":"fn() -> sap.me.TabContainer"},"destroyContentNotes":{"!category":"function","!description":"Destroys the contentNotes in the aggregation \nnamed <code>contentNotes</code>.","!type":"fn() -> sap.me.TabContainer"},"destroyContentPeople":{"!category":"function","!description":"Destroys the contentPeople in the aggregation \nnamed <code>contentPeople</code>.","!type":"fn() -> sap.me.TabContainer"},"detachCollapse":{"!category":"function","!description":"Detach event handler <code>fnFunction</code> from the 'collapse' event of this <code>sap.me.TabContainer</code>.<br/>\n\nThe passed function and listener object must match the ones used for event registration.","!type":"fn(fnFunction: fn(), oListener: Object) -> sap.me.TabContainer"},"detachExpand":{"!category":"function","!description":"Detach event handler <code>fnFunction</code> from the 'expand' event of this <code>sap.me.TabContainer</code>.<br/>\n\nThe passed function and listener object must match the ones used for event registration.","!type":"fn(fnFunction: fn(), oListener: Object) -> sap.me.TabContainer"},"detachSelect":{"!category":"function","!description":"Detach event handler <code>fnFunction</code> from the 'select' event of this <code>sap.me.TabContainer</code>.<br/>\n\nThe passed function and listener object must match the ones used for event registration.","!type":"fn(fnFunction: fn(), oListener: Object) -> sap.me.TabContainer"},"getBadgeAttachments":{"!category":"function","!description":"Getter for property <code>badgeAttachments</code>.\nThe number to display in the badge for the attachments tab\n\nDefault value is <code></code>","!type":"fn() -> Number"},"getBadgeInfo":{"!category":"function","!description":"Getter for property <code>badgeInfo</code>.\nThe number to display in the badge for the info tab\n\nDefault value is <code></code>","!type":"fn() -> Number"},"getBadgeNotes":{"!category":"function","!description":"Getter for property <code>badgeNotes</code>.\nThe number to display in the badge for the notes tab\n\nDefault value is <code></code>","!type":"fn() -> Number"},"getBadgePeople":{"!category":"function","!description":"Getter for property <code>badgePeople</code>.\nThe number to display in the badge for the people tab\n\nDefault value is <code></code>","!type":"fn() -> Number"},"getContentAttachments":{"!category":"function","!description":"Getter for aggregation <code>contentAttachments</code>.<br/>\nThe attachments tab","!type":"fn() -> sap.ui.core.Control"},"getContentInfo":{"!category":"function","!description":"Getter for aggregation <code>contentInfo</code>.<br/>\nThe info tab","!type":"fn() -> sap.ui.core.Control"},"getContentNotes":{"!category":"function","!description":"Getter for aggregation <code>contentNotes</code>.<br/>\nThe notes tab","!type":"fn() -> sap.ui.core.Control"},"getContentPeople":{"!category":"function","!description":"Getter for aggregation <code>contentPeople</code>.<br/>\nThe people tab","!type":"fn() -> sap.ui.core.Control"},"getExpandable":{"!category":"function","!description":"Getter for property <code>expandable</code>.\nIndicates if the tab can be collapsed and expanded\n\n\nDefault value is <code>true</code>","!type":"fn() -> Boolean"},"getExpanded":{"!category":"function","!description":"Getter for property <code>expanded</code>.\nIndicates if the actual tab is expanded or not\n\n\nDefault value is <code>true</code>","!type":"fn() -> Boolean"},"getSelectedTab":{"!category":"function","!description":"Getter for property <code>selectedTab</code>.\nReturn the index of the selected tab\n\nDefault value is <code></code>","!type":"fn() -> Number"},"getVisible":{"!category":"function","!description":"Getter for property <code>visible</code>.\nsetter for visible property\n\nDefault value is <code>true</code>","!type":"fn() -> Boolean"},"setBadgeAttachments":{"!category":"function","!description":"Setter for property <code>badgeAttachments</code>.\n\nDefault value is <code></code>","!type":"fn(iBadgeAttachments: Number) -> sap.me.TabContainer"},"setBadgeInfo":{"!category":"function","!description":"Setter for property <code>badgeInfo</code>.\n\nDefault value is <code></code>","!type":"fn(iBadgeInfo: Number) -> sap.me.TabContainer"},"setBadgeNotes":{"!category":"function","!description":"Setter for property <code>badgeNotes</code>.\n\nDefault value is <code></code>","!type":"fn(iBadgeNotes: Number) -> sap.me.TabContainer"},"setBadgePeople":{"!category":"function","!description":"Setter for property <code>badgePeople</code>.\n\nDefault value is <code></code>","!type":"fn(iBadgePeople: Number) -> sap.me.TabContainer"},"setExpandable":{"!category":"function","!description":"Setter for property <code>expandable</code>.\n\nDefault value is <code>true</code>","!type":"fn(bExpandable: Boolean) -> sap.me.TabContainer"},"setExpanded":{"!category":"function","!description":"Setter for property <code>expanded</code>.\n\nDefault value is <code>true</code>","!type":"fn(bExpanded: Boolean) -> sap.me.TabContainer"},"setSelectedTab":{"!category":"function","!description":"Setter for property <code>selectedTab</code>.\n\nDefault value is <code></code>","!type":"fn(iSelectedTab: Number) -> sap.me.TabContainer"},"setVisible":{"!category":"function","!description":"Setter for property <code>visible</code>.\n\nDefault value is <code>true</code>","!type":"fn(bVisible: Boolean) -> sap.me.TabContainer"}},"sap.me.TabContainer_obj":{"!type":"fn(sId?: String, mSettings?: Object)","extend":{"!category":"function","!description":"Creates a new subclass of class sap.me.TabContainer with name <code>sClassName</code> \nand enriches it with the information contained in <code>oClassInfo</code>.\n\n<code>oClassInfo</code> might contain the same kind of informations as described in {@link sap.ui.core.Element.extend Element.extend}.","!type":"fn(sClassName: String, oClassInfo?: Object, FNMetaImpl?: fn())"},"prototype":"sap.me.TabContainer"},"sap.me.CalendarDesign":{"!category":"static class","!description":"Type of Design for the Calendar","Action":{"!category":"enum","!description":"Colors match calendar design for Action","!type":"String"},"Approval":{"!category":"enum","!description":"Colors match calendar design for Approval","!type":"String"}},"sap.me.CalendarEventType":{"!category":"static class","!description":"Type code for a calendar event","Type00":{"!category":"enum","!description":"Type 00 (non-working day (e.g. weekend))","!type":"String"},"Type01":{"!category":"enum","!description":"Type 01 (nonattendance / submitted day)","!type":"String"},"Type04":{"!category":"enum","!description":"Type 04 (open request / manager action needed)","!type":"String"},"Type06":{"!category":"enum","!description":"Type 06 (public holiday)","!type":"String"},"Type07":{"!category":"enum","!description":"Type 07 (deletion requested / your action needed)","!type":"String"}}}}