{"!name":"sap.ca.scfld.md","!define":{"sap.ca.scfld.md":{"!category":"namespace","!description":"SAP UI library: Scaffolding for Master Detail applications","ApplicationFacade":"sap.ca.scfld.md.ApplicationFacade_obj","ConfigurationBase":"sap.ca.scfld.md.ConfigurationBase_obj","controller":"sap.ca.scfld.md.controller"},"sap.ca.scfld.md.ApplicationFacade":{"!category":"class","!description":"This class represents a Master Detail App. It provides access to generic services.\nNote that the App does not create an instance of this class on its own.\nThe App will get access to this instance in its implementation of &lt;identity&gt;.Configuration.getApplicationParameters(oApplicationFacade).\nIt is recommended that the app stores the reference to this instance in an appropriate variable .","!proto":"sap.ui.base.Object","getODataModel":{"!category":"function","!description":"Return a specific ODataModel based on its name as defined in the configuration.</br>\nNote that there is a special logic in case the specified name is <i>i18n</i>. In this case the\nresource model for this App is returned.","!type":"fn(the: sName) -> sap.ui.model.Model"},"getResourceBundle":{"!category":"function","!description":"Use this method to access the resource bundle of the App","!type":"fn() -> the"},"getUiLibResourceModel":{"!category":"function","!description":"returns the scaffolding language model","!type":"fn()"},"isMock":{"!category":"function","!description":"Utility function to determine if we are running the application against\nsome mock data","!type":"fn() -> Boolean"}},"sap.ca.scfld.md.ApplicationFacade_obj":{"!type":"fn()","prototype":"sap.ca.scfld.md.ApplicationFacade"},"sap.ca.scfld.md.ConfigurationBase":{"!category":"class","!description":"Explanatory text for the class","!proto":"sap.ui.base.Object","setApplicationFacade":{"!category":"function","!description":"Override this method when you want to store a reference to the <code>ApplicationFacade</code> in some place where you can\r\naccess it. Note that all controllers inheriting from the <code>ScfldMaster/BaseMaster/Detail/FullscreenController</code> automatically\r\npossess an attribute <code>oApplicationFacade</code>. </br>\r\nHowever, it may be useful to have access to the facade e.g. in a class providing formatters.","!type":"fn(the: oApplicationFacade)"}},"sap.ca.scfld.md.ConfigurationBase_obj":{"!type":"fn()","prototype":"sap.ca.scfld.md.ConfigurationBase"},"sap.ca.scfld.md.controller":{"!category":"namespace","ScfldMasterController":"sap.ca.scfld.md.controller.ScfldMasterController_obj"},"sap.ca.scfld.md.controller.ScfldMasterController":{"!category":"class","!description":"","!proto":"sap.ui.base.Object","applyBackendSearchPattern":{"!category":"function","!description":"This method needs to be overridden in case backend search is active (see {@link isBackendSearch}). It\nshould modify the list binding such that it reflects the filter entered in the search field. Sample\ncoding: var oFilter = new sap.ui.model.Filter(\"MyField\", sap.ui.model.FilterOperator.EQ, sFilterPattern);\nvar aFilters = [oFilter]; oBinding.filter(aFilters);","!type":"fn(the: sFilterPattern, the: oBinding)"},"applyFilterFromContext":{"!category":"function","!description":"","!type":"fn(contains: sContext)"},"applySearchPattern":{"!category":"function","!description":"Can be overwritten to define a App specific frontend search. Note that in most cases it is more sensible\nto override {@link applySearchPatternToListItem}","!type":"fn(the: sFilterPattern) -> the"},"applySearchPatternToListItem":{"!category":"function","!description":"Override this method when defining a custom frontend search. This method will be called for each list\nitem and decides whether it fulfills the search criteria.","!type":"fn(the: oItem, the: sFilterPattern) -> Boolean"},"evaluateClientSearchResult":{"!category":"function","!description":"This function is called when a client side search was done. If the search returns 0 hits \nan empty list is shown on the master page displaying the \"noDataText\" of the master List.\nIf the search returns one or more hits the function makes sure that the master list is visible and\nthe empty list is hidden","!type":"fn(iSearchHitCount: Number, oMasterList: Object, oEmptyList: Object, sNoDataText: String)"},"getBindingContextPathFor":{"!category":"function","!description":"May be overwritten by the app: should create a Binding path from the arguments of the detail route, that matches a list item","!type":"fn()"},"getDetailNavigationParameters":{"!category":"function","!description":"may be overwritten by the app: Should create the parameters necessary for injecting the values into the Detail route of the app.","!type":"fn()"},"getDetailRouteName":{"!category":"function","!description":"Needs to be overwritten if the name of the route leading to the detail view differs from the default which is \"detail\"","!type":"fn() -> String"},"getHeaderFooterOptions":{"!category":"function","!description":"this method is meant to be overridden by the app It shall return an object describing the header or\nfooter content Return <code>null</code> if you want to define header and footer on your own (default\nbehavior). Otherwise return an object with attributes determining the header and footer. The following\nattributes are supported: <code>onEditPress</code> a handler for the edit button on the master list.\nNote that this button will be displayed if this attribute is available. <code>sI18NMasterTitle</code>\nthe i18n-key for the title of the master list in the i18n-properties file of the App. Note that the\ncorresponding text should possess a placeholder for the number of displayed items (e.g. <i>Purchase\nOrders ({0})</i>) The <code>sI18NSearchFieldPlaceholder</code> the i18n-key for the placeholder text\nto be displayed in the search field. Note that this attribute should only be used if you want to display\na more specific text then default (\"Search\"). E.g. \"Search for Purchase Order ...\". Normally, this will\nonly be sensible, if backend search is enabled or the application defines a very specific frontend\nsearch.","!type":"fn()"},"getList":{"!category":"function","!description":"Returns the list control of the master list","!type":"fn()"},"getNoDataViewName":{"!category":"function","!description":"Not yet documented","!type":"fn()"},"getPage":{"!category":"function","!description":"Override this method if you have not used the standard way to include the page in the view.","!type":"fn()"},"getSplitContainer":{"!category":"function","!description":"returns the split container, that contains the master view","!type":"fn()"},"isBackendSearch":{"!category":"function","!description":"determines whether search (triggered by search field) is performed on backend or frontend (frontend being\ndefault behavior).","!type":"fn()"},"isLiveSearch":{"!category":"function","!description":"determines whether search is triggered with each change of the search field content (or only when the\nuser explicitly starts the search). Default implementation triggers search immediately, exactly when\nbackend search is disabled (see {@link isBackendSearch}. Override this method if you want 'live' search\non backend or explicit search on frontend.","!type":"fn()"},"navToEmptyView":{"!category":"function","!description":"Not yet documented - private?","!type":"fn()"},"noItemFoundForContext":{"!category":"function","!description":"may be overwritten by the app - react on the case when an item was not found in the list after navigating\ndefault implementation shows the empty view","!type":"fn()"},"onDataLoaded":{"!category":"function","!description":"Can be overwritten by the app: where selection is not the default data load behavior","!type":"fn()"},"refreshHeaderFooterForEditToggle":{"!category":"function","!description":"Not yet documented","!type":"fn()"},"registerMasterListBind":{"!category":"function","!description":"when ever you bind a master list dynamically you have to call this method","!type":"fn()"},"selectFirstItem":{"!category":"function","!description":"Selects and navigates to the first item of the List","!type":"fn()"},"setBtnEnabled":{"!category":"function","!description":"Not yet documented","!type":"fn()"},"setBtnText":{"!category":"function","!description":"Not yet documented","!type":"fn()"},"setListItem":{"!category":"function","!description":"Maybe overridden.\nSets the list item and navigates to the corresponding hash.","!type":"fn()"}},"sap.ca.scfld.md.controller.ScfldMasterController_obj":{"!type":"fn()","prototype":"sap.ca.scfld.md.controller.ScfldMasterController"}}}