{
"sapUiBrand":"#f0ab00",
"sapUiHighlight":"#111177",
"sapUiSelected":"#111177",
"sapUiActive":"#111177",
"sapUiPurple":"#800080",
"sapUiOrange":"#ffa500",
"sapUiGreen":"#008000",
"sapUiBlue":"#0000ff",
"sapUiRed":"#ff0000",
"sapUiYellow":"#ffff00",
"sapUiBase":"#000000",
"sapUiBaseBG":"#ffffff",
"sapUiBaseBorder":"#000000",
"sapUiBaseText":"#000000",
"sapUiBaseLine":"#000000",
"sapUiWhite":"#ffffff",
"sapUiExtraLightBG":"#ffffff",
"sapUiLightBG":"#d3d3d3",
"sapUiMediumBG":"#808080",
"sapUiDarkBG":"#a9a9a9",
"sapUiDeepBG":"#000000",
"sapUiBlackBG":"#000000",
"sapUiHoverBG":"#808080",
"sapUiMediumAltBG":"#808080",
"sapUiDarkAltBG":"#a9a9a9",
"sapUiButtonStandardBG":"#ffffff",
"sapUiButtonEmphasizedBG":"#ffff00",
"sapUiButtonNegativeBG":"#ff0000",
"sapUiButtonPositiveBG":"#008000",
"sapUiErrorBG":"#ff9a90",
"sapUiWarningBG":"#faf2b0",
"sapUiReadOnlyBG":"#808080",
"sapUiExtraLightText":"#d3d3d3",
"sapUiLightText":"#d3d3d3",
"sapUiMediumText":"#808080",
"sapUiDarkText":"#a9a9a9",
"sapUiDeepText":"#000000",
"sapUiText":"#000000",
"sapUiTextInverted":"#ffffff",
"sapUiLink":"#0000ff",
"sapUiLinkInverted":"#0000ff",
"sapUiLinkVisited":"#800080",
"sapUiLinkActive":"#ff0000",
"sapUiLinkHover":"#ff0000",
"sapUiNegativeText":"#ff0000",
"sapUiPositiveText":"#b5e7a8",
"sapUiExtraLightBorder":"#d3d3d3",
"sapUiLightBorder":"#808080",
"sapUiMediumBorder":"#000000",
"sapUiDarkBorder":"#000000",
"sapUiErrorBorder":"#ff0000",
"sapUiWarningBorder":"#ffff00",
"sapUiLightLine":"#d3d3d3",
"sapUiMediumLine":"#808080",
"sapUiEmphasizedLine":"#111177",
"sapUiDarkLine":"#a9a9a9",
"sapUiTableRowBG":"#ffffff",
"sapUiTableRowAlternatingBG":"#ffffff",
"sapUiTableRowSelectionBG":"#111177",
"sapUiTableRowSelectionReadOnlyBG":"#111177",
"sapUiTableRowHoverBG":"#808080",
"sapUiListBG":"#f7f7f7",
"sapUiTextColor":"#008000",
"sapUiTextTitleColor":"#008000",
"sapUiTextSelectionColor":"#008000",
"sapUiTextDisabled":"#999999",
"sapUiTextTitle":"#000000",
"sapUiTextSelection":"#ffffff",
"sapUiTextfieldBackground":"#ffffff",
"sapUiLineHeight":"21px",
"sapUiFontFamily":"Arial,Helvetica,sans-serif",
"sapUiFontMonospaceFamily":"Lucida Console",
"sapUiFontSize":"medium",
"sapUiFontLargeSize":"large",
"sapUiFontSmallSize":"small",
"sapUiFontHeader1Size":"xx-large",
"sapUiFontHeader2Size":"x-large",
"sapUiFontHeader3Size":"large",
"sapUiFontHeader4Size":"medium",
"sapUiFontHeader5Size":"medium",
"sapUiFontHeader6Size":"medium",
"sapUiButtonBorderColor":"#000000",
"sapUiButtonBackgroundColor":"#ffffff",
"sapUiButtonDisabledBorderColor":"#000000",
"sapUiButtonDisabledBackgroundColor":"#ffffff",
"sapUiButtonHoverBorderColor":"#000000",
"sapUiButtonHoverBackgroundColor":"#808080",
"sapUiButtonActiveBorderColor":"#000000",
"sapUiButtonActiveBackgroundColor":"#a9a9a9",
"sapUiButtonEmphasizedBorderColor":"#000000",
"sapUiButtonEmphasizedBackgroundColor":"#ffff00",
"sapUiButtonEmphasizedDisabledBorderColor":"#000000",
"sapUiButtonEmphasizedDisabledBackgroundColor":"#ffff00",
"sapUiButtonEmphasizedHoverBorderColor":"#000000",
"sapUiButtonEmphasizedHoverBackgroundColor":"#808080",
"sapUiButtonEmphasizedActiveBorderColor":"#000000",
"sapUiButtonEmphasizedActiveBackgroundColor":"#a9a9a9",
"sapUiButtonAcceptBorderColor":"#000000",
"sapUiButtonAcceptBackgroundColor":"#008000",
"sapUiButtonAcceptDisabledBorderColor":"#000000",
"sapUiButtonAcceptDisabledBackgroundColor":"#008000",
"sapUiButtonAcceptHoverBorderColor":"#000000",
"sapUiButtonAcceptHoverBackgroundColor":"#808080",
"sapUiButtonAcceptActiveBorderColor":"#000000",
"sapUiButtonAcceptActiveBackgroundColor":"#a9a9a9",
"sapUiButtonRejectBorderColor":"#000000",
"sapUiButtonRejectBackgroundColor":"#ff0000",
"sapUiButtonRejectDisabledBorderColor":"#000000",
"sapUiButtonRejectDisabledBackgroundColor":"#ff0000",
"sapUiButtonRejectHoverBorderColor":"#000000",
"sapUiButtonRejectHoverBackgroundColor":"#808080",
"sapUiButtonRejectActiveBorderColor":"#000000",
"sapUiButtonRejectActiveBackgroundColor":"#a9a9a9",
"sapUiButtonLiteBackgroundColor":"transparent",
"sapUiToggleButtonPressedDisabledBackgroundColor":"#d8d8e8",
"sapUiToggleButtonPressedBackgroundColor":"#111177",
"sapUiPositiveBG":"#b5e7a8",
"sapUiShadowTint":"#000000",
"sapUiShadow":"5px 5px 10px rgba(0, 0, 0, 0.5)"
}
