{
"sapUiBrand":"#f0ab00",
"sapUiHighlight":"#007dc0",
"sapUiSelected":"#007dc0",
"sapUiActive":"#007dc0",
"sapUiPurple":"#ab218e",
"sapUiOrange":"#f27020",
"sapUiGreen":"#008a3b",
"sapUiBlue":"#007cc0",
"sapUiRed":"#e52929",
"sapUiYellow":"#f0ab00",
"sapUiBase":"#7f7f7f",
"sapUiBaseBG":"#7f7f7f",
"sapUiBaseBorder":"#808080",
"sapUiBaseText":"#000000",
"sapUiBaseLine":"#808080",
"sapUiWhite":"#ffffff",
"sapUiExtraLightBG":"#f2f2f2",
"sapUiLightBG":"#e4e4e4",
"sapUiMediumBG":"#dcdcdc",
"sapUiDarkBG":"#666666",
"sapUiDeepBG":"#2c2c2c",
"sapUiBlackBG":"#000000",
"sapUiHoverBG":"#e5f2f8",
"sapUiMediumAltBG":"#b8c2cc",
"sapUiDarkAltBG":"#606365",
"sapUiButtonStandardBG":"#e2e2e2",
"sapUiButtonEmphasizedBG":"#fdc411",
"sapUiButtonNegativeBG":"#e52929",
"sapUiButtonPositiveBG":"#008a3b",
"sapUiErrorBG":"#fbdfdf",
"sapUiWarningBG":"#fffcb5",
"sapUiReadOnlyBG":"#eaedf0",
"sapUiExtraLightText":"#707070",
"sapUiLightText":"#666666",
"sapUiMediumText":"#444444",
"sapUiDarkText":"#333333",
"sapUiDeepText":"#222222",
"sapUiText":"#000000",
"sapUiTextInverted":"#ffffff",
"sapUiLink":"#00669c",
"sapUiLinkInverted":"#1bb1ff",
"sapUiLinkVisited":"#00669c",
"sapUiLinkActive":"#00669c",
"sapUiLinkHover":"#00669c",
"sapUiNegativeText":"#cc1919",
"sapUiPositiveText":"#007833",
"sapUiExtraLightBorder":"#e5e5e5",
"sapUiLightBorder":"#dddddd",
"sapUiMediumBorder":"#cccccc",
"sapUiDarkBorder":"#bfbfbf",
"sapUiErrorBorder":"#cc1919",
"sapUiWarningBorder":"#d99900",
"sapUiLightLine":"#cccccc",
"sapUiMediumLine":"#999999",
"sapUiEmphasizedLine":"#007dc0",
"sapUiDarkLine":"#333333",
"sapUiTableRowBG":"#ffffff",
"sapUiTableRowAlternatingBG":"#eff7fb",
"sapUiTableRowSelectionBG":"#d1e9f4",
"sapUiTableRowSelectionReadOnlyBG":"#c9e1ed",
"sapUiTableRowHoverBG":"#e5f2f8",
"sapUiListBG":"#f7f7f7",
"sapUiTextColor":"#008000",
"sapUiTextTitleColor":"#008000",
"sapUiTextSelectionColor":"#008000",
"sapUiTextDisabled":"#999999",
"sapUiTextTitle":"#333333",
"sapUiTextSelection":"#ffffff",
"sapUiTextfieldBackground":"#ffffff",
"sapUiLineHeight":"18px",
"sapUiFontFamily":"Arial,Helvetica,sans-serif,Verdana",
"sapUiFontMonospaceFamily":"Lucida Console",
"sapUiFontSize":"12px",
"sapUiFontLargeSize":"13px",
"sapUiFontSmallSize":"11px",
"sapUiFontHeader1Size":"26px",
"sapUiFontHeader2Size":"20px",
"sapUiFontHeader3Size":"18px",
"sapUiFontHeader4Size":"16px",
"sapUiFontHeader5Size":"14px",
"sapUiFontHeader6Size":"13px",
"sapUiButtonBorderColor":"#a2a2a2",
"sapUiButtonBackgroundColor":"#e2e2e2",
"sapUiButtonDisabledBorderColor":"#bebebe",
"sapUiButtonDisabledBackgroundColor":"#e2e2e2",
"sapUiButtonHoverBorderColor":"#004b74",
"sapUiButtonHoverBackgroundColor":"#007dc0",
"sapUiButtonActiveBorderColor":"#333333",
"sapUiButtonActiveBackgroundColor":"#666666",
"sapUiButtonEmphasizedBorderColor":"#8d6b01",
"sapUiButtonEmphasizedBackgroundColor":"#fdc411",
"sapUiButtonEmphasizedDisabledBorderColor":"#8d6b01",
"sapUiButtonEmphasizedDisabledBackgroundColor":"#fdc411",
"sapUiButtonEmphasizedHoverBorderColor":"#5b4501",
"sapUiButtonEmphasizedHoverBackgroundColor":"#fdcd34",
"sapUiButtonEmphasizedActiveBorderColor":"#5b4501",
"sapUiButtonEmphasizedActiveBackgroundColor":"#e8b102",
"sapUiButtonAcceptBorderColor":"#005725",
"sapUiButtonAcceptBackgroundColor":"#008a3b",
"sapUiButtonAcceptDisabledBorderColor":"#005725",
"sapUiButtonAcceptDisabledBackgroundColor":"#008a3b",
"sapUiButtonAcceptHoverBorderColor":"#000000",
"sapUiButtonAcceptHoverBackgroundColor":"#008a3b",
"sapUiButtonAcceptActiveBorderColor":"#000000",
"sapUiButtonAcceptActiveBackgroundColor":"#007130",
"sapUiButtonRejectBorderColor":"#c31818",
"sapUiButtonRejectBackgroundColor":"#e52929",
"sapUiButtonRejectDisabledBorderColor":"#c31818",
"sapUiButtonRejectDisabledBackgroundColor":"#e52929",
"sapUiButtonRejectHoverBorderColor":"#520a0a",
"sapUiButtonRejectHoverBackgroundColor":"#e52929",
"sapUiButtonRejectActiveBorderColor":"#520a0a",
"sapUiButtonRejectActiveBackgroundColor":"#da1a1a",
"sapUiButtonLiteBackgroundColor":"transparent",
"sapUiToggleButtonPressedDisabledBackgroundColor":"#cdd8de",
"sapUiToggleButtonPressedBackgroundColor":"#007dc0",
"sapUiPositiveBG":"#c0ead2",
"sapUiShadowTint":"#000000",
"sapUiShadow":"0px 4px 17px rgba(0, 0, 0, 0.4)",
"sapBrandColor":"#f0ab00",
"sapHighlightColor":"#007dc0",
"sapHighlightTextColor":"#ffffff",
"sapBaseColor":"#dddddd",
"sapBackgroundColor":"#f2f2f2",
"sapBackgroundImage":"url()",
"sapFontFamily":"Arial,Helvetica,sans-serif,Verdana",
"sapTextColor":"#000000",
"sapLinkColor":"#00669c",
"sapTitleColor":"#333333",
"sapUiHighlightText":"#ffffff",
"sapUiPositiveBorder":"#007833",
"sapUiBackgroundImage":"url()",
"sapUiButtonLiteTextColor":"#00669c",
"sapUiToggleButtonHoverBorderColor":"#007dc0",
"sapUiToggleButtonPressedBorderColor":"#004b74",
"sapUiToggleButtonPressedHoverBackgroundColor":"#00669c",
"sapUiToggleButtonPressedHoverBorderColor":"#00669c",
"sapUiUx3ShellBackgroundImageURL":"",
"sapUiUx3ShellHeaderImageURL":"",
"sapUiUx3ShellApplicationImageURL":""
}
