{"!name":"sap.ui.unified","!define":{"sap.ui.unified":{"Calendar":"sap.ui.unified.Calendar_obj","CalendarLegend":"sap.ui.unified.CalendarLegend_obj","CalendarLegendItem":"sap.ui.unified.CalendarLegendItem_obj","ContentSwitcher":"sap.ui.unified.ContentSwitcher_obj","Currency":"sap.ui.unified.Currency_obj","DateRange":"sap.ui.unified.DateRange_obj","DateTypeRange":"sap.ui.unified.DateTypeRange_obj","FileUploader":"sap.ui.unified.FileUploader_obj","FileUploaderParameter":"sap.ui.unified.FileUploaderParameter_obj","Menu":"sap.ui.unified.Menu_obj","MenuItem":"sap.ui.unified.MenuItem_obj","MenuItemBase":"sap.ui.unified.MenuItemBase_obj","MenuTextFieldItem":"sap.ui.unified.MenuTextFieldItem_obj","Shell":"sap.ui.unified.Shell_obj","ShellHeadItem":"sap.ui.unified.ShellHeadItem_obj","ShellHeadUserItem":"sap.ui.unified.ShellHeadUserItem_obj","ShellOverlay":"sap.ui.unified.ShellOverlay_obj","SplitContainer":"sap.ui.unified.SplitContainer_obj","!category":"namespace","!description":"Unified controls intended for both, mobile and desktop scenarios","CalendarDayType":"sap.ui.unified.CalendarDayType","ContentSwitcherAnimation":"sap.ui.unified.ContentSwitcherAnimation"},"sap.ui.unified.Calendar":{"!category":"class","!proto":"sap.ui.core.Control","!description":"Basic Calendar.\nThis calendar ist used for DatePickers","getIntervalSelection":{"!category":"function","!description":"Getter for property <code>intervalSelection</code>.\nIf set, interval selection is allowed\n\nDefault value is <code>false</code>","!type":"fn() -> Boolean"},"setIntervalSelection":{"!category":"function","!description":"Setter for property <code>intervalSelection</code>.\n\nDefault value is <code>false</code>","!type":"fn(bIntervalSelection: Boolean) -> sap.ui.unified.Calendar"},"getSingleSelection":{"!category":"function","!description":"Getter for property <code>singleSelection</code>.\nIf set, only a single date or interval, if intervalSelection is enabled, can be selected\n\nDefault value is <code>true</code>","!type":"fn() -> Boolean"},"setSingleSelection":{"!category":"function","!description":"Setter for property <code>singleSelection</code>.\n\nDefault value is <code>true</code>","!type":"fn(bSingleSelection: Boolean) -> sap.ui.unified.Calendar"},"getSelectedDates":{"!category":"function","!description":"Getter for aggregation <code>selectedDates</code>.<br/>\nDate Ranges for selected dates of the DatePicker","!type":"fn() -> [sap.ui.unified.DateRange]"},"insertSelectedDate":{"!category":"function","!description":"Inserts a selectedDate into the aggregation named <code>selectedDates</code>.","!type":"fn(oSelectedDate: sap.ui.unified.DateRange, iIndex: Number) -> sap.ui.unified.Calendar"},"addSelectedDate":{"!category":"function","!description":"Adds some selectedDate <code>oSelectedDate</code> \nto the aggregation named <code>selectedDates</code>.","!type":"fn(oSelectedDate: sap.ui.unified.DateRange) -> sap.ui.unified.Calendar"},"removeSelectedDate":{"!category":"function","!description":"Removes an selectedDate from the aggregation named <code>selectedDates</code>.","!type":"fn(vSelectedDate: Number | String | sap.ui.unified.DateRange) -> sap.ui.unified.DateRange"},"removeAllSelectedDates":{"!category":"function","!description":"Removes all the controls in the aggregation named <code>selectedDates</code>.<br/>\nAdditionally unregisters them from the hosting UIArea.","!type":"fn() -> [sap.ui.unified.DateRange]"},"indexOfSelectedDate":{"!category":"function","!description":"Checks for the provided <code>sap.ui.unified.DateRange</code> in the aggregation named <code>selectedDates</code> \nand returns its index if found or -1 otherwise.","!type":"fn(oSelectedDate: sap.ui.unified.DateRange) -> Number"},"destroySelectedDates":{"!category":"function","!description":"Destroys all the selectedDates in the aggregation \nnamed <code>selectedDates</code>.","!type":"fn() -> sap.ui.unified.Calendar"},"getSpecialDates":{"!category":"function","!description":"Getter for aggregation <code>specialDates</code>.<br/>\nDate Range with type to visualize special days in the Calendar.\nIf one day is assigned to more than one Type, only the first one will be used.","!type":"fn() -> [sap.ui.unified.DateTypeRange]"},"insertSpecialDate":{"!category":"function","!description":"Inserts a specialDate into the aggregation named <code>specialDates</code>.","!type":"fn(oSpecialDate: sap.ui.unified.DateTypeRange, iIndex: Number) -> sap.ui.unified.Calendar"},"addSpecialDate":{"!category":"function","!description":"Adds some specialDate <code>oSpecialDate</code> \nto the aggregation named <code>specialDates</code>.","!type":"fn(oSpecialDate: sap.ui.unified.DateTypeRange) -> sap.ui.unified.Calendar"},"removeSpecialDate":{"!category":"function","!description":"Removes an specialDate from the aggregation named <code>specialDates</code>.","!type":"fn(vSpecialDate: Number | String | sap.ui.unified.DateTypeRange) -> sap.ui.unified.DateTypeRange"},"removeAllSpecialDates":{"!category":"function","!description":"Removes all the controls in the aggregation named <code>specialDates</code>.<br/>\nAdditionally unregisters them from the hosting UIArea.","!type":"fn() -> [sap.ui.unified.DateTypeRange]"},"indexOfSpecialDate":{"!category":"function","!description":"Checks for the provided <code>sap.ui.unified.DateTypeRange</code> in the aggregation named <code>specialDates</code> \nand returns its index if found or -1 otherwise.","!type":"fn(oSpecialDate: sap.ui.unified.DateTypeRange) -> Number"},"destroySpecialDates":{"!category":"function","!description":"Destroys all the specialDates in the aggregation \nnamed <code>specialDates</code>.","!type":"fn() -> sap.ui.unified.Calendar"},"attachSelect":{"!category":"function","!description":"Attach event handler <code>fnFunction</code> to the 'select' event of this <code>sap.ui.unified.Calendar</code>.<br/>.\nWhen called, the context of the event handler (its <code>this</code>) will be bound to <code>oListener<code> if specified\notherwise to this <code>sap.ui.unified.Calendar</code>.<br/> itself. \n \nDate selection changed","!type":"fn(oData?: Object, fnFunction?: fn(), oListener?: Object) -> sap.ui.unified.Calendar"},"detachSelect":{"!category":"function","!description":"Detach event handler <code>fnFunction</code> from the 'select' event of this <code>sap.ui.unified.Calendar</code>.<br/>\n\nThe passed function and listener object must match the ones used for event registration.","!type":"fn(fnFunction: fn(), oListener: Object) -> sap.ui.unified.Calendar"},"attachCancel":{"!category":"function","!description":"Attach event handler <code>fnFunction</code> to the 'cancel' event of this <code>sap.ui.unified.Calendar</code>.<br/>.\nWhen called, the context of the event handler (its <code>this</code>) will be bound to <code>oListener<code> if specified\notherwise to this <code>sap.ui.unified.Calendar</code>.<br/> itself. \n \nDate selection was cancelled","!type":"fn(oData?: Object, fnFunction?: fn(), oListener?: Object) -> sap.ui.unified.Calendar"},"detachCancel":{"!category":"function","!description":"Detach event handler <code>fnFunction</code> from the 'cancel' event of this <code>sap.ui.unified.Calendar</code>.<br/>\n\nThe passed function and listener object must match the ones used for event registration.","!type":"fn(fnFunction: fn(), oListener: Object) -> sap.ui.unified.Calendar"},"focusDate":{"!category":"function","!description":"Sets the focused date of the calendar.","!type":"fn(oDate: Object)"}},"sap.ui.unified.Calendar_obj":{"prototype":"sap.ui.unified.Calendar","!type":"fn(sId?: String, mSettings?: Object)","extend":{"!category":"function","!description":"Creates a new subclass of class sap.ui.unified.Calendar with name <code>sClassName</code> \nand enriches it with the information contained in <code>oClassInfo</code>.\n\n<code>oClassInfo</code> might contain the same kind of informations as described in {@link sap.ui.core.Element.extend Element.extend}.","!type":"fn(sClassName: String, oClassInfo?: Object, FNMetaImpl?: fn())"}},"sap.ui.unified.CalendarLegend":{"!category":"class","!proto":"sap.ui.core.Control","!description":"A legend for the Calendar Control. Displays special dates colors with their corresponding description. The aggregation specialDates can be set herefor.","getColumnWidth":{"!category":"function","!description":"Getter for property <code>columnWidth</code>.\nWidth of the columns created in which the items are arranged.\n\nDefault value is <code>120px</code>","!type":"fn() -> sap.ui.core.CSSSize"},"setColumnWidth":{"!category":"function","!description":"Setter for property <code>columnWidth</code>.\n\nDefault value is <code>120px</code>","!type":"fn(sColumnWidth: sap.ui.core.CSSSize) -> sap.ui.unified.CalendarLegend"},"getItems":{"!category":"function","!description":"Getter for aggregation <code>items</code>.<br/>\nItems to be displayed.","!type":"fn() -> [sap.ui.unified.CalendarLegendItem]"},"insertItem":{"!category":"function","!description":"Inserts a item into the aggregation named <code>items</code>.","!type":"fn(oItem: sap.ui.unified.CalendarLegendItem, iIndex: Number) -> sap.ui.unified.CalendarLegend"},"addItem":{"!category":"function","!description":"Adds some item <code>oItem</code> \nto the aggregation named <code>items</code>.","!type":"fn(oItem: sap.ui.unified.CalendarLegendItem) -> sap.ui.unified.CalendarLegend"},"removeItem":{"!category":"function","!description":"Removes an item from the aggregation named <code>items</code>.","!type":"fn(vItem: Number | String | sap.ui.unified.CalendarLegendItem) -> sap.ui.unified.CalendarLegendItem"},"removeAllItems":{"!category":"function","!description":"Removes all the controls in the aggregation named <code>items</code>.<br/>\nAdditionally unregisters them from the hosting UIArea.","!type":"fn() -> [sap.ui.unified.CalendarLegendItem]"},"indexOfItem":{"!category":"function","!description":"Checks for the provided <code>sap.ui.unified.CalendarLegendItem</code> in the aggregation named <code>items</code> \nand returns its index if found or -1 otherwise.","!type":"fn(oItem: sap.ui.unified.CalendarLegendItem) -> Number"},"destroyItems":{"!category":"function","!description":"Destroys all the items in the aggregation \nnamed <code>items</code>.","!type":"fn() -> sap.ui.unified.CalendarLegend"}},"sap.ui.unified.CalendarLegend_obj":{"prototype":"sap.ui.unified.CalendarLegend","!type":"fn(sId?: String, mSettings?: Object)","extend":{"!category":"function","!description":"Creates a new subclass of class sap.ui.unified.CalendarLegend with name <code>sClassName</code> \nand enriches it with the information contained in <code>oClassInfo</code>.\n\n<code>oClassInfo</code> might contain the same kind of informations as described in {@link sap.ui.core.Element.extend Element.extend}.","!type":"fn(sClassName: String, oClassInfo?: Object, FNMetaImpl?: fn())"}},"sap.ui.unified.CalendarLegendItem":{"!category":"class","!proto":"sap.ui.core.Element","!description":"Item to be displayed in a CalendarLegend.","getText":{"!category":"function","!description":"Getter for property <code>text</code>.\nText to be displayed for the item.\n\nDefault value is empty/<code>undefined</code>","!type":"fn() -> String"},"setText":{"!category":"function","!description":"Setter for property <code>text</code>.\n\nDefault value is empty/<code>undefined</code>","!type":"fn(sText: String) -> sap.ui.unified.CalendarLegendItem"}},"sap.ui.unified.CalendarLegendItem_obj":{"prototype":"sap.ui.unified.CalendarLegendItem","!type":"fn(sId?: String, mSettings?: Object)","extend":{"!category":"function","!description":"Creates a new subclass of class sap.ui.unified.CalendarLegendItem with name <code>sClassName</code> \nand enriches it with the information contained in <code>oClassInfo</code>.\n\n<code>oClassInfo</code> might contain the same kind of informations as described in {@link sap.ui.core.Element.extend Element.extend}.","!type":"fn(sClassName: String, oClassInfo?: Object, FNMetaImpl?: fn())"}},"sap.ui.unified.ContentSwitcher":{"!category":"class","!proto":"sap.ui.core.Control","!description":"Switches between two control areas and animates it via CSS transitions","getAnimation":{"!category":"function","!description":"Getter for property <code>animation</code>.\nSet the used animation when changing content. This just sets a CSS-class named \"sapUiUnifiedACSwitcherAnimation\" + this value on the root element of the control. The animation has to be implemented in CSS. This also enables applications to implement their own animations via CSS by reacting to the parent class.\nSee the types sap.ui.unified.ContentSwitcherAnimation for default implementations.\n\nDefault value is <code>None</code>","!type":"fn() -> String"},"setAnimation":{"!category":"function","!description":"Setter for property <code>animation</code>.\n\nDefault value is <code>None</code>","!type":"fn(sAnimation: String) -> sap.ui.unified.ContentSwitcher"},"getActiveContent":{"!category":"function","!description":"Getter for property <code>activeContent</code>.\nThe number of the currently active content (1 or 2).\n\nDefault value is <code>1</code>","!type":"fn() -> Number"},"setActiveContent":{"!category":"function","!description":"Setter for property <code>activeContent</code>.\n\nDefault value is <code>1</code>","!type":"fn(iActiveContent: Number) -> sap.ui.unified.ContentSwitcher"},"getContent1":{"!category":"function","!description":"Getter for aggregation <code>content1</code>.<br/>\nThe controls that should be shown in the first content","!type":"fn() -> [sap.ui.core.Control]"},"insertContent1":{"!category":"function","!description":"Inserts a content1 into the aggregation named <code>content1</code>.","!type":"fn(oContent1: sap.ui.core.Control, iIndex: Number) -> sap.ui.unified.ContentSwitcher"},"addContent1":{"!category":"function","!description":"Adds some content1 <code>oContent1</code> \nto the aggregation named <code>content1</code>.","!type":"fn(oContent1: sap.ui.core.Control) -> sap.ui.unified.ContentSwitcher"},"removeContent1":{"!category":"function","!description":"Removes an content1 from the aggregation named <code>content1</code>.","!type":"fn(vContent1: Number | String | sap.ui.core.Control) -> sap.ui.core.Control"},"removeAllContent1":{"!category":"function","!description":"Removes all the controls in the aggregation named <code>content1</code>.<br/>\nAdditionally unregisters them from the hosting UIArea.","!type":"fn() -> [sap.ui.core.Control]"},"indexOfContent1":{"!category":"function","!description":"Checks for the provided <code>sap.ui.core.Control</code> in the aggregation named <code>content1</code> \nand returns its index if found or -1 otherwise.","!type":"fn(oContent1: sap.ui.core.Control) -> Number"},"destroyContent1":{"!category":"function","!description":"Destroys all the content1 in the aggregation \nnamed <code>content1</code>.","!type":"fn() -> sap.ui.unified.ContentSwitcher"},"getContent2":{"!category":"function","!description":"Getter for aggregation <code>content2</code>.<br/>\nThe controls that should be shown in the second content","!type":"fn() -> [sap.ui.core.Control]"},"insertContent2":{"!category":"function","!description":"Inserts a content2 into the aggregation named <code>content2</code>.","!type":"fn(oContent2: sap.ui.core.Control, iIndex: Number) -> sap.ui.unified.ContentSwitcher"},"addContent2":{"!category":"function","!description":"Adds some content2 <code>oContent2</code> \nto the aggregation named <code>content2</code>.","!type":"fn(oContent2: sap.ui.core.Control) -> sap.ui.unified.ContentSwitcher"},"removeContent2":{"!category":"function","!description":"Removes an content2 from the aggregation named <code>content2</code>.","!type":"fn(vContent2: Number | String | sap.ui.core.Control) -> sap.ui.core.Control"},"removeAllContent2":{"!category":"function","!description":"Removes all the controls in the aggregation named <code>content2</code>.<br/>\nAdditionally unregisters them from the hosting UIArea.","!type":"fn() -> [sap.ui.core.Control]"},"indexOfContent2":{"!category":"function","!description":"Checks for the provided <code>sap.ui.core.Control</code> in the aggregation named <code>content2</code> \nand returns its index if found or -1 otherwise.","!type":"fn(oContent2: sap.ui.core.Control) -> Number"},"destroyContent2":{"!category":"function","!description":"Destroys all the content2 in the aggregation \nnamed <code>content2</code>.","!type":"fn() -> sap.ui.unified.ContentSwitcher"},"switchContent":{"!category":"function","!description":"Changes the currently active content to the other one. If content 1 is active, content 2 will\nbe activated and the other way around.","!type":"fn()"}},"sap.ui.unified.ContentSwitcher_obj":{"prototype":"sap.ui.unified.ContentSwitcher","!type":"fn(sId?: String, mSettings?: Object)","extend":{"!category":"function","!description":"Creates a new subclass of class sap.ui.unified.ContentSwitcher with name <code>sClassName</code> \nand enriches it with the information contained in <code>oClassInfo</code>.\n\n<code>oClassInfo</code> might contain the same kind of informations as described in {@link sap.ui.core.Element.extend Element.extend}.","!type":"fn(sClassName: String, oClassInfo?: Object, FNMetaImpl?: fn())"}},"sap.ui.unified.Currency":{"!category":"class","!proto":"sap.ui.core.Control","!description":"A text view which displays currency values and aligns them at the separator","getValue":{"!category":"function","!description":"Getter for property <code>value</code>.\nThe currency value\n\nDefault value is <code>0</code>","!type":"fn() -> Number"},"setValue":{"!category":"function","!description":"Setter for property <code>value</code>.\n\nDefault value is <code>0</code>","!type":"fn(fValue: Number) -> sap.ui.unified.Currency"},"getCurrency":{"!category":"function","!description":"Getter for property <code>currency</code>.\nThe ISO 4217 currency code\n\nDefault value is empty/<code>undefined</code>","!type":"fn() -> String"},"setCurrency":{"!category":"function","!description":"Setter for property <code>currency</code>.\n\nDefault value is empty/<code>undefined</code>","!type":"fn(sCurrency: String) -> sap.ui.unified.Currency"},"getMaxPrecision":{"!category":"function","!description":"Getter for property <code>maxPrecision</code>.\nDefines the space that is available for the precision of the various currencies.\n\nDefault value is <code>3</code>","!type":"fn() -> Number"},"setMaxPrecision":{"!category":"function","!description":"Setter for property <code>maxPrecision</code>.\n\nDefault value is <code>3</code>","!type":"fn(iMaxPrecision: Number) -> sap.ui.unified.Currency"},"getUseSymbol":{"!category":"function","!description":"Getter for property <code>useSymbol</code>.\nShow the currency symbol instead of the ISO currency code\n\nDefault value is <code>true</code>","!type":"fn() -> Boolean"},"setUseSymbol":{"!category":"function","!description":"Setter for property <code>useSymbol</code>.\n\nDefault value is <code>true</code>","!type":"fn(bUseSymbol: Boolean) -> sap.ui.unified.Currency"},"getFormattedValue":{"!category":"function","!description":"The formatted value","!type":"fn()"},"getCurrencySymbol":{"!category":"function","!description":"Get symbol of the currency, if available","!type":"fn()"}},"sap.ui.unified.Currency_obj":{"prototype":"sap.ui.unified.Currency","!type":"fn(sId?: String, mSettings?: Object)","extend":{"!category":"function","!description":"Creates a new subclass of class sap.ui.unified.Currency with name <code>sClassName</code> \nand enriches it with the information contained in <code>oClassInfo</code>.\n\n<code>oClassInfo</code> might contain the same kind of informations as described in {@link sap.ui.core.Element.extend Element.extend}.","!type":"fn(sClassName: String, oClassInfo?: Object, FNMetaImpl?: fn())"}},"sap.ui.unified.DateRange":{"!category":"class","!proto":"sap.ui.core.Element","!description":"Date range for use in DatePicker","getStartDate":{"!category":"function","!description":"Getter for property <code>startDate</code>.\nStart date for a date range. This must be a JavaScript date object.\n\nDefault value is empty/<code>undefined</code>","!type":"fn() -> Object"},"setStartDate":{"!category":"function","!description":"Setter for property <code>startDate</code>.\n\nDefault value is empty/<code>undefined</code>","!type":"fn(oStartDate: Object) -> sap.ui.unified.DateRange"},"getEndDate":{"!category":"function","!description":"Getter for property <code>endDate</code>.\nStart date for a date range. If empty only a single date is presented by this DateRange element. This must be a JavaScript date object.\n\nDefault value is empty/<code>undefined</code>","!type":"fn() -> Object"},"setEndDate":{"!category":"function","!description":"Setter for property <code>endDate</code>.\n\nDefault value is empty/<code>undefined</code>","!type":"fn(oEndDate: Object) -> sap.ui.unified.DateRange"}},"sap.ui.unified.DateRange_obj":{"prototype":"sap.ui.unified.DateRange","!type":"fn(sId?: String, mSettings?: Object)","extend":{"!category":"function","!description":"Creates a new subclass of class sap.ui.unified.DateRange with name <code>sClassName</code> \nand enriches it with the information contained in <code>oClassInfo</code>.\n\n<code>oClassInfo</code> might contain the same kind of informations as described in {@link sap.ui.core.Element.extend Element.extend}.","!type":"fn(sClassName: String, oClassInfo?: Object, FNMetaImpl?: fn())"}},"sap.ui.unified.DateTypeRange":{"!category":"class","!proto":"sap.ui.unified.DateRange","!description":"Date range with calendar day type information. Used to visualize special days in the Calendar.","getType":{"!category":"function","!description":"Getter for property <code>type</code>.\nType of the dayte range.\n\nDefault value is empty/<code>undefined</code>","!type":"fn() -> sap.ui.unified.CalendarDayType"},"setType":{"!category":"function","!description":"Setter for property <code>type</code>.\n\nDefault value is empty/<code>undefined</code>","!type":"fn(oType: sap.ui.unified.CalendarDayType) -> sap.ui.unified.DateTypeRange"}},"sap.ui.unified.DateTypeRange_obj":{"prototype":"sap.ui.unified.DateTypeRange","!type":"fn(sId?: String, mSettings?: Object)","extend":{"!category":"function","!description":"Creates a new subclass of class sap.ui.unified.DateTypeRange with name <code>sClassName</code> \nand enriches it with the information contained in <code>oClassInfo</code>.\n\n<code>oClassInfo</code> might contain the same kind of informations as described in {@link sap.ui.core.Element.extend Element.extend}.","!type":"fn(sClassName: String, oClassInfo?: Object, FNMetaImpl?: fn())"}},"sap.ui.unified.FileUploader":{"!category":"class","!proto":"sap.ui.core.Control","!description":"The framework generates an input field and a button with text \"Browse ...\". The API supports features such as on change uploads (the upload starts immediately after a file has been selected), file uploads with explicit calls, adjustable control sizes, text display after uploads, or tooltips containing complete file paths.","getValue":{"!category":"function","!description":"Getter for property <code>value</code>.\nValue of the path for file upload.\n\nDefault value is <code>''</code>","!type":"fn() -> String"},"setValue":{"!category":"function","!description":"Setter for property <code>value</code>.\n\nDefault value is <code>''</code>","!type":"fn(sValue: String) -> sap.ui.unified.FileUploader"},"getEnabled":{"!category":"function","!description":"Getter for property <code>enabled</code>.\nDisabled controls have different colors, depending on customer settings.\n\nDefault value is <code>true</code>","!type":"fn() -> Boolean"},"setEnabled":{"!category":"function","!description":"Setter for property <code>enabled</code>.\n\nDefault value is <code>true</code>","!type":"fn(bEnabled: Boolean) -> sap.ui.unified.FileUploader"},"getVisible":{"!category":"function","!description":"Getter for property <code>visible</code>.\nInvisible controls are not rendered.\n\nDefault value is <code>true</code>","!type":"fn() -> Boolean"},"setVisible":{"!category":"function","!description":"Setter for property <code>visible</code>.\n\nDefault value is <code>true</code>","!type":"fn(bVisible: Boolean) -> sap.ui.unified.FileUploader"},"getUploadUrl":{"!category":"function","!description":"Getter for property <code>uploadUrl</code>.\nUsed when URL address is on a remote server.\n\nDefault value is <code>''</code>","!type":"fn() -> sap.ui.core.URI"},"setUploadUrl":{"!category":"function","!description":"Setter for property <code>uploadUrl</code>.\n\nDefault value is <code>''</code>","!type":"fn(sUploadUrl: sap.ui.core.URI) -> sap.ui.unified.FileUploader"},"getName":{"!category":"function","!description":"Getter for property <code>name</code>.\nUnique control name for identification on the server side after sending data to the server.\n\nDefault value is empty/<code>undefined</code>","!type":"fn() -> String"},"setName":{"!category":"function","!description":"Setter for property <code>name</code>.\n\nDefault value is empty/<code>undefined</code>","!type":"fn(sName: String) -> sap.ui.unified.FileUploader"},"getWidth":{"!category":"function","!description":"Getter for property <code>width</code>.\nSpecifies the displayed control width.\n\nDefault value is <code>''</code>","!type":"fn() -> sap.ui.core.CSSSize"},"setWidth":{"!category":"function","!description":"Setter for property <code>width</code>.\n\nDefault value is <code>''</code>","!type":"fn(sWidth: sap.ui.core.CSSSize) -> sap.ui.unified.FileUploader"},"getUploadOnChange":{"!category":"function","!description":"Getter for property <code>uploadOnChange</code>.\nIf set to \"true\", the upload immediately starts after file selection. With the default setting, the upload needs to be explicitly triggered.\n\nDefault value is <code>false</code>","!type":"fn() -> Boolean"},"setUploadOnChange":{"!category":"function","!description":"Setter for property <code>uploadOnChange</code>.\n\nDefault value is <code>false</code>","!type":"fn(bUploadOnChange: Boolean) -> sap.ui.unified.FileUploader"},"getAdditionalData":{"!category":"function","!description":"Getter for property <code>additionalData</code>.\nAdditional data that is sent to the back end service. Data will be transmitted as value of a hidden input where the name is derived from the name property with suffix -data.\n\nDefault value is empty/<code>undefined</code>","!type":"fn() -> String"},"setAdditionalData":{"!category":"function","!description":"Setter for property <code>additionalData</code>.\n\nDefault value is empty/<code>undefined</code>","!type":"fn(sAdditionalData: String) -> sap.ui.unified.FileUploader"},"getSameFilenameAllowed":{"!category":"function","!description":"Getter for property <code>sameFilenameAllowed</code>.\nIf the FileUploader is configured to upload the file directly after the file is selected it is not allowed to upload a file with the same name again. If a user should be allowed to upload a file with the same name again this parameter has to be \"true\". A typical use case would be if the files have different paths.\n\nDefault value is <code>false</code>","!type":"fn() -> Boolean"},"setSameFilenameAllowed":{"!category":"function","!description":"Setter for property <code>sameFilenameAllowed</code>.\n\nDefault value is <code>false</code>","!type":"fn(bSameFilenameAllowed: Boolean) -> sap.ui.unified.FileUploader"},"getButtonText":{"!category":"function","!description":"Getter for property <code>buttonText</code>.\nThe Button text can be overwritten using this property.\n\nDefault value is empty/<code>undefined</code>","!type":"fn() -> String"},"setButtonText":{"!category":"function","!description":"Setter for property <code>buttonText</code>.\n\nDefault value is empty/<code>undefined</code>","!type":"fn(sButtonText: String) -> sap.ui.unified.FileUploader"},"getFileType":{"!category":"function","!description":"Getter for property <code>fileType</code>.\nThe chosen files will be checked against an array of file types. If at least one file does not fit the file type restriction the upload is prevented.\nExample: [\"jpg\", \"png\", \"bmp\"].\n\nDefault value is empty/<code>undefined</code>","!type":"fn() -> [String]"},"setFileType":{"!category":"function","!description":"Setter for property <code>fileType</code>.\n\nDefault value is empty/<code>undefined</code>","!type":"fn(aFileType: [String]) -> sap.ui.unified.FileUploader"},"getMultiple":{"!category":"function","!description":"Getter for property <code>multiple</code>.\nAllows multiple files to be chosen and uploaded from the same folder. This property is not supported by Internet Explorer 8 and 9.\n\nDefault value is <code>false</code>","!type":"fn() -> Boolean"},"setMultiple":{"!category":"function","!description":"Setter for property <code>multiple</code>.\n\nDefault value is <code>false</code>","!type":"fn(bMultiple: Boolean) -> sap.ui.unified.FileUploader"},"getMaximumFileSize":{"!category":"function","!description":"Getter for property <code>maximumFileSize</code>.\nA file size limit in megabytes which prevents the upload if at least one file exceeds it. This property is not supported by Internet Explorer 8 and 9.\n\nDefault value is empty/<code>undefined</code>","!type":"fn() -> Number"},"setMaximumFileSize":{"!category":"function","!description":"Setter for property <code>maximumFileSize</code>.\n\nDefault value is empty/<code>undefined</code>","!type":"fn(fMaximumFileSize: Number) -> sap.ui.unified.FileUploader"},"getMimeType":{"!category":"function","!description":"Getter for property <code>mimeType</code>.\nThe chosen files will be checked against an array of mime types. If at least one file does not fit the mime type restriction the upload is prevented. This property is not supported by Internet Explorer 8 and 9.\nExample: mimeType [\"image/png\", \"image/jpeg\"].\n\nDefault value is empty/<code>undefined</code>","!type":"fn() -> [String]"},"setMimeType":{"!category":"function","!description":"Setter for property <code>mimeType</code>.\n\nDefault value is empty/<code>undefined</code>","!type":"fn(aMimeType: [String]) -> sap.ui.unified.FileUploader"},"getSendXHR":{"!category":"function","!description":"Getter for property <code>sendXHR</code>.\nIf set to \"true\", the request will be sent as XHR request instead of a form submit. This property is not supported by Internet Explorer 8 and 9.\n\nDefault value is <code>false</code>","!type":"fn() -> Boolean"},"setSendXHR":{"!category":"function","!description":"Setter for property <code>sendXHR</code>.\n\nDefault value is <code>false</code>","!type":"fn(bSendXHR: Boolean) -> sap.ui.unified.FileUploader"},"getPlaceholder":{"!category":"function","!description":"Getter for property <code>placeholder</code>.\nPlaceholder for the text field.\n\nDefault value is empty/<code>undefined</code>","!type":"fn() -> String"},"setPlaceholder":{"!category":"function","!description":"Setter for property <code>placeholder</code>.\n\nDefault value is empty/<code>undefined</code>","!type":"fn(sPlaceholder: String) -> sap.ui.unified.FileUploader"},"getStyle":{"!category":"function","!description":"Getter for property <code>style</code>.\nStyle of the button. \"Transparent, \"Accept\", \"Reject\", or \"Emphasized\" is allowed.\n\nDefault value is empty/<code>undefined</code>","!type":"fn() -> String"},"setStyle":{"!category":"function","!description":"Setter for property <code>style</code>.\n\nDefault value is empty/<code>undefined</code>","!type":"fn(sStyle: String) -> sap.ui.unified.FileUploader"},"getButtonOnly":{"!category":"function","!description":"Getter for property <code>buttonOnly</code>.\nIf set to \"true\", the FileUploader will be rendered as Button only, without showing the InputField.\n\nDefault value is <code>false</code>","!type":"fn() -> Boolean"},"setButtonOnly":{"!category":"function","!description":"Setter for property <code>buttonOnly</code>.\n\nDefault value is <code>false</code>","!type":"fn(bButtonOnly: Boolean) -> sap.ui.unified.FileUploader"},"getUseMultipart":{"!category":"function","!description":"Getter for property <code>useMultipart</code>.\nIf set to \"false\", the request will be sent as file only request instead of a multipart/form-data request. Only one file could be uploaded using this type of request. Required for sending such a request is to set the property \"sendXHR\" to \"true\". This property is not supported by Internet Explorer 8 and 9.\n\nDefault value is <code>true</code>","!type":"fn() -> Boolean"},"setUseMultipart":{"!category":"function","!description":"Setter for property <code>useMultipart</code>.\n\nDefault value is <code>true</code>","!type":"fn(bUseMultipart: Boolean) -> sap.ui.unified.FileUploader"},"getMaximumFilenameLength":{"!category":"function","!description":"Getter for property <code>maximumFilenameLength</code>.\nThe maximum length of a filename which the FileUploader will accept. If the maximum filename length is exceeded, the corresponding Event 'filenameLengthExceed' is fired.\n\nDefault value is empty/<code>undefined</code>","!type":"fn() -> Number"},"setMaximumFilenameLength":{"!category":"function","!description":"Setter for property <code>maximumFilenameLength</code>.\n\nDefault value is empty/<code>undefined</code>","!type":"fn(iMaximumFilenameLength: Number) -> sap.ui.unified.FileUploader"},"getValueState":{"!category":"function","!description":"Getter for property <code>valueState</code>.\nVisualizes warnings or errors related to the text field. Possible values: Warning, Error, Success, None.\n\nDefault value is <code>None</code>","!type":"fn() -> sap.ui.core.ValueState"},"setValueState":{"!category":"function","!description":"Setter for property <code>valueState</code>.\n\nDefault value is <code>None</code>","!type":"fn(oValueState: sap.ui.core.ValueState) -> sap.ui.unified.FileUploader"},"getParameters":{"!category":"function","!description":"Getter for aggregation <code>parameters</code>.<br/>\nThe parameters for the FileUploader which are rendered as a hidden inputfield.","!type":"fn() -> [sap.ui.unified.FileUploaderParameter]"},"insertParameter":{"!category":"function","!description":"Inserts a parameter into the aggregation named <code>parameters</code>.","!type":"fn(oParameter: sap.ui.unified.FileUploaderParameter, iIndex: Number) -> sap.ui.unified.FileUploader"},"addParameter":{"!category":"function","!description":"Adds some parameter <code>oParameter</code> \nto the aggregation named <code>parameters</code>.","!type":"fn(oParameter: sap.ui.unified.FileUploaderParameter) -> sap.ui.unified.FileUploader"},"removeParameter":{"!category":"function","!description":"Removes an parameter from the aggregation named <code>parameters</code>.","!type":"fn(vParameter: Number | String | sap.ui.unified.FileUploaderParameter) -> sap.ui.unified.FileUploaderParameter"},"removeAllParameters":{"!category":"function","!description":"Removes all the controls in the aggregation named <code>parameters</code>.<br/>\nAdditionally unregisters them from the hosting UIArea.","!type":"fn() -> [sap.ui.unified.FileUploaderParameter]"},"indexOfParameter":{"!category":"function","!description":"Checks for the provided <code>sap.ui.unified.FileUploaderParameter</code> in the aggregation named <code>parameters</code> \nand returns its index if found or -1 otherwise.","!type":"fn(oParameter: sap.ui.unified.FileUploaderParameter) -> Number"},"destroyParameters":{"!category":"function","!description":"Destroys all the parameters in the aggregation \nnamed <code>parameters</code>.","!type":"fn() -> sap.ui.unified.FileUploader"},"getHeaderParameters":{"!category":"function","!description":"Getter for aggregation <code>headerParameters</code>.<br/>\nThe header parameters for the FileUploader which are only submitted with XHR requests. Header parameters are not supported by Internet Explorer 8 and 9.","!type":"fn() -> [sap.ui.unified.FileUploaderParameter]"},"insertHeaderParameter":{"!category":"function","!description":"Inserts a headerParameter into the aggregation named <code>headerParameters</code>.","!type":"fn(oHeaderParameter: sap.ui.unified.FileUploaderParameter, iIndex: Number) -> sap.ui.unified.FileUploader"},"addHeaderParameter":{"!category":"function","!description":"Adds some headerParameter <code>oHeaderParameter</code> \nto the aggregation named <code>headerParameters</code>.","!type":"fn(oHeaderParameter: sap.ui.unified.FileUploaderParameter) -> sap.ui.unified.FileUploader"},"removeHeaderParameter":{"!category":"function","!description":"Removes an headerParameter from the aggregation named <code>headerParameters</code>.","!type":"fn(vHeaderParameter: Number | String | sap.ui.unified.FileUploaderParameter) -> sap.ui.unified.FileUploaderParameter"},"removeAllHeaderParameters":{"!category":"function","!description":"Removes all the controls in the aggregation named <code>headerParameters</code>.<br/>\nAdditionally unregisters them from the hosting UIArea.","!type":"fn() -> [sap.ui.unified.FileUploaderParameter]"},"indexOfHeaderParameter":{"!category":"function","!description":"Checks for the provided <code>sap.ui.unified.FileUploaderParameter</code> in the aggregation named <code>headerParameters</code> \nand returns its index if found or -1 otherwise.","!type":"fn(oHeaderParameter: sap.ui.unified.FileUploaderParameter) -> Number"},"destroyHeaderParameters":{"!category":"function","!description":"Destroys all the headerParameters in the aggregation \nnamed <code>headerParameters</code>.","!type":"fn() -> sap.ui.unified.FileUploader"},"attachChange":{"!category":"function","!description":"Attach event handler <code>fnFunction</code> to the 'change' event of this <code>sap.ui.unified.FileUploader</code>.<br/>.\nWhen called, the context of the event handler (its <code>this</code>) will be bound to <code>oListener<code> if specified\notherwise to this <code>sap.ui.unified.FileUploader</code>.<br/> itself. \n \nEvent is fired when the value of the file path has been changed.","!type":"fn(oData?: Object, fnFunction?: fn(), oListener?: Object) -> sap.ui.unified.FileUploader"},"detachChange":{"!category":"function","!description":"Detach event handler <code>fnFunction</code> from the 'change' event of this <code>sap.ui.unified.FileUploader</code>.<br/>\n\nThe passed function and listener object must match the ones used for event registration.","!type":"fn(fnFunction: fn(), oListener: Object) -> sap.ui.unified.FileUploader"},"attachUploadComplete":{"!category":"function","!description":"Attach event handler <code>fnFunction</code> to the 'uploadComplete' event of this <code>sap.ui.unified.FileUploader</code>.<br/>.\nWhen called, the context of the event handler (its <code>this</code>) will be bound to <code>oListener<code> if specified\notherwise to this <code>sap.ui.unified.FileUploader</code>.<br/> itself. \n \nEvent is fired as soon as the upload request is completed (either successful or unsuccessful). To see if the upload request was successful, check the 'state' parameter for a value 2xx.\nThe uploads actual progress can be retrieved via the 'uploadProgress' Event.\nHowever this covers only the client side of the Upload process and does not give any success status from the server.","!type":"fn(oData?: Object, fnFunction?: fn(), oListener?: Object) -> sap.ui.unified.FileUploader"},"detachUploadComplete":{"!category":"function","!description":"Detach event handler <code>fnFunction</code> from the 'uploadComplete' event of this <code>sap.ui.unified.FileUploader</code>.<br/>\n\nThe passed function and listener object must match the ones used for event registration.","!type":"fn(fnFunction: fn(), oListener: Object) -> sap.ui.unified.FileUploader"},"attachTypeMissmatch":{"!category":"function","!description":"Attach event handler <code>fnFunction</code> to the 'typeMissmatch' event of this <code>sap.ui.unified.FileUploader</code>.<br/>.\nWhen called, the context of the event handler (its <code>this</code>) will be bound to <code>oListener<code> if specified\notherwise to this <code>sap.ui.unified.FileUploader</code>.<br/> itself. \n \nEvent is fired when the type of a file does not match the mimeType or fileType property.","!type":"fn(oData?: Object, fnFunction?: fn(), oListener?: Object) -> sap.ui.unified.FileUploader"},"detachTypeMissmatch":{"!category":"function","!description":"Detach event handler <code>fnFunction</code> from the 'typeMissmatch' event of this <code>sap.ui.unified.FileUploader</code>.<br/>\n\nThe passed function and listener object must match the ones used for event registration.","!type":"fn(fnFunction: fn(), oListener: Object) -> sap.ui.unified.FileUploader"},"attachFileSizeExceed":{"!category":"function","!description":"Attach event handler <code>fnFunction</code> to the 'fileSizeExceed' event of this <code>sap.ui.unified.FileUploader</code>.<br/>.\nWhen called, the context of the event handler (its <code>this</code>) will be bound to <code>oListener<code> if specified\notherwise to this <code>sap.ui.unified.FileUploader</code>.<br/> itself. \n \nEvent is fired when the size of a file is above the maximumFileSize property. This event is not supported by Internet Explorer 8 and 9 (same restriction as for the property maximumFileSize).","!type":"fn(oData?: Object, fnFunction?: fn(), oListener?: Object) -> sap.ui.unified.FileUploader"},"detachFileSizeExceed":{"!category":"function","!description":"Detach event handler <code>fnFunction</code> from the 'fileSizeExceed' event of this <code>sap.ui.unified.FileUploader</code>.<br/>\n\nThe passed function and listener object must match the ones used for event registration.","!type":"fn(fnFunction: fn(), oListener: Object) -> sap.ui.unified.FileUploader"},"attachFileAllowed":{"!category":"function","!description":"Attach event handler <code>fnFunction</code> to the 'fileAllowed' event of this <code>sap.ui.unified.FileUploader</code>.<br/>.\nWhen called, the context of the event handler (its <code>this</code>) will be bound to <code>oListener<code> if specified\notherwise to this <code>sap.ui.unified.FileUploader</code>.<br/> itself. \n \nEvent is fired when the file is allowed for upload on client side.","!type":"fn(oData?: Object, fnFunction?: fn(), oListener?: Object) -> sap.ui.unified.FileUploader"},"detachFileAllowed":{"!category":"function","!description":"Detach event handler <code>fnFunction</code> from the 'fileAllowed' event of this <code>sap.ui.unified.FileUploader</code>.<br/>\n\nThe passed function and listener object must match the ones used for event registration.","!type":"fn(fnFunction: fn(), oListener: Object) -> sap.ui.unified.FileUploader"},"attachUploadProgress":{"!category":"function","!description":"Attach event handler <code>fnFunction</code> to the 'uploadProgress' event of this <code>sap.ui.unified.FileUploader</code>.<br/>.\nWhen called, the context of the event handler (its <code>this</code>) will be bound to <code>oListener<code> if specified\notherwise to this <code>sap.ui.unified.FileUploader</code>.<br/> itself. \n \nEvent is fired after the upload has started and before the upload is completed and contains progress information related to the running upload. Depending on file size, band width and used browser the event is fired once or multiple times.\nThis is event is only supported with property sendXHR set to true, i.e. the event is not supported in Internet Explorer 8 or 9.","!type":"fn(oData?: Object, fnFunction?: fn(), oListener?: Object) -> sap.ui.unified.FileUploader"},"detachUploadProgress":{"!category":"function","!description":"Detach event handler <code>fnFunction</code> from the 'uploadProgress' event of this <code>sap.ui.unified.FileUploader</code>.<br/>\n\nThe passed function and listener object must match the ones used for event registration.","!type":"fn(fnFunction: fn(), oListener: Object) -> sap.ui.unified.FileUploader"},"attachUploadAborted":{"!category":"function","!description":"Attach event handler <code>fnFunction</code> to the 'uploadAborted' event of this <code>sap.ui.unified.FileUploader</code>.<br/>.\nWhen called, the context of the event handler (its <code>this</code>) will be bound to <code>oListener<code> if specified\notherwise to this <code>sap.ui.unified.FileUploader</code>.<br/> itself. \n \nEvent is fired after the current upload has been aborted.\nThis is event is only supported with property sendXHR set to true, i.e. the event is not supported in Internet Explorer 8 or 9.","!type":"fn(oData?: Object, fnFunction?: fn(), oListener?: Object) -> sap.ui.unified.FileUploader"},"detachUploadAborted":{"!category":"function","!description":"Detach event handler <code>fnFunction</code> from the 'uploadAborted' event of this <code>sap.ui.unified.FileUploader</code>.<br/>\n\nThe passed function and listener object must match the ones used for event registration.","!type":"fn(fnFunction: fn(), oListener: Object) -> sap.ui.unified.FileUploader"},"attachFilenameLengthExceed":{"!category":"function","!description":"Attach event handler <code>fnFunction</code> to the 'filenameLengthExceed' event of this <code>sap.ui.unified.FileUploader</code>.<br/>.\nWhen called, the context of the event handler (its <code>this</code>) will be bound to <code>oListener<code> if specified\notherwise to this <code>sap.ui.unified.FileUploader</code>.<br/> itself. \n \nEvent is fired, if the filename of a chosen file is longer than the value specified with the maximumFilenameLength property.","!type":"fn(oData?: Object, fnFunction?: fn(), oListener?: Object) -> sap.ui.unified.FileUploader"},"detachFilenameLengthExceed":{"!category":"function","!description":"Detach event handler <code>fnFunction</code> from the 'filenameLengthExceed' event of this <code>sap.ui.unified.FileUploader</code>.<br/>\n\nThe passed function and listener object must match the ones used for event registration.","!type":"fn(fnFunction: fn(), oListener: Object) -> sap.ui.unified.FileUploader"},"upload":{"!category":"function","!description":"Starts the upload (as defined by uploadUrl)","!type":"fn()"},"abort":{"!category":"function","!description":"Aborts the currently running Upload.","!type":"fn()"},"clear":{"!category":"function","!description":"Clears the content of the FileUploader. The attached additional data however is retained.","!type":"fn()"}},"sap.ui.unified.FileUploader_obj":{"prototype":"sap.ui.unified.FileUploader","!type":"fn(sId?: String, mSettings?: Object)","extend":{"!category":"function","!description":"Creates a new subclass of class sap.ui.unified.FileUploader with name <code>sClassName</code> \nand enriches it with the information contained in <code>oClassInfo</code>.\n\n<code>oClassInfo</code> might contain the same kind of informations as described in {@link sap.ui.core.Element.extend Element.extend}.","!type":"fn(sClassName: String, oClassInfo?: Object, FNMetaImpl?: fn())"}},"sap.ui.unified.FileUploaderParameter":{"!category":"class","!proto":"sap.ui.core.Element","!description":"Represents a parameter for the FileUploader which is rendered as a hidden inputfield.","getName":{"!category":"function","!description":"Getter for property <code>name</code>.\nThe name of the hidden inputfield.\n\nDefault value is empty/<code>undefined</code>","!type":"fn() -> String"},"setName":{"!category":"function","!description":"Setter for property <code>name</code>.\n\nDefault value is empty/<code>undefined</code>","!type":"fn(sName: String) -> sap.ui.unified.FileUploaderParameter"},"getValue":{"!category":"function","!description":"Getter for property <code>value</code>.\nThe value of the hidden inputfield.\n\nDefault value is empty/<code>undefined</code>","!type":"fn() -> String"},"setValue":{"!category":"function","!description":"Setter for property <code>value</code>.\n\nDefault value is empty/<code>undefined</code>","!type":"fn(sValue: String) -> sap.ui.unified.FileUploaderParameter"}},"sap.ui.unified.FileUploaderParameter_obj":{"prototype":"sap.ui.unified.FileUploaderParameter","!type":"fn(sId?: String, mSettings?: Object)","extend":{"!category":"function","!description":"Creates a new subclass of class sap.ui.unified.FileUploaderParameter with name <code>sClassName</code> \nand enriches it with the information contained in <code>oClassInfo</code>.\n\n<code>oClassInfo</code> might contain the same kind of informations as described in {@link sap.ui.core.Element.extend Element.extend}.","!type":"fn(sClassName: String, oClassInfo?: Object, FNMetaImpl?: fn())"}},"sap.ui.unified.Menu":{"!category":"class","!proto":"sap.ui.core.Control","!description":"A container for menu items. When the space in the browser is not large enough to display all defined items, a scroll bar is provided.","getEnabled":{"!category":"function","!description":"Getter for property <code>enabled</code>.\n\nDisabled menus have other colors than enabled ones, depending on customer settings.\n\nDefault value is <code>true</code>","!type":"fn() -> Boolean"},"setEnabled":{"!category":"function","!description":"Setter for property <code>enabled</code>.\n\nDefault value is <code>true</code>","!type":"fn(bEnabled: Boolean) -> sap.ui.unified.Menu"},"getAriaDescription":{"!category":"function","!description":"Getter for property <code>ariaDescription</code>.\n\nThe label/description provided for screen readers\n\nDefault value is empty/<code>undefined</code>","!type":"fn() -> String"},"setAriaDescription":{"!category":"function","!description":"Setter for property <code>ariaDescription</code>.\n\nDefault value is empty/<code>undefined</code>","!type":"fn(sAriaDescription: String) -> sap.ui.unified.Menu"},"getMaxVisibleItems":{"!category":"function","!description":"Getter for property <code>maxVisibleItems</code>.\n\nMax. number of items to be displayed before an overflow mechanimn appears. Values smaller than 1 mean infinite number of visible items.\nThe menu can not become larger than the screen height.\n\nDefault value is <code>0</code>","!type":"fn() -> Number"},"setMaxVisibleItems":{"!category":"function","!description":"Setter for property <code>maxVisibleItems</code>.\n\nDefault value is <code>0</code>","!type":"fn(iMaxVisibleItems: Number) -> sap.ui.unified.Menu"},"getItems":{"!category":"function","!description":"Getter for aggregation <code>items</code>.<br/>\nAggregation of menu items\n\n<strong>Note</strong>: this is the default aggregation for Menu.","!type":"fn() -> [sap.ui.unified.MenuItemBase]"},"insertItem":{"!category":"function","!description":"Inserts a item into the aggregation named <code>items</code>.","!type":"fn(oItem: sap.ui.unified.MenuItemBase, iIndex: Number) -> sap.ui.unified.Menu"},"addItem":{"!category":"function","!description":"Adds some item <code>oItem</code> \nto the aggregation named <code>items</code>.","!type":"fn(oItem: sap.ui.unified.MenuItemBase) -> sap.ui.unified.Menu"},"removeItem":{"!category":"function","!description":"Removes an item from the aggregation named <code>items</code>.","!type":"fn(vItem: Number | String | sap.ui.unified.MenuItemBase) -> sap.ui.unified.MenuItemBase"},"removeAllItems":{"!category":"function","!description":"Removes all the controls in the aggregation named <code>items</code>.<br/>\nAdditionally unregisters them from the hosting UIArea.","!type":"fn() -> [sap.ui.unified.MenuItemBase]"},"indexOfItem":{"!category":"function","!description":"Checks for the provided <code>sap.ui.unified.MenuItemBase</code> in the aggregation named <code>items</code> \nand returns its index if found or -1 otherwise.","!type":"fn(oItem: sap.ui.unified.MenuItemBase) -> Number"},"destroyItems":{"!category":"function","!description":"Destroys all the items in the aggregation \nnamed <code>items</code>.","!type":"fn() -> sap.ui.unified.Menu"},"attachItemSelect":{"!category":"function","!description":"Attach event handler <code>fnFunction</code> to the 'itemSelect' event of this <code>sap.ui.unified.Menu</code>.<br/>.\nWhen called, the context of the event handler (its <code>this</code>) will be bound to <code>oListener<code> if specified\notherwise to this <code>sap.ui.unified.Menu</code>.<br/> itself. \n \n\nProvides the application an alternative option to listen to select events. This event is only fired on the root menu of a menu hierarchy.\nNote that there is also a select event available for MenuItem; if the current event is used, the select event of a MenuItem becomes redundant.","!type":"fn(oData?: Object, fnFunction?: fn(), oListener?: Object) -> sap.ui.unified.Menu"},"detachItemSelect":{"!category":"function","!description":"Detach event handler <code>fnFunction</code> from the 'itemSelect' event of this <code>sap.ui.unified.Menu</code>.<br/>\n\nThe passed function and listener object must match the ones used for event registration.","!type":"fn(fnFunction: fn(), oListener: Object) -> sap.ui.unified.Menu"},"open":{"!category":"function","!description":"Opens the menu","!type":"fn(bWithKeyboard: Boolean, oOpenerRef: Object, sMy: sap.ui.core.Dock, sAt: sap.ui.core.Dock, oOf: Object, sOffset: String, sCollision: sap.ui.core.Collision)"},"close":{"!category":"function","!description":"Closes the menu","!type":"fn()"}},"sap.ui.unified.Menu_obj":{"prototype":"sap.ui.unified.Menu","!type":"fn(sId?: String, mSettings?: Object)","extend":{"!category":"function","!description":"Creates a new subclass of class sap.ui.unified.Menu with name <code>sClassName</code> \nand enriches it with the information contained in <code>oClassInfo</code>.\n\n<code>oClassInfo</code> might contain the same kind of informations as described in {@link sap.ui.core.Element.extend Element.extend}.","!type":"fn(sClassName: String, oClassInfo?: Object, FNMetaImpl?: fn())"}},"sap.ui.unified.MenuItem":{"!category":"class","!proto":"sap.ui.unified.MenuItemBase","!description":"Smallest unit in the menu hierarchy. An item can be a direct part of a menu bar, of a menu, or of a sub menu.","getText":{"!category":"function","!description":"Getter for property <code>text</code>.\n\nItem text\n\nDefault value is <code>''</code>","!type":"fn() -> String"},"setText":{"!category":"function","!description":"Setter for property <code>text</code>.\n\nDefault value is <code>''</code>","!type":"fn(sText: String) -> sap.ui.unified.MenuItem"},"getIcon":{"!category":"function","!description":"Getter for property <code>icon</code>.\n\nIcon to be displayed\n\nDefault value is <code>''</code>","!type":"fn() -> sap.ui.core.URI"},"setIcon":{"!category":"function","!description":"Setter for property <code>icon</code>.\n\nDefault value is <code>''</code>","!type":"fn(sIcon: sap.ui.core.URI) -> sap.ui.unified.MenuItem"}},"sap.ui.unified.MenuItem_obj":{"prototype":"sap.ui.unified.MenuItem","!type":"fn(sId?: String, mSettings?: Object)","extend":{"!category":"function","!description":"Creates a new subclass of class sap.ui.unified.MenuItem with name <code>sClassName</code> \nand enriches it with the information contained in <code>oClassInfo</code>.\n\n<code>oClassInfo</code> might contain the same kind of informations as described in {@link sap.ui.core.Element.extend Element.extend}.","!type":"fn(sClassName: String, oClassInfo?: Object, FNMetaImpl?: fn())"}},"sap.ui.unified.MenuItemBase":{"!category":"class","!proto":"sap.ui.core.Element","!description":"Provides the standard properties for menu items.","getEnabled":{"!category":"function","!description":"Getter for property <code>enabled</code>.\n\nDisabled items have different colors, depending on customer settings.\n\nDefault value is <code>true</code>","!type":"fn() -> Boolean"},"setEnabled":{"!category":"function","!description":"Setter for property <code>enabled</code>.\n\nDefault value is <code>true</code>","!type":"fn(bEnabled: Boolean) -> sap.ui.unified.MenuItemBase"},"getVisible":{"!category":"function","!description":"Getter for property <code>visible</code>.\n\nInvisible controls are not rendered.\n\nDefault value is <code>true</code>","!type":"fn() -> Boolean"},"setVisible":{"!category":"function","!description":"Setter for property <code>visible</code>.\n\nDefault value is <code>true</code>","!type":"fn(bVisible: Boolean) -> sap.ui.unified.MenuItemBase"},"getStartsSection":{"!category":"function","!description":"Getter for property <code>startsSection</code>.\n\nIf set to true, a divider is displayed before the item\n\nDefault value is <code>false</code>","!type":"fn() -> Boolean"},"setStartsSection":{"!category":"function","!description":"Setter for property <code>startsSection</code>.\n\nDefault value is <code>false</code>","!type":"fn(bStartsSection: Boolean) -> sap.ui.unified.MenuItemBase"},"getSubmenu":{"!category":"function","!description":"Getter for aggregation <code>submenu</code>.<br/>\nAggregation of a menu item's sub menu.\n\n<strong>Note</strong>: this is the default aggregation for MenuItemBase.","!type":"fn() -> sap.ui.unified.Menu"},"setSubmenu":{"!category":"function","!description":"Setter for the aggregated <code>submenu</code>.","!type":"fn(oSubmenu: sap.ui.unified.Menu) -> sap.ui.unified.MenuItemBase"},"destroySubmenu":{"!category":"function","!description":"Destroys the submenu in the aggregation \nnamed <code>submenu</code>.","!type":"fn() -> sap.ui.unified.MenuItemBase"},"attachSelect":{"!category":"function","!description":"Attach event handler <code>fnFunction</code> to the 'select' event of this <code>sap.ui.unified.MenuItemBase</code>.<br/>.\nWhen called, the context of the event handler (its <code>this</code>) will be bound to <code>oListener<code> if specified\notherwise to this <code>sap.ui.unified.MenuItemBase</code>.<br/> itself. \n \nEvent is fired when an item is selected. The event is also available for items having a sub menu.\nA mouse click or space bar click on a sub menu item fires the event.","!type":"fn(oData?: Object, fnFunction?: fn(), oListener?: Object) -> sap.ui.unified.MenuItemBase"},"detachSelect":{"!category":"function","!description":"Detach event handler <code>fnFunction</code> from the 'select' event of this <code>sap.ui.unified.MenuItemBase</code>.<br/>\n\nThe passed function and listener object must match the ones used for event registration.","!type":"fn(fnFunction: fn(), oListener: Object) -> sap.ui.unified.MenuItemBase"}},"sap.ui.unified.MenuItemBase_obj":{"prototype":"sap.ui.unified.MenuItemBase","!type":"fn(sId?: String, mSettings?: Object)","extend":{"!category":"function","!description":"Creates a new subclass of class sap.ui.unified.MenuItemBase with name <code>sClassName</code> \nand enriches it with the information contained in <code>oClassInfo</code>.\n\n<code>oClassInfo</code> might contain the same kind of informations as described in {@link sap.ui.core.Element.extend Element.extend}.","!type":"fn(sClassName: String, oClassInfo?: Object, FNMetaImpl?: fn())"}},"sap.ui.unified.MenuTextFieldItem":{"!category":"class","!proto":"sap.ui.unified.MenuItemBase","!description":"Menu item which contains an text field. This menu item is e.g. helpful for filters.\nThe aggregation 'submenu' (inherited from parent class) is not supported for this type of menu item.","getLabel":{"!category":"function","!description":"Getter for property <code>label</code>.\nThe label of the contained text field.\n\nDefault value is empty/<code>undefined</code>","!type":"fn() -> String"},"setLabel":{"!category":"function","!description":"Setter for property <code>label</code>.\n\nDefault value is empty/<code>undefined</code>","!type":"fn(sLabel: String) -> sap.ui.unified.MenuTextFieldItem"},"getIcon":{"!category":"function","!description":"Getter for property <code>icon</code>.\nIcon to be displayed.\n\nDefault value is empty/<code>undefined</code>","!type":"fn() -> sap.ui.core.URI"},"setIcon":{"!category":"function","!description":"Setter for property <code>icon</code>.\n\nDefault value is empty/<code>undefined</code>","!type":"fn(sIcon: sap.ui.core.URI) -> sap.ui.unified.MenuTextFieldItem"},"getValue":{"!category":"function","!description":"Getter for property <code>value</code>.\nValue of the contained text field.\n\nDefault value is empty/<code>undefined</code>","!type":"fn() -> String"},"setValue":{"!category":"function","!description":"Setter for property <code>value</code>.\n\nDefault value is empty/<code>undefined</code>","!type":"fn(sValue: String) -> sap.ui.unified.MenuTextFieldItem"},"getValueState":{"!category":"function","!description":"Getter for property <code>valueState</code>.\nVisualizes warnings or errors.\n\nDefault value is <code>None</code>","!type":"fn() -> sap.ui.core.ValueState"},"setValueState":{"!category":"function","!description":"Setter for property <code>valueState</code>.\n\nDefault value is <code>None</code>","!type":"fn(oValueState: sap.ui.core.ValueState) -> sap.ui.unified.MenuTextFieldItem"},"getSubmenu":{"!category":"function","!description":"********* Event Handling *************\n\n\nsap.ui.unified.MenuTextFieldItem.prototype.onsapup = function(oEvent){\nthis.getParent().focus();\nthis.getParent().onsapprevious(oEvent);\n};\n\n\nsap.ui.unified.MenuTextFieldItem.prototype.onsapdown = function(oEvent){\nthis.getParent().focus();\nthis.getParent().onsapnext(oEvent);\n};\n\n\nsap.ui.unified.MenuTextFieldItem.prototype.onsaphome = function(oEvent){\nif(this._checkCursorPosForNav(false)){\nthis.getParent().focus();\nthis.getParent().onsaphome(oEvent);\n}\n};\n\n\nsap.ui.unified.MenuTextFieldItem.prototype.onsapend = function(oEvent){\nif(this._checkCursorPosForNav(true)){\nthis.getParent().focus();\nthis.getParent().onsapend(oEvent);\n}\n};\n\n\nsap.ui.unified.MenuTextFieldItem.prototype.onsapescape = function(oEvent){\nthis.getParent().onsapescape(oEvent);\n};\n\n\nsap.ui.unified.MenuTextFieldItem.prototype.onkeydown = function(oEvent){\noEvent.stopPropagation(); //Avoid bubbling key events to the Menu -> Events are only selectively forwarded\n};\n\n\nsap.ui.unified.MenuTextFieldItem.prototype.onclick = function(oEvent){\nif(!sap.ui.Device.system.desktop && this.getParent().checkEnabled(this)){\nthis.focus();\n}\noEvent.stopPropagation();\n};\n\n\nsap.ui.unified.MenuTextFieldItem.prototype.onsapenter = function(oEvent){\nvar sValue = this.$(\"tf\").val();\nthis.setValue(sValue);\nthis.getParent().selectItem(this);\noEvent.preventDefault();\noEvent.stopPropagation();\n};\n\n\n// ************ Overridden API functions *************\n\n/**\nGetter for aggregation <code>submenu</code>.<br/>\nAggregation of a menu item's sub menu.","!type":"fn() -> sap.ui.unified.Menu"},"destroySubmenu":{"!category":"function","!description":"Destroys the submenu in the aggregation \nnamed <code>submenu</code>.","!type":"fn() -> sap.ui.unified.MenuTextFieldItem"},"setSubmenu":{"!category":"function","!description":"Setter for the aggregated <code>submenu</code>.","!type":"fn(oSubmenu: sap.ui.unified.Menu) -> sap.ui.unified.MenuTextFieldItem"}},"sap.ui.unified.MenuTextFieldItem_obj":{"prototype":"sap.ui.unified.MenuTextFieldItem","!type":"fn(sId?: String, mSettings?: Object)","extend":{"!category":"function","!description":"Creates a new subclass of class sap.ui.unified.MenuTextFieldItem with name <code>sClassName</code> \nand enriches it with the information contained in <code>oClassInfo</code>.\n\n<code>oClassInfo</code> might contain the same kind of informations as described in {@link sap.ui.core.Element.extend Element.extend}.","!type":"fn(sClassName: String, oClassInfo?: Object, FNMetaImpl?: fn())"}},"sap.ui.unified.Shell":{"!category":"class","!proto":"sap.ui.core.Control","!description":"The shell control is meant as root control (full-screen) of an application.\nIt was build as root control of the Fiori Launchpad application and provides the basic capabilities\nfor this purpose. Do not use this control within applications which run inside the Fiori Lauchpad and\ndo not use it for other scenarios than the root control usecase.","getIcon":{"!category":"function","!description":"Getter for property <code>icon</code>.\nThe application icon.\n\nDefault value is empty/<code>undefined</code>","!type":"fn() -> sap.ui.core.URI"},"setIcon":{"!category":"function","!description":"Setter for property <code>icon</code>.\n\nDefault value is empty/<code>undefined</code>","!type":"fn(sIcon: sap.ui.core.URI) -> sap.ui.unified.Shell"},"getShowPane":{"!category":"function","!description":"Getter for property <code>showPane</code>.\nShows / Hides the side pane.\n\nDefault value is empty/<code>undefined</code>","!type":"fn() -> Boolean"},"setShowPane":{"!category":"function","!description":"Setter for property <code>showPane</code>.\n\nDefault value is empty/<code>undefined</code>","!type":"fn(bShowPane: Boolean) -> sap.ui.unified.Shell"},"getShowCurtain":{"!category":"function","!description":"Getter for property <code>showCurtain</code>.\nShows / Hides the curtain.\n\nDefault value is empty/<code>undefined</code>","!type":"fn() -> Boolean"},"setShowCurtain":{"!category":"function","!description":"Setter for property <code>showCurtain</code>.\n\nDefault value is empty/<code>undefined</code>","!type":"fn(bShowCurtain: Boolean) -> sap.ui.unified.Shell"},"getShowCurtainPane":{"!category":"function","!description":"Getter for property <code>showCurtainPane</code>.\nShows / Hides the side pane on the curtain.\n\nDefault value is empty/<code>undefined</code>","!type":"fn() -> Boolean"},"setShowCurtainPane":{"!category":"function","!description":"Setter for property <code>showCurtainPane</code>.\n\nDefault value is empty/<code>undefined</code>","!type":"fn(bShowCurtainPane: Boolean) -> sap.ui.unified.Shell"},"getHeaderHiding":{"!category":"function","!description":"Getter for property <code>headerHiding</code>.\nWhether the header can be hidden (manually or automatically). This feature is only available when touch events are supported.\n\nDefault value is empty/<code>undefined</code>","!type":"fn() -> Boolean"},"setHeaderHiding":{"!category":"function","!description":"Setter for property <code>headerHiding</code>.\n\nDefault value is empty/<code>undefined</code>","!type":"fn(bHeaderHiding: Boolean) -> sap.ui.unified.Shell"},"getHeaderVisible":{"!category":"function","!description":"Getter for property <code>headerVisible</code>.\nIf set to false, no header (and no items, search, ...) is shown.\n\nDefault value is <code>true</code>","!type":"fn() -> Boolean"},"setHeaderVisible":{"!category":"function","!description":"Setter for property <code>headerVisible</code>.\n\nDefault value is <code>true</code>","!type":"fn(bHeaderVisible: Boolean) -> sap.ui.unified.Shell"},"getSearchVisible":{"!category":"function","!description":"Getter for property <code>searchVisible</code>.\nIf set to false, the search area (aggregation 'search') is hidden.\n\nDefault value is <code>true</code>","!type":"fn() -> Boolean"},"setSearchVisible":{"!category":"function","!description":"Setter for property <code>searchVisible</code>.\n\nDefault value is <code>true</code>","!type":"fn(bSearchVisible: Boolean) -> sap.ui.unified.Shell"},"getContent":{"!category":"function","!description":"Getter for aggregation <code>content</code>.<br/>\nThe content to appear in the main canvas.\n\n<strong>Note</strong>: this is the default aggregation for Shell.","!type":"fn() -> [sap.ui.core.Control]"},"insertContent":{"!category":"function","!description":"Inserts a content into the aggregation named <code>content</code>.","!type":"fn(oContent: sap.ui.core.Control, iIndex: Number) -> sap.ui.unified.Shell"},"addContent":{"!category":"function","!description":"Adds some content <code>oContent</code> \nto the aggregation named <code>content</code>.","!type":"fn(oContent: sap.ui.core.Control) -> sap.ui.unified.Shell"},"removeContent":{"!category":"function","!description":"Removes an content from the aggregation named <code>content</code>.","!type":"fn(vContent: Number | String | sap.ui.core.Control) -> sap.ui.core.Control"},"removeAllContent":{"!category":"function","!description":"Removes all the controls in the aggregation named <code>content</code>.<br/>\nAdditionally unregisters them from the hosting UIArea.","!type":"fn() -> [sap.ui.core.Control]"},"indexOfContent":{"!category":"function","!description":"Checks for the provided <code>sap.ui.core.Control</code> in the aggregation named <code>content</code> \nand returns its index if found or -1 otherwise.","!type":"fn(oContent: sap.ui.core.Control) -> Number"},"destroyContent":{"!category":"function","!description":"Destroys all the content in the aggregation \nnamed <code>content</code>.","!type":"fn() -> sap.ui.unified.Shell"},"getPaneContent":{"!category":"function","!description":"Getter for aggregation <code>paneContent</code>.<br/>\nThe content to appear in the pane area.","!type":"fn() -> [sap.ui.core.Control]"},"insertPaneContent":{"!category":"function","!description":"Inserts a paneContent into the aggregation named <code>paneContent</code>.","!type":"fn(oPaneContent: sap.ui.core.Control, iIndex: Number) -> sap.ui.unified.Shell"},"addPaneContent":{"!category":"function","!description":"Adds some paneContent <code>oPaneContent</code> \nto the aggregation named <code>paneContent</code>.","!type":"fn(oPaneContent: sap.ui.core.Control) -> sap.ui.unified.Shell"},"removePaneContent":{"!category":"function","!description":"Removes an paneContent from the aggregation named <code>paneContent</code>.","!type":"fn(vPaneContent: Number | String | sap.ui.core.Control) -> sap.ui.core.Control"},"removeAllPaneContent":{"!category":"function","!description":"Removes all the controls in the aggregation named <code>paneContent</code>.<br/>\nAdditionally unregisters them from the hosting UIArea.","!type":"fn() -> [sap.ui.core.Control]"},"indexOfPaneContent":{"!category":"function","!description":"Checks for the provided <code>sap.ui.core.Control</code> in the aggregation named <code>paneContent</code> \nand returns its index if found or -1 otherwise.","!type":"fn(oPaneContent: sap.ui.core.Control) -> Number"},"destroyPaneContent":{"!category":"function","!description":"Destroys all the paneContent in the aggregation \nnamed <code>paneContent</code>.","!type":"fn() -> sap.ui.unified.Shell"},"getCurtainContent":{"!category":"function","!description":"Getter for aggregation <code>curtainContent</code>.<br/>\nThe content to appear in the curtain area.","!type":"fn() -> [sap.ui.core.Control]"},"insertCurtainContent":{"!category":"function","!description":"Inserts a curtainContent into the aggregation named <code>curtainContent</code>.","!type":"fn(oCurtainContent: sap.ui.core.Control, iIndex: Number) -> sap.ui.unified.Shell"},"addCurtainContent":{"!category":"function","!description":"Adds some curtainContent <code>oCurtainContent</code> \nto the aggregation named <code>curtainContent</code>.","!type":"fn(oCurtainContent: sap.ui.core.Control) -> sap.ui.unified.Shell"},"removeCurtainContent":{"!category":"function","!description":"Removes an curtainContent from the aggregation named <code>curtainContent</code>.","!type":"fn(vCurtainContent: Number | String | sap.ui.core.Control) -> sap.ui.core.Control"},"removeAllCurtainContent":{"!category":"function","!description":"Removes all the controls in the aggregation named <code>curtainContent</code>.<br/>\nAdditionally unregisters them from the hosting UIArea.","!type":"fn() -> [sap.ui.core.Control]"},"indexOfCurtainContent":{"!category":"function","!description":"Checks for the provided <code>sap.ui.core.Control</code> in the aggregation named <code>curtainContent</code> \nand returns its index if found or -1 otherwise.","!type":"fn(oCurtainContent: sap.ui.core.Control) -> Number"},"destroyCurtainContent":{"!category":"function","!description":"Destroys all the curtainContent in the aggregation \nnamed <code>curtainContent</code>.","!type":"fn() -> sap.ui.unified.Shell"},"getCurtainPaneContent":{"!category":"function","!description":"Getter for aggregation <code>curtainPaneContent</code>.<br/>\nThe content to appear in the pane area of the curtain.","!type":"fn() -> [sap.ui.core.Control]"},"insertCurtainPaneContent":{"!category":"function","!description":"Inserts a curtainPaneContent into the aggregation named <code>curtainPaneContent</code>.","!type":"fn(oCurtainPaneContent: sap.ui.core.Control, iIndex: Number) -> sap.ui.unified.Shell"},"addCurtainPaneContent":{"!category":"function","!description":"Adds some curtainPaneContent <code>oCurtainPaneContent</code> \nto the aggregation named <code>curtainPaneContent</code>.","!type":"fn(oCurtainPaneContent: sap.ui.core.Control) -> sap.ui.unified.Shell"},"removeCurtainPaneContent":{"!category":"function","!description":"Removes an curtainPaneContent from the aggregation named <code>curtainPaneContent</code>.","!type":"fn(vCurtainPaneContent: Number | String | sap.ui.core.Control) -> sap.ui.core.Control"},"removeAllCurtainPaneContent":{"!category":"function","!description":"Removes all the controls in the aggregation named <code>curtainPaneContent</code>.<br/>\nAdditionally unregisters them from the hosting UIArea.","!type":"fn() -> [sap.ui.core.Control]"},"indexOfCurtainPaneContent":{"!category":"function","!description":"Checks for the provided <code>sap.ui.core.Control</code> in the aggregation named <code>curtainPaneContent</code> \nand returns its index if found or -1 otherwise.","!type":"fn(oCurtainPaneContent: sap.ui.core.Control) -> Number"},"destroyCurtainPaneContent":{"!category":"function","!description":"Destroys all the curtainPaneContent in the aggregation \nnamed <code>curtainPaneContent</code>.","!type":"fn() -> sap.ui.unified.Shell"},"getHeadItems":{"!category":"function","!description":"Getter for aggregation <code>headItems</code>.<br/>\nThe buttons shown in the begin (left in left-to-right case) of the Shell header. Currently max. 3 visible buttons are supported.","!type":"fn() -> [sap.ui.unified.ShellHeadItem]"},"insertHeadItem":{"!category":"function","!description":"Inserts a headItem into the aggregation named <code>headItems</code>.","!type":"fn(oHeadItem: sap.ui.unified.ShellHeadItem, iIndex: Number) -> sap.ui.unified.Shell"},"addHeadItem":{"!category":"function","!description":"Adds some headItem <code>oHeadItem</code> \nto the aggregation named <code>headItems</code>.","!type":"fn(oHeadItem: sap.ui.unified.ShellHeadItem) -> sap.ui.unified.Shell"},"removeHeadItem":{"!category":"function","!description":"Removes an headItem from the aggregation named <code>headItems</code>.","!type":"fn(vHeadItem: Number | String | sap.ui.unified.ShellHeadItem) -> sap.ui.unified.ShellHeadItem"},"removeAllHeadItems":{"!category":"function","!description":"Removes all the controls in the aggregation named <code>headItems</code>.<br/>\nAdditionally unregisters them from the hosting UIArea.","!type":"fn() -> [sap.ui.unified.ShellHeadItem]"},"indexOfHeadItem":{"!category":"function","!description":"Checks for the provided <code>sap.ui.unified.ShellHeadItem</code> in the aggregation named <code>headItems</code> \nand returns its index if found or -1 otherwise.","!type":"fn(oHeadItem: sap.ui.unified.ShellHeadItem) -> Number"},"destroyHeadItems":{"!category":"function","!description":"Destroys all the headItems in the aggregation \nnamed <code>headItems</code>.","!type":"fn() -> sap.ui.unified.Shell"},"getHeadEndItems":{"!category":"function","!description":"Getter for aggregation <code>headEndItems</code>.<br/>\nThe buttons shown in the end (right in left-to-right case) of the Shell header. Currently max. 3 visible buttons are supported (when user is set only 1).","!type":"fn() -> [sap.ui.unified.ShellHeadItem]"},"insertHeadEndItem":{"!category":"function","!description":"Inserts a headEndItem into the aggregation named <code>headEndItems</code>.","!type":"fn(oHeadEndItem: sap.ui.unified.ShellHeadItem, iIndex: Number) -> sap.ui.unified.Shell"},"addHeadEndItem":{"!category":"function","!description":"Adds some headEndItem <code>oHeadEndItem</code> \nto the aggregation named <code>headEndItems</code>.","!type":"fn(oHeadEndItem: sap.ui.unified.ShellHeadItem) -> sap.ui.unified.Shell"},"removeHeadEndItem":{"!category":"function","!description":"Removes an headEndItem from the aggregation named <code>headEndItems</code>.","!type":"fn(vHeadEndItem: Number | String | sap.ui.unified.ShellHeadItem) -> sap.ui.unified.ShellHeadItem"},"removeAllHeadEndItems":{"!category":"function","!description":"Removes all the controls in the aggregation named <code>headEndItems</code>.<br/>\nAdditionally unregisters them from the hosting UIArea.","!type":"fn() -> [sap.ui.unified.ShellHeadItem]"},"indexOfHeadEndItem":{"!category":"function","!description":"Checks for the provided <code>sap.ui.unified.ShellHeadItem</code> in the aggregation named <code>headEndItems</code> \nand returns its index if found or -1 otherwise.","!type":"fn(oHeadEndItem: sap.ui.unified.ShellHeadItem) -> Number"},"destroyHeadEndItems":{"!category":"function","!description":"Destroys all the headEndItems in the aggregation \nnamed <code>headEndItems</code>.","!type":"fn() -> sap.ui.unified.Shell"},"getSearch":{"!category":"function","!description":"Getter for aggregation <code>search</code>.<br/>\nExperimental (This aggregation might change in future!): The search control which should be displayed in the shell header.","!type":"fn() -> sap.ui.core.Control"},"setSearch":{"!category":"function","!description":"Setter for the aggregated <code>search</code>.","!type":"fn(oSearch: sap.ui.core.Control) -> sap.ui.unified.Shell"},"destroySearch":{"!category":"function","!description":"Destroys the search in the aggregation \nnamed <code>search</code>.","!type":"fn() -> sap.ui.unified.Shell"},"getUser":{"!category":"function","!description":"Getter for aggregation <code>user</code>.<br/>\nThe user item which is rendered in the shell header beside the items.","!type":"fn() -> sap.ui.unified.ShellHeadUserItem"},"setUser":{"!category":"function","!description":"Setter for the aggregated <code>user</code>.","!type":"fn(oUser: sap.ui.unified.ShellHeadUserItem) -> sap.ui.unified.Shell"},"destroyUser":{"!category":"function","!description":"Destroys the user in the aggregation \nnamed <code>user</code>.","!type":"fn() -> sap.ui.unified.Shell"}},"sap.ui.unified.Shell_obj":{"prototype":"sap.ui.unified.Shell","!type":"fn(sId?: String, mSettings?: Object)","extend":{"!category":"function","!description":"Creates a new subclass of class sap.ui.unified.Shell with name <code>sClassName</code> \nand enriches it with the information contained in <code>oClassInfo</code>.\n\n<code>oClassInfo</code> might contain the same kind of informations as described in {@link sap.ui.core.Element.extend Element.extend}.","!type":"fn(sClassName: String, oClassInfo?: Object, FNMetaImpl?: fn())"}},"sap.ui.unified.ShellHeadItem":{"!category":"class","!proto":"sap.ui.core.Element","!description":"Header Action item of the Shell.","getStartsSection":{"!category":"function","!description":"Getter for property <code>startsSection</code>.\nIf set to true, a divider is displayed before the item.\n\nDefault value is <code>false</code>","!type":"fn() -> Boolean"},"setStartsSection":{"!category":"function","!description":"Setter for property <code>startsSection</code>.\n\nDefault value is <code>false</code>","!type":"fn(bStartsSection: Boolean) -> sap.ui.unified.ShellHeadItem"},"getShowSeparator":{"!category":"function","!description":"Getter for property <code>showSeparator</code>.\nIf set to true, a separator is displayed after the item.\n\nDefault value is <code>true</code>","!type":"fn() -> Boolean"},"setShowSeparator":{"!category":"function","!description":"Setter for property <code>showSeparator</code>.\n\nDefault value is <code>true</code>","!type":"fn(bShowSeparator: Boolean) -> sap.ui.unified.ShellHeadItem"},"getSelected":{"!category":"function","!description":"Getter for property <code>selected</code>.\nIf set to true, the item gets a special design.\n\nDefault value is <code>false</code>","!type":"fn() -> Boolean"},"setSelected":{"!category":"function","!description":"Setter for property <code>selected</code>.\n\nDefault value is <code>false</code>","!type":"fn(bSelected: Boolean) -> sap.ui.unified.ShellHeadItem"},"getShowMarker":{"!category":"function","!description":"Getter for property <code>showMarker</code>.\nIf set to true, a theme dependent marker is shown on the item.\n\nDefault value is <code>false</code>","!type":"fn() -> Boolean"},"setShowMarker":{"!category":"function","!description":"Setter for property <code>showMarker</code>.\n\nDefault value is <code>false</code>","!type":"fn(bShowMarker: Boolean) -> sap.ui.unified.ShellHeadItem"},"getIcon":{"!category":"function","!description":"Getter for property <code>icon</code>.\nThe icon of the item, either defined in the sap.ui.core.IconPool or an URI to a custom image. An icon must be set.\n\nDefault value is empty/<code>undefined</code>","!type":"fn() -> sap.ui.core.URI"},"setIcon":{"!category":"function","!description":"Setter for property <code>icon</code>.\n\nDefault value is empty/<code>undefined</code>","!type":"fn(sIcon: sap.ui.core.URI) -> sap.ui.unified.ShellHeadItem"},"getVisible":{"!category":"function","!description":"Getter for property <code>visible</code>.\nInvisible items are not shown on the UI.\n\nDefault value is <code>true</code>","!type":"fn() -> Boolean"},"setVisible":{"!category":"function","!description":"Setter for property <code>visible</code>.\n\nDefault value is <code>true</code>","!type":"fn(bVisible: Boolean) -> sap.ui.unified.ShellHeadItem"},"attachPress":{"!category":"function","!description":"Attach event handler <code>fnFunction</code> to the 'press' event of this <code>sap.ui.unified.ShellHeadItem</code>.<br/>.\nWhen called, the context of the event handler (its <code>this</code>) will be bound to <code>oListener<code> if specified\notherwise to this <code>sap.ui.unified.ShellHeadItem</code>.<br/> itself. \n \nEvent is fired when the user presses the item.","!type":"fn(oData?: Object, fnFunction?: fn(), oListener?: Object) -> sap.ui.unified.ShellHeadItem"},"detachPress":{"!category":"function","!description":"Detach event handler <code>fnFunction</code> from the 'press' event of this <code>sap.ui.unified.ShellHeadItem</code>.<br/>\n\nThe passed function and listener object must match the ones used for event registration.","!type":"fn(fnFunction: fn(), oListener: Object) -> sap.ui.unified.ShellHeadItem"}},"sap.ui.unified.ShellHeadItem_obj":{"prototype":"sap.ui.unified.ShellHeadItem","!type":"fn(sId?: String, mSettings?: Object)","extend":{"!category":"function","!description":"Creates a new subclass of class sap.ui.unified.ShellHeadItem with name <code>sClassName</code> \nand enriches it with the information contained in <code>oClassInfo</code>.\n\n<code>oClassInfo</code> might contain the same kind of informations as described in {@link sap.ui.core.Element.extend Element.extend}.","!type":"fn(sClassName: String, oClassInfo?: Object, FNMetaImpl?: fn())"}},"sap.ui.unified.ShellHeadUserItem":{"!category":"class","!proto":"sap.ui.core.Element","!description":"User Header Action Item of the Shell.","getUsername":{"!category":"function","!description":"Getter for property <code>username</code>.\nThe name of the user.\n\nDefault value is empty/<code>undefined</code>","!type":"fn() -> String"},"setUsername":{"!category":"function","!description":"Setter for property <code>username</code>.\n\nDefault value is empty/<code>undefined</code>","!type":"fn(sUsername: String) -> sap.ui.unified.ShellHeadUserItem"},"getImage":{"!category":"function","!description":"Getter for property <code>image</code>.\nAn image of the user, normally an URI to a image but also an icon from the sap.ui.core.IconPool is possible.\n\nDefault value is empty/<code>undefined</code>","!type":"fn() -> sap.ui.core.URI"},"setImage":{"!category":"function","!description":"Setter for property <code>image</code>.\n\nDefault value is empty/<code>undefined</code>","!type":"fn(sImage: sap.ui.core.URI) -> sap.ui.unified.ShellHeadUserItem"},"attachPress":{"!category":"function","!description":"Attach event handler <code>fnFunction</code> to the 'press' event of this <code>sap.ui.unified.ShellHeadUserItem</code>.<br/>.\nWhen called, the context of the event handler (its <code>this</code>) will be bound to <code>oListener<code> if specified\notherwise to this <code>sap.ui.unified.ShellHeadUserItem</code>.<br/> itself. \n \nEvent is fired when the user presses the button.","!type":"fn(oData?: Object, fnFunction?: fn(), oListener?: Object) -> sap.ui.unified.ShellHeadUserItem"},"detachPress":{"!category":"function","!description":"Detach event handler <code>fnFunction</code> from the 'press' event of this <code>sap.ui.unified.ShellHeadUserItem</code>.<br/>\n\nThe passed function and listener object must match the ones used for event registration.","!type":"fn(fnFunction: fn(), oListener: Object) -> sap.ui.unified.ShellHeadUserItem"}},"sap.ui.unified.ShellHeadUserItem_obj":{"prototype":"sap.ui.unified.ShellHeadUserItem","!type":"fn(sId?: String, mSettings?: Object)","extend":{"!category":"function","!description":"Creates a new subclass of class sap.ui.unified.ShellHeadUserItem with name <code>sClassName</code> \nand enriches it with the information contained in <code>oClassInfo</code>.\n\n<code>oClassInfo</code> might contain the same kind of informations as described in {@link sap.ui.core.Element.extend Element.extend}.","!type":"fn(sClassName: String, oClassInfo?: Object, FNMetaImpl?: fn())"}},"sap.ui.unified.ShellOverlay":{"!category":"class","!proto":"sap.ui.core.Control","!description":"ShellOverlay to be opened in front of a sap.ui.unified.Shell","getContent":{"!category":"function","!description":"Getter for aggregation <code>content</code>.<br/>\nThe content to appear in the overlay.\n\n<strong>Note</strong>: this is the default aggregation for ShellOverlay.","!type":"fn() -> [sap.ui.core.Control]"},"insertContent":{"!category":"function","!description":"Inserts a content into the aggregation named <code>content</code>.","!type":"fn(oContent: sap.ui.core.Control, iIndex: Number) -> sap.ui.unified.ShellOverlay"},"addContent":{"!category":"function","!description":"Adds some content <code>oContent</code> \nto the aggregation named <code>content</code>.","!type":"fn(oContent: sap.ui.core.Control) -> sap.ui.unified.ShellOverlay"},"removeContent":{"!category":"function","!description":"Removes an content from the aggregation named <code>content</code>.","!type":"fn(vContent: Number | String | sap.ui.core.Control) -> sap.ui.core.Control"},"removeAllContent":{"!category":"function","!description":"Removes all the controls in the aggregation named <code>content</code>.<br/>\nAdditionally unregisters them from the hosting UIArea.","!type":"fn() -> [sap.ui.core.Control]"},"indexOfContent":{"!category":"function","!description":"Checks for the provided <code>sap.ui.core.Control</code> in the aggregation named <code>content</code> \nand returns its index if found or -1 otherwise.","!type":"fn(oContent: sap.ui.core.Control) -> Number"},"destroyContent":{"!category":"function","!description":"Destroys all the content in the aggregation \nnamed <code>content</code>.","!type":"fn() -> sap.ui.unified.ShellOverlay"},"getSearch":{"!category":"function","!description":"Getter for aggregation <code>search</code>.<br/>\nExperimental (This aggregation might change in future!): The search control which should be displayed in the overlay header.","!type":"fn() -> sap.ui.core.Control"},"setSearch":{"!category":"function","!description":"Setter for the aggregated <code>search</code>.","!type":"fn(oSearch: sap.ui.core.Control) -> sap.ui.unified.ShellOverlay"},"destroySearch":{"!category":"function","!description":"Destroys the search in the aggregation \nnamed <code>search</code>.","!type":"fn() -> sap.ui.unified.ShellOverlay"},"getShell":{"!category":"function","!description":"Reference to the sap.ui.unified.Shell control.","!type":"fn() -> String"},"setShell":{"!category":"function","!description":"Reference to the sap.ui.unified.Shell control.","!type":"fn(vShell: String | sap.ui.unified.Shell) -> sap.ui.unified.ShellOverlay"},"attachClosed":{"!category":"function","!description":"Attach event handler <code>fnFunction</code> to the 'closed' event of this <code>sap.ui.unified.ShellOverlay</code>.<br/>.\nWhen called, the context of the event handler (its <code>this</code>) will be bound to <code>oListener<code> if specified\notherwise to this <code>sap.ui.unified.ShellOverlay</code>.<br/> itself. \n \nFired when the overlay was closed.","!type":"fn(oData?: Object, fnFunction?: fn(), oListener?: Object) -> sap.ui.unified.ShellOverlay"},"detachClosed":{"!category":"function","!description":"Detach event handler <code>fnFunction</code> from the 'closed' event of this <code>sap.ui.unified.ShellOverlay</code>.<br/>\n\nThe passed function and listener object must match the ones used for event registration.","!type":"fn(fnFunction: fn(), oListener: Object) -> sap.ui.unified.ShellOverlay"},"open":{"!category":"function","!description":"Opens the ShellOverlay.","!type":"fn()"},"close":{"!category":"function","!description":"Closes the ShellOverlay.","!type":"fn()"}},"sap.ui.unified.ShellOverlay_obj":{"prototype":"sap.ui.unified.ShellOverlay","!type":"fn(sId?: String, mSettings?: Object)","extend":{"!category":"function","!description":"Creates a new subclass of class sap.ui.unified.ShellOverlay with name <code>sClassName</code> \nand enriches it with the information contained in <code>oClassInfo</code>.\n\n<code>oClassInfo</code> might contain the same kind of informations as described in {@link sap.ui.core.Element.extend Element.extend}.","!type":"fn(sClassName: String, oClassInfo?: Object, FNMetaImpl?: fn())"}},"sap.ui.unified.SplitContainer":{"!category":"class","!proto":"sap.ui.core.Control","!description":"Provides a main content and a secondary content area","getShowSecondaryContent":{"!category":"function","!description":"Getter for property <code>showSecondaryContent</code>.\nShows / Hides the secondary area.\n\nDefault value is empty/<code>undefined</code>","!type":"fn() -> Boolean"},"setShowSecondaryContent":{"!category":"function","!description":"Setter for property <code>showSecondaryContent</code>.\n\nDefault value is empty/<code>undefined</code>","!type":"fn(bShowSecondaryContent: Boolean) -> sap.ui.unified.SplitContainer"},"getSecondaryContentSize":{"!category":"function","!description":"Getter for property <code>secondaryContentSize</code>.\nThe width if the secondary content. The height is always 100%.\n\nDefault value is <code>250px</code>","!type":"fn() -> sap.ui.core.CSSSize"},"setSecondaryContentSize":{"!category":"function","!description":"Setter for property <code>secondaryContentSize</code>.\n\nDefault value is <code>250px</code>","!type":"fn(sSecondaryContentSize: sap.ui.core.CSSSize) -> sap.ui.unified.SplitContainer"},"getSecondaryContentWidth":{"!category":"function","!description":"Getter for property <code>secondaryContentWidth</code>.\nDo not use. Use secondaryContentSize instead.\n\nDefault value is <code>250px</code>","!type":"fn() -> sap.ui.core.CSSSize"},"setSecondaryContentWidth":{"!category":"function","!description":"Setter for property <code>secondaryContentWidth</code>.\n\nDefault value is <code>250px</code>","!type":"fn(sSecondaryContentWidth: sap.ui.core.CSSSize) -> sap.ui.unified.SplitContainer"},"getOrientation":{"!category":"function","!description":"Getter for property <code>orientation</code>.\nWhether to show the secondary content on the left (\"Horizontal\", default) or on the top (\"Vertical\").\n\nDefault value is <code>Horizontal</code>","!type":"fn() -> sap.ui.core.Orientation"},"setOrientation":{"!category":"function","!description":"Setter for property <code>orientation</code>.\n\nDefault value is <code>Horizontal</code>","!type":"fn(oOrientation: sap.ui.core.Orientation) -> sap.ui.unified.SplitContainer"},"getContent":{"!category":"function","!description":"Getter for aggregation <code>content</code>.<br/>\nThe content to appear in the main area.\n\n<strong>Note</strong>: this is the default aggregation for SplitContainer.","!type":"fn() -> [sap.ui.core.Control]"},"insertContent":{"!category":"function","!description":"Inserts a content into the aggregation named <code>content</code>.","!type":"fn(oContent: sap.ui.core.Control, iIndex: Number) -> sap.ui.unified.SplitContainer"},"addContent":{"!category":"function","!description":"Adds some content <code>oContent</code> \nto the aggregation named <code>content</code>.","!type":"fn(oContent: sap.ui.core.Control) -> sap.ui.unified.SplitContainer"},"removeContent":{"!category":"function","!description":"Removes an content from the aggregation named <code>content</code>.","!type":"fn(vContent: Number | String | sap.ui.core.Control) -> sap.ui.core.Control"},"removeAllContent":{"!category":"function","!description":"Removes all the controls in the aggregation named <code>content</code>.<br/>\nAdditionally unregisters them from the hosting UIArea.","!type":"fn() -> [sap.ui.core.Control]"},"indexOfContent":{"!category":"function","!description":"Checks for the provided <code>sap.ui.core.Control</code> in the aggregation named <code>content</code> \nand returns its index if found or -1 otherwise.","!type":"fn(oContent: sap.ui.core.Control) -> Number"},"destroyContent":{"!category":"function","!description":"Destroys all the content in the aggregation \nnamed <code>content</code>.","!type":"fn() -> sap.ui.unified.SplitContainer"},"getSecondaryContent":{"!category":"function","!description":"Getter for aggregation <code>secondaryContent</code>.<br/>\nThe content to appear in the secondary area.","!type":"fn() -> [sap.ui.core.Control]"},"insertSecondaryContent":{"!category":"function","!description":"Inserts a secondaryContent into the aggregation named <code>secondaryContent</code>.","!type":"fn(oSecondaryContent: sap.ui.core.Control, iIndex: Number) -> sap.ui.unified.SplitContainer"},"addSecondaryContent":{"!category":"function","!description":"Adds some secondaryContent <code>oSecondaryContent</code> \nto the aggregation named <code>secondaryContent</code>.","!type":"fn(oSecondaryContent: sap.ui.core.Control) -> sap.ui.unified.SplitContainer"},"removeSecondaryContent":{"!category":"function","!description":"Removes an secondaryContent from the aggregation named <code>secondaryContent</code>.","!type":"fn(vSecondaryContent: Number | String | sap.ui.core.Control) -> sap.ui.core.Control"},"removeAllSecondaryContent":{"!category":"function","!description":"Removes all the controls in the aggregation named <code>secondaryContent</code>.<br/>\nAdditionally unregisters them from the hosting UIArea.","!type":"fn() -> [sap.ui.core.Control]"},"indexOfSecondaryContent":{"!category":"function","!description":"Checks for the provided <code>sap.ui.core.Control</code> in the aggregation named <code>secondaryContent</code> \nand returns its index if found or -1 otherwise.","!type":"fn(oSecondaryContent: sap.ui.core.Control) -> Number"},"destroySecondaryContent":{"!category":"function","!description":"Destroys all the secondaryContent in the aggregation \nnamed <code>secondaryContent</code>.","!type":"fn() -> sap.ui.unified.SplitContainer"}},"sap.ui.unified.SplitContainer_obj":{"prototype":"sap.ui.unified.SplitContainer","!type":"fn(sId?: String, mSettings?: Object)","extend":{"!category":"function","!description":"Creates a new subclass of class sap.ui.unified.SplitContainer with name <code>sClassName</code> \nand enriches it with the information contained in <code>oClassInfo</code>.\n\n<code>oClassInfo</code> might contain the same kind of informations as described in {@link sap.ui.core.Element.extend Element.extend}.","!type":"fn(sClassName: String, oClassInfo?: Object, FNMetaImpl?: fn())"}},"sap.ui.unified.CalendarDayType":{"!category":"static class","!description":"Type of a calendar day used for visualization.","Type01":{"!category":"enum","!description":"Type 01: The semantic meaning must be defined by the application. It can be shown in a legend.","!type":"String"},"Type02":{"!category":"enum","!description":"Type 02: The semantic meaning must be defined by the application. It can be shown in a legend.","!type":"String"},"Type03":{"!category":"enum","!description":"Type 03: The semantic meaning must be defined by the application. It can be shown in a legend.","!type":"String"},"Type04":{"!category":"enum","!description":"Type 04: The semantic meaning must be defined by the application. It can be shown in a legend.","!type":"String"},"Type05":{"!category":"enum","!description":"Type 05: The semantic meaning must be defined by the application. It can be shown in a legend.","!type":"String"},"Type06":{"!category":"enum","!description":"Type 06: The semantic meaning must be defined by the application. It can be shown in a legend.","!type":"String"},"Type07":{"!category":"enum","!description":"Type 07: The semantic meaning must be defined by the application. It can be shown in a legend.","!type":"String"},"Type08":{"!category":"enum","!description":"Type 08: The semantic meaning must be defined by the application. It can be shown in a legend.","!type":"String"},"Type09":{"!category":"enum","!description":"Type 09: The semantic meaning must be defined by the application. It can be shown in a legend.","!type":"String"},"Type10":{"!category":"enum","!description":"Type 10: The semantic meaning must be defined by the application. It can be shown in a legend.","!type":"String"}},"sap.ui.unified.ContentSwitcherAnimation":{"!category":"static class","!description":"Predefined animations for the ContentSwitcher","None":{"!category":"enum","!description":"No animation. Content is switched instantly.","!type":"String"},"Fade":{"!category":"enum","!description":"Content is faded (opacity change).","!type":"String"},"ZoomIn":{"!category":"enum","!description":"The new content is \"zoomed in\" from the center and grows to fill the full content area.","!type":"String"},"ZoomOut":{"!category":"enum","!description":"The old content is \"zoomed out\", i.e. shrinks to a point at the center of the content area.","!type":"String"},"Rotate":{"!category":"enum","!description":"The new content rotates in. (Just like one of those old newspaper-animations.)","!type":"String"},"SlideRight":{"!category":"enum","!description":"The new slides in from the left (to the right).","!type":"String"},"SlideOver":{"!category":"enum","!description":"The new content slides in from the left while the old content slides out to the left at the same time.","!type":"String"}}}}