{
  "routes": [
    {
      "path": "/sap/opu/odata",
      "target": {
        "type": "destination",
        "name": "RefAppsBackend",
        "entryPath": "/sap/opu/odata"
      },
      "description": "Backend OData services"
    },
    {
      "path": "/sap/public/bc/NWDEMO_MODEL",
      "target": {
        "type": "destination",
        "name": "RefAppsBackend",
        "entryPath": "/sap/public/bc/NWDEMO_MODEL",
        "preferLocal": true
      },
      "description": "EPM mime picture service"
    },
    {
      "path": "/src/main/webapp/resources",
      "target": {
        "type": "application",
        "name": "nwepmrefappslibreuse",
        "preferLocal": true
      },
      "description": "EPM Reference Application Reuse Library (SAP Web IDE)"
    },
    {
      "path": "/resources",
      "target": {
        "type": "application",
        "name": "nwepmrefappslibreuse",
        "preferLocal": true
      },
      "description": "EPM Reference Application Reuse Library"
    },
    {
     "path" : "/",
     "target" : {
         "type" : "application",
         "name" : "parentneoapp",
         "preferLocal" : true
     },
     "description" : "Parent neo-app.json"
    }
  ]
}