{

	"Templates" : [
	{
		"name": "sap.ca.ui.AddPicture",
		"prefix": "AddPicture,Picture",
		"description": "AddPicture in sap.ca.ui",
		"template": "new sap.ca.ui.AddPicture({\n\tbusy: false, // boolean\n\tbusyIndicatorDelay: 1000, // int\n\tvisible: true, // boolean\n\tbuttonPageType: \"Tab\", // string\n\teditable: true, // boolean\n\tmaxPictureNumber: 10, // int\n\tuploadUrl: undefined, // string\n\twidth: \"100%\", // sap.ui.core.CSSSize\n\ttext: undefined, // string\n\tpictureAlign: sap.ui.core.TextAlign.Left, // sap.ui.core.TextAlign\n\titemSize: 64, // int\n\tcompression: \"low\", // string\n\ttooltip: undefined, // sap.ui.core.TooltipBase\n\tcustomData: [], // sap.ui.core.CustomData\n\tdependents: [], // sap.ui.core.Control, since 1.19\n\tpictures: [], // sap.ca.ui.PictureItem\n\tshow: [function (oEvent) {\n\t\tvar ${control} = oEvent.getSource();\n\t}, this],\n\tpictureAdded: [function (oEvent) {\n\t\tvar ${control} = oEvent.getSource();\n\t}, this],\n\tmaxPictureLimitReached: [function (oEvent) {\n\t\tvar ${control} = oEvent.getSource();\n\t}, this],\n\timageUploadFailed: [function (oEvent) {\n\t\tvar ${control} = oEvent.getSource();\n\t}, this],\n\tfileNotSupported: [function (oEvent) {\n\t\tvar ${control} = oEvent.getSource();\n\t}, this]\n})\n"
	},
	{
		"name": "sap.ca.ui.CustomerContext",
		"prefix": "CustomerContext,Context",
		"description": "CustomerContext in sap.ca.ui",
		"template": "new sap.ca.ui.CustomerContext({\n\tbusy: false, // boolean\n\tbusyIndicatorDelay: 1000, // int\n\tvisible: true, // boolean\n\tpersonalizationPageName: \"AppCustomerContext\", // string\n\tshowSalesArea: false, // boolean\n\tpath: \"/Customers\", // string\n\tcustomerIDProperty: \"CustomerID\", // string\n\tcustomerNameProperty: \"CustomerName\", // string\n\tsalesOrganizationNameProperty: \"SalesOrganizationName\", // string\n\tdistributionChannelNameProperty: \"DistributionChannelName\", // string\n\tdivisionNameProperty: \"DivisionName\", // string\n\tdialogTitle: undefined, // string\n\ttooltip: undefined, // sap.ui.core.TooltipBase\n\tcustomData: [], // sap.ui.core.CustomData\n\tdependents: [], // sap.ui.core.Control, since 1.19\n\tcustomerSelected: [function (oEvent) {\n\t\tvar ${control} = oEvent.getSource();\n\t}, this]\n})\n"
	},
	{
		"name": "sap.ca.ui.CustomerControlListItem",
		"prefix": "CustomerControlListItem,Item",
		"description": "CustomerControlListItem in sap.ca.ui",
		"template": "new sap.ca.ui.CustomerControlListItem({\n\tbusy: false, // boolean\n\tbusyIndicatorDelay: 1000, // int\n\tvisible: true, // boolean\n\ttype: sap.m.ListType.Inactive, // sap.m.ListType\n\tvisible: true, // boolean\n\tunread: false, // boolean\n\tselected: false, // boolean\n\tcounter: undefined, // int\n\tshowSalesArea: false, // boolean\n\tcustomerID: \"CustomerID\", // string\n\tcustomerName: \"CustomerName\", // string\n\tsalesOrganizationName: \"SalesOrganizationName\", // string\n\tdistributionChannelName: \"DistributionChannelName\", // string\n\tdivisionName: \"DivisionName\", // string\n\ttooltip: undefined, // sap.ui.core.TooltipBase\n\tcustomData: [], // sap.ui.core.CustomData\n\tdependents: [], // sap.ui.core.Control, since 1.19\n\tcontent: [], // sap.ui.core.Control\n\tariaLabelledBy: [], // sap.ui.core.Control, since 1.28.0\n\ttap: [function (oEvent) {\n\t\tvar ${control} = oEvent.getSource();\n\t}, this],\n\tdetailTap: [function (oEvent) {\n\t\tvar ${control} = oEvent.getSource();\n\t}, this],\n\tpress: [function (oEvent) {\n\t\tvar ${control} = oEvent.getSource();\n\t}, this],\n\tdetailPress: [function (oEvent) {\n\t\tvar ${control} = oEvent.getSource();\n\t}, this]\n})\n"
	},
	{
		"name": "sap.ca.ui.DatePicker",
		"prefix": "DatePicker,Picker",
		"description": "DatePicker in sap.ca.ui",
		"template": "new sap.ca.ui.DatePicker({\n\tbusy: false, // boolean\n\tbusyIndicatorDelay: 1000, // int\n\tvisible: true, // boolean\n\tvalue: undefined, // string\n\twidth: undefined, // sap.ui.core.CSSSize\n\tenabled: true, // boolean\n\tvalueState: sap.ui.core.ValueState.None, // sap.ui.core.ValueState\n\tname: undefined, // string\n\tplaceholder: undefined, // string\n\teditable: true, // boolean, since 1.12.0\n\tvalueStateText: undefined, // string, since 1.26.0\n\tshowValueStateMessage: true, // boolean, since 1.26.0\n\ttextAlign: sap.ui.core.TextAlign.Initial, // sap.ui.core.TextAlign, since 1.26.0\n\ttextDirection: sap.ui.core.TextDirection.Inherit, // sap.ui.core.TextDirection, since 1.28.0\n\tfirstDayOffset: 0, // int\n\tdateValue: undefined, // string\n\ttooltip: undefined, // sap.ui.core.TooltipBase\n\tcustomData: [], // sap.ui.core.CustomData\n\tdependents: [], // sap.ui.core.Control, since 1.19\n\tariaLabelledBy: [], // sap.ui.core.Control, since 1.27.0\n\tchange: [function (oEvent) {\n\t\tvar ${control} = oEvent.getSource();\n\t}, this]\n})\n"
	},
	{
		"name": "sap.ca.ui.ExpansibleFeedListItem",
		"prefix": "ExpansibleFeedListItem,Item",
		"description": "ExpansibleFeedListItem in sap.ca.ui",
		"template": "new sap.ca.ui.ExpansibleFeedListItem({\n\tbusy: false, // boolean\n\tbusyIndicatorDelay: 1000, // int\n\tvisible: true, // boolean\n\ttype: sap.m.ListType.Inactive, // sap.m.ListType\n\tvisible: true, // boolean\n\tunread: false, // boolean\n\tselected: false, // boolean\n\tcounter: undefined, // int\n\ticon: undefined, // sap.ui.core.URI\n\tactiveIcon: undefined, // sap.ui.core.URI\n\tsender: undefined, // string\n\ttext: undefined, // string\n\tinfo: undefined, // string\n\ttimestamp: undefined, // string\n\tsenderActive: true, // boolean\n\ticonActive: true, // boolean\n\ticonDensityAware: true, // boolean\n\tshowIcon: true, // boolean\n\tmaxCharacters: undefined, // int\n\tmaxLines: 5, // int\n\ttooltip: undefined, // sap.ui.core.TooltipBase\n\tcustomData: [], // sap.ui.core.CustomData\n\tdependents: [], // sap.ui.core.Control, since 1.19\n\tariaLabelledBy: [], // sap.ui.core.Control, since 1.28.0\n\ttap: [function (oEvent) {\n\t\tvar ${control} = oEvent.getSource();\n\t}, this],\n\tdetailTap: [function (oEvent) {\n\t\tvar ${control} = oEvent.getSource();\n\t}, this],\n\tpress: [function (oEvent) {\n\t\tvar ${control} = oEvent.getSource();\n\t}, this],\n\tdetailPress: [function (oEvent) {\n\t\tvar ${control} = oEvent.getSource();\n\t}, this],\n\tsenderPress: [function (oEvent) {\n\t\tvar ${control} = oEvent.getSource();\n\t}, this],\n\ticonPress: [function (oEvent) {\n\t\tvar ${control} = oEvent.getSource();\n\t}, this]\n})\n"
	},
	{
		"name": "sap.ca.ui.FileUpload",
		"prefix": "FileUpload,Upload",
		"description": "FileUpload in sap.ca.ui",
		"template": "new sap.ca.ui.FileUpload({\n\tbusy: false, // boolean\n\tbusyIndicatorDelay: 1000, // int\n\tvisible: true, // boolean\n\tuploadUrl: undefined, // string\n\tfileName: undefined, // string\n\tsize: undefined, // string\n\turl: undefined, // string\n\tuploadedDate: undefined, // string\n\tcontributor: undefined, // string\n\tfileExtension: undefined, // string\n\tmimeType: undefined, // string\n\titems: undefined, // string\n\tuploadEnabled: undefined, // boolean\n\tfileId: undefined, // string\n\txsrfToken: undefined, // string\n\tuseMultipart: false, // boolean\n\tacceptRequestHeader: \"application/json\", // string\n\tencodeUrl: undefined, // string\n\trenameEnabled: undefined, // boolean\n\tdeleteEnabled: undefined, // boolean\n\tmultipleSelectionEnabled: true, // boolean\n\tshowNoData: false, // boolean\n\tsequentialUploadsEnabled: false, // boolean\n\tshowAttachmentsLabel: true, // boolean\n\tuseEditControls: false, // boolean\n\tshowAttachmentsLabelInEditMode: true, // boolean\n\teditMode: false, // boolean\n\ttooltip: undefined, // sap.ui.core.TooltipBase\n\tcustomData: [], // sap.ui.core.CustomData\n\tdependents: [], // sap.ui.core.Control, since 1.19\n\tuploadProgressLabel: undefined, // sap.m.Label\n\tattachmentNumberLabel: undefined, // sap.m.Label\n\ttoolBar: undefined, // sap.m.Toolbar\n\tdeleteFile: [function (oEvent) {\n\t\tvar ${control} = oEvent.getSource();\n\t}, this],\n\trenameFile: [function (oEvent) {\n\t\tvar ${control} = oEvent.getSource();\n\t}, this],\n\tuploadFile: [function (oEvent) {\n\t\tvar ${control} = oEvent.getSource();\n\t}, this],\n\tfileUploadFailed: [function (oEvent) {\n\t\tvar ${control} = oEvent.getSource();\n\t}, this],\n\tbeforeUploadFile: [function (oEvent) {\n\t\tvar ${control} = oEvent.getSource();\n\t}, this],\n\tsaveClicked: [function (oEvent) {\n\t\tvar ${control} = oEvent.getSource();\n\t}, this],\n\tcancelClicked: [function (oEvent) {\n\t\tvar ${control} = oEvent.getSource();\n\t}, this]\n})\n"
	},
	{
		"name": "sap.ca.ui.GrowingTileContainer",
		"prefix": "GrowingTileContainer,Container",
		"description": "GrowingTileContainer in sap.ca.ui",
		"template": "new sap.ca.ui.GrowingTileContainer({\n\tbusy: false, // boolean\n\tbusyIndicatorDelay: 1000, // int\n\tvisible: true, // boolean\n\twidth: \"auto\", // sap.ui.core.CSSSize\n\theight: \"auto\", // sap.ui.core.CSSSize\n\thorizontal: true, // boolean\n\tvertical: false, // boolean\n\tfocusable: false, // boolean\n\tgrowing: false, // boolean\n\tgrowingThreshold: 20, // int\n\tgrowingScrollToLoad: false, // boolean\n\ttooltip: undefined, // sap.ui.core.TooltipBase\n\tcustomData: [], // sap.ui.core.CustomData\n\tdependents: [], // sap.ui.core.Control, since 1.19\n\tcontent: [] // sap.ui.core.Control\n})\n"
	},
	{
		"name": "sap.ca.ui.HierarchicalSelectDialog",
		"prefix": "HierarchicalSelectDialog,Dialog",
		"description": "HierarchicalSelectDialog in sap.ca.ui",
		"template": "new sap.ca.ui.HierarchicalSelectDialog({\n\tbusy: false, // boolean\n\tbusyIndicatorDelay: 1000, // int\n\tvisible: true, // boolean\n\ticon: undefined, // sap.ui.core.URI\n\ttitle: undefined, // string\n\tshowHeader: true, // boolean, since 1.15.1\n\ttype: sap.m.DialogType.Standard, // sap.m.DialogType\n\tstate: sap.ui.core.ValueState.None, // sap.ui.core.ValueState, since 1.11.2\n\tstretchOnPhone: false, // boolean, since 1.11.2\n\tstretch: false, // boolean, since 1.13.1\n\tcontentWidth: undefined, // sap.ui.core.CSSSize, since 1.12.1\n\tcontentHeight: undefined, // sap.ui.core.CSSSize, since 1.12.1\n\thorizontalScrolling: true, // boolean, since 1.15.1\n\tverticalScrolling: true, // boolean, since 1.15.1\n\ttooltip: undefined, // sap.ui.core.TooltipBase\n\tcustomData: [], // sap.ui.core.CustomData\n\tdependents: [], // sap.ui.core.Control, since 1.19\n\tcontent: [], // sap.ui.core.Control\n\tsubHeader: undefined, // sap.m.IBar, since 1.12.2\n\tcustomHeader: undefined, // sap.m.IBar, since 1.15.1\n\tbeginButton: undefined, // sap.m.Button, since 1.15.1\n\tendButton: undefined, // sap.m.Button, since 1.15.1\n\tbuttons: [], // sap.m.Button, since 1.21.1\n\titems: [], // sap.ca.ui.HierarchicalSelectDialogItem\n\tleftButton: undefined, // sap.m.Button\n\trightButton: undefined, // sap.m.Button\n\tinitialFocus: undefined, // sap.ui.core.Control, since 1.15.0\n\tariaDescribedBy: [], // sap.ui.core.Control\n\tbeforeOpen: [function (oEvent) {\n\t\tvar ${control} = oEvent.getSource();\n\t}, this],\n\tafterOpen: [function (oEvent) {\n\t\tvar ${control} = oEvent.getSource();\n\t}, this],\n\tbeforeClose: [function (oEvent) {\n\t\tvar ${control} = oEvent.getSource();\n\t}, this],\n\tafterClose: [function (oEvent) {\n\t\tvar ${control} = oEvent.getSource();\n\t}, this],\n\tselect: [function (oEvent) {\n\t\tvar ${control} = oEvent.getSource();\n\t}, this],\n\tcancel: [function (oEvent) {\n\t\tvar ${control} = oEvent.getSource();\n\t}, this]\n})\n"
	},
	{
		"name": "sap.ca.ui.HierarchicalSelectDialogItem",
		"prefix": "HierarchicalSelectDialogItem,Item",
		"description": "HierarchicalSelectDialogItem in sap.ca.ui",
		"template": "new sap.ca.ui.HierarchicalSelectDialogItem({\n\ttext: \"\", // string\n\tenabled: true, // boolean\n\ttextDirection: sap.ui.core.TextDirection.Inherit, // sap.ui.core.TextDirection\n\tkey: undefined, // string\n\ttitle: undefined, // string\n\tentityName: undefined, // string\n\ttooltip: undefined, // sap.ui.core.TooltipBase\n\tcustomData: [], // sap.ui.core.CustomData\n\tdependents: [], // sap.ui.core.Control, since 1.19\n\tlistItemTemplate: undefined // sap.m.ListItemBase\n})\n"
	},
	{
		"name": "sap.ca.ui.Hierarchy",
		"prefix": "Hierarchy",
		"description": "Hierarchy in sap.ca.ui",
		"template": "new sap.ca.ui.Hierarchy({\n\tbusy: false, // boolean\n\tbusyIndicatorDelay: 1000, // int\n\tvisible: true, // boolean\n\thideOptionalLevels: true, // boolean\n\ttooltip: undefined, // sap.ui.core.TooltipBase\n\tcustomData: [], // sap.ui.core.CustomData\n\tdependents: [], // sap.ui.core.Control, since 1.19\n\titems: [] // sap.ca.ui.HierarchyItem\n})\n"
	},
	{
		"name": "sap.ca.ui.HierarchyItem",
		"prefix": "HierarchyItem,Item",
		"description": "HierarchyItem in sap.ca.ui",
		"template": "new sap.ca.ui.HierarchyItem({\n\tbusy: false, // boolean\n\tbusyIndicatorDelay: 1000, // int\n\tvisible: true, // boolean\n\ticon: undefined, // sap.ui.core.URI\n\tlevelType: undefined, // string\n\ttitle: undefined, // string\n\tidentifier: undefined, // string\n\tlink: undefined, // string\n\temphasized: false, // boolean\n\toptional: false, // boolean\n\ttooltip: undefined, // sap.ui.core.TooltipBase\n\tcustomData: [], // sap.ui.core.CustomData\n\tdependents: [], // sap.ui.core.Control, since 1.19\n\tlinkPress: [function (oEvent) {\n\t\tvar ${control} = oEvent.getSource();\n\t}, this]\n})\n"
	},
	{
		"name": "sap.ca.ui.InPlaceEdit",
		"prefix": "InPlaceEdit,Edit",
		"description": "InPlaceEdit in sap.ca.ui",
		"template": "new sap.ca.ui.InPlaceEdit({\n\tbusy: false, // boolean\n\tbusyIndicatorDelay: 1000, // int\n\tvisible: true, // boolean\n\tvalueState: sap.ui.core.ValueState.None, // sap.ui.core.ValueState\n\tundoEnabled: false, // boolean\n\ttooltip: undefined, // sap.ui.core.TooltipBase\n\tcustomData: [], // sap.ui.core.CustomData\n\tdependents: [], // sap.ui.core.Control, since 1.19\n\tcontent: undefined, // sap.ui.core.Control\n\tchange: [function (oEvent) {\n\t\tvar ${control} = oEvent.getSource();\n\t}, this]\n})\n"
	},
	{
		"name": "sap.ca.ui.Notes",
		"prefix": "Notes",
		"description": "Notes in sap.ca.ui",
		"template": "new sap.ca.ui.Notes({\n\tbusy: false, // boolean\n\tbusyIndicatorDelay: 1000, // int\n\tvisible: true, // boolean\n\tinset: false, // boolean\n\theaderText: undefined, // string\n\theaderDesign: sap.m.ListHeaderDesign.Standard, // sap.m.ListHeaderDesign, since 1.14\n\tfooterText: undefined, // string\n\tmode: sap.m.ListMode.None, // sap.m.ListMode\n\twidth: \"100%\", // sap.ui.core.CSSSize\n\tincludeItemInSelection: false, // boolean\n\tshowUnread: false, // boolean\n\tnoDataText: undefined, // string\n\tshowNoData: true, // boolean\n\tenableBusyIndicator: true, // boolean, since 1.20.2\n\tmodeAnimationOn: true, // boolean\n\tshowSeparators: sap.m.ListSeparators.All, // sap.m.ListSeparators\n\tswipeDirection: sap.m.SwipeDirection.Both, // sap.m.SwipeDirection\n\tgrowing: false, // boolean, since 1.16\n\tgrowingThreshold: 20, // int, since 1.16\n\tgrowingTriggerText: undefined, // string, since 1.16\n\tgrowingScrollToLoad: false, // boolean, since 1.16\n\trememberSelections: true, // boolean, since 1.16.6\n\tbackgroundDesign: sap.m.BackgroundDesign.Solid, // sap.m.BackgroundDesign, since 1.14\n\tshowNoteInput: true, // boolean\n\ttextMaxLength: 1000, // int\n\tplaceholder: undefined, // string\n\ttooltip: undefined, // sap.ui.core.TooltipBase\n\tcustomData: [], // sap.ui.core.CustomData\n\tdependents: [], // sap.ui.core.Control, since 1.19\n\titems: [], // sap.m.ListItemBase\n\tswipeContent: undefined, // sap.ui.core.Control\n\theaderToolbar: undefined, // sap.m.Toolbar, since 1.16\n\tinfoToolbar: undefined, // sap.m.Toolbar, since 1.16\n\tcolumns: [], // sap.m.Column\n\tariaLabelledBy: [], // sap.ui.core.Control, since 1.28.0\n\tselect: [function (oEvent) {\n\t\tvar ${control} = oEvent.getSource();\n\t}, this],\n\tselectionChange: [function (oEvent) {\n\t\tvar ${control} = oEvent.getSource();\n\t}, this], // since 1.16\n\t\"delete\": [function (oEvent) {\n\t\tvar ${control} = oEvent.getSource();\n\t}, this],\n\tswipe: [function (oEvent) {\n\t\tvar ${control} = oEvent.getSource();\n\t}, this],\n\tgrowingStarted: [function (oEvent) {\n\t\tvar ${control} = oEvent.getSource();\n\t}, this], // since 1.16\n\tgrowingFinished: [function (oEvent) {\n\t\tvar ${control} = oEvent.getSource();\n\t}, this], // since 1.16\n\tupdateStarted: [function (oEvent) {\n\t\tvar ${control} = oEvent.getSource();\n\t}, this], // since 1.16.3\n\tupdateFinished: [function (oEvent) {\n\t\tvar ${control} = oEvent.getSource();\n\t}, this], // since 1.16.3\n\titemPress: [function (oEvent) {\n\t\tvar ${control} = oEvent.getSource();\n\t}, this], // since 1.20\n\taddNote: [function (oEvent) {\n\t\tvar ${control} = oEvent.getSource();\n\t}, this]\n})\n"
	},
	{
		"name": "sap.ca.ui.OverflowContainer",
		"prefix": "OverflowContainer,Container",
		"description": "OverflowContainer in sap.ca.ui",
		"template": "new sap.ca.ui.OverflowContainer({\n\tbusy: false, // boolean\n\tbusyIndicatorDelay: 1000, // int\n\tvisible: true, // boolean\n\toverflowHeight: \"200px\", // sap.ui.core.CSSSize\n\texpanded: false, // boolean\n\ttooltip: undefined, // sap.ui.core.TooltipBase\n\tcustomData: [], // sap.ui.core.CustomData\n\tdependents: [], // sap.ui.core.Control, since 1.19\n\tcontent: [] // sap.ui.core.Control\n})\n"
	},
	{
		"name": "sap.ca.ui.OverviewTile",
		"prefix": "OverviewTile,Tile",
		"description": "OverviewTile in sap.ca.ui",
		"template": "new sap.ca.ui.OverviewTile({\n\tbusy: false, // boolean\n\tbusyIndicatorDelay: 1000, // int\n\tvisible: true, // boolean\n\tremovable: true, // boolean\n\ttitle: \"null\", // string\n\ticon: \"null\", // sap.ui.core.URI\n\tcontact: \"null\", // string\n\taddress: \"null\", // string\n\topportunities: \"null\", // string\n\trating: \"null\", // string\n\tlastContact: \"null\", // string\n\tnextContact: \"null\", // string\n\trevenue: \"null\", // string\n\tvisible: true, // boolean\n\twidth: undefined, // sap.ui.core.CSSSize\n\tcontactActive: false, // boolean\n\ttooltip: undefined, // sap.ui.core.TooltipBase\n\tcustomData: [], // sap.ui.core.CustomData\n\tdependents: [], // sap.ui.core.Control, since 1.19\n\tpress: [function (oEvent) {\n\t\tvar ${control} = oEvent.getSource();\n\t}, this],\n\tcontactPress: [function (oEvent) {\n\t\tvar ${control} = oEvent.getSource();\n\t}, this]\n})\n"
	},
	{
		"name": "sap.ca.ui.PictureItem",
		"prefix": "PictureItem,Item",
		"description": "PictureItem in sap.ca.ui",
		"template": "new sap.ca.ui.PictureItem({\n\tbusy: false, // boolean\n\tbusyIndicatorDelay: 1000, // int\n\tvisible: true, // boolean\n\tstatus: undefined, // string\n\tsource: undefined, // string\n\tname: undefined, // string\n\twidth: \"62px\", // sap.ui.core.CSSSize\n\theight: \"62px\", // sap.ui.core.CSSSize\n\ttooltip: undefined, // sap.ui.core.TooltipBase\n\tcustomData: [], // sap.ui.core.CustomData\n\tdependents: [], // sap.ui.core.Control, since 1.19\n\tloaded: [function (oEvent) {\n\t\tvar ${control} = oEvent.getSource();\n\t}, this]\n})\n"
	},
	{
		"name": "sap.ca.ui.PictureTile",
		"prefix": "PictureTile,Tile",
		"description": "PictureTile in sap.ca.ui",
		"template": "new sap.ca.ui.PictureTile({\n\tbusy: false, // boolean\n\tbusyIndicatorDelay: 1000, // int\n\tvisible: true, // boolean\n\tremovable: true, // boolean\n\theight: \"32px\", // sap.ui.core.CSSSize\n\twidth: \"32px\", // sap.ui.core.CSSSize\n\ttooltip: undefined, // sap.ui.core.TooltipBase\n\tcustomData: [], // sap.ui.core.CustomData\n\tdependents: [], // sap.ui.core.Control, since 1.19\n\tcontent: undefined, // sap.ui.core.Control\n\ttileContent: undefined, // sap.ca.ui.PictureViewerItem\n\tpress: [function (oEvent) {\n\t\tvar ${control} = oEvent.getSource();\n\t}, this],\n\tpictureDelete: [function (oEvent) {\n\t\tvar ${control} = oEvent.getSource();\n\t}, this]\n})\n"
	},
	{
		"name": "sap.ca.ui.PictureTileContainer",
		"prefix": "PictureTileContainer,Container",
		"description": "PictureTileContainer in sap.ca.ui",
		"template": "new sap.ca.ui.PictureTileContainer({\n\tbusy: false, // boolean\n\tbusyIndicatorDelay: 1000, // int\n\tvisible: true, // boolean\n\twidth: \"100%\", // sap.ui.core.CSSSize\n\theight: \"100%\", // sap.ui.core.CSSSize\n\teditable: undefined, // boolean\n\tallowAdd: undefined, // boolean\n\ttooltip: undefined, // sap.ui.core.TooltipBase\n\tcustomData: [], // sap.ui.core.CustomData\n\tdependents: [], // sap.ui.core.Control, since 1.19\n\ttiles: [], // sap.ui.core.Control\n\ttileMove: [function (oEvent) {\n\t\tvar ${control} = oEvent.getSource();\n\t}, this],\n\ttileDelete: [function (oEvent) {\n\t\tvar ${control} = oEvent.getSource();\n\t}, this],\n\ttileAdd: [function (oEvent) {\n\t\tvar ${control} = oEvent.getSource();\n\t}, this]\n})\n"
	},
	{
		"name": "sap.ca.ui.PictureViewer",
		"prefix": "PictureViewer,Viewer",
		"description": "PictureViewer in sap.ca.ui",
		"template": "new sap.ca.ui.PictureViewer({\n\tbusy: false, // boolean\n\tbusyIndicatorDelay: 1000, // int\n\tvisible: true, // boolean\n\twidth: \"100%\", // sap.ui.core.CSSSize\n\theight: \"100%\", // sap.ui.core.CSSSize\n\teditable: undefined, // boolean\n\tallowAdd: undefined, // boolean\n\ttileScaling: 0.95, // float\n\tremovable: false, // boolean\n\ttooltip: undefined, // sap.ui.core.TooltipBase\n\tcustomData: [], // sap.ui.core.CustomData\n\tdependents: [], // sap.ui.core.Control, since 1.19\n\ttiles: [], // sap.ui.core.Control\n\titems: [], // sap.ca.ui.PictureViewerItem\n\ttileMove: [function (oEvent) {\n\t\tvar ${control} = oEvent.getSource();\n\t}, this],\n\ttileDelete: [function (oEvent) {\n\t\tvar ${control} = oEvent.getSource();\n\t}, this],\n\ttileAdd: [function (oEvent) {\n\t\tvar ${control} = oEvent.getSource();\n\t}, this],\n\tpictureDeleted: [function (oEvent) {\n\t\tvar ${control} = oEvent.getSource();\n\t}, this]\n})\n"
	},
	{
		"name": "sap.ca.ui.PictureViewerItem",
		"prefix": "PictureViewerItem,Item",
		"description": "PictureViewerItem in sap.ca.ui",
		"template": "new sap.ca.ui.PictureViewerItem({\n\tbusy: false, // boolean\n\tbusyIndicatorDelay: 1000, // int\n\tvisible: true, // boolean\n\tsrc: undefined, // string\n\ttooltip: undefined, // sap.ui.core.TooltipBase\n\tcustomData: [], // sap.ui.core.CustomData\n\tdependents: [], // sap.ui.core.Control, since 1.19\n\timage: undefined // sap.m.Image\n})\n"
	},
	{
		"name": "sap.ca.ui.ZoomableScrollContainer",
		"prefix": "ZoomableScrollContainer,Container",
		"description": "ZoomableScrollContainer in sap.ca.ui",
		"template": "new sap.ca.ui.ZoomableScrollContainer({\n\tbusy: false, // boolean\n\tbusyIndicatorDelay: 1000, // int\n\tvisible: true, // boolean\n\twidth: \"auto\", // sap.ui.core.CSSSize\n\theight: \"auto\", // sap.ui.core.CSSSize\n\thorizontal: true, // boolean\n\tvertical: false, // boolean\n\tfocusable: false, // boolean\n\tzoomable: true, // boolean\n\tinitialScale: 1, // float\n\tminScale: 1, // float\n\tmaxScale: 4, // float\n\ttooltip: undefined, // sap.ui.core.TooltipBase\n\tcustomData: [], // sap.ui.core.CustomData\n\tdependents: [], // sap.ui.core.Control, since 1.19\n\tcontent: [] // sap.ui.core.Control\n})\n"
	},
	{
		"name": "sap.ca.ui.charts.BarListItem",
		"prefix": "BarListItem,Item",
		"description": "BarListItem in sap.ca.ui.charts",
		"template": "new sap.ca.ui.charts.BarListItem({\n\tbusy: false, // boolean\n\tbusyIndicatorDelay: 1000, // int\n\tvisible: true, // boolean\n\ttype: sap.m.ListType.Inactive, // sap.m.ListType\n\tvisible: true, // boolean\n\tunread: false, // boolean\n\tselected: false, // boolean\n\tcounter: undefined, // int\n\taxis: undefined, // string\n\tgroup: undefined, // string\n\tvalue: undefined, // string\n\ttooltip: undefined, // sap.ui.core.TooltipBase\n\tcustomData: [], // sap.ui.core.CustomData\n\tdependents: [], // sap.ui.core.Control, since 1.19\n\tariaLabelledBy: [], // sap.ui.core.Control, since 1.28.0\n\ttap: [function (oEvent) {\n\t\tvar ${control} = oEvent.getSource();\n\t}, this],\n\tdetailTap: [function (oEvent) {\n\t\tvar ${control} = oEvent.getSource();\n\t}, this],\n\tpress: [function (oEvent) {\n\t\tvar ${control} = oEvent.getSource();\n\t}, this],\n\tdetailPress: [function (oEvent) {\n\t\tvar ${control} = oEvent.getSource();\n\t}, this]\n})\n"
	},
	{
		"name": "sap.ca.ui.charts.BubbleChart",
		"prefix": "BubbleChart,Chart",
		"description": "BubbleChart in sap.ca.ui.charts",
		"template": "new sap.ca.ui.charts.BubbleChart({\n\tbusy: false, // boolean\n\tbusyIndicatorDelay: 1000, // int\n\tvisible: true, // boolean\n\twidth: \"100%\", // sap.ui.core.CSSSize\n\theight: \"100%\", // sap.ui.core.CSSSize\n\tdataset: undefined, // object\n\tchartType: \"Bar\", // string\n\tminShapeSize: \"48px\", // sap.ui.core.CSSSize\n\tlabel: \"\", // string\n\ttitle: \"\", // string\n\ticon: \"\", // string\n\tsecondAxisVisible: true, // boolean\n\tshowLegend: true, // boolean\n\tselectionMode: sap.ca.ui.charts.ChartSelectionMode.Multiple, // sap.ca.ui.charts.ChartSelectionMode\n\tshowHoverBackground: false, // boolean\n\tshowTooltip: false, // boolean\n\tshowPopover: true, // boolean\n\tshowDataLabel: true, // boolean\n\tyAxisLabelFormatter: undefined, // string\n\tyAxis2LabelFormatter: undefined, // string\n\txAxisLabelFormatter: undefined, // string\n\txAxis2LabelFormatter: undefined, // string\n\tplotAreaAxisTooltipFormatter: undefined, // object\n\ttooltipFormatter: undefined, // object\n\tdataLabelFormatter: undefined, // object\n\tpopoverFormatter: undefined, // object\n\tpopoverGroupFormatter: undefined, // string\n\tchartSemanticColorFormatter: undefined, // object\n\tinternalVizChart: undefined, // sap.ui.core.Control\n\tchartPopOver: undefined, // sap.ui.core.Control\n\tpopoverSubHeader: undefined, // sap.ui.core.Control\n\tpopoverFooter: undefined, // sap.ui.core.Control\n\tadvancedChartSettings: undefined, // object\n\tstackedChartWidthEnhancer: false, // boolean\n\tnoData: undefined, // sap.ui.core.Control\n\tdataLabelFormat: undefined, // any\n\tshowTitle: false, // boolean\n\tshowXAxisLabel: true, // boolean\n\txAxisFixedRange: false, // boolean\n\txAxisMinValue: 0, // float\n\txAxisMaxValue: 0, // float\n\tshowYAxisLabel: true, // boolean\n\tyAxisFixedRange: false, // boolean\n\tyAxisMinValue: 0, // float\n\tyAxisMaxValue: 0, // float\n\tminimumLabelSize: 60, // int\n\tshowSizeLegend: false, // boolean\n\txAxisTitle: undefined, // string\n\tyAxisTitle: undefined, // string\n\tshowCustomLabels: false, // boolean\n\tlabelProperty: undefined, // object\n\txAxisFormatFunction: undefined, // object\n\txAxisFormatString: undefined, // string\n\tyAxisFormatFunction: undefined, // object\n\tyAxisFormatString: undefined, // string\n\taxisTooltipFormatString: undefined, // any\n\taxisFormatFunction: undefined, // object\n\ttooltip: undefined, // sap.ui.core.TooltipBase\n\tcustomData: [], // sap.ui.core.CustomData\n\tdependents: [], // sap.ui.core.Control, since 1.19\n\tcontent: [], // sap.ui.core.Control\n\tselectDataPoint: [function (oEvent) {\n\t\tvar ${control} = oEvent.getSource();\n\t}, this],\n\tpopoverBeforeOpen: [function (oEvent) {\n\t\tvar ${control} = oEvent.getSource();\n\t}, this],\n\tpopoverAfterOpen: [function (oEvent) {\n\t\tvar ${control} = oEvent.getSource();\n\t}, this]\n})\n"
	},
	{
		"name": "sap.ca.ui.charts.Chart",
		"prefix": "Chart",
		"description": "Chart in sap.ca.ui.charts",
		"template": "new sap.ca.ui.charts.Chart({\n\tbusy: false, // boolean\n\tbusyIndicatorDelay: 1000, // int\n\tvisible: true, // boolean\n\twidth: \"100%\", // sap.ui.core.CSSSize\n\theight: \"100%\", // sap.ui.core.CSSSize\n\tdataset: undefined, // object\n\tchartType: \"Bar\", // string\n\tminShapeSize: \"48px\", // sap.ui.core.CSSSize\n\tlabel: \"\", // string\n\ttitle: \"\", // string\n\ticon: \"\", // string\n\tsecondAxisVisible: true, // boolean\n\tshowLegend: true, // boolean\n\tselectionMode: sap.ca.ui.charts.ChartSelectionMode.Multiple, // sap.ca.ui.charts.ChartSelectionMode\n\tshowHoverBackground: false, // boolean\n\tshowTooltip: false, // boolean\n\tshowPopover: true, // boolean\n\tshowDataLabel: true, // boolean\n\tyAxisLabelFormatter: undefined, // string\n\tyAxis2LabelFormatter: undefined, // string\n\txAxisLabelFormatter: undefined, // string\n\txAxis2LabelFormatter: undefined, // string\n\tplotAreaAxisTooltipFormatter: undefined, // object\n\ttooltipFormatter: undefined, // object\n\tdataLabelFormatter: undefined, // object\n\tpopoverFormatter: undefined, // object\n\tpopoverGroupFormatter: undefined, // string\n\tchartSemanticColorFormatter: undefined, // object\n\tinternalVizChart: undefined, // sap.ui.core.Control\n\tchartPopOver: undefined, // sap.ui.core.Control\n\tpopoverSubHeader: undefined, // sap.ui.core.Control\n\tpopoverFooter: undefined, // sap.ui.core.Control\n\tadvancedChartSettings: undefined, // object\n\tstackedChartWidthEnhancer: false, // boolean\n\tnoData: undefined, // sap.ui.core.Control\n\ttooltip: undefined, // sap.ui.core.TooltipBase\n\tcustomData: [], // sap.ui.core.CustomData\n\tdependents: [], // sap.ui.core.Control, since 1.19\n\tselectDataPoint: [function (oEvent) {\n\t\tvar ${control} = oEvent.getSource();\n\t}, this],\n\tpopoverBeforeOpen: [function (oEvent) {\n\t\tvar ${control} = oEvent.getSource();\n\t}, this],\n\tpopoverAfterOpen: [function (oEvent) {\n\t\tvar ${control} = oEvent.getSource();\n\t}, this]\n})\n"
	},
	{
		"name": "sap.ca.ui.charts.ChartToolBar",
		"prefix": "ChartToolBar,Bar",
		"description": "ChartToolBar in sap.ca.ui.charts",
		"template": "new sap.ca.ui.charts.ChartToolBar({\n\tbusy: false, // boolean\n\tbusyIndicatorDelay: 1000, // int\n\tvisible: true, // boolean\n\tshowPersonalization: false, // boolean\n\tshowFullScreen: false, // boolean\n\tfullScreen: false, // boolean\n\tshowLegend: true, // boolean\n\tchartTitle: \"\", // string\n\tfirstDimensionPath: \"\", // string\n\tfirstDimensionKeyPath: \"\", // string\n\tfirstDimensionTextPath: \"\", // string\n\tsecondDimensionPath: \"\", // string\n\tsecondDimensionKeyPath: \"\", // string\n\tsecondDimensionTextPath: \"\", // string\n\ttooltip: undefined, // sap.ui.core.TooltipBase\n\tcustomData: [], // sap.ui.core.CustomData\n\tdependents: [], // sap.ui.core.Control, since 1.19\n\tcharts: [], // sap.ui.core.Control\n\ttoolBar: undefined, // sap.m.Bar\n\tselectedChart: undefined, // sap.ui.core.Control\n\tfirstDimensionSelect: undefined, // sap.m.Select\n\tsecondDimensionSelect: undefined, // sap.m.Select\n\tpersonalizationPressed: [function (oEvent) {\n\t\tvar ${control} = oEvent.getSource();\n\t}, this],\n\tfirstDimensionKeySelected: [function (oEvent) {\n\t\tvar ${control} = oEvent.getSource();\n\t}, this],\n\tsecondDimensionKeySelected: [function (oEvent) {\n\t\tvar ${control} = oEvent.getSource();\n\t}, this]\n})\n"
	},
	{
		"name": "sap.ca.ui.charts.ClusterListItem",
		"prefix": "ClusterListItem,Item",
		"description": "ClusterListItem in sap.ca.ui.charts",
		"template": "new sap.ca.ui.charts.ClusterListItem({\n\tbusy: false, // boolean\n\tbusyIndicatorDelay: 1000, // int\n\tvisible: true, // boolean\n\ttype: sap.m.ListType.Inactive, // sap.m.ListType\n\tvisible: true, // boolean\n\tunread: false, // boolean\n\tselected: false, // boolean\n\tcounter: undefined, // int\n\ttitle: undefined, // string\n\titems: undefined, // object\n\ttooltip: undefined, // sap.ui.core.TooltipBase\n\tcustomData: [], // sap.ui.core.CustomData\n\tdependents: [], // sap.ui.core.Control, since 1.19\n\tariaLabelledBy: [], // sap.ui.core.Control, since 1.28.0\n\ttap: [function (oEvent) {\n\t\tvar ${control} = oEvent.getSource();\n\t}, this],\n\tdetailTap: [function (oEvent) {\n\t\tvar ${control} = oEvent.getSource();\n\t}, this],\n\tpress: [function (oEvent) {\n\t\tvar ${control} = oEvent.getSource();\n\t}, this],\n\tdetailPress: [function (oEvent) {\n\t\tvar ${control} = oEvent.getSource();\n\t}, this]\n})\n"
	},
	{
		"name": "sap.ca.ui.charts.CombinedChart",
		"prefix": "CombinedChart,Chart",
		"description": "CombinedChart in sap.ca.ui.charts",
		"template": "new sap.ca.ui.charts.CombinedChart({\n\tbusy: false, // boolean\n\tbusyIndicatorDelay: 1000, // int\n\tvisible: true, // boolean\n\twidth: \"100%\", // sap.ui.core.CSSSize\n\theight: \"100%\", // sap.ui.core.CSSSize\n\tdataset: undefined, // object\n\tchartType: \"Bar\", // string\n\tminShapeSize: \"48px\", // sap.ui.core.CSSSize\n\tlabel: \"\", // string\n\ttitle: \"\", // string\n\ticon: \"\", // string\n\tsecondAxisVisible: true, // boolean\n\tshowLegend: true, // boolean\n\tselectionMode: sap.ca.ui.charts.ChartSelectionMode.Multiple, // sap.ca.ui.charts.ChartSelectionMode\n\tshowHoverBackground: false, // boolean\n\tshowTooltip: false, // boolean\n\tshowPopover: true, // boolean\n\tshowDataLabel: true, // boolean\n\tyAxisLabelFormatter: undefined, // string\n\tyAxis2LabelFormatter: undefined, // string\n\txAxisLabelFormatter: undefined, // string\n\txAxis2LabelFormatter: undefined, // string\n\tplotAreaAxisTooltipFormatter: undefined, // object\n\ttooltipFormatter: undefined, // object\n\tdataLabelFormatter: undefined, // object\n\tpopoverFormatter: undefined, // object\n\tpopoverGroupFormatter: undefined, // string\n\tchartSemanticColorFormatter: undefined, // object\n\tinternalVizChart: undefined, // sap.ui.core.Control\n\tchartPopOver: undefined, // sap.ui.core.Control\n\tpopoverSubHeader: undefined, // sap.ui.core.Control\n\tpopoverFooter: undefined, // sap.ui.core.Control\n\tadvancedChartSettings: undefined, // object\n\tstackedChartWidthEnhancer: false, // boolean\n\tnoData: undefined, // sap.ui.core.Control\n\tdata: undefined, // any\n\tprimaryAxis: undefined, // any\n\tsecondAxis: undefined, // any\n\ttooltip: undefined, // sap.ui.core.TooltipBase\n\tcustomData: [], // sap.ui.core.CustomData\n\tdependents: [], // sap.ui.core.Control, since 1.19\n\tscrollArea: undefined, // sap.m.ScrollContainer\n\tselectDataPoint: [function (oEvent) {\n\t\tvar ${control} = oEvent.getSource();\n\t}, this],\n\tpopoverBeforeOpen: [function (oEvent) {\n\t\tvar ${control} = oEvent.getSource();\n\t}, this],\n\tpopoverAfterOpen: [function (oEvent) {\n\t\tvar ${control} = oEvent.getSource();\n\t}, this]\n})\n"
	},
	{
		"name": "sap.ca.ui.charts.HorizontalBarChart",
		"prefix": "HorizontalBarChart,Chart",
		"description": "HorizontalBarChart in sap.ca.ui.charts",
		"template": "new sap.ca.ui.charts.HorizontalBarChart({\n\tbusy: false, // boolean\n\tbusyIndicatorDelay: 1000, // int\n\tvisible: true, // boolean\n\twidth: \"100%\", // sap.ui.core.CSSSize\n\theight: \"100%\", // sap.ui.core.CSSSize\n\tdataset: undefined, // object\n\tchartType: \"Bar\", // string\n\tminShapeSize: \"48px\", // sap.ui.core.CSSSize\n\tlabel: \"\", // string\n\ttitle: \"\", // string\n\ticon: \"\", // string\n\tsecondAxisVisible: true, // boolean\n\tshowLegend: true, // boolean\n\tselectionMode: sap.ca.ui.charts.ChartSelectionMode.Multiple, // sap.ca.ui.charts.ChartSelectionMode\n\tshowHoverBackground: false, // boolean\n\tshowTooltip: false, // boolean\n\tshowPopover: true, // boolean\n\tshowDataLabel: true, // boolean\n\tyAxisLabelFormatter: undefined, // string\n\tyAxis2LabelFormatter: undefined, // string\n\txAxisLabelFormatter: undefined, // string\n\txAxis2LabelFormatter: undefined, // string\n\tplotAreaAxisTooltipFormatter: undefined, // object\n\ttooltipFormatter: undefined, // object\n\tdataLabelFormatter: undefined, // object\n\tpopoverFormatter: undefined, // object\n\tpopoverGroupFormatter: undefined, // string\n\tchartSemanticColorFormatter: undefined, // object\n\tinternalVizChart: undefined, // sap.ui.core.Control\n\tchartPopOver: undefined, // sap.ui.core.Control\n\tpopoverSubHeader: undefined, // sap.ui.core.Control\n\tpopoverFooter: undefined, // sap.ui.core.Control\n\tadvancedChartSettings: undefined, // object\n\tstackedChartWidthEnhancer: false, // boolean\n\tnoData: undefined, // sap.ui.core.Control\n\tdata: undefined, // object\n\tcontainer: \"chart\", // string\n\tbarHeight: 48, // int\n\ttooltip: undefined, // sap.ui.core.TooltipBase\n\tcustomData: [], // sap.ui.core.CustomData\n\tdependents: [], // sap.ui.core.Control, since 1.19\n\tscroll: undefined, // sap.m.ScrollContainer\n\thorizontalBarChart: undefined, // sap.viz.ui5.Bar\n\tverticalArea: undefined, // sap.m.VBox\n\tselectDataPoint: [function (oEvent) {\n\t\tvar ${control} = oEvent.getSource();\n\t}, this],\n\tpopoverBeforeOpen: [function (oEvent) {\n\t\tvar ${control} = oEvent.getSource();\n\t}, this],\n\tpopoverAfterOpen: [function (oEvent) {\n\t\tvar ${control} = oEvent.getSource();\n\t}, this]\n})\n"
	},
	{
		"name": "sap.ca.ui.charts.LineChart",
		"prefix": "LineChart,Chart",
		"description": "LineChart in sap.ca.ui.charts",
		"template": "new sap.ca.ui.charts.LineChart({\n\tbusy: false, // boolean\n\tbusyIndicatorDelay: 1000, // int\n\tvisible: true, // boolean\n\twidth: \"100%\", // sap.ui.core.CSSSize\n\theight: \"100%\", // sap.ui.core.CSSSize\n\tdataset: undefined, // object\n\tchartType: \"Bar\", // string\n\tminShapeSize: \"48px\", // sap.ui.core.CSSSize\n\tlabel: \"\", // string\n\ttitle: \"\", // string\n\ticon: \"\", // string\n\tsecondAxisVisible: true, // boolean\n\tshowLegend: true, // boolean\n\tselectionMode: sap.ca.ui.charts.ChartSelectionMode.Multiple, // sap.ca.ui.charts.ChartSelectionMode\n\tshowHoverBackground: false, // boolean\n\tshowTooltip: false, // boolean\n\tshowPopover: true, // boolean\n\tshowDataLabel: true, // boolean\n\tyAxisLabelFormatter: undefined, // string\n\tyAxis2LabelFormatter: undefined, // string\n\txAxisLabelFormatter: undefined, // string\n\txAxis2LabelFormatter: undefined, // string\n\tplotAreaAxisTooltipFormatter: undefined, // object\n\ttooltipFormatter: undefined, // object\n\tdataLabelFormatter: undefined, // object\n\tpopoverFormatter: undefined, // object\n\tpopoverGroupFormatter: undefined, // string\n\tchartSemanticColorFormatter: undefined, // object\n\tinternalVizChart: undefined, // sap.ui.core.Control\n\tchartPopOver: undefined, // sap.ui.core.Control\n\tpopoverSubHeader: undefined, // sap.ui.core.Control\n\tpopoverFooter: undefined, // sap.ui.core.Control\n\tadvancedChartSettings: undefined, // object\n\tstackedChartWidthEnhancer: false, // boolean\n\tnoData: undefined, // sap.ui.core.Control\n\tchartTitle: \"Line Chart\", // string\n\tdataLabelFormat: '#0', // any\n\tminTouchSize: \"48px\", // string\n\tminTouchWidth: \"48px\", // string\n\tshowLabel: true, // boolean\n\tshowScrollContext: false, // boolean\n\tchartDataset: undefined, // any\n\tdatasetSettings: undefined, // any\n\tchartDatasetSettings: undefined, // any\n\tdataPath: undefined, // string\n\tdata: undefined, // any\n\tchartBusinessData: undefined, // any\n\tuseDelayedResize: false, // boolean\n\ttooltip: undefined, // sap.ui.core.TooltipBase\n\tcustomData: [], // sap.ui.core.CustomData\n\tdependents: [], // sap.ui.core.Control, since 1.19\n\tvertical: undefined, // sap.m.VBox\n\tselectDataPoint: [function (oEvent) {\n\t\tvar ${control} = oEvent.getSource();\n\t}, this],\n\tpopoverBeforeOpen: [function (oEvent) {\n\t\tvar ${control} = oEvent.getSource();\n\t}, this],\n\tpopoverAfterOpen: [function (oEvent) {\n\t\tvar ${control} = oEvent.getSource();\n\t}, this],\n\tonDetailsSelected: [function (oEvent) {\n\t\tvar ${control} = oEvent.getSource();\n\t}, this]\n})\n"
	},
	{
		"name": "sap.ca.ui.charts.StackedHorizontalBarChart",
		"prefix": "StackedHorizontalBarChart,Chart",
		"description": "StackedHorizontalBarChart in sap.ca.ui.charts",
		"template": "new sap.ca.ui.charts.StackedHorizontalBarChart({\n\tbusy: false, // boolean\n\tbusyIndicatorDelay: 1000, // int\n\tvisible: true, // boolean\n\twidth: \"100%\", // sap.ui.core.CSSSize\n\theight: \"100%\", // sap.ui.core.CSSSize\n\tdataset: undefined, // object\n\tchartType: \"Bar\", // string\n\tminShapeSize: \"48px\", // sap.ui.core.CSSSize\n\tlabel: \"\", // string\n\ttitle: \"\", // string\n\ticon: \"\", // string\n\tsecondAxisVisible: true, // boolean\n\tshowLegend: true, // boolean\n\tselectionMode: sap.ca.ui.charts.ChartSelectionMode.Multiple, // sap.ca.ui.charts.ChartSelectionMode\n\tshowHoverBackground: false, // boolean\n\tshowTooltip: false, // boolean\n\tshowPopover: true, // boolean\n\tshowDataLabel: true, // boolean\n\tyAxisLabelFormatter: undefined, // string\n\tyAxis2LabelFormatter: undefined, // string\n\txAxisLabelFormatter: undefined, // string\n\txAxis2LabelFormatter: undefined, // string\n\tplotAreaAxisTooltipFormatter: undefined, // object\n\ttooltipFormatter: undefined, // object\n\tdataLabelFormatter: undefined, // object\n\tpopoverFormatter: undefined, // object\n\tpopoverGroupFormatter: undefined, // string\n\tchartSemanticColorFormatter: undefined, // object\n\tinternalVizChart: undefined, // sap.ui.core.Control\n\tchartPopOver: undefined, // sap.ui.core.Control\n\tpopoverSubHeader: undefined, // sap.ui.core.Control\n\tpopoverFooter: undefined, // sap.ui.core.Control\n\tadvancedChartSettings: undefined, // object\n\tstackedChartWidthEnhancer: false, // boolean\n\tnoData: undefined, // sap.ui.core.Control\n\ttype: \"StackedBar\", // string\n\tminTouchSize: \"48px\", // sap.ui.core.CSSSize\n\tdataLabelFormat: [[\"##\"]], // any\n\ttooltip: undefined, // sap.ui.core.TooltipBase\n\tcustomData: [], // sap.ui.core.CustomData\n\tdependents: [], // sap.ui.core.Control, since 1.19\n\tcontent: [], // sap.ui.core.Control\n\tselectDataPoint: [function (oEvent) {\n\t\tvar ${control} = oEvent.getSource();\n\t}, this],\n\tpopoverBeforeOpen: [function (oEvent) {\n\t\tvar ${control} = oEvent.getSource();\n\t}, this],\n\tpopoverAfterOpen: [function (oEvent) {\n\t\tvar ${control} = oEvent.getSource();\n\t}, this]\n})\n"
	},
	{
		"name": "sap.ca.ui.charts.StackedVerticalColumnChart",
		"prefix": "StackedVerticalColumnChart,Chart",
		"description": "StackedVerticalColumnChart in sap.ca.ui.charts",
		"template": "new sap.ca.ui.charts.StackedVerticalColumnChart({\n\tbusy: false, // boolean\n\tbusyIndicatorDelay: 1000, // int\n\tvisible: true, // boolean\n\twidth: \"100%\", // sap.ui.core.CSSSize\n\theight: \"100%\", // sap.ui.core.CSSSize\n\tdataset: undefined, // object\n\tchartType: \"Bar\", // string\n\tminShapeSize: \"48px\", // sap.ui.core.CSSSize\n\tlabel: \"\", // string\n\ttitle: \"\", // string\n\ticon: \"\", // string\n\tsecondAxisVisible: true, // boolean\n\tshowLegend: true, // boolean\n\tselectionMode: sap.ca.ui.charts.ChartSelectionMode.Multiple, // sap.ca.ui.charts.ChartSelectionMode\n\tshowHoverBackground: false, // boolean\n\tshowTooltip: false, // boolean\n\tshowPopover: true, // boolean\n\tshowDataLabel: true, // boolean\n\tyAxisLabelFormatter: undefined, // string\n\tyAxis2LabelFormatter: undefined, // string\n\txAxisLabelFormatter: undefined, // string\n\txAxis2LabelFormatter: undefined, // string\n\tplotAreaAxisTooltipFormatter: undefined, // object\n\ttooltipFormatter: undefined, // object\n\tdataLabelFormatter: undefined, // object\n\tpopoverFormatter: undefined, // object\n\tpopoverGroupFormatter: undefined, // string\n\tchartSemanticColorFormatter: undefined, // object\n\tinternalVizChart: undefined, // sap.ui.core.Control\n\tchartPopOver: undefined, // sap.ui.core.Control\n\tpopoverSubHeader: undefined, // sap.ui.core.Control\n\tpopoverFooter: undefined, // sap.ui.core.Control\n\tadvancedChartSettings: undefined, // object\n\tstackedChartWidthEnhancer: false, // boolean\n\tnoData: undefined, // sap.ui.core.Control\n\ttype: \"StackedColumn\", // string\n\tminTouchSize: '48px', // sap.ui.core.CSSSize\n\tdataLabelFormat: [[\"##\"]], // any\n\ttooltip: undefined, // sap.ui.core.TooltipBase\n\tcustomData: [], // sap.ui.core.CustomData\n\tdependents: [], // sap.ui.core.Control, since 1.19\n\tcontent: [], // sap.ui.core.Control\n\tselectDataPoint: [function (oEvent) {\n\t\tvar ${control} = oEvent.getSource();\n\t}, this],\n\tpopoverBeforeOpen: [function (oEvent) {\n\t\tvar ${control} = oEvent.getSource();\n\t}, this],\n\tpopoverAfterOpen: [function (oEvent) {\n\t\tvar ${control} = oEvent.getSource();\n\t}, this]\n})\n"
	},
	{
		"name": "sap.ca.ui.charts.VerticalBarChart",
		"prefix": "VerticalBarChart,Chart",
		"description": "VerticalBarChart in sap.ca.ui.charts",
		"template": "new sap.ca.ui.charts.VerticalBarChart({\n\tbusy: false, // boolean\n\tbusyIndicatorDelay: 1000, // int\n\tvisible: true, // boolean\n\twidth: \"100%\", // sap.ui.core.CSSSize\n\theight: \"100%\", // sap.ui.core.CSSSize\n\tdataset: undefined, // object\n\tchartType: \"Bar\", // string\n\tminShapeSize: \"48px\", // sap.ui.core.CSSSize\n\tlabel: \"\", // string\n\ttitle: \"\", // string\n\ticon: \"\", // string\n\tsecondAxisVisible: true, // boolean\n\tshowLegend: true, // boolean\n\tselectionMode: sap.ca.ui.charts.ChartSelectionMode.Multiple, // sap.ca.ui.charts.ChartSelectionMode\n\tshowHoverBackground: false, // boolean\n\tshowTooltip: false, // boolean\n\tshowPopover: true, // boolean\n\tshowDataLabel: true, // boolean\n\tyAxisLabelFormatter: undefined, // string\n\tyAxis2LabelFormatter: undefined, // string\n\txAxisLabelFormatter: undefined, // string\n\txAxis2LabelFormatter: undefined, // string\n\tplotAreaAxisTooltipFormatter: undefined, // object\n\ttooltipFormatter: undefined, // object\n\tdataLabelFormatter: undefined, // object\n\tpopoverFormatter: undefined, // object\n\tpopoverGroupFormatter: undefined, // string\n\tchartSemanticColorFormatter: undefined, // object\n\tinternalVizChart: undefined, // sap.ui.core.Control\n\tchartPopOver: undefined, // sap.ui.core.Control\n\tpopoverSubHeader: undefined, // sap.ui.core.Control\n\tpopoverFooter: undefined, // sap.ui.core.Control\n\tadvancedChartSettings: undefined, // object\n\tstackedChartWidthEnhancer: false, // boolean\n\tnoData: undefined, // sap.ui.core.Control\n\tdata: undefined, // object\n\tcontainer: \"chart\", // string\n\tbarWidth: 48, // int\n\ttooltip: undefined, // sap.ui.core.TooltipBase\n\tcustomData: [], // sap.ui.core.CustomData\n\tdependents: [], // sap.ui.core.Control, since 1.19\n\tcontent: [], // sap.ui.core.Control\n\tscroll: undefined, // sap.m.ScrollContainer\n\tverticalBarChart: undefined, // sap.viz.ui5.Column\n\tverticalArea: undefined, // sap.m.VBox\n\tselectDataPoint: [function (oEvent) {\n\t\tvar ${control} = oEvent.getSource();\n\t}, this],\n\tpopoverBeforeOpen: [function (oEvent) {\n\t\tvar ${control} = oEvent.getSource();\n\t}, this],\n\tpopoverAfterOpen: [function (oEvent) {\n\t\tvar ${control} = oEvent.getSource();\n\t}, this]\n})\n"
	}
]
}