{"Templates":[{"name":"sap.ui.table.AnalyticalColumn","prefix":"AnalyticalColumn","description":"AnalyticalColumn in sap.ui.table","helpDescription":"<strong style=\"color: red;\">Experimental! </strong>","Deprecated":false,"Experimental":true,"template":"new sap.ui.table.AnalyticalColumn({\n\tid: \"${id}\", // sap.ui.core.ID\n\twidth: undefined, // sap.ui.core.CSSSize\n\tflexible: true, // boolean\n\tresizable: true, // boolean\n\thAlign: sap.ui.core.HorizontalAlign.Begin, // sap.ui.core.HorizontalAlign\n\tsorted: false, // boolean\n\tsortOrder: sap.ui.table.SortOrder.Ascending, // sap.ui.table.SortOrder\n\tsortProperty: undefined, // string\n\tfiltered: false, // boolean\n\tfilterProperty: undefined, // string\n\tfilterValue: undefined, // string\n\tfilterOperator: undefined, // string\n\tgrouped: false, // boolean\n\tvisible: true, // boolean\n\tfilterType: undefined, // any, since 1.9.2\n\tname: undefined, // string, since 1.11.1\n\tshowFilterMenuEntry: true, // boolean, since 1.13.0\n\tshowSortMenuEntry: true, // boolean, since 1.13.0\n\theaderSpan: 1, // any\n\tautoResizable: false, // boolean, since 1.21.1\n\tdefaultFilterOperator: undefined, // string\n\tleadingProperty: undefined, // string\n\tsummed: false, // boolean\n\tinResult: false, // boolean\n\tshowIfGrouped: false, // boolean\n\tgroupHeaderFormatter: undefined, // any\n\tlabel: \"\", // sap.ui.core.Control\n\tmultiLabels: [], // sap.ui.core.Control, since 1.13.1\n\ttemplate: \"\", // sap.ui.core.Control\n\tmenu: \"\" // sap.ui.unified.Menu\n})\n"},{"name":"sap.ui.table.AnalyticalColumnMenu","prefix":"AnalyticalColumnMenu","description":"AnalyticalColumnMenu in sap.ui.table","helpDescription":"<strong style=\"color: red;\">Experimental! </strong>","Deprecated":false,"Experimental":true,"template":"new sap.ui.table.AnalyticalColumnMenu({\n\tid: \"${id}\" // sap.ui.core.ID\n})\n"},{"name":"sap.ui.table.AnalyticalTable","prefix":"AnalyticalTable","description":"AnalyticalTable in sap.ui.table","helpDescription":"<strong style=\"color: red;\">Experimental! </strong>","Deprecated":false,"Experimental":true,"template":"new sap.ui.table.AnalyticalTable({\n\tid: \"${id}\", // sap.ui.core.ID\n\twidth: \"auto\", // sap.ui.core.CSSSize\n\trowHeight: undefined, // int\n\tcolumnHeaderHeight: undefined, // int\n\tcolumnHeaderVisible: true, // boolean\n\tvisibleRowCount: 10, // int\n\tfirstVisibleRow: 0, // int\n\tselectionMode: sap.ui.table.SelectionMode.Multi, // sap.ui.table.SelectionMode\n\tselectionBehavior: sap.ui.table.SelectionBehavior.RowSelector, // sap.ui.table.SelectionBehavior\n\tselectedIndex: -1, // int\n\tallowColumnReordering: true, // boolean\n\teditable: true, // boolean\n\tnavigationMode: sap.ui.table.NavigationMode.Scrollbar, // sap.ui.table.NavigationMode\n\tthreshold: 100, // int\n\tenableColumnReordering: true, // boolean\n\tenableGrouping: false, // boolean\n\tshowColumnVisibilityMenu: false, // boolean\n\tshowNoData: true, // boolean\n\tvisibleRowCountMode: sap.ui.table.VisibleRowCountMode.Fixed, // sap.ui.table.VisibleRowCountMode, since 1.9.2\n\tfixedColumnCount: 0, // int\n\tfixedRowCount: 0, // int\n\tminAutoRowCount: 5, // int\n\tfixedBottomRowCount: 0, // int, since 1.18.7\n\tenableColumnFreeze: false, // boolean, since 1.21.0\n\tenableCellFilter: false, // boolean, since 1.21.0\n\tnoDataText: undefined, // string, since 1.21.0\n\tshowOverlay: false, // boolean, since 1.21.2\n\tenableSelectAll: true, // boolean, since 1.23.0\n\tenableCustomFilter: false, // boolean, since 1.23.0\n\tenableBusyIndicator: false, // boolean, since 1.27.0\n\tsumOnTop: false, // boolean\n\tnumberOfExpandedLevels: 0, // int\n\tautoExpandMode: Bundled, // string\n\tcolumnVisibilityMenuSorter: undefined, // any\n\tcollapseRecursive: true, // boolean\n\tdirty: undefined, // boolean\n\ttitle: \"\", // sap.ui.core.Control\n\tfooter: \"\", // sap.ui.core.Control\n\ttoolbar: \"\", // sap.ui.core.Toolbar\n\textension: [], // sap.ui.core.Control\n\tcolumns: [], // sap.ui.table.Column\n\trows: [], // sap.ui.table.Row\n\tnoData: \"\", // sap.ui.core.Control\n\tgroupBy: \"\", // sap.ui.table.Column\n\trowSelectionChange: [function (oEvent) {\n\t\tvar control = oEvent.getSource();\n\t}, this],\n\tcolumnSelect: [function (oEvent) {\n\t\tvar control = oEvent.getSource();\n\t}, this],\n\tcolumnResize: [function (oEvent) {\n\t\tvar control = oEvent.getSource();\n\t}, this],\n\tcolumnMove: [function (oEvent) {\n\t\tvar control = oEvent.getSource();\n\t}, this],\n\tsort: [function (oEvent) {\n\t\tvar control = oEvent.getSource();\n\t}, this],\n\tfilter: [function (oEvent) {\n\t\tvar control = oEvent.getSource();\n\t}, this],\n\tgroup: [function (oEvent) {\n\t\tvar control = oEvent.getSource();\n\t}, this],\n\tcolumnVisibility: [function (oEvent) {\n\t\tvar control = oEvent.getSource();\n\t}, this],\n\tcellClick: [function (oEvent) {\n\t\tvar control = oEvent.getSource();\n\t}, this], // since 1.21.0\n\tcellContextmenu: [function (oEvent) {\n\t\tvar control = oEvent.getSource();\n\t}, this], // since 1.21.0\n\tcolumnFreeze: [function (oEvent) {\n\t\tvar control = oEvent.getSource();\n\t}, this], // since 1.21.0\n\tcustomFilter: [function (oEvent) {\n\t\tvar control = oEvent.getSource();\n\t}, this] // since 1.23.0\n})\n"},{"name":"sap.ui.table.Column","prefix":"Column","description":"Column in sap.ui.table","helpDescription":"The column allows to define column specific properties that will be applied when rendering the table.","Deprecated":false,"Experimental":false,"template":"new sap.ui.table.Column({\n\tid: \"${id}\", // sap.ui.core.ID\n\twidth: undefined, // sap.ui.core.CSSSize\n\tflexible: true, // boolean\n\tresizable: true, // boolean\n\thAlign: sap.ui.core.HorizontalAlign.Begin, // sap.ui.core.HorizontalAlign\n\tsorted: false, // boolean\n\tsortOrder: sap.ui.table.SortOrder.Ascending, // sap.ui.table.SortOrder\n\tsortProperty: undefined, // string\n\tfiltered: false, // boolean\n\tfilterProperty: undefined, // string\n\tfilterValue: undefined, // string\n\tfilterOperator: undefined, // string\n\tgrouped: false, // boolean\n\tvisible: true, // boolean\n\tfilterType: undefined, // any, since 1.9.2\n\tname: undefined, // string, since 1.11.1\n\tshowFilterMenuEntry: true, // boolean, since 1.13.0\n\tshowSortMenuEntry: true, // boolean, since 1.13.0\n\theaderSpan: 1, // any\n\tautoResizable: false, // boolean, since 1.21.1\n\tdefaultFilterOperator: undefined, // string\n\tlabel: \"\", // sap.ui.core.Control\n\tmultiLabels: [], // sap.ui.core.Control, since 1.13.1\n\ttemplate: \"\", // sap.ui.core.Control\n\tmenu: \"\" // sap.ui.unified.Menu\n})\n"},{"name":"sap.ui.table.ColumnMenu","prefix":"ColumnMenu","description":"ColumnMenu in sap.ui.table","helpDescription":"The column menu provides all common actions that can be performed on a column.","Deprecated":false,"Experimental":false,"template":"new sap.ui.table.ColumnMenu({\n\tid: \"${id}\" // sap.ui.core.ID\n})\n"},{"name":"sap.ui.table.DataTable","prefix":"DataTable","description":"DataTable in sap.ui.table","helpDescription":"<strong style=\"color: red;\">Deprecated! </strong>Since 1.5.1 The DataTable has been replaced via the Table/TreeTable control.<br>The DataTable control provides a set of sophisticated and comfort functions for table design. For example, you can make settings for the number of visible rows and a number for the displayed rows in the case the user expands the table. The first visible row can be explicitly set. For the selection of columns and rows, a Multi, a Single, a None, and an All mode are available. Setting the Editable property to true lets the user make changes on the table cell entries.","Deprecated":true,"Experimental":false,"template":"new sap.ui.table.DataTable({\n\tid: \"${id}\", // sap.ui.core.ID\n\twidth: \"auto\", // sap.ui.core.CSSSize\n\trowHeight: undefined, // int\n\tcolumnHeaderHeight: undefined, // int\n\tcolumnHeaderVisible: true, // boolean\n\tvisibleRowCount: 10, // int\n\tfirstVisibleRow: 0, // int\n\tselectionMode: sap.ui.table.SelectionMode.Multi, // sap.ui.table.SelectionMode\n\tselectionBehavior: sap.ui.table.SelectionBehavior.RowSelector, // sap.ui.table.SelectionBehavior\n\tselectedIndex: -1, // int\n\tallowColumnReordering: true, // boolean\n\teditable: true, // boolean\n\tnavigationMode: sap.ui.table.NavigationMode.Scrollbar, // sap.ui.table.NavigationMode\n\tthreshold: 100, // int\n\tenableColumnReordering: true, // boolean\n\tenableGrouping: false, // boolean\n\tshowColumnVisibilityMenu: false, // boolean\n\tshowNoData: true, // boolean\n\tvisibleRowCountMode: sap.ui.table.VisibleRowCountMode.Fixed, // sap.ui.table.VisibleRowCountMode, since 1.9.2\n\tfixedColumnCount: 0, // int\n\tfixedRowCount: 0, // int\n\tminAutoRowCount: 5, // int\n\tfixedBottomRowCount: 0, // int, since 1.18.7\n\tenableColumnFreeze: false, // boolean, since 1.21.0\n\tenableCellFilter: false, // boolean, since 1.21.0\n\tnoDataText: undefined, // string, since 1.21.0\n\tshowOverlay: false, // boolean, since 1.21.2\n\tenableSelectAll: true, // boolean, since 1.23.0\n\tenableCustomFilter: false, // boolean, since 1.23.0\n\tenableBusyIndicator: false, // boolean, since 1.27.0\n\texpandFirstLevel: false, // boolean\n\tuseGroupMode: false, // boolean\n\tgroupHeaderProperty: undefined, // string\n\tcollapseRecursive: true, // boolean\n\trootLevel: 0, // int\n\texpandedVisibleRowCount: undefined, // int\n\texpanded: false, // boolean\n\thierarchical: false, // boolean\n\ttitle: \"\", // sap.ui.core.Control\n\tfooter: \"\", // sap.ui.core.Control\n\ttoolbar: \"\", // sap.ui.core.Toolbar\n\textension: [], // sap.ui.core.Control\n\tcolumns: [], // sap.ui.table.Column\n\trows: [], // sap.ui.table.Row\n\tnoData: \"\", // sap.ui.core.Control\n\tgroupBy: \"\", // sap.ui.table.Column\n\trowSelectionChange: [function (oEvent) {\n\t\tvar control = oEvent.getSource();\n\t}, this],\n\tcolumnSelect: [function (oEvent) {\n\t\tvar control = oEvent.getSource();\n\t}, this],\n\tcolumnResize: [function (oEvent) {\n\t\tvar control = oEvent.getSource();\n\t}, this],\n\tcolumnMove: [function (oEvent) {\n\t\tvar control = oEvent.getSource();\n\t}, this],\n\tsort: [function (oEvent) {\n\t\tvar control = oEvent.getSource();\n\t}, this],\n\tfilter: [function (oEvent) {\n\t\tvar control = oEvent.getSource();\n\t}, this],\n\tgroup: [function (oEvent) {\n\t\tvar control = oEvent.getSource();\n\t}, this],\n\tcolumnVisibility: [function (oEvent) {\n\t\tvar control = oEvent.getSource();\n\t}, this],\n\tcellClick: [function (oEvent) {\n\t\tvar control = oEvent.getSource();\n\t}, this], // since 1.21.0\n\tcellContextmenu: [function (oEvent) {\n\t\tvar control = oEvent.getSource();\n\t}, this], // since 1.21.0\n\tcolumnFreeze: [function (oEvent) {\n\t\tvar control = oEvent.getSource();\n\t}, this], // since 1.21.0\n\tcustomFilter: [function (oEvent) {\n\t\tvar control = oEvent.getSource();\n\t}, this], // since 1.23.0\n\ttoggleOpenState: [function (oEvent) {\n\t\tvar control = oEvent.getSource();\n\t}, this],\n\trowSelect: [function (oEvent) {\n\t\tvar control = oEvent.getSource();\n\t}, this]\n})\n"},{"name":"sap.ui.table.Row","prefix":"Row","description":"Row in sap.ui.table","helpDescription":"The row.","Deprecated":false,"Experimental":false,"template":"new sap.ui.table.Row({\n\tid: \"${id}\", // sap.ui.core.ID\n\tcells: [] // sap.ui.core.Control\n})\n"},{"name":"sap.ui.table.Table","prefix":"Table","description":"Table in sap.ui.table","helpDescription":"The Table control provides a set of sophisticated and comfort functions for table design. For example, you can make settings for the number of visible rows. The first visible row can be explicitly set. For the selection of rows, a Multi, a Single, and a None mode are available.","Deprecated":false,"Experimental":false,"template":"new sap.ui.table.Table({\n\tid: \"${id}\", // sap.ui.core.ID\n\twidth: \"auto\", // sap.ui.core.CSSSize\n\trowHeight: undefined, // int\n\tcolumnHeaderHeight: undefined, // int\n\tcolumnHeaderVisible: true, // boolean\n\tvisibleRowCount: 10, // int\n\tfirstVisibleRow: 0, // int\n\tselectionMode: sap.ui.table.SelectionMode.Multi, // sap.ui.table.SelectionMode\n\tselectionBehavior: sap.ui.table.SelectionBehavior.RowSelector, // sap.ui.table.SelectionBehavior\n\tselectedIndex: -1, // int\n\tallowColumnReordering: true, // boolean\n\teditable: true, // boolean\n\tnavigationMode: sap.ui.table.NavigationMode.Scrollbar, // sap.ui.table.NavigationMode\n\tthreshold: 100, // int\n\tenableColumnReordering: true, // boolean\n\tenableGrouping: false, // boolean\n\tshowColumnVisibilityMenu: false, // boolean\n\tshowNoData: true, // boolean\n\tvisibleRowCountMode: sap.ui.table.VisibleRowCountMode.Fixed, // sap.ui.table.VisibleRowCountMode, since 1.9.2\n\tfixedColumnCount: 0, // int\n\tfixedRowCount: 0, // int\n\tminAutoRowCount: 5, // int\n\tfixedBottomRowCount: 0, // int, since 1.18.7\n\tenableColumnFreeze: false, // boolean, since 1.21.0\n\tenableCellFilter: false, // boolean, since 1.21.0\n\tnoDataText: undefined, // string, since 1.21.0\n\tshowOverlay: false, // boolean, since 1.21.2\n\tenableSelectAll: true, // boolean, since 1.23.0\n\tenableCustomFilter: false, // boolean, since 1.23.0\n\tenableBusyIndicator: false, // boolean, since 1.27.0\n\ttitle: \"\", // sap.ui.core.Control\n\tfooter: \"\", // sap.ui.core.Control\n\ttoolbar: \"\", // sap.ui.core.Toolbar\n\textension: [], // sap.ui.core.Control\n\tcolumns: [], // sap.ui.table.Column\n\trows: [], // sap.ui.table.Row\n\tnoData: \"\", // sap.ui.core.Control\n\tgroupBy: \"\", // sap.ui.table.Column\n\trowSelectionChange: [function (oEvent) {\n\t\tvar control = oEvent.getSource();\n\t}, this],\n\tcolumnSelect: [function (oEvent) {\n\t\tvar control = oEvent.getSource();\n\t}, this],\n\tcolumnResize: [function (oEvent) {\n\t\tvar control = oEvent.getSource();\n\t}, this],\n\tcolumnMove: [function (oEvent) {\n\t\tvar control = oEvent.getSource();\n\t}, this],\n\tsort: [function (oEvent) {\n\t\tvar control = oEvent.getSource();\n\t}, this],\n\tfilter: [function (oEvent) {\n\t\tvar control = oEvent.getSource();\n\t}, this],\n\tgroup: [function (oEvent) {\n\t\tvar control = oEvent.getSource();\n\t}, this],\n\tcolumnVisibility: [function (oEvent) {\n\t\tvar control = oEvent.getSource();\n\t}, this],\n\tcellClick: [function (oEvent) {\n\t\tvar control = oEvent.getSource();\n\t}, this], // since 1.21.0\n\tcellContextmenu: [function (oEvent) {\n\t\tvar control = oEvent.getSource();\n\t}, this], // since 1.21.0\n\tcolumnFreeze: [function (oEvent) {\n\t\tvar control = oEvent.getSource();\n\t}, this], // since 1.21.0\n\tcustomFilter: [function (oEvent) {\n\t\tvar control = oEvent.getSource();\n\t}, this] // since 1.23.0\n})\n"},{"name":"sap.ui.table.TablePersoController","prefix":"TablePersoController","description":"TablePersoController in sap.ui.table","helpDescription":"The TablePersoController can be used to connect a table with a persistence service.","Deprecated":false,"Experimental":false,"template":"new sap.ui.table.TablePersoController({\n\tid: \"${id}\", // sap.ui.core.ID\n\tautoSave: true, // boolean\n\tpersoService: undefined, // any\n\tcustomDataKey: persoKey, // string\n\ttable: \"\" // sap.ui.table.Table\n})\n"},{"name":"sap.ui.table.TreeTable","prefix":"TreeTable","description":"TreeTable in sap.ui.table","helpDescription":"The TreeTable Control.","Deprecated":false,"Experimental":false,"template":"new sap.ui.table.TreeTable({\n\tid: \"${id}\", // sap.ui.core.ID\n\twidth: \"auto\", // sap.ui.core.CSSSize\n\trowHeight: undefined, // int\n\tcolumnHeaderHeight: undefined, // int\n\tcolumnHeaderVisible: true, // boolean\n\tvisibleRowCount: 10, // int\n\tfirstVisibleRow: 0, // int\n\tselectionMode: sap.ui.table.SelectionMode.Multi, // sap.ui.table.SelectionMode\n\tselectionBehavior: sap.ui.table.SelectionBehavior.RowSelector, // sap.ui.table.SelectionBehavior\n\tselectedIndex: -1, // int\n\tallowColumnReordering: true, // boolean\n\teditable: true, // boolean\n\tnavigationMode: sap.ui.table.NavigationMode.Scrollbar, // sap.ui.table.NavigationMode\n\tthreshold: 100, // int\n\tenableColumnReordering: true, // boolean\n\tenableGrouping: false, // boolean\n\tshowColumnVisibilityMenu: false, // boolean\n\tshowNoData: true, // boolean\n\tvisibleRowCountMode: sap.ui.table.VisibleRowCountMode.Fixed, // sap.ui.table.VisibleRowCountMode, since 1.9.2\n\tfixedColumnCount: 0, // int\n\tfixedRowCount: 0, // int\n\tminAutoRowCount: 5, // int\n\tfixedBottomRowCount: 0, // int, since 1.18.7\n\tenableColumnFreeze: false, // boolean, since 1.21.0\n\tenableCellFilter: false, // boolean, since 1.21.0\n\tnoDataText: undefined, // string, since 1.21.0\n\tshowOverlay: false, // boolean, since 1.21.2\n\tenableSelectAll: true, // boolean, since 1.23.0\n\tenableCustomFilter: false, // boolean, since 1.23.0\n\tenableBusyIndicator: false, // boolean, since 1.27.0\n\texpandFirstLevel: false, // boolean\n\tuseGroupMode: false, // boolean\n\tgroupHeaderProperty: undefined, // string\n\tcollapseRecursive: true, // boolean\n\trootLevel: 0, // int\n\ttitle: \"\", // sap.ui.core.Control\n\tfooter: \"\", // sap.ui.core.Control\n\ttoolbar: \"\", // sap.ui.core.Toolbar\n\textension: [], // sap.ui.core.Control\n\tcolumns: [], // sap.ui.table.Column\n\trows: [], // sap.ui.table.Row\n\tnoData: \"\", // sap.ui.core.Control\n\tgroupBy: \"\", // sap.ui.table.Column\n\trowSelectionChange: [function (oEvent) {\n\t\tvar control = oEvent.getSource();\n\t}, this],\n\tcolumnSelect: [function (oEvent) {\n\t\tvar control = oEvent.getSource();\n\t}, this],\n\tcolumnResize: [function (oEvent) {\n\t\tvar control = oEvent.getSource();\n\t}, this],\n\tcolumnMove: [function (oEvent) {\n\t\tvar control = oEvent.getSource();\n\t}, this],\n\tsort: [function (oEvent) {\n\t\tvar control = oEvent.getSource();\n\t}, this],\n\tfilter: [function (oEvent) {\n\t\tvar control = oEvent.getSource();\n\t}, this],\n\tgroup: [function (oEvent) {\n\t\tvar control = oEvent.getSource();\n\t}, this],\n\tcolumnVisibility: [function (oEvent) {\n\t\tvar control = oEvent.getSource();\n\t}, this],\n\tcellClick: [function (oEvent) {\n\t\tvar control = oEvent.getSource();\n\t}, this], // since 1.21.0\n\tcellContextmenu: [function (oEvent) {\n\t\tvar control = oEvent.getSource();\n\t}, this], // since 1.21.0\n\tcolumnFreeze: [function (oEvent) {\n\t\tvar control = oEvent.getSource();\n\t}, this], // since 1.21.0\n\tcustomFilter: [function (oEvent) {\n\t\tvar control = oEvent.getSource();\n\t}, this], // since 1.23.0\n\ttoggleOpenState: [function (oEvent) {\n\t\tvar control = oEvent.getSource();\n\t}, this]\n})\n"}]}