{"Templates":[{"name":"sap.ui.richtexteditor.RichTextEditor","prefix":"RichTextEditor","description":"RichTextEditor in sap.ui.richtexteditor","helpDescription":"The RichTextEditor-Control is used to enter formatted text.","Deprecated":false,"Experimental":false,"template":"new sap.ui.richtexteditor.RichTextEditor({\n\tid: \"${id}\", // sap.ui.core.ID\n\tvalue: \"\", // string\n\ttextDirection: sap.ui.core.TextDirection.Inherit, // sap.ui.core.TextDirection\n\twidth: undefined, // sap.ui.core.CSSSize\n\theight: undefined, // sap.ui.core.CSSSize\n\teditorType: TinyMCE, // string\n\teditorLocation: js/tiny_mce/tiny_mce_src.js, // string\n\teditable: true, // boolean\n\tshowGroupFontStyle: true, // boolean\n\tshowGroupTextAlign: true, // boolean\n\tshowGroupStructure: true, // boolean\n\tshowGroupFont: false, // boolean\n\tshowGroupClipboard: true, // boolean\n\tshowGroupInsert: false, // boolean\n\tshowGroupLink: false, // boolean\n\tshowGroupUndo: false, // boolean\n\twrapping: true, // boolean\n\trequired: false, // boolean\n\tsanitizeValue: true, // boolean\n\tplugins: object[].[], // object[]\n\tuseLegacyTheme: true, // boolean\n\tbuttonGroups: object[].[], // object[]\n\tchange: [function (oEvent) {\n\t\tvar control = oEvent.getSource();\n\t}, this],\n\tready: [function (oEvent) {\n\t\tvar control = oEvent.getSource();\n\t}, this],\n\tbeforeEditorInit: [function (oEvent) {\n\t\tvar control = oEvent.getSource();\n\t}, this]\n})\n"}]}