{"Templates":[{"name":"sap.ui.suite.TaskCircle","prefix":"TaskCircle","description":"TaskCircle in sap.ui.suite","helpDescription":"<strong style=\"color: red;\">Experimental! </strong>","Deprecated":false,"Experimental":true,"template":"new sap.ui.suite.TaskCircle({\n\tid: \"${id}\", // sap.ui.core.ID\n\tvalue: 0, // int\n\tmaxValue: 100, // int\n\tminValue: 0, // int\n\tcolor: sap.ui.suite.TaskCircleColor.Gray, // sap.ui.suite.TaskCircleColor\n\tariaLabelledBy: [], // sap.ui.core.Control\n\tariaDescribedBy: [], // sap.ui.core.Control\n\tpress: [function (oEvent) {\n\t\tvar control = oEvent.getSource();\n\t}, this]\n})\n"},{"name":"sap.ui.suite.VerticalProgressIndicator","prefix":"VerticalProgressIndicator","description":"VerticalProgressIndicator in sap.ui.suite","helpDescription":"<strong style=\"color: red;\">Experimental! </strong>","Deprecated":false,"Experimental":true,"template":"new sap.ui.suite.VerticalProgressIndicator({\n\tid: \"${id}\", // sap.ui.core.ID\n\tpercentage: undefined, // int\n\tariaLabelledBy: [], // sap.ui.core.Control\n\tariaDescribedBy: [], // sap.ui.core.Control\n\tpress: [function (oEvent) {\n\t\tvar control = oEvent.getSource();\n\t}, this]\n})\n"}]}