{"Templates":[{"name":"sap.ui.ux3.ActionBar","prefix":"ActionBar","description":"ActionBar in sap.ui.ux3","helpDescription":"A special toolbar with predefined social actions which can be shown as needed. These are: Create an update (Feed), Follow, Mark for Follow Up, Mark as Favorite and Open Thing.\n\nIn addition business actions (ThingAction instances) can be added which are either displayed as MenuItems of the 'More' menu button or as individual tool bar buttons.\n\nWhen using this control, please be aware that it fulfills rather specific requirements: it has been designed for and is used within composite controls QuickView and ThingInspector.","Deprecated":false,"Experimental":false,"template":"new sap.ui.ux3.ActionBar({\n\tid: \"${id}\", // sap.ui.core.ID\n\tfollowState: sap.ui.ux3.FollowActionState.Default, // sap.ui.ux3.FollowActionState\n\tflagState: undefined, // boolean\n\tfavoriteState: undefined, // boolean\n\tupdateState: undefined, // boolean\n\tthingIconURI: undefined, // sap.ui.core.URI\n\talwaysShowMoreMenu: true, // boolean\n\tshowUpdate: true, // boolean\n\tshowFollow: true, // boolean\n\tshowFlag: true, // boolean\n\tshowFavorite: true, // boolean\n\tshowOpen: true, // boolean\n\tdividerWidth: undefined, // sap.ui.core.CSSSize\n\tbusinessActions: [], // sap.ui.ux3.ThingAction\n\t_businessActionButtons: [], // sap.ui.commons.Button\n\t_socialActions: [], // sap.ui.ux3.ThingAction\n\tactionSelected: [function (oEvent) {\n\t\tvar control = oEvent.getSource();\n\t}, this],\n\tfeedSubmit: [function (oEvent) {\n\t\tvar control = oEvent.getSource();\n\t}, this]\n})\n"},{"name":"sap.ui.ux3.Collection","prefix":"Collection","description":"Collection in sap.ui.ux3","helpDescription":"Collection","Deprecated":false,"Experimental":false,"template":"new sap.ui.ux3.Collection({\n\tid: \"${id}\", // sap.ui.core.ID\n\ttitle: undefined, // string\n\teditable: false, // boolean\n\tmultiSelection: false, // boolean\n\titems: [], // sap.ui.core.Item\n\tselectedItems: [], // sap.ui.core.Item\n\tselectionChanged: [function (oEvent) {\n\t\tvar control = oEvent.getSource();\n\t}, this],\n\tpropertyChanged: [function (oEvent) {\n\t\tvar control = oEvent.getSource();\n\t}, this]\n})\n"},{"name":"sap.ui.ux3.CollectionInspector","prefix":"CollectionInspector","description":"CollectionInspector in sap.ui.ux3","helpDescription":"CollectionInspector","Deprecated":false,"Experimental":false,"template":"new sap.ui.ux3.CollectionInspector({\n\tid: \"${id}\", // sap.ui.core.ID\n\tsidebarVisible: true, // boolean\n\tfitParent: true, // boolean\n\tcollections: [], // sap.ui.ux3.Collection\n\tcontent: [], // sap.ui.core.Control\n\tselectedCollection: \"\", // sap.ui.ux3.Collection\n\tcollectionSelected: [function (oEvent) {\n\t\tvar control = oEvent.getSource();\n\t}, this],\n\titemSelectionChanged: [function (oEvent) {\n\t\tvar control = oEvent.getSource();\n\t}, this],\n\teditCollection: [function (oEvent) {\n\t\tvar control = oEvent.getSource();\n\t}, this]\n})\n"},{"name":"sap.ui.ux3.DataSet","prefix":"DataSet","description":"DataSet in sap.ui.ux3","helpDescription":"DataSet","Deprecated":false,"Experimental":false,"template":"new sap.ui.ux3.DataSet({\n\tid: \"${id}\", // sap.ui.core.ID\n\tshowToolbar: true, // boolean\n\tshowFilter: true, // boolean\n\tshowSearchField: true, // boolean\n\tmultiSelect: false, // boolean\n\titems: [], // sap.ui.ux3.DataSetItem\n\tviews: [], // sap.ui.ux3.DataSetView\n\tfilter: [], // sap.ui.core.Control\n\t_viewSwitches: [], // sap.ui.core.Control\n\t_toolbar: \"\", // sap.ui.commons.Toolbar\n\tselectedView: \"\", // sap.ui.ux3.DataSetView\n\tselectionChanged: [function (oEvent) {\n\t\tvar control = oEvent.getSource();\n\t}, this],\n\tsearch: [function (oEvent) {\n\t\tvar control = oEvent.getSource();\n\t}, this]\n})\n"},{"name":"sap.ui.ux3.DataSetItem","prefix":"DataSetItem","description":"DataSetItem in sap.ui.ux3","helpDescription":"DataSet Item","Deprecated":false,"Experimental":false,"template":"new sap.ui.ux3.DataSetItem({\n\tid: \"${id}\", // sap.ui.core.ID\n\ticonSrc: undefined, // sap.ui.core.URI\n\ttitle: Title, // string\n\tcheckable: true, // boolean\n\tsubtitle: Subtitle, // string\n\t_template: \"\", // sap.ui.core.Control\n\tselected: [function (oEvent) {\n\t\tvar control = oEvent.getSource();\n\t}, this]\n})\n"},{"name":"sap.ui.ux3.DataSetSimpleView","prefix":"DataSetSimpleView","description":"DataSetSimpleView in sap.ui.ux3","helpDescription":"DataSetSimpleView provides a simple view example for DataSet usage.","Deprecated":false,"Experimental":false,"template":"new sap.ui.ux3.DataSetSimpleView({\n\tid: \"${id}\", // sap.ui.core.ID\n\tfloating: true, // boolean\n\tname: Name of this View, // string\n\ticon: undefined, // sap.ui.core.URI\n\ticonHovered: undefined, // sap.ui.core.URI\n\ticonSelected: undefined, // sap.ui.core.URI\n\tresponsive: false, // boolean, since 1.9.2\n\titemMinWidth: 0, // int, since 1.9.2\n\tinitialItemCount: 0, // int, since 1.13.0\n\treloadItemCount: 0, // int, since 1.13.0\n\tscrollArea: undefined, // any, since 1.13.0\n\theight: undefined, // sap.ui.core.CSSSize, since 1.13.0\n\ttemplate: \"\" // sap.ui.core.Control\n})\n"},{"name":"sap.ui.ux3.Exact","prefix":"Exact","description":"Exact in sap.ui.ux3","helpDescription":"<strong style=\"color: red;\">Experimental! </strong>","Deprecated":false,"Experimental":true,"template":"new sap.ui.ux3.Exact({\n\tid: \"${id}\", // sap.ui.core.ID\n\tresultText: undefined, // string\n\tsettingsMenu: \"\", // sap.ui.commons.Menu\n\tattributes: [], // sap.ui.ux3.ExactAttribute\n\tcontrols: [], // sap.ui.core.Control\n\tsearch: [function (oEvent) {\n\t\tvar control = oEvent.getSource();\n\t}, this],\n\trefineSearch: [function (oEvent) {\n\t\tvar control = oEvent.getSource();\n\t}, this]\n})\n"},{"name":"sap.ui.ux3.ExactArea","prefix":"ExactArea","description":"ExactArea in sap.ui.ux3","helpDescription":"<strong style=\"color: red;\">Experimental! </strong>","Deprecated":false,"Experimental":true,"template":"new sap.ui.ux3.ExactArea({\n\tid: \"${id}\", // sap.ui.core.ID\n\ttoolbarVisible: true, // boolean\n\tcontent: [], // sap.ui.core.Control\n\ttoolbarItems: [] // sap.ui.commons.ToolbarItem\n})\n"},{"name":"sap.ui.ux3.ExactAttribute","prefix":"ExactAttribute","description":"ExactAttribute in sap.ui.ux3","helpDescription":"An element for defining attributes and sub-attributes used within the Exact pattern.","Deprecated":false,"Experimental":false,"template":"new sap.ui.ux3.ExactAttribute({\n\tid: \"${id}\", // sap.ui.core.ID\n\ttext: undefined, // string\n\tselected: undefined, // boolean\n\twidth: 168, // int, since 1.7.0\n\tlistOrder: sap.ui.ux3.ExactOrder.Select, // sap.ui.ux3.ExactOrder, since 1.7.1\n\tshowSubAttributesIndicator: true, // boolean\n\tadditionalData: undefined, // object\n\tsupplyActive: true, // boolean\n\tautoActivateSupply: false, // boolean\n\tattributes: [], // sap.ui.ux3.ExactAttribute\n\tsupplyAttributes: [function (oEvent) {\n\t\tvar control = oEvent.getSource();\n\t}, this]\n})\n"},{"name":"sap.ui.ux3.ExactBrowser","prefix":"ExactBrowser","description":"ExactBrowser in sap.ui.ux3","helpDescription":"Attribute browse area used within the Exact pattern. The main benefit of this control is the high flexibility when large data amounts shall be displayed\nin the form of structured data sets with a high or low interdependency level. From lists - which can be nested according to the defined attributes - the user can choose\nentries and thereby trigger the display of further information, depending on the chosen entry/entries (multiple selection supported).","Deprecated":false,"Experimental":false,"template":"new sap.ui.ux3.ExactBrowser({\n\tid: \"${id}\", // sap.ui.core.ID\n\ttitle: undefined, // string\n\theaderTitle: undefined, // string\n\ttopListOrder: sap.ui.ux3.ExactOrder.Select, // sap.ui.ux3.ExactOrder, since 1.7.1\n\tenableListClose: false, // boolean\n\tlistHeight: 290, // int\n\tshowHeader: false, // boolean\n\tshowTopList: true, // boolean, since 1.7.0\n\tenableReset: true, // boolean\n\tenableSave: false, // boolean, since 1.9.2\n\ttopListWidth: 168, // int, since 1.7.0\n\tattributes: [], // sap.ui.ux3.ExactAttribute\n\toptionsMenu: \"\", // sap.ui.commons.Menu\n\tcontrols: [], // sap.ui.core.Control\n\trootAttribute: \"\", // sap.ui.core.Element\n\tfollowUpControl: \"\", // sap.ui.core.Control\n\tattributeSelected: [function (oEvent) {\n\t\tvar control = oEvent.getSource();\n\t}, this],\n\tsave: [function (oEvent) {\n\t\tvar control = oEvent.getSource();\n\t}, this]\n})\n"},{"name":"sap.ui.ux3.FacetFilter","prefix":"FacetFilter","description":"FacetFilter in sap.ui.ux3","helpDescription":"FacetFilter Control.","Deprecated":false,"Experimental":false,"template":"new sap.ui.ux3.FacetFilter({\n\tid: \"${id}\", // sap.ui.core.ID\n\tvisibleItemCountMode: sap.ui.ux3.VisibleItemCountMode.Fixed, // sap.ui.ux3.VisibleItemCountMode\n\tlists: [] // sap.ui.ux3.FacetFilterList\n})\n"},{"name":"sap.ui.ux3.FacetFilterList","prefix":"FacetFilterList","description":"FacetFilterList in sap.ui.ux3","helpDescription":"List to be used with the FacetFilter control. The control is not intended to be used stand alone.","Deprecated":false,"Experimental":false,"template":"new sap.ui.ux3.FacetFilterList({\n\tid: \"${id}\", // sap.ui.core.ID\n\ttitle: undefined, // string\n\tmultiSelect: true, // boolean\n\tdisplaySecondaryValues: false, // boolean, since 1.9.0\n\tselectedKeys: undefined, // string[]\n\tshowCounter: true, // boolean\n\titems: [], // sap.ui.core.ListItem\n\tcontrols: [], // sap.ui.commons.ListBox\n\tselect: [function (oEvent) {\n\t\tvar control = oEvent.getSource();\n\t}, this]\n})\n"},{"name":"sap.ui.ux3.Feed","prefix":"Feed","description":"Feed in sap.ui.ux3","helpDescription":"<strong style=\"color: red;\">Experimental! </strong>","Deprecated":false,"Experimental":true,"template":"new sap.ui.ux3.Feed({\n\tid: \"${id}\", // sap.ui.core.ID\n\tfeederThumbnailSrc: undefined, // sap.ui.core.URI\n\tfeederSender: undefined, // string\n\tlive: true, // boolean\n\ttitle: undefined, // string\n\tfilterItems: [], // sap.ui.core.ListItem\n\tchunks: [], // sap.ui.ux3.FeedChunk\n\ttoolsMenuItems: [], // sap.ui.commons.MenuItem\n\tfilterChange: [function (oEvent) {\n\t\tvar control = oEvent.getSource();\n\t}, this],\n\tsearch: [function (oEvent) {\n\t\tvar control = oEvent.getSource();\n\t}, this],\n\tchunkAdded: [function (oEvent) {\n\t\tvar control = oEvent.getSource();\n\t}, this],\n\ttoolsItemSelected: [function (oEvent) {\n\t\tvar control = oEvent.getSource();\n\t}, this],\n\ttoggleLive: [function (oEvent) {\n\t\tvar control = oEvent.getSource();\n\t}, this]\n})\n"},{"name":"sap.ui.ux3.FeedChunk","prefix":"FeedChunk","description":"FeedChunk in sap.ui.ux3","helpDescription":"<strong style=\"color: red;\">Experimental! </strong>","Deprecated":false,"Experimental":true,"template":"new sap.ui.ux3.FeedChunk({\n\tid: \"${id}\", // sap.ui.core.ID\n\tthumbnailSrc: undefined, // sap.ui.core.URI\n\ttext: undefined, // string\n\tsender: undefined, // string\n\ttimestamp: undefined, // string\n\tdeletionAllowed: false, // boolean\n\tcommentChunk: false, // boolean\n\tfeederThumbnailSrc: undefined, // sap.ui.core.URI\n\tfeederSender: undefined, // string\n\tflagged: false, // boolean\n\tfavorite: undefined, // boolean\n\tshared: false, // boolean\n\tenableFlag: true, // boolean\n\tenableShare: true, // boolean\n\tenableComment: true, // boolean\n\tenableInspect: true, // boolean\n\tenableFavorite: true, // boolean\n\tcomments: [], // sap.ui.ux3.FeedChunk\n\tactionMenuItems: [], // sap.ui.commons.MenuItem\n\tdeleted: [function (oEvent) {\n\t\tvar control = oEvent.getSource();\n\t}, this],\n\tcommentAdded: [function (oEvent) {\n\t\tvar control = oEvent.getSource();\n\t}, this],\n\ttoggleFlagged: [function (oEvent) {\n\t\tvar control = oEvent.getSource();\n\t}, this],\n\tsenderClicked: [function (oEvent) {\n\t\tvar control = oEvent.getSource();\n\t}, this],\n\treferenceClicked: [function (oEvent) {\n\t\tvar control = oEvent.getSource();\n\t}, this],\n\ttoggleFavorite: [function (oEvent) {\n\t\tvar control = oEvent.getSource();\n\t}, this],\n\tinspect: [function (oEvent) {\n\t\tvar control = oEvent.getSource();\n\t}, this],\n\ttoggleShared: [function (oEvent) {\n\t\tvar control = oEvent.getSource();\n\t}, this],\n\tactionItemSelected: [function (oEvent) {\n\t\tvar control = oEvent.getSource();\n\t}, this]\n})\n"},{"name":"sap.ui.ux3.Feeder","prefix":"Feeder","description":"Feeder in sap.ui.ux3","helpDescription":"<strong style=\"color: red;\">Experimental! </strong>","Deprecated":false,"Experimental":true,"template":"new sap.ui.ux3.Feeder({\n\tid: \"${id}\", // sap.ui.core.ID\n\tthumbnailSrc: undefined, // sap.ui.core.URI\n\ttext: undefined, // string\n\ttype: sap.ui.ux3.FeederType.Large, // sap.ui.ux3.FeederType\n\tplaceholderText: undefined, // string\n\tsubmit: [function (oEvent) {\n\t\tvar control = oEvent.getSource();\n\t}, this]\n})\n"},{"name":"sap.ui.ux3.NavigationBar","prefix":"NavigationBar","description":"NavigationBar in sap.ui.ux3","helpDescription":"Provides enhanced navigation capabilities and is the parent control of NavigationItem. It is displayed in the form of a horizontal line\nwith switching markers depending on the currently selected item. The size of an item which is currently chosen by the user is enlarged. In the case\nthat a large number of items are defined for the bar, this is made transparent to the user by showing symbols for scrolling options (forwards and backwards)\nto see the next or previous items.","Deprecated":false,"Experimental":false,"template":"new sap.ui.ux3.NavigationBar({\n\tid: \"${id}\", // sap.ui.core.ID\n\ttoplevelVariant: false, // boolean\n\titems: [], // sap.ui.ux3.NavigationItem\n\toverflowMenu: \"\", // sap.ui.commons.Menu\n\tselectedItem: \"\", // sap.ui.ux3.NavigationItem\n\tassociatedItems: [], // sap.ui.ux3.NavigationItem\n\tselect: [function (oEvent) {\n\t\tvar control = oEvent.getSource();\n\t}, this]\n})\n"},{"name":"sap.ui.ux3.NavigationItem","prefix":"NavigationItem","description":"NavigationItem in sap.ui.ux3","helpDescription":"Is the item to be used within the NavigationBar","Deprecated":false,"Experimental":false,"template":"new sap.ui.ux3.NavigationItem({\n\tid: \"${id}\", // sap.ui.core.ID\n\tvisible: true, // boolean, since 1.9.0\n\thref: undefined, // sap.ui.core.URI\n\tsubItems: [] // sap.ui.ux3.NavigationItem\n})\n"},{"name":"sap.ui.ux3.NotificationBar","prefix":"NotificationBar","description":"NotificationBar in sap.ui.ux3","helpDescription":"A NotificationBar is a \"toolbar\" that can be added to a page to show messages and notifications from the application.\nIts position, height and width is inherited from the element that the notification bar is added to.","Deprecated":false,"Experimental":false,"template":"new sap.ui.ux3.NotificationBar({\n\tid: \"${id}\", // sap.ui.core.ID\n\tvisibleStatus: sap.ui.ux3.NotificationBarStatus.Default, // sap.ui.ux3.NotificationBarStatus\n\tresizeEnabled: true, // boolean\n\talwaysShowToggler: false, // boolean\n\tmessageNotifier: \"\", // sap.ui.core.Element\n\tnotifiers: [], // sap.ui.core.Element\n\tdisplay: [function (oEvent) {\n\t\tvar control = oEvent.getSource();\n\t}, this],\n\tresize: [function (oEvent) {\n\t\tvar control = oEvent.getSource();\n\t}, this] // since 1.12.2\n})\n"},{"name":"sap.ui.ux3.Notifier","prefix":"Notifier","description":"Notifier in sap.ui.ux3","helpDescription":"This element can be docked to a notification bar to show notification items","Deprecated":false,"Experimental":false,"template":"new sap.ui.ux3.Notifier({\n\tid: \"${id}\", // sap.ui.core.ID\n\ticon: undefined, // sap.ui.core.URI\n\ttitle: undefined, // string\n\tmessages: [], // sap.ui.core.Message\n\tviews: [], // sap.ui.core.Control\n\tmessageSelected: [function (oEvent) {\n\t\tvar control = oEvent.getSource();\n\t}, this]\n})\n"},{"name":"sap.ui.ux3.Overlay","prefix":"Overlay","description":"Overlay in sap.ui.ux3","helpDescription":"Overlay Control","Deprecated":false,"Experimental":false,"template":"new sap.ui.ux3.Overlay({\n\tid: \"${id}\", // sap.ui.core.ID\n\topenButtonVisible: true, // boolean\n\tcloseButtonVisible: true, // boolean\n\tclose: [function (oEvent) {\n\t\tvar control = oEvent.getSource();\n\t}, this],\n\tclosed: [function (oEvent) {\n\t\tvar control = oEvent.getSource();\n\t}, this],\n\topenNew: [function (oEvent) {\n\t\tvar control = oEvent.getSource();\n\t}, this],\n\topen: [function (oEvent) {\n\t\tvar control = oEvent.getSource();\n\t}, this]\n})\n"},{"name":"sap.ui.ux3.OverlayContainer","prefix":"OverlayContainer","description":"OverlayContainer in sap.ui.ux3","helpDescription":"Is to be embedded into the Overlay control as content container","Deprecated":false,"Experimental":false,"template":"new sap.ui.ux3.OverlayContainer({\n\tid: \"${id}\", // sap.ui.core.ID\n\topenButtonVisible: true, // boolean\n\tcloseButtonVisible: true, // boolean\n\tcontent: [], // sap.ui.core.Control\n\tclose: [function (oEvent) {\n\t\tvar control = oEvent.getSource();\n\t}, this],\n\tclosed: [function (oEvent) {\n\t\tvar control = oEvent.getSource();\n\t}, this],\n\topenNew: [function (oEvent) {\n\t\tvar control = oEvent.getSource();\n\t}, this],\n\topen: [function (oEvent) {\n\t\tvar control = oEvent.getSource();\n\t}, this]\n})\n"},{"name":"sap.ui.ux3.OverlayDialog","prefix":"OverlayDialog","description":"OverlayDialog in sap.ui.ux3","helpDescription":"Dialog implementation based on the Overlay. If used in a Shell it leaves the Tool-Palette, Pane-Bar and Header-Items accessible.","Deprecated":false,"Experimental":false,"template":"new sap.ui.ux3.OverlayDialog({\n\tid: \"${id}\", // sap.ui.core.ID\n\topenButtonVisible: true, // boolean\n\tcloseButtonVisible: true, // boolean\n\twidth: \"auto\", // sap.ui.core.CSSSize\n\theight: \"auto\", // sap.ui.core.CSSSize\n\tcontent: [], // sap.ui.core.Control\n\tclose: [function (oEvent) {\n\t\tvar control = oEvent.getSource();\n\t}, this],\n\tclosed: [function (oEvent) {\n\t\tvar control = oEvent.getSource();\n\t}, this],\n\topenNew: [function (oEvent) {\n\t\tvar control = oEvent.getSource();\n\t}, this],\n\topen: [function (oEvent) {\n\t\tvar control = oEvent.getSource();\n\t}, this]\n})\n"},{"name":"sap.ui.ux3.QuickView","prefix":"QuickView","description":"QuickView in sap.ui.ux3","helpDescription":"QuickView is a small popup with a short overview of a Thing.\nQuickView is shown when a user holds the mouse pointer over a related screen element.","Deprecated":false,"Experimental":false,"template":"new sap.ui.ux3.QuickView({\n\tid: \"${id}\", // sap.ui.core.ID\n\ttype: undefined, // string\n\tfirstTitle: undefined, // string\n\tfirstTitleHref: undefined, // string\n\tsecondTitle: undefined, // string\n\ticon: undefined, // sap.ui.core.URI\n\twidth: undefined, // sap.ui.core.CSSSize\n\tshowActionBar: true, // boolean\n\tfollowState: sap.ui.ux3.FollowActionState.Default, // sap.ui.ux3.FollowActionState\n\tflagState: false, // boolean\n\tfavoriteState: false, // boolean\n\tfavoriteActionEnabled: true, // boolean\n\tupdateActionEnabled: true, // boolean\n\tfollowActionEnabled: true, // boolean\n\tflagActionEnabled: true, // boolean\n\topenActionEnabled: true, // boolean\n\tcontent: [], // sap.ui.core.Element\n\tactions: [], // sap.ui.ux3.ThingAction\n\tactionBar: \"\", // sap.ui.ux3.ActionBar\n\tactionSelected: [function (oEvent) {\n\t\tvar control = oEvent.getSource();\n\t}, this],\n\tfeedSubmit: [function (oEvent) {\n\t\tvar control = oEvent.getSource();\n\t}, this],\n\tnavigate: [function (oEvent) {\n\t\tvar control = oEvent.getSource();\n\t}, this]\n})\n"},{"name":"sap.ui.ux3.Shell","prefix":"Shell","description":"Shell in sap.ui.ux3","helpDescription":"The Ux3 GoldReflection Shell, which is an application frame with navigation capabilities.\nIt is supposed to be added to a direct child of the BODY tag of a page and there should be no other parts of the page consuming space outside the Shell.","Deprecated":false,"Experimental":false,"template":"new sap.ui.ux3.Shell({\n\tid: \"${id}\", // sap.ui.core.ID\n\tappTitle: undefined, // string\n\tappIcon: undefined, // sap.ui.core.URI\n\tappIconTooltip: undefined, // string\n\tshowLogoutButton: true, // boolean\n\tlogoutButtonTooltip: undefined, // string, since 1.9.0\n\tshowSearchTool: true, // boolean\n\tshowInspectorTool: false, // boolean\n\tshowFeederTool: true, // boolean\n\tshowTools: true, // boolean\n\tshowPane: true, // boolean\n\theaderType: sap.ui.ux3.ShellHeaderType.Standard, // sap.ui.ux3.ShellHeaderType\n\tdesignType: sap.ui.ux3.ShellDesignType.Standard, // sap.ui.ux3.ShellDesignType, since 1.12.0\n\tpaneWidth: 250, // int\n\tapplyContentPadding: true, // boolean, since 1.9.0\n\tfullHeightContent: false, // boolean, since 1.9.0\n\tallowOverlayHeaderAccess: false, // boolean, since 1.14.0\n\tworksetItems: [], // sap.ui.ux3.NavigationItem\n\tpaneBarItems: [], // sap.ui.core.Item\n\tpaneContent: [], // sap.ui.core.Control\n\tcontent: [], // sap.ui.core.Control\n\ttoolPopups: [], // sap.ui.ux3.ToolPopup\n\theaderItems: [], // sap.ui.core.Control\n\tnotificationBar: \"\", // sap.ui.ux3.NotificationBar, since 1.7.0\n\t_paneOverflowMenu: \"\", // sap.ui.commons.Menu, since 1.14.0\n\tselectedWorksetItem: \"\", // sap.ui.ux3.NavigationItem\n\tworksetItemSelected: [function (oEvent) {\n\t\tvar control = oEvent.getSource();\n\t}, this],\n\tpaneBarItemSelected: [function (oEvent) {\n\t\tvar control = oEvent.getSource();\n\t}, this],\n\tlogout: [function (oEvent) {\n\t\tvar control = oEvent.getSource();\n\t}, this],\n\tsearch: [function (oEvent) {\n\t\tvar control = oEvent.getSource();\n\t}, this],\n\tfeedSubmit: [function (oEvent) {\n\t\tvar control = oEvent.getSource();\n\t}, this],\n\tpaneClosed: [function (oEvent) {\n\t\tvar control = oEvent.getSource();\n\t}, this] // since 1.12.0\n})\n"},{"name":"sap.ui.ux3.ThingAction","prefix":"ThingAction","description":"ThingAction in sap.ui.ux3","helpDescription":"Thing Action for Swatch, QuickView, Thinginspector","Deprecated":false,"Experimental":false,"template":"new sap.ui.ux3.ThingAction({\n\tid: \"${id}\", // sap.ui.core.ID\n\ttext: undefined, // string\n\tenabled: true, // boolean\n\tselect: [function (oEvent) {\n\t\tvar control = oEvent.getSource();\n\t}, this]\n})\n"},{"name":"sap.ui.ux3.ThingGroup","prefix":"ThingGroup","description":"ThingGroup in sap.ui.ux3","helpDescription":"Thing Group Area","Deprecated":false,"Experimental":false,"template":"new sap.ui.ux3.ThingGroup({\n\tid: \"${id}\", // sap.ui.core.ID\n\ttitle: undefined, // string\n\tcolspan: false, // boolean\n\tcontent: [], // sap.ui.core.Control\n\tactions: [] // sap.ui.ux3.ThingGroup\n})\n"},{"name":"sap.ui.ux3.ThingInspector","prefix":"ThingInspector","description":"ThingInspector in sap.ui.ux3","helpDescription":"Thing Inspector","Deprecated":false,"Experimental":false,"template":"new sap.ui.ux3.ThingInspector({\n\tid: \"${id}\", // sap.ui.core.ID\n\topenButtonVisible: true, // boolean\n\tcloseButtonVisible: true, // boolean\n\tfirstTitle: undefined, // string\n\ttype: undefined, // string\n\ticon: undefined, // sap.ui.core.URI\n\tsecondTitle: undefined, // string\n\tfollowState: sap.ui.ux3.FollowActionState.Default, // sap.ui.ux3.FollowActionState\n\tflagState: false, // boolean\n\tfavoriteState: false, // boolean\n\tfavoriteActionEnabled: true, // boolean\n\tupdateActionEnabled: true, // boolean\n\tfollowActionEnabled: true, // boolean\n\tflagActionEnabled: true, // boolean\n\theaderType: sap.ui.ux3.ThingViewerHeaderType.Standard, // sap.ui.ux3.ThingViewerHeaderType, since 1.16.3\n\tactions: [], // sap.ui.ux3.ThingAction\n\theaderContent: [], // sap.ui.ux3.ThingGroup\n\tfacets: [], // sap.ui.ux3.NavigationItem\n\tfacetContent: [], // sap.ui.ux3.ThingGroup\n\tactionBar: \"\", // sap.ui.ux3.ActionBar\n\tthingViewer: \"\", // sap.ui.ux3.ThingViewer\n\tselectedFacet: \"\", // sap.ui.ux3.NavigationItem\n\tclose: [function (oEvent) {\n\t\tvar control = oEvent.getSource();\n\t}, this],\n\tclosed: [function (oEvent) {\n\t\tvar control = oEvent.getSource();\n\t}, this],\n\topenNew: [function (oEvent) {\n\t\tvar control = oEvent.getSource();\n\t}, this],\n\topen: [function (oEvent) {\n\t\tvar control = oEvent.getSource();\n\t}, this],\n\tactionSelected: [function (oEvent) {\n\t\tvar control = oEvent.getSource();\n\t}, this],\n\tfacetSelected: [function (oEvent) {\n\t\tvar control = oEvent.getSource();\n\t}, this],\n\tfeedSubmit: [function (oEvent) {\n\t\tvar control = oEvent.getSource();\n\t}, this]\n})\n"},{"name":"sap.ui.ux3.ThingViewer","prefix":"ThingViewer","description":"ThingViewer in sap.ui.ux3","helpDescription":"ThingViewer: Same as ThingInspector but decoupled from the Overlay and the ActionBar.\nThe control can be added to a Parent container that has a defined width. The ThingViewer fill the whole container. If the parent container has no width defined the control will not work properly.","Deprecated":false,"Experimental":false,"template":"new sap.ui.ux3.ThingViewer({\n\tid: \"${id}\", // sap.ui.core.ID\n\ttitle: undefined, // string\n\ttype: undefined, // string\n\ticon: undefined, // sap.ui.core.URI\n\tsubtitle: undefined, // string\n\twidth: \"100%\", // sap.ui.core.CSSSize\n\theight: \"100%\", // sap.ui.core.CSSSize\n\theaderType: sap.ui.ux3.ThingViewerHeaderType.Standard, // sap.ui.ux3.ThingViewerHeaderType, since 1.16.3\n\theaderContent: [], // sap.ui.ux3.ThingGroup\n\tfacets: [], // sap.ui.ux3.NavigationItem\n\tfacetContent: [], // sap.ui.ux3.ThingGroup\n\tactionBar: \"\", // sap.ui.ux3.ActionBar\n\tnavBar: \"\", // sap.ui.ux3.NavigationBar\n\tselectedFacet: \"\", // sap.ui.ux3.NavigationItem\n\tfacetSelected: [function (oEvent) {\n\t\tvar control = oEvent.getSource();\n\t}, this]\n})\n"},{"name":"sap.ui.ux3.ToolPopup","prefix":"ToolPopup","description":"ToolPopup in sap.ui.ux3","helpDescription":"A pop up which the user can open from the Shell's tool pane. Generally, the starting point would be an icon.\nFor this pop up, buttons can be defined with any text; therefore, it has the same purpose and similar look like any common dialog box.\nA ToolPopup can have any content. Depending on the application type and design, the structure of the texts and input fields can be for\nexample form-like.","Deprecated":false,"Experimental":false,"template":"new sap.ui.ux3.ToolPopup({\n\tid: \"${id}\", // sap.ui.core.ID\n\ttitle: undefined, // string\n\ticon: undefined, // sap.ui.core.URI\n\ticonHover: undefined, // sap.ui.core.URI\n\ticonSelected: undefined, // sap.ui.core.URI\n\tmodal: false, // boolean\n\tinverted: true, // boolean, since 1.11.1\n\tautoClose: false, // boolean, since 1.13.2\n\tmaxHeight: undefined, // sap.ui.core.CSSSize, since 1.13.2\n\tmaxWidth: undefined, // sap.ui.core.CSSSize, since 1.15.0\n\topenDuration: 400, // int, since 1.19.0\n\tcloseDuration: 400, // int, since 1.19.0\n\tbuttons: [], // sap.ui.core.Control\n\tcontent: [], // sap.ui.core.Control\n\tinitialFocus: \"\", // sap.ui.core.Control\n\topener: \"\", // sap.ui.core.Control\n\tdefaultButton: \"\", // sap.ui.core.Control, since 1.20.1\n\topen: [function (oEvent) {\n\t\tvar control = oEvent.getSource();\n\t}, this],\n\tclose: [function (oEvent) {\n\t\tvar control = oEvent.getSource();\n\t}, this],\n\tenter: [function (oEvent) {\n\t\tvar control = oEvent.getSource();\n\t}, this],\n\ticonChanged: [function (oEvent) {\n\t\tvar control = oEvent.getSource();\n\t}, this],\n\tclosed: [function (oEvent) {\n\t\tvar control = oEvent.getSource();\n\t}, this],\n\topened: [function (oEvent) {\n\t\tvar control = oEvent.getSource();\n\t}, this] // since 1.19.0\n})\n"}]}