{"Templates":[{"name":"sap.ui.rta.ContextMenu","prefix":"ContextMenu","description":"ContextMenu in sap.ui.rta","helpDescription":"<strong style=\"color: red;\">Experimental! </strong>","Deprecated":false,"Experimental":true,"template":"new sap.ui.rta.ContextMenu({\n\tid: \"${id}\" // sap.ui.core.ID\n})\n"},{"name":"sap.ui.rta.FieldRepository","prefix":"FieldRepository","description":"FieldRepository in sap.ui.rta","helpDescription":"<strong style=\"color: red;\">Experimental! </strong>","Deprecated":false,"Experimental":true,"template":"new sap.ui.rta.FieldRepository({\n\tid: \"${id}\", // sap.ui.core.ID\n\topened: [function (oEvent) {\n\t\tvar control = oEvent.getSource();\n\t}, this],\n\tclosed: [function (oEvent) {\n\t\tvar control = oEvent.getSource();\n\t}, this],\n\topenCCF: [function (oEvent) {\n\t\tvar control = oEvent.getSource();\n\t}, this]\n})\n"},{"name":"sap.ui.rta.RuntimeAuthoring","prefix":"RuntimeAuthoring","description":"RuntimeAuthoring in sap.ui.rta","helpDescription":"<strong style=\"color: red;\">Experimental! </strong>","Deprecated":false,"Experimental":true,"template":"new sap.ui.rta.RuntimeAuthoring({\n\tid: \"${id}\", // sap.ui.core.ID\n\tcustomFieldUrl: undefined, // string\n\tshowCCF: undefined, // boolean\n\trootControl: \"\", // sap.ui.core.Control\n\tstart: [function (oEvent) {\n\t\tvar control = oEvent.getSource();\n\t}, this],\n\tstop: [function (oEvent) {\n\t\tvar control = oEvent.getSource();\n\t}, this]\n})\n"},{"name":"sap.ui.rta.ToolsMenu","prefix":"ToolsMenu","description":"ToolsMenu in sap.ui.rta","helpDescription":"<strong style=\"color: red;\">Experimental! </strong>","Deprecated":false,"Experimental":true,"template":"new sap.ui.rta.ToolsMenu({\n\tid: \"${id}\", // sap.ui.core.ID\n\ttoolbars: [], // sap.m.Toolbar\n\tclose: [function (oEvent) {\n\t\tvar control = oEvent.getSource();\n\t}, this],\n\tselectedTool: [function (oEvent) {\n\t\tvar control = oEvent.getSource();\n\t}, this]\n})\n"}]}