{"Templates":[{"name":"sap.ndc.BarcodeScannerButton","prefix":"BarcodeScannerButton","description":"BarcodeScannerButton in sap.ndc","helpDescription":"A button control (displaying a bar code icon) to start the bar code scanning process. If the native scanning feature is\nnot available, the button is either hidden or it provides a fallback by opening a dialog with an input field where the bar code can\nbe entered manually.","Deprecated":false,"Experimental":false,"template":"new sap.ndc.BarcodeScannerButton({\n\tid: \"${id}\", // sap.ui.core.ID\n\tprovideFallback: true, // boolean\n\tvisible: true, // boolean\n\t_btn: \"\", // sap.m.Button\n\tscanSuccess: [function (oEvent) {\n\t\tvar control = oEvent.getSource();\n\t}, this],\n\tscanFail: [function (oEvent) {\n\t\tvar control = oEvent.getSource();\n\t}, this],\n\tinputLiveUpdate: [function (oEvent) {\n\t\tvar control = oEvent.getSource();\n\t}, this]\n})\n"}]}