{"Templates":[{"name":"sap.me.Calendar","prefix":"Calendar","description":"Calendar in sap.me","helpDescription":"<strong style=\"color: red;\">Deprecated! </strong>Since 1.26.0 This control was experimental since 1.12. Please use the sap.ui.unified.Calendar instead!<br>This is the Calendar control","Deprecated":true,"Experimental":false,"template":"new sap.me.Calendar({\n\tid: \"${id}\", // sap.ui.core.ID\n\tvisible: true, // boolean\n\thideNavControls: false, // boolean\n\thideMonthTitles: false, // boolean\n\tmonthsPerRow: 1, // int\n\tdayWidth: 45, // int\n\tdayHeight: 50, // int\n\tweeksPerRow: 1, // int\n\tsingleRow: undefined, // boolean\n\tmonthsToDisplay: 1, // int\n\tcurrentDate: undefined, // string\n\tenableMultiselection: false, // boolean\n\tfirstDayOffset: 0, // int\n\tdisabledWeekDays: undefined, // any\n\tdisabledDates: undefined, // any\n\tswipeToNavigate: false, // boolean\n\tdesign: sap.me.CalendarDesign.Approval, // sap.me.CalendarDesign\n\tselectionMode: sap.me.CalendarSelectionMode.SINGLE, // sap.me.CalendarSelectionMode\n\twidth: \"100%\", // sap.ui.core.CSSSize\n\tdays: undefined, // any\n\tmonths: undefined, // any\n\ttapOnDate: [function (oEvent) {\n\t\tvar control = oEvent.getSource();\n\t}, this],\n\tchangeCurrentDate: [function (oEvent) {\n\t\tvar control = oEvent.getSource();\n\t}, this],\n\tchangeRange: [function (oEvent) {\n\t\tvar control = oEvent.getSource();\n\t}, this]\n})\n"},{"name":"sap.me.CalendarLegend","prefix":"CalendarLegend","description":"CalendarLegend in sap.me","helpDescription":"<strong style=\"color: red;\">Experimental! </strong>","Deprecated":false,"Experimental":true,"template":"new sap.me.CalendarLegend({\n\tid: \"${id}\", // sap.ui.core.ID\n\tlegendForType00: undefined, // string\n\tlegendForType01: undefined, // string\n\tlegendForType04: undefined, // string\n\tlegendForType06: undefined, // string\n\tlegendForType07: undefined, // string\n\tlegendForToday: undefined, // string\n\tlegendForSelected: undefined, // string\n\tlegendForSelected00: undefined, // string\n\tlegendForNormal: undefined, // string\n\texpandable: true, // boolean\n\texpanded: true, // boolean\n\twidth: \"auto\", // sap.ui.core.CSSSize\n\tlegendWidth: \"12.5rem\", // sap.ui.core.CSSSize\n\tvisible: true, // boolean\n\tdesign: sap.me.CalendarDesign.Approval, // sap.me.CalendarDesign\n\tlabels: [], // sap.m.Label\n\tcolors: [], // sap.ui.core.Control\n\ticon: \"\" // sap.ui.core.Icon\n})\n"},{"name":"sap.me.OverlapCalendar","prefix":"OverlapCalendar","description":"OverlapCalendar in sap.me","helpDescription":"<strong style=\"color: red;\">Experimental! </strong>","Deprecated":false,"Experimental":true,"template":"new sap.me.OverlapCalendar({\n\tid: \"${id}\", // sap.ui.core.ID\n\tstartDate: undefined, // string\n\tweeksPerRow: 2, // int\n\tfirstDayOffset: 0, // int\n\tshowOverlapIndicator: false, // boolean\n\tvisible: true, // boolean\n\tswipeToNavigate: true, // boolean\n\twidth: \"100%\", // sap.ui.core.CSSSize\n\tcalendarEvents: [], // sap.me.OverlapCalendarEvent\n\tcalendar: \"\", // sap.me.Calendar\n\ttypeLabels: [], // sap.m.Label\n\tnameLabels: [], // sap.m.Label\n\tendOfData: [function (oEvent) {\n\t\tvar control = oEvent.getSource();\n\t}, this],\n\tchangeDate: [function (oEvent) {\n\t\tvar control = oEvent.getSource();\n\t}, this]\n})\n"},{"name":"sap.me.OverlapCalendarEvent","prefix":"OverlapCalendarEvent","description":"OverlapCalendarEvent in sap.me","helpDescription":"<strong style=\"color: red;\">Experimental! </strong>","Deprecated":false,"Experimental":true,"template":"new sap.me.OverlapCalendarEvent({\n\tid: \"${id}\", // sap.ui.core.ID\n\tstartDay: undefined, // string\n\tendDay: undefined, // string\n\trelevant: undefined, // boolean\n\ttype: undefined, // string\n\ttypeName: undefined, // string\n\thalfDay: false, // boolean\n\trow: -1, // int\n\tname: undefined // string\n})\n"},{"name":"sap.me.ProgressIndicator","prefix":"ProgressIndicator","description":"ProgressIndicator in sap.me","helpDescription":"<strong style=\"color: red;\">Deprecated! </strong>Since 1.14 This control is replaced by sap.m.ProgressIndicator<br>Shows the progress of a process in a graphical way. The indicator can be displayed with or without numerical values.\nThe filling can be displayed in color only, or additionally with the percentage rate. The indicator status can be interactive.","Deprecated":true,"Experimental":false,"template":"new sap.me.ProgressIndicator({\n\tid: \"${id}\", // sap.ui.core.ID\n\tvisible: true, // boolean\n\tenabled: true, // boolean\n\tbarColor: sap.ui.core.BarColor.NEUTRAL, // sap.ui.core.BarColor\n\tdisplayValue: 0%, // string\n\tpercentValue: 0, // int\n\tshowValue: true, // boolean\n\twidth: \"100%\" // sap.ui.core.CSSSize\n})\n"},{"name":"sap.me.TabContainer","prefix":"TabContainer","description":"TabContainer in sap.me","helpDescription":"<strong style=\"color: red;\">Deprecated! </strong>Since 1.15.0 The functionality of this control is merged with the sap.m.IconTabBar.\nPlease use the sap.m.IconTabBar instead!\nThis control will not be supported anymore.<br>The TabContainer allow to stack 1 to 4 contents in a\nview with corresponding icons","Deprecated":true,"Experimental":false,"template":"new sap.me.TabContainer({\n\tid: \"${id}\", // sap.ui.core.ID\n\tselectedTab: undefined, // int\n\tbadgeInfo: undefined, // int\n\tbadgeNotes: undefined, // int\n\tbadgeAttachments: undefined, // int\n\tbadgePeople: undefined, // int\n\texpandable: true, // boolean\n\texpanded: true, // boolean\n\tvisible: true, // boolean\n\ttabs: [], // sap.ui.core.Icon\n\tcontentInfo: \"\", // sap.ui.core.Control\n\tcontentAttachments: \"\", // sap.ui.core.Control\n\tcontentNotes: \"\", // sap.ui.core.Control\n\tcontentPeople: \"\", // sap.ui.core.Control\n\tbadges: [], // sap.ui.core.Control\n\tselect: [function (oEvent) {\n\t\tvar control = oEvent.getSource();\n\t}, this],\n\texpand: [function (oEvent) {\n\t\tvar control = oEvent.getSource();\n\t}, this],\n\tcollapse: [function (oEvent) {\n\t\tvar control = oEvent.getSource();\n\t}, this]\n})\n"}]}