{"Templates":[{"name":"sap.ui.unified.Calendar","prefix":"Calendar","description":"Calendar in sap.ui.unified","helpDescription":"Basic Calendar.\nThis calendar is used for DatePickers","Deprecated":false,"Experimental":false,"template":"new sap.ui.unified.Calendar({\n\tid: \"${id}\", // sap.ui.core.ID\n\tintervalSelection: false, // boolean\n\tsingleSelection: true, // boolean\n\tmonths: 1, // int, since 1.28.0\n\tselectedDates: [], // sap.ui.unified.DateRange\n\tspecialDates: [], // sap.ui.unified.DateTypeRange, since 1.24.0\n\theader: \"\", // sap.ui.unified.calendar.Header\n\tmonth: [], // sap.ui.unified.calendar.Month\n\tmonthPicker: \"\", // sap.ui.unified.calendar.MonthPicker\n\tyearPicker: \"\", // sap.ui.unified.calendar.YearPicker\n\tariaLabelledBy: [], // sap.ui.core.Control, since 1.28.0\n\tselect: [function (oEvent) {\n\t\tvar control = oEvent.getSource();\n\t}, this],\n\tcancel: [function (oEvent) {\n\t\tvar control = oEvent.getSource();\n\t}, this]\n})\n"},{"name":"sap.ui.unified.CalendarDateInterval","prefix":"CalendarDateInterval","description":"CalendarDateInterval in sap.ui.unified","helpDescription":"Calendar with dates displayed in one line.","Deprecated":false,"Experimental":false,"template":"new sap.ui.unified.CalendarDateInterval({\n\tid: \"${id}\", // sap.ui.core.ID\n\tintervalSelection: false, // boolean\n\tsingleSelection: true, // boolean\n\tmonths: 1, // int, since 1.28.0\n\tstartDate: undefined, // object\n\tdays: 7, // int\n\twidth: undefined, // sap.ui.core.CSSSize\n\tselectedDates: [], // sap.ui.unified.DateRange\n\tspecialDates: [], // sap.ui.unified.DateTypeRange, since 1.24.0\n\theader: \"\", // sap.ui.unified.calendar.Header\n\tmonth: [], // sap.ui.unified.calendar.Month\n\tmonthPicker: \"\", // sap.ui.unified.calendar.MonthPicker\n\tyearPicker: \"\", // sap.ui.unified.calendar.YearPicker\n\tariaLabelledBy: [], // sap.ui.core.Control, since 1.28.0\n\tselect: [function (oEvent) {\n\t\tvar control = oEvent.getSource();\n\t}, this],\n\tcancel: [function (oEvent) {\n\t\tvar control = oEvent.getSource();\n\t}, this]\n})\n"},{"name":"sap.ui.unified.CalendarLegend","prefix":"CalendarLegend","description":"CalendarLegend in sap.ui.unified","helpDescription":"A legend for the Calendar Control. Displays special dates colors with their corresponding description. The aggregation specialDates can be set herefor.","Deprecated":false,"Experimental":false,"template":"new sap.ui.unified.CalendarLegend({\n\tid: \"${id}\", // sap.ui.core.ID\n\tcolumnWidth: \"120px\", // sap.ui.core.CSSSize\n\titems: [] // sap.ui.unified.CalendarLegendItem\n})\n"},{"name":"sap.ui.unified.CalendarLegendItem","prefix":"CalendarLegendItem","description":"CalendarLegendItem in sap.ui.unified","helpDescription":"Item to be displayed in a CalendarLegend.","Deprecated":false,"Experimental":false,"template":"new sap.ui.unified.CalendarLegendItem({\n\tid: \"${id}\", // sap.ui.core.ID\n\ttext: undefined // string\n})\n"},{"name":"sap.ui.unified.ContentSwitcher","prefix":"ContentSwitcher","description":"ContentSwitcher in sap.ui.unified","helpDescription":"<strong style=\"color: red;\">Experimental! </strong>","Deprecated":false,"Experimental":true,"template":"new sap.ui.unified.ContentSwitcher({\n\tid: \"${id}\", // sap.ui.core.ID\n\tanimation: None, // string\n\tactiveContent: 1, // int\n\tcontent1: [], // sap.ui.core.Control\n\tcontent2: [] // sap.ui.core.Control\n})\n"},{"name":"sap.ui.unified.Currency","prefix":"Currency","description":"Currency in sap.ui.unified","helpDescription":"A text view which displays currency values and aligns them at the separator","Deprecated":false,"Experimental":false,"template":"new sap.ui.unified.Currency({\n\tid: \"${id}\", // sap.ui.core.ID\n\tvalue: 0, // float\n\tcurrency: undefined, // string\n\tmaxPrecision: 3, // int\n\tuseSymbol: true // boolean\n})\n"},{"name":"sap.ui.unified.DateRange","prefix":"DateRange","description":"DateRange in sap.ui.unified","helpDescription":"Date range for use in DatePicker","Deprecated":false,"Experimental":false,"template":"new sap.ui.unified.DateRange({\n\tid: \"${id}\", // sap.ui.core.ID\n\tstartDate: undefined, // object\n\tendDate: undefined // object\n})\n"},{"name":"sap.ui.unified.DateTypeRange","prefix":"DateTypeRange","description":"DateTypeRange in sap.ui.unified","helpDescription":"Date range with calendar day type information. Used to visualize special days in the Calendar.","Deprecated":false,"Experimental":false,"template":"new sap.ui.unified.DateTypeRange({\n\tid: \"${id}\", // sap.ui.core.ID\n\tstartDate: undefined, // object\n\tendDate: undefined, // object\n\ttype: undefined // sap.ui.unified.CalendarDayType\n})\n"},{"name":"sap.ui.unified.FileUploader","prefix":"FileUploader","description":"FileUploader in sap.ui.unified","helpDescription":"The framework generates an input field and a button with text \"Browse ...\". The API supports features such as on change uploads (the upload starts immediately after a file has been selected), file uploads with explicit calls, adjustable control sizes, text display after uploads, or tooltips containing complete file paths.","Deprecated":false,"Experimental":false,"template":"new sap.ui.unified.FileUploader({\n\tid: \"${id}\", // sap.ui.core.ID\n\tvalue: \"\", // string\n\tenabled: true, // boolean\n\tuploadUrl: \"\", // sap.ui.core.URI\n\tname: undefined, // string\n\twidth: \"\", // sap.ui.core.CSSSize\n\tuploadOnChange: false, // boolean\n\tadditionalData: undefined, // string\n\tsameFilenameAllowed: false, // boolean\n\tbuttonText: undefined, // string\n\tfileType: undefined, // string[]\n\tmultiple: false, // boolean\n\tmaximumFileSize: undefined, // float\n\tmimeType: undefined, // string[]\n\tsendXHR: false, // boolean\n\tplaceholder: undefined, // string\n\tstyle: undefined, // string\n\tbuttonOnly: false, // boolean\n\tuseMultipart: true, // boolean\n\tmaximumFilenameLength: undefined, // int, since 1.24.0\n\tvalueState: sap.ui.core.ValueState.None, // sap.ui.core.ValueState, since 1.24.0\n\ticon: \"\", // sap.ui.core.URI, since 1.26.0\n\ticonHovered: \"\", // sap.ui.core.URI, since 1.26.0\n\ticonSelected: \"\", // sap.ui.core.URI, since 1.26.0\n\ticonFirst: true, // boolean, since 1.26.0\n\ticonOnly: false, // boolean, since 1.26.0\n\tparameters: [], // sap.ui.unified.FileUploaderParameter, since 1.12.2\n\theaderParameters: [], // sap.ui.unified.FileUploaderParameter\n\tchange: [function (oEvent) {\n\t\tvar control = oEvent.getSource();\n\t}, this],\n\tuploadComplete: [function (oEvent) {\n\t\tvar control = oEvent.getSource();\n\t}, this],\n\ttypeMissmatch: [function (oEvent) {\n\t\tvar control = oEvent.getSource();\n\t}, this],\n\tfileSizeExceed: [function (oEvent) {\n\t\tvar control = oEvent.getSource();\n\t}, this],\n\tfileAllowed: [function (oEvent) {\n\t\tvar control = oEvent.getSource();\n\t}, this],\n\tuploadProgress: [function (oEvent) {\n\t\tvar control = oEvent.getSource();\n\t}, this], // since 1.24.0\n\tuploadAborted: [function (oEvent) {\n\t\tvar control = oEvent.getSource();\n\t}, this], // since 1.24.0\n\tfilenameLengthExceed: [function (oEvent) {\n\t\tvar control = oEvent.getSource();\n\t}, this], // since 1.24.0\n\tuploadStart: [function (oEvent) {\n\t\tvar control = oEvent.getSource();\n\t}, this] // since 1.30.0\n})\n"},{"name":"sap.ui.unified.FileUploaderParameter","prefix":"FileUploaderParameter","description":"FileUploaderParameter in sap.ui.unified","helpDescription":"Represents a parameter for the FileUploader which is rendered as a hidden inputfield.","Deprecated":false,"Experimental":false,"template":"new sap.ui.unified.FileUploaderParameter({\n\tid: \"${id}\", // sap.ui.core.ID\n\tname: undefined, // string, since 1.12.2\n\tvalue: undefined, // string since 1.12.2\n})\n"},{"name":"sap.ui.unified.Menu","prefix":"Menu","description":"Menu in sap.ui.unified","helpDescription":"A container for menu items. When the space in the browser is not large enough to display all defined items, a scroll bar is provided.","Deprecated":false,"Experimental":false,"template":"new sap.ui.unified.Menu({\n\tid: \"${id}\", // sap.ui.core.ID\n\tenabled: true, // boolean\n\tariaDescription: undefined, // string\n\tmaxVisibleItems: 0, // int\n\tpageSize: 5, // int, since 1.25.0\n\titems: [], // sap.ui.unified.MenuItemBase\n\tariaLabelledBy: [], // sap.ui.core.Control, since 1.26.3\n\titemSelect: [function (oEvent) {\n\t\tvar control = oEvent.getSource();\n\t}, this]\n})\n"},{"name":"sap.ui.unified.MenuItem","prefix":"MenuItem","description":"MenuItem in sap.ui.unified","helpDescription":"Smallest unit in the menu hierarchy. An item can be a direct part of a menu bar, of a menu, or of a sub menu.","Deprecated":false,"Experimental":false,"template":"new sap.ui.unified.MenuItem({\n\tid: \"${id}\", // sap.ui.core.ID\n\tenabled: true, // boolean\n\tvisible: true, // boolean\n\tstartsSection: false, // boolean\n\ttext: \"\", // string\n\ticon: \"\", // sap.ui.core.URI\n\tsubmenu: \"\", // sap.ui.unified.Menu\n\tselect: [function (oEvent) {\n\t\tvar control = oEvent.getSource();\n\t}, this]\n})\n"},{"name":"sap.ui.unified.MenuItemBase","prefix":"MenuItemBase","description":"MenuItemBase in sap.ui.unified","helpDescription":"Provides the standard properties for menu items.","Deprecated":false,"Experimental":false,"template":"new sap.ui.unified.MenuItemBase({\n\tid: \"${id}\", // sap.ui.core.ID\n\tenabled: true, // boolean\n\tvisible: true, // boolean\n\tstartsSection: false, // boolean\n\tsubmenu: \"\", // sap.ui.unified.Menu\n\tselect: [function (oEvent) {\n\t\tvar control = oEvent.getSource();\n\t}, this]\n})\n"},{"name":"sap.ui.unified.MenuTextFieldItem","prefix":"MenuTextFieldItem","description":"MenuTextFieldItem in sap.ui.unified","helpDescription":"Menu item which contains an text field. This menu item is e.g. helpful for filters.\nThe aggregation 'submenu' (inherited from parent class) is not supported for this type of menu item.","Deprecated":false,"Experimental":false,"template":"new sap.ui.unified.MenuTextFieldItem({\n\tid: \"${id}\", // sap.ui.core.ID\n\tenabled: true, // boolean\n\tvisible: true, // boolean\n\tstartsSection: false, // boolean\n\tlabel: undefined, // string\n\ticon: undefined, // sap.ui.core.URI\n\tvalue: undefined, // string\n\tvalueState: sap.ui.core.ValueState.None, // sap.ui.core.ValueState\n\tsubmenu: \"\", // sap.ui.unified.Menu\n\tselect: [function (oEvent) {\n\t\tvar control = oEvent.getSource();\n\t}, this]\n})\n"},{"name":"sap.ui.unified.Shell","prefix":"Shell","description":"Shell in sap.ui.unified","helpDescription":"The shell control is meant as root control (full-screen) of an application.\nIt was build as root control of the Fiori Launchpad application and provides the basic capabilities\nfor this purpose. Do not use this control within applications which run inside the Fiori Lauchpad and\ndo not use it for other scenarios than the root control usecase.","Deprecated":false,"Experimental":false,"template":"new sap.ui.unified.Shell({\n\tid: \"${id}\", // sap.ui.core.ID\n\tshowPane: false, // boolean\n\theaderHiding: false, // boolean\n\theaderVisible: true, // boolean\n\ticon: undefined, // sap.ui.core.URI\n\tshowCurtain: undefined, // boolean\n\tshowCurtainPane: undefined, // boolean\n\tsearchVisible: true, // boolean, since 1.18\n\tcontent: [], // sap.ui.core.Control\n\tpaneContent: [], // sap.ui.core.Control\n\theader: \"\", // sap.ui.core.Control\n\tcanvasSplitContainer: \"\", // sap.ui.unified.SplitContainer\n\tcurtainSplitContainer: \"\", // sap.ui.unified.SplitContainer\n\tcurtainContent: [], // sap.ui.core.Control\n\tcurtainPaneContent: [], // sap.ui.core.Control\n\theadItems: [], // sap.ui.unified.ShellHeadItem\n\theadEndItems: [], // sap.ui.unified.ShellHeadItem\n\tsearch: \"\", // sap.ui.core.Control\n\tuser: \"\", // sap.ui.unified.ShellHeadUserItem since 1.22.0\n})\n"},{"name":"sap.ui.unified.ShellHeadItem","prefix":"ShellHeadItem","description":"ShellHeadItem in sap.ui.unified","helpDescription":"Header Action item of the Shell.","Deprecated":false,"Experimental":false,"template":"new sap.ui.unified.ShellHeadItem({\n\tid: \"${id}\", // sap.ui.core.ID\n\tstartsSection: false, // boolean\n\tshowSeparator: true, // boolean, since 1.22.5\n\tselected: false, // boolean\n\tshowMarker: false, // boolean\n\ticon: undefined, // sap.ui.core.URI\n\tvisible: true, // boolean, since 1.18\n\tariaLabelledBy: [], // sap.ui.core.Control\n\tpress: [function (oEvent) {\n\t\tvar control = oEvent.getSource();\n\t}, this]\n})\n"},{"name":"sap.ui.unified.ShellHeadUserItem","prefix":"ShellHeadUserItem","description":"ShellHeadUserItem in sap.ui.unified","helpDescription":"User Header Action Item of the Shell.","Deprecated":false,"Experimental":false,"template":"new sap.ui.unified.ShellHeadUserItem({\n\tid: \"${id}\", // sap.ui.core.ID\n\tusername: \"\", // string\n\tshowPopupIndicator: true, // boolean, since 1.27.0\n\timage: undefined, // sap.ui.core.URI\n\tariaLabelledBy: [], // sap.ui.core.Control\n\tpress: [function (oEvent) {\n\t\tvar control = oEvent.getSource();\n\t}, this]\n})\n"},{"name":"sap.ui.unified.ShellLayout","prefix":"ShellLayout","description":"ShellLayout in sap.ui.unified","helpDescription":"The shell layout is the base for the shell control which is meant as root control (full-screen) of an application.\nIt was build as root control of the Fiori Launchpad application and provides the basic capabilities\nfor this purpose. Do not use this control within applications which run inside the Fiori Lauchpad and\ndo not use it for other scenarios than the root control usecase.","Deprecated":false,"Experimental":false,"template":"new sap.ui.unified.ShellLayout({\n\tid: \"${id}\", // sap.ui.core.ID\n\tshowPane: false, // boolean\n\theaderHiding: false, // boolean\n\theaderVisible: true, // boolean\n\tcontent: [], // sap.ui.core.Control\n\tpaneContent: [], // sap.ui.core.Control\n\theader: \"\", // sap.ui.core.Control\n\tcanvasSplitContainer: \"\", // sap.ui.unified.SplitContainer\n\tcurtainSplitContainer: \"\" // sap.ui.unified.SplitContainer\n})\n"},{"name":"sap.ui.unified.ShellOverlay","prefix":"ShellOverlay","description":"ShellOverlay in sap.ui.unified","helpDescription":"ShellOverlay to be opened in front of a sap.ui.unified.Shell","Deprecated":false,"Experimental":false,"template":"new sap.ui.unified.ShellOverlay({\n\tid: \"${id}\", // sap.ui.core.ID\n\tcontent: [], // sap.ui.core.Control\n\tsearch: \"\", // sap.ui.core.Control\n\tshell: \"\", // sap.ui.unified.ShellLayout\n\tariaLabelledBy: [], // sap.ui.core.Control\n\tclosed: [function (oEvent) {\n\t\tvar control = oEvent.getSource();\n\t}, this]\n})\n"},{"name":"sap.ui.unified.SplitContainer","prefix":"SplitContainer","description":"SplitContainer in sap.ui.unified","helpDescription":"<strong style=\"color: red;\">Experimental! </strong>","Deprecated":false,"Experimental":true,"template":"new sap.ui.unified.SplitContainer({\n\tid: \"${id}\", // sap.ui.core.ID\n\tshowSecondaryContent: undefined, // boolean\n\tsecondaryContentSize: \"250px\", // sap.ui.core.CSSSize\n\tsecondaryContentWidth: \"250px\", // sap.ui.core.CSSSize\n\torientation: sap.ui.core.Orientation.Horizontal, // sap.ui.core.Orientation, since 1.22.0\n\tcontent: [], // sap.ui.core.Control\n\tsecondaryContent: [] // sap.ui.core.Control\n})\n"},{"name":"sap.ui.unified.calendar.DatesRow","prefix":"DatesRow","description":"DatesRow in sap.ui.unified","helpDescription":"renders a row of days with ItemNavigation\nThis is used inside the calendar. Not for stand alone usage\nIf used inside the calendar the properties and aggregation are directly taken from the parent\n(To not duplicate and sync DateRanges and so on...)","Deprecated":false,"Experimental":false,"template":"new sap.ui.unified.calendar.DatesRow({\n\tid: \"${id}\", // sap.ui.core.ID\n\tdate: undefined, // object\n\tintervalSelection: false, // boolean\n\tsingleSelection: true, // boolean\n\tshowHeader: false, // boolean\n\tstartDate: undefined, // object\n\tdays: 7, // int\n\tselectedDates: [], // sap.ui.unified.DateRange\n\tspecialDates: [], // sap.ui.unified.DateTypeRange\n\tariaLabelledBy: [], // sap.ui.core.Control\n\tselect: [function (oEvent) {\n\t\tvar control = oEvent.getSource();\n\t}, this],\n\tfocus: [function (oEvent) {\n\t\tvar control = oEvent.getSource();\n\t}, this]\n})\n"},{"name":"sap.ui.unified.calendar.Header","prefix":"Header","description":"Header in sap.ui.unified","helpDescription":"renders a calendar header\nThis is used inside the calendar. Not for stand alone usage","Deprecated":false,"Experimental":false,"template":"new sap.ui.unified.calendar.Header({\n\tid: \"${id}\", // sap.ui.core.ID\n\ttextButton1: undefined, // string\n\tariaLabelButton1: undefined, // string\n\ttextButton2: undefined, // string\n\tariaLabelButton2: undefined, // string\n\tenabledPrevious: true, // boolean\n\tenabledNext: true, // boolean\n\tpressPrevious: [function (oEvent) {\n\t\tvar control = oEvent.getSource();\n\t}, this],\n\tpressNext: [function (oEvent) {\n\t\tvar control = oEvent.getSource();\n\t}, this],\n\tpressButton1: [function (oEvent) {\n\t\tvar control = oEvent.getSource();\n\t}, this],\n\tpressButton2: [function (oEvent) {\n\t\tvar control = oEvent.getSource();\n\t}, this]\n})\n"},{"name":"sap.ui.unified.calendar.Month","prefix":"Month","description":"Month in sap.ui.unified","helpDescription":"renders a month with ItemNavigation\nThis is used inside the calendar. Not for stand alone usage\nIf used inside the calendar the properties and aggregation are directly taken from the parent\n(To not duplicate and sync DateRanges and so on...)","Deprecated":false,"Experimental":false,"template":"new sap.ui.unified.calendar.Month({\n\tid: \"${id}\", // sap.ui.core.ID\n\tdate: undefined, // object\n\tintervalSelection: false, // boolean\n\tsingleSelection: true, // boolean\n\tshowHeader: false, // boolean\n\tselectedDates: [], // sap.ui.unified.DateRange\n\tspecialDates: [], // sap.ui.unified.DateTypeRange\n\tariaLabelledBy: [], // sap.ui.core.Control\n\tselect: [function (oEvent) {\n\t\tvar control = oEvent.getSource();\n\t}, this],\n\tfocus: [function (oEvent) {\n\t\tvar control = oEvent.getSource();\n\t}, this]\n})\n"},{"name":"sap.ui.unified.calendar.MonthPicker","prefix":"MonthPicker","description":"MonthPicker in sap.ui.unified","helpDescription":"renders a MonthPicker with ItemNavigation\nThis is used inside the calendar. Not for stand alone usage","Deprecated":false,"Experimental":false,"template":"new sap.ui.unified.calendar.MonthPicker({\n\tid: \"${id}\", // sap.ui.core.ID\n\tmonth: 0, // int\n\tmonths: 12, // int, since 1.30.0\n\tcolumns: 3, // int, since 1.30.0\n\tselect: [function (oEvent) {\n\t\tvar control = oEvent.getSource();\n\t}, this]\n})\n"},{"name":"sap.ui.unified.calendar.YearPicker","prefix":"YearPicker","description":"YearPicker in sap.ui.unified","helpDescription":"renders a YearPicker with ItemNavigation\nThis is used inside the calendar. Not for stand alone usage","Deprecated":false,"Experimental":false,"template":"new sap.ui.unified.calendar.YearPicker({\n\tid: \"${id}\", // sap.ui.core.ID\n\tyear: 2000, // int\n\tyears: 20, // int, since 1.30.0\n\tcolumns: 4, // int, since 1.30.0\n\tselect: [function (oEvent) {\n\t\tvar control = oEvent.getSource();\n\t}, this]\n})\n"}]}