{

	"Templates" : [
	{
		"name": "sap.ushell.components.factsheet.controls.PictureTile",
		"prefix": "PictureTile,Tile",
		"description": "PictureTile in sap.ushell.components.factsheet.controls",
		"template": "new sap.ushell.components.factsheet.controls.PictureTile({\n\tid: \"${id}\", // sap.ui.core.ID\n\tbusy: false, // boolean\n\tbusyIndicatorDelay: 1000, // int\n\tvisible: true, // boolean\n\tremovable: true, // boolean\n\theight: \"32px\", // sap.ui.core.CSSSize\n\twidth: \"32px\", // sap.ui.core.CSSSize\n\ttooltip: undefined, // sap.ui.core.TooltipBase\n\tcustomData: [], // sap.ui.core.CustomData\n\tdependents: [], // sap.ui.core.Control, since 1.19\n\tcontent: undefined, // sap.ui.core.Control\n\ttileContent: undefined, // sap.ushell.components.factsheet.controls.PictureViewerItem\n\tpress: [function (oEvent) {\n\t\tvar ${control} = oEvent.getSource();\n\t}, this],\n\tpictureDelete: [function (oEvent) {\n\t\tvar ${control} = oEvent.getSource();\n\t}, this]\n})\n"
	},
	{
		"name": "sap.ushell.components.factsheet.controls.PictureViewer",
		"prefix": "PictureViewer,Viewer",
		"description": "PictureViewer in sap.ushell.components.factsheet.controls",
		"template": "new sap.ushell.components.factsheet.controls.PictureViewer({\n\tid: \"${id}\", // sap.ui.core.ID\n\tbusy: false, // boolean\n\tbusyIndicatorDelay: 1000, // int\n\tvisible: true, // boolean\n\twidth: \"100%\", // sap.ui.core.CSSSize\n\theight: \"100%\", // sap.ui.core.CSSSize\n\teditable: undefined, // boolean\n\tallowAdd: undefined, // boolean\n\ttileScaling: 0.95, // float\n\tremovable: false, // boolean\n\ttooltip: undefined, // sap.ui.core.TooltipBase\n\tcustomData: [], // sap.ui.core.CustomData\n\tdependents: [], // sap.ui.core.Control, since 1.19\n\ttiles: [], // sap.ui.core.Control\n\titems: [], // sap.ushell.components.factsheet.controls.PictureViewerItem\n\ttileMove: [function (oEvent) {\n\t\tvar ${control} = oEvent.getSource();\n\t}, this],\n\ttileDelete: [function (oEvent) {\n\t\tvar ${control} = oEvent.getSource();\n\t}, this],\n\ttileAdd: [function (oEvent) {\n\t\tvar ${control} = oEvent.getSource();\n\t}, this],\n\tpictureDeleted: [function (oEvent) {\n\t\tvar ${control} = oEvent.getSource();\n\t}, this]\n})\n"
	},
	{
		"name": "sap.ushell.components.factsheet.controls.PictureViewerItem",
		"prefix": "PictureViewerItem,Item",
		"description": "PictureViewerItem in sap.ushell.components.factsheet.controls",
		"template": "new sap.ushell.components.factsheet.controls.PictureViewerItem({\n\tid: \"${id}\", // sap.ui.core.ID\n\tbusy: false, // boolean\n\tbusyIndicatorDelay: 1000, // int\n\tvisible: true, // boolean\n\tsrc: undefined, // string\n\ttooltip: undefined, // sap.ui.core.TooltipBase\n\tcustomData: [], // sap.ui.core.CustomData\n\tdependents: [], // sap.ui.core.Control, since 1.19\n\timage: undefined // sap.m.Image\n})\n"
	},
	{
		"name": "sap.ushell.ui.footerbar.AboutButton",
		"prefix": "AboutButton,Button",
		"description": "AboutButton in sap.ushell.ui.footerbar",
		"template": "new sap.ushell.ui.footerbar.AboutButton({\n\tid: \"${id}\", // sap.ui.core.ID\n\tbusy: false, // boolean\n\tbusyIndicatorDelay: 1000, // int\n\tvisible: true, // boolean\n\ttext: undefined, // string\n\ttype: sap.m.ButtonType.Default, // sap.m.ButtonType\n\twidth: undefined, // sap.ui.core.CSSSize\n\tenabled: true, // boolean\n\ticon: undefined, // sap.ui.core.URI\n\ticonFirst: true, // boolean\n\tactiveIcon: undefined, // sap.ui.core.URI\n\ticonDensityAware: true, // boolean\n\ttextDirection: sap.ui.core.TextDirection.Inherit, // sap.ui.core.TextDirection, since 1.28.0\n\ttooltip: undefined, // sap.ui.core.TooltipBase\n\tcustomData: [], // sap.ui.core.CustomData\n\tdependents: [], // sap.ui.core.Control, since 1.19\n\tariaDescribedBy: [], // sap.ui.core.Control\n\tariaLabelledBy: [], // sap.ui.core.Control\n\ttap: [function (oEvent) {\n\t\tvar ${control} = oEvent.getSource();\n\t}, this],\n\tpress: [function (oEvent) {\n\t\tvar ${control} = oEvent.getSource();\n\t}, this]\n})\n"
	},
	{
		"name": "sap.ushell.ui.footerbar.AddBookmarkButton",
		"prefix": "AddBookmarkButton,Button",
		"description": "AddBookmarkButton in sap.ushell.ui.footerbar",
		"template": "new sap.ushell.ui.footerbar.AddBookmarkButton({\n\tid: \"${id}\", // sap.ui.core.ID\n\tbusy: false, // boolean\n\tbusyIndicatorDelay: 1000, // int\n\tvisible: true, // boolean\n\ttext: undefined, // string\n\ttype: sap.m.ButtonType.Default, // sap.m.ButtonType\n\twidth: undefined, // sap.ui.core.CSSSize\n\tenabled: true, // boolean\n\ticon: undefined, // sap.ui.core.URI\n\ticonFirst: true, // boolean\n\tactiveIcon: undefined, // sap.ui.core.URI\n\ticonDensityAware: true, // boolean\n\ttextDirection: sap.ui.core.TextDirection.Inherit, // sap.ui.core.TextDirection, since 1.28.0\n\tbeforePressHandler: undefined, // any\n\tafterPressHandler: undefined, // any\n\tappData: undefined, // object\n\ttooltip: undefined, // sap.ui.core.TooltipBase\n\tcustomData: [], // sap.ui.core.CustomData\n\tdependents: [], // sap.ui.core.Control, since 1.19\n\tariaDescribedBy: [], // sap.ui.core.Control\n\tariaLabelledBy: [], // sap.ui.core.Control\n\ttap: [function (oEvent) {\n\t\tvar ${control} = oEvent.getSource();\n\t}, this],\n\tpress: [function (oEvent) {\n\t\tvar ${control} = oEvent.getSource();\n\t}, this]\n})\n"
	},
	{
		"name": "sap.ushell.ui.footerbar.ContactSupportButton",
		"prefix": "ContactSupportButton,Button",
		"description": "ContactSupportButton in sap.ushell.ui.footerbar",
		"template": "new sap.ushell.ui.footerbar.ContactSupportButton({\n\tid: \"${id}\", // sap.ui.core.ID\n\tbusy: false, // boolean\n\tbusyIndicatorDelay: 1000, // int\n\tvisible: true, // boolean\n\ttext: undefined, // string\n\ttype: sap.m.ButtonType.Default, // sap.m.ButtonType\n\twidth: undefined, // sap.ui.core.CSSSize\n\tenabled: true, // boolean\n\ticon: undefined, // sap.ui.core.URI\n\ticonFirst: true, // boolean\n\tactiveIcon: undefined, // sap.ui.core.URI\n\ticonDensityAware: true, // boolean\n\ttextDirection: sap.ui.core.TextDirection.Inherit, // sap.ui.core.TextDirection, since 1.28.0\n\ttooltip: undefined, // sap.ui.core.TooltipBase\n\tcustomData: [], // sap.ui.core.CustomData\n\tdependents: [], // sap.ui.core.Control, since 1.19\n\tariaDescribedBy: [], // sap.ui.core.Control\n\tariaLabelledBy: [], // sap.ui.core.Control\n\ttap: [function (oEvent) {\n\t\tvar ${control} = oEvent.getSource();\n\t}, this],\n\tpress: [function (oEvent) {\n\t\tvar ${control} = oEvent.getSource();\n\t}, this]\n})\n"
	},
	{
		"name": "sap.ushell.ui.footerbar.EndUserFeedback",
		"prefix": "EndUserFeedback,Feedback",
		"description": "EndUserFeedback in sap.ushell.ui.footerbar",
		"template": "new sap.ushell.ui.footerbar.EndUserFeedback({\n\tid: \"${id}\", // sap.ui.core.ID\n\tbusy: false, // boolean\n\tbusyIndicatorDelay: 1000, // int\n\tvisible: true, // boolean\n\ttext: undefined, // string\n\ttype: sap.m.ButtonType.Default, // sap.m.ButtonType\n\twidth: undefined, // sap.ui.core.CSSSize\n\tenabled: true, // boolean\n\ticon: undefined, // sap.ui.core.URI\n\ticonFirst: true, // boolean\n\tactiveIcon: undefined, // sap.ui.core.URI\n\ticonDensityAware: true, // boolean\n\ttextDirection: sap.ui.core.TextDirection.Inherit, // sap.ui.core.TextDirection, since 1.28.0\n\tshowAnonymous: true, // boolean\n\tshowLegalAgreement: true, // boolean\n\tshowCustomUIContent: true, // boolean\n\tfeedbackDialogTitle: undefined, // string\n\ttextAreaPlaceholder: undefined, // string\n\ttooltip: undefined, // sap.ui.core.TooltipBase\n\tcustomData: [], // sap.ui.core.CustomData\n\tdependents: [], // sap.ui.core.Control, since 1.19\n\tcustomUIContent: [], // sap.ui.core.Control\n\tariaDescribedBy: [], // sap.ui.core.Control\n\tariaLabelledBy: [], // sap.ui.core.Control\n\ttap: [function (oEvent) {\n\t\tvar ${control} = oEvent.getSource();\n\t}, this],\n\tpress: [function (oEvent) {\n\t\tvar ${control} = oEvent.getSource();\n\t}, this]\n})\n"
	},
	{
		"name": "sap.ushell.ui.footerbar.HideGroupsButton",
		"prefix": "HideGroupsButton,Button",
		"description": "HideGroupsButton in sap.ushell.ui.footerbar",
		"template": "new sap.ushell.ui.footerbar.HideGroupsButton({\n\tid: \"${id}\", // sap.ui.core.ID\n\tbusy: false, // boolean\n\tbusyIndicatorDelay: 1000, // int\n\tvisible: true, // boolean\n\ttext: undefined, // string\n\ttype: sap.m.ButtonType.Default, // sap.m.ButtonType\n\twidth: undefined, // sap.ui.core.CSSSize\n\tenabled: true, // boolean\n\ticon: undefined, // sap.ui.core.URI\n\ticonFirst: true, // boolean\n\tactiveIcon: undefined, // sap.ui.core.URI\n\ticonDensityAware: true, // boolean\n\ttextDirection: sap.ui.core.TextDirection.Inherit, // sap.ui.core.TextDirection, since 1.28.0\n\ttooltip: undefined, // sap.ui.core.TooltipBase\n\tcustomData: [], // sap.ui.core.CustomData\n\tdependents: [], // sap.ui.core.Control, since 1.19\n\tariaDescribedBy: [], // sap.ui.core.Control\n\tariaLabelledBy: [], // sap.ui.core.Control\n\ttap: [function (oEvent) {\n\t\tvar ${control} = oEvent.getSource();\n\t}, this],\n\tpress: [function (oEvent) {\n\t\tvar ${control} = oEvent.getSource();\n\t}, this]\n})\n"
	},
	{
		"name": "sap.ushell.ui.footerbar.JamDiscussButton",
		"prefix": "JamDiscussButton,Button",
		"description": "JamDiscussButton in sap.ushell.ui.footerbar",
		"template": "new sap.ushell.ui.footerbar.JamDiscussButton({\n\tid: \"${id}\", // sap.ui.core.ID\n\tbusy: false, // boolean\n\tbusyIndicatorDelay: 1000, // int\n\tvisible: true, // boolean\n\ttext: undefined, // string\n\ttype: sap.m.ButtonType.Default, // sap.m.ButtonType\n\twidth: undefined, // sap.ui.core.CSSSize\n\tenabled: true, // boolean\n\ticon: undefined, // sap.ui.core.URI\n\ticonFirst: true, // boolean\n\tactiveIcon: undefined, // sap.ui.core.URI\n\ticonDensityAware: true, // boolean\n\ttextDirection: sap.ui.core.TextDirection.Inherit, // sap.ui.core.TextDirection, since 1.28.0\n\tbeforePressHandler: undefined, // any\n\tafterPressHandler: undefined, // any\n\tjamData: undefined, // object\n\ttooltip: undefined, // sap.ui.core.TooltipBase\n\tcustomData: [], // sap.ui.core.CustomData\n\tdependents: [], // sap.ui.core.Control, since 1.19\n\tariaDescribedBy: [], // sap.ui.core.Control\n\tariaLabelledBy: [], // sap.ui.core.Control\n\ttap: [function (oEvent) {\n\t\tvar ${control} = oEvent.getSource();\n\t}, this],\n\tpress: [function (oEvent) {\n\t\tvar ${control} = oEvent.getSource();\n\t}, this]\n})\n"
	},
	{
		"name": "sap.ushell.ui.footerbar.JamShareButton",
		"prefix": "JamShareButton,Button",
		"description": "JamShareButton in sap.ushell.ui.footerbar",
		"template": "new sap.ushell.ui.footerbar.JamShareButton({\n\tid: \"${id}\", // sap.ui.core.ID\n\tbusy: false, // boolean\n\tbusyIndicatorDelay: 1000, // int\n\tvisible: true, // boolean\n\ttext: undefined, // string\n\ttype: sap.m.ButtonType.Default, // sap.m.ButtonType\n\twidth: undefined, // sap.ui.core.CSSSize\n\tenabled: true, // boolean\n\ticon: undefined, // sap.ui.core.URI\n\ticonFirst: true, // boolean\n\tactiveIcon: undefined, // sap.ui.core.URI\n\ticonDensityAware: true, // boolean\n\ttextDirection: sap.ui.core.TextDirection.Inherit, // sap.ui.core.TextDirection, since 1.28.0\n\tbeforePressHandler: undefined, // any\n\tafterPressHandler: undefined, // any\n\tjamData: undefined, // object\n\ttooltip: undefined, // sap.ui.core.TooltipBase\n\tcustomData: [], // sap.ui.core.CustomData\n\tdependents: [], // sap.ui.core.Control, since 1.19\n\tariaDescribedBy: [], // sap.ui.core.Control\n\tariaLabelledBy: [], // sap.ui.core.Control\n\ttap: [function (oEvent) {\n\t\tvar ${control} = oEvent.getSource();\n\t}, this],\n\tpress: [function (oEvent) {\n\t\tvar ${control} = oEvent.getSource();\n\t}, this]\n})\n"
	},
	{
		"name": "sap.ushell.ui.footerbar.LogoutButton",
		"prefix": "LogoutButton,Button",
		"description": "LogoutButton in sap.ushell.ui.footerbar",
		"template": "new sap.ushell.ui.footerbar.LogoutButton({\n\tid: \"${id}\", // sap.ui.core.ID\n\tbusy: false, // boolean\n\tbusyIndicatorDelay: 1000, // int\n\tvisible: true, // boolean\n\ttext: undefined, // string\n\ttype: sap.m.ButtonType.Default, // sap.m.ButtonType\n\twidth: undefined, // sap.ui.core.CSSSize\n\tenabled: true, // boolean\n\ticon: undefined, // sap.ui.core.URI\n\ticonFirst: true, // boolean\n\tactiveIcon: undefined, // sap.ui.core.URI\n\ticonDensityAware: true, // boolean\n\ttextDirection: sap.ui.core.TextDirection.Inherit, // sap.ui.core.TextDirection, since 1.28.0\n\ttooltip: undefined, // sap.ui.core.TooltipBase\n\tcustomData: [], // sap.ui.core.CustomData\n\tdependents: [], // sap.ui.core.Control, since 1.19\n\tariaDescribedBy: [], // sap.ui.core.Control\n\tariaLabelledBy: [], // sap.ui.core.Control\n\ttap: [function (oEvent) {\n\t\tvar ${control} = oEvent.getSource();\n\t}, this],\n\tpress: [function (oEvent) {\n\t\tvar ${control} = oEvent.getSource();\n\t}, this]\n})\n"
	},
	{
		"name": "sap.ushell.ui.footerbar.SettingsButton",
		"prefix": "SettingsButton,Button",
		"description": "SettingsButton in sap.ushell.ui.footerbar",
		"template": "new sap.ushell.ui.footerbar.SettingsButton({\n\tid: \"${id}\", // sap.ui.core.ID\n\tbusy: false, // boolean\n\tbusyIndicatorDelay: 1000, // int\n\tvisible: true, // boolean\n\ttext: undefined, // string\n\ttype: sap.m.ButtonType.Default, // sap.m.ButtonType\n\twidth: undefined, // sap.ui.core.CSSSize\n\tenabled: true, // boolean\n\ticon: undefined, // sap.ui.core.URI\n\ticonFirst: true, // boolean\n\tactiveIcon: undefined, // sap.ui.core.URI\n\ticonDensityAware: true, // boolean\n\ttextDirection: sap.ui.core.TextDirection.Inherit, // sap.ui.core.TextDirection, since 1.28.0\n\ttooltip: undefined, // sap.ui.core.TooltipBase\n\tcustomData: [], // sap.ui.core.CustomData\n\tdependents: [], // sap.ui.core.Control, since 1.19\n\tariaDescribedBy: [], // sap.ui.core.Control\n\tariaLabelledBy: [], // sap.ui.core.Control\n\ttap: [function (oEvent) {\n\t\tvar ${control} = oEvent.getSource();\n\t}, this],\n\tpress: [function (oEvent) {\n\t\tvar ${control} = oEvent.getSource();\n\t}, this]\n})\n"
	},
	{
		"name": "sap.ushell.ui.footerbar.UserPreferencesButton",
		"prefix": "UserPreferencesButton,Button",
		"description": "UserPreferencesButton in sap.ushell.ui.footerbar",
		"template": "new sap.ushell.ui.footerbar.UserPreferencesButton({\n\tid: \"${id}\", // sap.ui.core.ID\n\tbusy: false, // boolean\n\tbusyIndicatorDelay: 1000, // int\n\tvisible: true, // boolean\n\ttext: undefined, // string\n\ttype: sap.m.ButtonType.Default, // sap.m.ButtonType\n\twidth: undefined, // sap.ui.core.CSSSize\n\tenabled: true, // boolean\n\ticon: undefined, // sap.ui.core.URI\n\ticonFirst: true, // boolean\n\tactiveIcon: undefined, // sap.ui.core.URI\n\ticonDensityAware: true, // boolean\n\ttextDirection: sap.ui.core.TextDirection.Inherit, // sap.ui.core.TextDirection, since 1.28.0\n\ttooltip: undefined, // sap.ui.core.TooltipBase\n\tcustomData: [], // sap.ui.core.CustomData\n\tdependents: [], // sap.ui.core.Control, since 1.19\n\tariaDescribedBy: [], // sap.ui.core.Control\n\tariaLabelledBy: [], // sap.ui.core.Control\n\ttap: [function (oEvent) {\n\t\tvar ${control} = oEvent.getSource();\n\t}, this],\n\tpress: [function (oEvent) {\n\t\tvar ${control} = oEvent.getSource();\n\t}, this]\n})\n"
	},
	{
		"name": "sap.ushell.ui.launchpad.DashboardGroupsContainer",
		"prefix": "DashboardGroupsContainer,Container",
		"description": "DashboardGroupsContainer in sap.ushell.ui.launchpad",
		"template": "new sap.ushell.ui.launchpad.DashboardGroupsContainer({\n\tid: \"${id}\", // sap.ui.core.ID\n\tbusy: false, // boolean\n\tbusyIndicatorDelay: 1000, // int\n\tvisible: true, // boolean\n\taccessibilityLabel: undefined, // string\n\ttooltip: undefined, // sap.ui.core.TooltipBase\n\tcustomData: [], // sap.ui.core.CustomData\n\tdependents: [], // sap.ui.core.Control, since 1.19\n\tgroups: [], // sap.ui.core.Control\n\tafterRendering: [function (oEvent) {\n\t\tvar ${control} = oEvent.getSource();\n\t}, this]\n})\n"
	},
	{
		"name": "sap.ushell.ui.launchpad.EmbeddedSupportErrorMessage",
		"prefix": "EmbeddedSupportErrorMessage,Message",
		"description": "EmbeddedSupportErrorMessage in sap.ushell.ui.launchpad",
		"template": "new sap.ushell.ui.launchpad.EmbeddedSupportErrorMessage({\n\tid: \"${id}\", // sap.ui.core.ID\n\tbusy: false, // boolean\n\tbusyIndicatorDelay: 1000, // int\n\tvisible: true, // boolean\n\ticon: undefined, // sap.ui.core.URI\n\ttitle: undefined, // string\n\tshowHeader: true, // boolean, since 1.15.1\n\ttype: sap.m.DialogType.Standard, // sap.m.DialogType\n\tstate: sap.ui.core.ValueState.None, // sap.ui.core.ValueState, since 1.11.2\n\tstretchOnPhone: false, // boolean, since 1.11.2\n\tstretch: false, // boolean, since 1.13.1\n\tcontentWidth: undefined, // sap.ui.core.CSSSize, since 1.12.1\n\tcontentHeight: undefined, // sap.ui.core.CSSSize, since 1.12.1\n\thorizontalScrolling: true, // boolean, since 1.15.1\n\tverticalScrolling: true, // boolean, since 1.15.1\n\ttooltip: undefined, // sap.ui.core.TooltipBase\n\tcustomData: [], // sap.ui.core.CustomData\n\tdependents: [], // sap.ui.core.Control, since 1.19\n\tcontent: [], // sap.ui.core.Control\n\tsubHeader: undefined, // sap.m.IBar, since 1.12.2\n\tcustomHeader: undefined, // sap.m.IBar, since 1.15.1\n\tbeginButton: undefined, // sap.m.Button, since 1.15.1\n\tendButton: undefined, // sap.m.Button, since 1.15.1\n\tbuttons: [], // sap.m.Button, since 1.21.1\n\tleftButton: undefined, // sap.m.Button\n\trightButton: undefined, // sap.m.Button\n\tinitialFocus: undefined, // sap.ui.core.Control, since 1.15.0\n\tariaDescribedBy: [], // sap.ui.core.Control\n\tbeforeOpen: [function (oEvent) {\n\t\tvar ${control} = oEvent.getSource();\n\t}, this],\n\tafterOpen: [function (oEvent) {\n\t\tvar ${control} = oEvent.getSource();\n\t}, this],\n\tbeforeClose: [function (oEvent) {\n\t\tvar ${control} = oEvent.getSource();\n\t}, this],\n\tafterClose: [function (oEvent) {\n\t\tvar ${control} = oEvent.getSource();\n\t}, this],\n\tafterClose: [function (oEvent) {\n\t\tvar ${control} = oEvent.getSource();\n\t}, this]\n})\n"
	},
	{
		"name": "sap.ushell.ui.launchpad.GroupHeaderActions",
		"prefix": "GroupHeaderActions,Actions",
		"description": "GroupHeaderActions in sap.ushell.ui.launchpad",
		"template": "new sap.ushell.ui.launchpad.GroupHeaderActions({\n\tid: \"${id}\", // sap.ui.core.ID\n\tbusy: false, // boolean\n\tbusyIndicatorDelay: 1000, // int\n\tvisible: true, // boolean\n\tisOverflow: false, // boolean\n\ttileActionModeActive: false, // boolean\n\ttooltip: undefined, // sap.ui.core.TooltipBase\n\tcustomData: [], // sap.ui.core.CustomData\n\tdependents: [], // sap.ui.core.Control, since 1.19\n\tcontent: [], // sap.ui.core.Control\n\toverflowCtrl: [], // sap.ui.core.Control\n\tafterRendering: [function (oEvent) {\n\t\tvar ${control} = oEvent.getSource();\n\t}, this]\n})\n"
	},
	{
		"name": "sap.ushell.ui.launchpad.GroupListItem",
		"prefix": "GroupListItem,Item",
		"description": "GroupListItem in sap.ushell.ui.launchpad",
		"template": "new sap.ushell.ui.launchpad.GroupListItem({\n\tid: \"${id}\", // sap.ui.core.ID\n\tbusy: false, // boolean\n\tbusyIndicatorDelay: 1000, // int\n\tvisible: true, // boolean\n\ttype: sap.m.ListType.Inactive, // sap.m.ListType\n\tvisible: true, // boolean\n\tunread: false, // boolean\n\tselected: false, // boolean\n\tcounter: undefined, // int\n\ttitle: undefined, // string\n\tdefaultGroup: false, // boolean\n\tshow: true, // boolean\n\tgroupId: undefined, // string\n\tindex: undefined, // int\n\tnumberOfTiles: 0, // int\n\tisGroupVisible: true, // boolean\n\ttooltip: undefined, // sap.ui.core.TooltipBase\n\tcustomData: [], // sap.ui.core.CustomData\n\tdependents: [], // sap.ui.core.Control, since 1.19\n\tariaLabelledBy: [], // sap.ui.core.Control, since 1.28.0\n\ttap: [function (oEvent) {\n\t\tvar ${control} = oEvent.getSource();\n\t}, this],\n\tdetailTap: [function (oEvent) {\n\t\tvar ${control} = oEvent.getSource();\n\t}, this],\n\tpress: [function (oEvent) {\n\t\tvar ${control} = oEvent.getSource();\n\t}, this],\n\tdetailPress: [function (oEvent) {\n\t\tvar ${control} = oEvent.getSource();\n\t}, this],\n\tpress: [function (oEvent) {\n\t\tvar ${control} = oEvent.getSource();\n\t}, this],\n\tafterRendering: [function (oEvent) {\n\t\tvar ${control} = oEvent.getSource();\n\t}, this]\n})\n"
	},
	{
		"name": "sap.ushell.ui.launchpad.HeaderTile",
		"prefix": "HeaderTile,Tile",
		"description": "HeaderTile in sap.ushell.ui.launchpad",
		"template": "new sap.ushell.ui.launchpad.HeaderTile({\n\tid: \"${id}\", // sap.ui.core.ID\n\tbusy: false, // boolean\n\tbusyIndicatorDelay: 1000, // int\n\tvisible: true, // boolean\n\ttall: false, // boolean\n\t\"long\": false, // boolean\n\tuuid: undefined, // string\n\ttileCatalogId: undefined, // string\n\ttarget: undefined, // string\n\tvisible: true, // boolean\n\tdebugInfo: undefined, // string\n\trgba: undefined, // string\n\tanimationRendered: false, // boolean\n\tisLocked: false, // boolean\n\tshowActionsIcon: false, // boolean\n\ttileActionModeActive: false, // boolean\n\theaderLevel: sap.m.HeaderLevel.H3, // sap.m.HeaderLevel\n\theaderText: undefined, // string\n\ttooltip: undefined, // sap.ui.core.TooltipBase\n\tcustomData: [], // sap.ui.core.CustomData\n\tdependents: [], // sap.ui.core.Control, since 1.19\n\ttileViews: [], // sap.ui.core.Control\n\tfootItems: [], // sap.ui.core.Control\n\tpress: [function (oEvent) {\n\t\tvar ${control} = oEvent.getSource();\n\t}, this],\n\tcoverDivPress: [function (oEvent) {\n\t\tvar ${control} = oEvent.getSource();\n\t}, this],\n\tafterRendering: [function (oEvent) {\n\t\tvar ${control} = oEvent.getSource();\n\t}, this]\n})\n"
	},
	{
		"name": "sap.ushell.ui.launchpad.LoadingDialog",
		"prefix": "LoadingDialog,Dialog",
		"description": "LoadingDialog in sap.ushell.ui.launchpad",
		"template": "new sap.ushell.ui.launchpad.LoadingDialog({\n\tid: \"${id}\", // sap.ui.core.ID\n\tbusy: false, // boolean\n\tbusyIndicatorDelay: 1000, // int\n\tvisible: true, // boolean\n\ttext: undefined, // string\n\ttitle: undefined, // string\n\tcustomIcon: undefined, // sap.ui.core.URI\n\tcustomIconRotationSpeed: 1000, // int\n\tcustomIconDensityAware: true, // boolean\n\tcustomIconWidth: \"30px\", // sap.ui.core.CSSSize\n\tcustomIconHeight: \"44px\", // sap.ui.core.CSSSize\n\tcancelButtonText: undefined, // string\n\tshowCancelButton: false, // boolean\n\ticonUri: undefined, // sap.ui.core.URI\n\ttooltip: undefined, // sap.ui.core.TooltipBase\n\tcustomData: [], // sap.ui.core.CustomData\n\tdependents: [], // sap.ui.core.Control, since 1.19\n\tclose: [function (oEvent) {\n\t\tvar ${control} = oEvent.getSource();\n\t}, this]\n})\n"
	},
	{
		"name": "sap.ushell.ui.launchpad.Panel",
		"prefix": "Panel",
		"description": "Panel in sap.ushell.ui.launchpad",
		"template": "new sap.ushell.ui.launchpad.Panel({\n\tid: \"${id}\", // sap.ui.core.ID\n\tbusy: false, // boolean\n\tbusyIndicatorDelay: 1000, // int\n\tvisible: true, // boolean\n\theaderText: undefined, // string\n\twidth: \"100%\", // sap.ui.core.CSSSize\n\theight: \"auto\", // sap.ui.core.CSSSize\n\texpandable: false, // boolean, since 1.22\n\texpanded: false, // boolean, since 1.22\n\texpandAnimation: true, // boolean, since 1.26\n\ttranslucent: false, // boolean\n\ttooltip: undefined, // sap.ui.core.TooltipBase\n\tcustomData: [], // sap.ui.core.CustomData\n\tdependents: [], // sap.ui.core.Control, since 1.19\n\tcontent: [], // sap.ui.core.Control\n\theaderToolbar: undefined, // sap.m.Toolbar, since 1.16\n\tinfoToolbar: undefined, // sap.m.Toolbar, since 1.16\n\theaderContent: [], // sap.ui.core.Control\n\theaderBar: undefined, // sap.m.Bar\n\texpand: [function (oEvent) {\n\t\tvar ${control} = oEvent.getSource();\n\t}, this] // since 1.22\n})\n"
	},
	{
		"name": "sap.ushell.ui.launchpad.PlusTile",
		"prefix": "PlusTile,Tile",
		"description": "PlusTile in sap.ushell.ui.launchpad",
		"template": "new sap.ushell.ui.launchpad.PlusTile({\n\tid: \"${id}\", // sap.ui.core.ID\n\tbusy: false, // boolean\n\tbusyIndicatorDelay: 1000, // int\n\tvisible: true, // boolean\n\ttall: false, // boolean\n\t\"long\": false, // boolean\n\tuuid: undefined, // string\n\ttileCatalogId: undefined, // string\n\ttarget: undefined, // string\n\tvisible: true, // boolean\n\tdebugInfo: undefined, // string\n\trgba: undefined, // string\n\tanimationRendered: false, // boolean\n\tisLocked: false, // boolean\n\tshowActionsIcon: false, // boolean\n\ttileActionModeActive: false, // boolean\n\tgroupId: \"\", // string\n\ttooltip: undefined, // sap.ui.core.TooltipBase\n\tcustomData: [], // sap.ui.core.CustomData\n\tdependents: [], // sap.ui.core.Control, since 1.19\n\ttileViews: [], // sap.ui.core.Control\n\tfootItems: [], // sap.ui.core.Control\n\tpress: [function (oEvent) {\n\t\tvar ${control} = oEvent.getSource();\n\t}, this],\n\tcoverDivPress: [function (oEvent) {\n\t\tvar ${control} = oEvent.getSource();\n\t}, this],\n\tafterRendering: [function (oEvent) {\n\t\tvar ${control} = oEvent.getSource();\n\t}, this],\n\tpress: [function (oEvent) {\n\t\tvar ${control} = oEvent.getSource();\n\t}, this]\n})\n"
	},
	{
		"name": "sap.ushell.ui.launchpad.SearchResultAppItem",
		"prefix": "SearchResultAppItem,Item",
		"description": "SearchResultAppItem in sap.ushell.ui.launchpad",
		"template": "new sap.ushell.ui.launchpad.SearchResultAppItem({\n\tid: \"${id}\", // sap.ui.core.ID\n\tbusy: false, // boolean\n\tbusyIndicatorDelay: 1000, // int\n\tvisible: true, // boolean\n\ttext: undefined, // string\n\ttype: sap.m.ButtonType.Default, // sap.m.ButtonType\n\twidth: undefined, // sap.ui.core.CSSSize\n\tenabled: true, // boolean\n\ticon: undefined, // sap.ui.core.URI\n\ticonFirst: true, // boolean\n\tactiveIcon: undefined, // sap.ui.core.URI\n\ticonDensityAware: true, // boolean\n\ttextDirection: sap.ui.core.TextDirection.Inherit, // sap.ui.core.TextDirection, since 1.28.0\n\tsearchTerm: undefined, // string\n\ttargetUrl: undefined, // sap.ui.core.URI\n\ttooltip: undefined, // sap.ui.core.TooltipBase\n\tcustomData: [], // sap.ui.core.CustomData\n\tdependents: [], // sap.ui.core.Control, since 1.19\n\tariaDescribedBy: [], // sap.ui.core.Control\n\tariaLabelledBy: [], // sap.ui.core.Control\n\ttap: [function (oEvent) {\n\t\tvar ${control} = oEvent.getSource();\n\t}, this],\n\tpress: [function (oEvent) {\n\t\tvar ${control} = oEvent.getSource();\n\t}, this]\n})\n"
	},
	{
		"name": "sap.ushell.ui.launchpad.SearchResultApps",
		"prefix": "SearchResultApps,Apps",
		"description": "SearchResultApps in sap.ushell.ui.launchpad",
		"template": "new sap.ushell.ui.launchpad.SearchResultApps({\n\tid: \"${id}\", // sap.ui.core.ID\n\tbusy: false, // boolean\n\tbusyIndicatorDelay: 1000, // int\n\tvisible: true, // boolean\n\tinset: false, // boolean\n\theaderText: undefined, // string\n\theaderDesign: sap.m.ListHeaderDesign.Standard, // sap.m.ListHeaderDesign, since 1.14\n\tfooterText: undefined, // string\n\tmode: sap.m.ListMode.None, // sap.m.ListMode\n\twidth: \"100%\", // sap.ui.core.CSSSize\n\tincludeItemInSelection: false, // boolean\n\tshowUnread: false, // boolean\n\tnoDataText: undefined, // string\n\tshowNoData: true, // boolean\n\tenableBusyIndicator: true, // boolean, since 1.20.2\n\tmodeAnimationOn: true, // boolean\n\tshowSeparators: sap.m.ListSeparators.All, // sap.m.ListSeparators\n\tswipeDirection: sap.m.SwipeDirection.Both, // sap.m.SwipeDirection\n\tgrowing: false, // boolean, since 1.16\n\tgrowingThreshold: 20, // int, since 1.16\n\tgrowingTriggerText: undefined, // string, since 1.16\n\tgrowingScrollToLoad: false, // boolean, since 1.16\n\trememberSelections: true, // boolean, since 1.16.6\n\tbackgroundDesign: sap.m.BackgroundDesign.Translucent, // sap.m.BackgroundDesign\n\tfixedLayout: true, // boolean, since 1.22\n\tshowOverlay: false, // boolean, since 1.22.1\n\tshowGrowingTrigger: true, // boolean\n\ttooltip: undefined, // sap.ui.core.TooltipBase\n\tcustomData: [], // sap.ui.core.CustomData\n\tdependents: [], // sap.ui.core.Control, since 1.19\n\titems: [], // sap.m.ListItemBase\n\tswipeContent: undefined, // sap.ui.core.Control\n\theaderToolbar: undefined, // sap.m.Toolbar, since 1.16\n\tinfoToolbar: undefined, // sap.m.Toolbar, since 1.16\n\tcolumns: [], // sap.m.Column\n\tresults: [], // sap.ui.core.Control\n\tariaLabelledBy: [], // sap.ui.core.Control, since 1.28.0\n\tselect: [function (oEvent) {\n\t\tvar ${control} = oEvent.getSource();\n\t}, this],\n\tselectionChange: [function (oEvent) {\n\t\tvar ${control} = oEvent.getSource();\n\t}, this], // since 1.16\n\t\"delete\": [function (oEvent) {\n\t\tvar ${control} = oEvent.getSource();\n\t}, this],\n\tswipe: [function (oEvent) {\n\t\tvar ${control} = oEvent.getSource();\n\t}, this],\n\tgrowingStarted: [function (oEvent) {\n\t\tvar ${control} = oEvent.getSource();\n\t}, this], // since 1.16\n\tgrowingFinished: [function (oEvent) {\n\t\tvar ${control} = oEvent.getSource();\n\t}, this], // since 1.16\n\tupdateStarted: [function (oEvent) {\n\t\tvar ${control} = oEvent.getSource();\n\t}, this], // since 1.16.3\n\tupdateFinished: [function (oEvent) {\n\t\tvar ${control} = oEvent.getSource();\n\t}, this], // since 1.16.3\n\titemPress: [function (oEvent) {\n\t\tvar ${control} = oEvent.getSource();\n\t}, this] // since 1.20\n})\n"
	},
	{
		"name": "sap.ushell.ui.launchpad.SearchSuggestionList",
		"prefix": "SearchSuggestionList,List",
		"description": "SearchSuggestionList in sap.ushell.ui.launchpad",
		"template": "new sap.ushell.ui.launchpad.SearchSuggestionList({\n\tid: \"${id}\", // sap.ui.core.ID\n\tbusy: false, // boolean\n\tbusyIndicatorDelay: 1000, // int\n\tvisible: true, // boolean\n\tinset: false, // boolean\n\theaderText: undefined, // string\n\theaderDesign: sap.m.ListHeaderDesign.Standard, // sap.m.ListHeaderDesign, since 1.14\n\tfooterText: undefined, // string\n\tmode: sap.m.ListMode.None, // sap.m.ListMode\n\twidth: \"100%\", // sap.ui.core.CSSSize\n\tincludeItemInSelection: false, // boolean\n\tshowUnread: false, // boolean\n\tnoDataText: undefined, // string\n\tshowNoData: true, // boolean\n\tenableBusyIndicator: true, // boolean, since 1.20.2\n\tmodeAnimationOn: true, // boolean\n\tshowSeparators: sap.m.ListSeparators.All, // sap.m.ListSeparators\n\tswipeDirection: sap.m.SwipeDirection.Both, // sap.m.SwipeDirection\n\tgrowing: false, // boolean, since 1.16\n\tgrowingThreshold: 20, // int, since 1.16\n\tgrowingTriggerText: undefined, // string, since 1.16\n\tgrowingScrollToLoad: false, // boolean, since 1.16\n\trememberSelections: true, // boolean, since 1.16.6\n\tbackgroundDesign: sap.m.BackgroundDesign.Solid, // sap.m.BackgroundDesign, since 1.14\n\tdisableKeyboardNavigation: false, // boolean\n\ttooltip: undefined, // sap.ui.core.TooltipBase\n\tcustomData: [], // sap.ui.core.CustomData\n\tdependents: [], // sap.ui.core.Control, since 1.19\n\titems: [], // sap.m.ListItemBase\n\tswipeContent: undefined, // sap.ui.core.Control\n\theaderToolbar: undefined, // sap.m.Toolbar, since 1.16\n\tinfoToolbar: undefined, // sap.m.Toolbar, since 1.16\n\tcolumns: [], // sap.m.Column\n\tariaLabelledBy: [], // sap.ui.core.Control, since 1.28.0\n\tselect: [function (oEvent) {\n\t\tvar ${control} = oEvent.getSource();\n\t}, this],\n\tselectionChange: [function (oEvent) {\n\t\tvar ${control} = oEvent.getSource();\n\t}, this], // since 1.16\n\t\"delete\": [function (oEvent) {\n\t\tvar ${control} = oEvent.getSource();\n\t}, this],\n\tswipe: [function (oEvent) {\n\t\tvar ${control} = oEvent.getSource();\n\t}, this],\n\tgrowingStarted: [function (oEvent) {\n\t\tvar ${control} = oEvent.getSource();\n\t}, this], // since 1.16\n\tgrowingFinished: [function (oEvent) {\n\t\tvar ${control} = oEvent.getSource();\n\t}, this], // since 1.16\n\tupdateStarted: [function (oEvent) {\n\t\tvar ${control} = oEvent.getSource();\n\t}, this], // since 1.16.3\n\tupdateFinished: [function (oEvent) {\n\t\tvar ${control} = oEvent.getSource();\n\t}, this], // since 1.16.3\n\titemPress: [function (oEvent) {\n\t\tvar ${control} = oEvent.getSource();\n\t}, this], // since 1.20\n\tpressEsc: [function (oEvent) {\n\t\tvar ${control} = oEvent.getSource();\n\t}, this],\n\tpressUpFirstItem: [function (oEvent) {\n\t\tvar ${control} = oEvent.getSource();\n\t}, this]\n})\n"
	},
	{
		"name": "sap.ushell.ui.launchpad.SearchSuggestionListItem",
		"prefix": "SearchSuggestionListItem,Item",
		"description": "SearchSuggestionListItem in sap.ushell.ui.launchpad",
		"template": "new sap.ushell.ui.launchpad.SearchSuggestionListItem({\n\tid: \"${id}\", // sap.ui.core.ID\n\tbusy: false, // boolean\n\tbusyIndicatorDelay: 1000, // int\n\tvisible: true, // boolean\n\ttype: sap.m.ListType.Inactive, // sap.m.ListType\n\tvisible: true, // boolean\n\tunread: false, // boolean\n\tselected: false, // boolean\n\tcounter: undefined, // int\n\ttext: undefined, // string\n\tisGroupFooter: false, // boolean\n\tcategorySeperator: \"/\", // string\n\tcategoryFirstSeperator: \"\", // string\n\ticon: undefined, // sap.ui.core.URI\n\tmaxCategories: 2, // int\n\tisGroupHeader: undefined, // boolean\n\ttooltip: undefined, // sap.ui.core.TooltipBase\n\tcustomData: [], // sap.ui.core.CustomData\n\tdependents: [], // sap.ui.core.Control, since 1.19\n\tcategories: [], // sap.ui.core.Control\n\tariaLabelledBy: [], // sap.ui.core.Control, since 1.28.0\n\ttap: [function (oEvent) {\n\t\tvar ${control} = oEvent.getSource();\n\t}, this],\n\tdetailTap: [function (oEvent) {\n\t\tvar ${control} = oEvent.getSource();\n\t}, this],\n\tpress: [function (oEvent) {\n\t\tvar ${control} = oEvent.getSource();\n\t}, this],\n\tdetailPress: [function (oEvent) {\n\t\tvar ${control} = oEvent.getSource();\n\t}, this],\n\tpress: [function (oEvent) {\n\t\tvar ${control} = oEvent.getSource();\n\t}, this],\n\tfocus: [function (oEvent) {\n\t\tvar ${control} = oEvent.getSource();\n\t}, this]\n})\n"
	},
	{
		"name": "sap.ushell.ui.launchpad.Tile",
		"prefix": "Tile",
		"description": "Tile in sap.ushell.ui.launchpad",
		"template": "new sap.ushell.ui.launchpad.Tile({\n\tid: \"${id}\", // sap.ui.core.ID\n\tbusy: false, // boolean\n\tbusyIndicatorDelay: 1000, // int\n\tvisible: true, // boolean\n\ttall: false, // boolean\n\t\"long\": false, // boolean\n\tuuid: undefined, // string\n\ttileCatalogId: undefined, // string\n\ttarget: undefined, // string\n\tvisible: true, // boolean\n\tdebugInfo: undefined, // string\n\trgba: undefined, // string\n\tanimationRendered: false, // boolean\n\tisLocked: false, // boolean\n\tshowActionsIcon: false, // boolean\n\ttileActionModeActive: false, // boolean\n\ttooltip: undefined, // sap.ui.core.TooltipBase\n\tcustomData: [], // sap.ui.core.CustomData\n\tdependents: [], // sap.ui.core.Control, since 1.19\n\ttileViews: [], // sap.ui.core.Control\n\tfootItems: [], // sap.ui.core.Control\n\tpress: [function (oEvent) {\n\t\tvar ${control} = oEvent.getSource();\n\t}, this],\n\tcoverDivPress: [function (oEvent) {\n\t\tvar ${control} = oEvent.getSource();\n\t}, this],\n\tafterRendering: [function (oEvent) {\n\t\tvar ${control} = oEvent.getSource();\n\t}, this]\n})\n"
	},
	{
		"name": "sap.ushell.ui.launchpad.TileContainer",
		"prefix": "TileContainer,Container",
		"description": "TileContainer in sap.ushell.ui.launchpad",
		"template": "new sap.ushell.ui.launchpad.TileContainer({\n\tid: \"${id}\", // sap.ui.core.ID\n\tbusy: false, // boolean\n\tbusyIndicatorDelay: 1000, // int\n\tvisible: true, // boolean\n\tscrollType: \"item\", // string\n\tanimationSpeed: 500, // int\n\tgroupId: undefined, // string\n\tshowHeader: true, // boolean\n\tshowPlaceholder: true, // boolean\n\tdefaultGroup: false, // boolean\n\tisLastGroup: false, // boolean\n\theaderText: undefined, // string\n\theaderLevel: sap.m.HeaderLevel.H2, // sap.m.HeaderLevel\n\tgroupHeaderLevel: sap.m.HeaderLevel.H4, // sap.m.HeaderLevel\n\tshowGroupHeader: true, // boolean\n\tvisible: true, // boolean\n\tsortable: true, // boolean\n\tshowNoData: false, // boolean\n\tnoDataText: undefined, // string\n\tisGroupLocked: undefined, // boolean\n\teditMode: false, // boolean\n\tshowBackground: false, // boolean\n\ticon: \"sap-icon://locked\", // string\n\tshowIcon: false, // boolean\n\tdeluminate: false, // boolean\n\tshowMobileActions: false, // boolean\n\tenableHelp: false, // boolean\n\ttileActionModeActive: false, // boolean\n\tshowDragIndicator: false, // boolean\n\ttooltip: undefined, // sap.ui.core.TooltipBase\n\tcustomData: [], // sap.ui.core.CustomData\n\tdependents: [], // sap.ui.core.Control, since 1.19\n\ttiles: [], // sap.ushell.ui.launchpad.Tile\n\tbeforeContent: [], // sap.ui.core.Control\n\tafterContent: [], // sap.ui.core.Control\n\tfooterContent: [], // sap.ui.core.Control\n\theaderActions: [], // sap.ui.core.Control\n\tafterRendering: [function (oEvent) {\n\t\tvar ${control} = oEvent.getSource();\n\t}, this],\n\tadd: [function (oEvent) {\n\t\tvar ${control} = oEvent.getSource();\n\t}, this],\n\ttitleChange: [function (oEvent) {\n\t\tvar ${control} = oEvent.getSource();\n\t}, this]\n})\n"
	},
	{
		"name": "sap.ushell.ui.launchpad.TileState",
		"prefix": "TileState,State",
		"description": "TileState in sap.ushell.ui.launchpad",
		"template": "new sap.ushell.ui.launchpad.TileState({\n\tid: \"${id}\", // sap.ui.core.ID\n\tbusy: false, // boolean\n\tbusyIndicatorDelay: 1000, // int\n\tvisible: true, // boolean\n\tstate: \"Loaded\", // string\n\ttooltip: undefined, // sap.ui.core.TooltipBase\n\tcustomData: [], // sap.ui.core.CustomData\n\tdependents: [] // sap.ui.core.Control, since 1.19\n})\n"
	},
	{
		"name": "sap.ushell.ui.shell.ActionButton",
		"prefix": "ActionButton,Button",
		"description": "ActionButton in sap.ushell.ui.shell",
		"template": "new sap.ushell.ui.shell.ActionButton({\n\tid: \"${id}\", // sap.ui.core.ID\n\tbusy: false, // boolean\n\tbusyIndicatorDelay: 1000, // int\n\tvisible: true, // boolean\n\ttext: undefined, // string\n\ttype: sap.m.ButtonType.Default, // sap.m.ButtonType\n\twidth: undefined, // sap.ui.core.CSSSize\n\tenabled: true, // boolean\n\ticon: undefined, // sap.ui.core.URI\n\ticonFirst: true, // boolean\n\tactiveIcon: undefined, // sap.ui.core.URI\n\ticonDensityAware: true, // boolean\n\ttextDirection: sap.ui.core.TextDirection.Inherit, // sap.ui.core.TextDirection, since 1.28.0\n\ttooltip: undefined, // sap.ui.core.TooltipBase\n\tcustomData: [], // sap.ui.core.CustomData\n\tdependents: [], // sap.ui.core.Control, since 1.19\n\tariaDescribedBy: [], // sap.ui.core.Control\n\tariaLabelledBy: [], // sap.ui.core.Control\n\ttap: [function (oEvent) {\n\t\tvar ${control} = oEvent.getSource();\n\t}, this],\n\tpress: [function (oEvent) {\n\t\tvar ${control} = oEvent.getSource();\n\t}, this]\n})\n"
	},
	{
		"name": "sap.ushell.ui.tile.DynamicTile",
		"prefix": "DynamicTile,Tile",
		"description": "DynamicTile in sap.ushell.ui.tile",
		"template": "new sap.ushell.ui.tile.DynamicTile({\n\tid: \"${id}\", // sap.ui.core.ID\n\tbusy: false, // boolean\n\tbusyIndicatorDelay: 1000, // int\n\tvisible: true, // boolean\n\ttitle: undefined, // string\n\tsubtitle: undefined, // string\n\ticon: undefined, // string\n\tinfo: undefined, // string\n\tinfoState: sap.ushell.ui.tile.State.Neutral, // sap.ushell.ui.tile.State\n\ttargetURL: undefined, // string\n\thighlightTerms: [], // any\n\tnumberValue: \"0.0\", // string\n\tnumberState: sap.ushell.ui.tile.State.Neutral, // sap.ushell.ui.tile.State\n\tnumberUnit: undefined, // string\n\tnumberDigits: 0, // int\n\tstateArrow: sap.ushell.ui.tile.StateArrow.None, // sap.ushell.ui.tile.StateArrow\n\tnumberFactor: undefined, // string\n\ttooltip: undefined, // sap.ui.core.TooltipBase\n\tcustomData: [], // sap.ui.core.CustomData\n\tdependents: [], // sap.ui.core.Control, since 1.19\n\tcontent: [], // sap.ui.core.Control\n\tpress: [function (oEvent) {\n\t\tvar ${control} = oEvent.getSource();\n\t}, this]\n})\n"
	},
	{
		"name": "sap.ushell.ui.tile.ImageTile",
		"prefix": "ImageTile,Tile",
		"description": "ImageTile in sap.ushell.ui.tile",
		"template": "new sap.ushell.ui.tile.ImageTile({\n\tid: \"${id}\", // sap.ui.core.ID\n\tbusy: false, // boolean\n\tbusyIndicatorDelay: 1000, // int\n\tvisible: true, // boolean\n\ttitle: undefined, // string\n\tsubtitle: undefined, // string\n\ticon: undefined, // string\n\tinfo: undefined, // string\n\tinfoState: sap.ushell.ui.tile.State.Neutral, // sap.ushell.ui.tile.State\n\ttargetURL: undefined, // string\n\thighlightTerms: [], // any\n\timageSource: undefined, // string\n\ttooltip: undefined, // sap.ui.core.TooltipBase\n\tcustomData: [], // sap.ui.core.CustomData\n\tdependents: [], // sap.ui.core.Control, since 1.19\n\tcontent: [], // sap.ui.core.Control\n\tpress: [function (oEvent) {\n\t\tvar ${control} = oEvent.getSource();\n\t}, this]\n})\n"
	},
	{
		"name": "sap.ushell.ui.tile.StaticTile",
		"prefix": "StaticTile,Tile",
		"description": "StaticTile in sap.ushell.ui.tile",
		"template": "new sap.ushell.ui.tile.StaticTile({\n\tid: \"${id}\", // sap.ui.core.ID\n\tbusy: false, // boolean\n\tbusyIndicatorDelay: 1000, // int\n\tvisible: true, // boolean\n\ttitle: undefined, // string\n\tsubtitle: undefined, // string\n\ticon: undefined, // string\n\tinfo: undefined, // string\n\tinfoState: sap.ushell.ui.tile.State.Neutral, // sap.ushell.ui.tile.State\n\ttargetURL: undefined, // string\n\thighlightTerms: [], // any\n\ttooltip: undefined, // sap.ui.core.TooltipBase\n\tcustomData: [], // sap.ui.core.CustomData\n\tdependents: [], // sap.ui.core.Control, since 1.19\n\tcontent: [], // sap.ui.core.Control\n\tpress: [function (oEvent) {\n\t\tvar ${control} = oEvent.getSource();\n\t}, this]\n})\n"
	},
	{
		"name": "sap.ushell.ui.tile.TileBase",
		"prefix": "TileBase,Base",
		"description": "TileBase in sap.ushell.ui.tile",
		"template": "new sap.ushell.ui.tile.TileBase({\n\tid: \"${id}\", // sap.ui.core.ID\n\tbusy: false, // boolean\n\tbusyIndicatorDelay: 1000, // int\n\tvisible: true, // boolean\n\ttitle: undefined, // string\n\tsubtitle: undefined, // string\n\ticon: undefined, // string\n\tinfo: undefined, // string\n\tinfoState: sap.ushell.ui.tile.State.Neutral, // sap.ushell.ui.tile.State\n\ttargetURL: undefined, // string\n\thighlightTerms: [], // any\n\ttooltip: undefined, // sap.ui.core.TooltipBase\n\tcustomData: [], // sap.ui.core.CustomData\n\tdependents: [], // sap.ui.core.Control, since 1.19\n\tcontent: [], // sap.ui.core.Control\n\tpress: [function (oEvent) {\n\t\tvar ${control} = oEvent.getSource();\n\t}, this]\n})\n"
	}
]
}