{"Templates":[{"name":"sap.ui.demokit.CodeSampleContainer","prefix":"CodeSampleContainer","description":"CodeSampleContainer in sap.ui.demokit","helpDescription":"A container for both the source and the runtime results of a CodeSample. By default, only the runtime results are shown. There are additional controls that allow the user to display the source, modify and run it.\n\nThe container provides a sub container that can be used in calls to sap.ui.setRoot() as if it would be a normal UIArea. So the sample code doesn't have to know that it runs in a CodeSample container.","Deprecated":false,"Experimental":false,"template":"new sap.ui.demokit.CodeSampleContainer({\n\tid: \"${id}\", // sap.ui.core.ID\n\tscriptElementId: undefined, // string\n\tuiAreaId: undefined, // string\n\ttitle: undefined, // string\n\tsourceVisible: false, // boolean\n\twidth: \"90%\", // sap.ui.core.CSSSize\n\t_uiarea: \"\", // sap.ui.demokit.UIAreaSubstitute\n\tapply: [function (oEvent) {\n\t\tvar control = oEvent.getSource();\n\t}, this]\n})\n"},{"name":"sap.ui.demokit.CodeViewer","prefix":"CodeViewer","description":"CodeViewer in sap.ui.demokit","helpDescription":"Shows a piece of (Javascript) code and allows to edit it","Deprecated":false,"Experimental":false,"template":"new sap.ui.demokit.CodeViewer({\n\tid: \"${id}\", // sap.ui.core.ID\n\tsource: undefined, // string\n\twidth: undefined, // sap.ui.core.CSSSize\n\theight: undefined, // sap.ui.core.CSSSize\n\teditable: false, // boolean\n\tvisible: true, // boolean\n\tpress: [function (oEvent) {\n\t\tvar control = oEvent.getSource();\n\t}, this],\n\tsave: [function (oEvent) {\n\t\tvar control = oEvent.getSource();\n\t}, this]\n})\n"},{"name":"sap.ui.demokit.FileUploadIntrospector","prefix":"FileUploadIntrospector","description":"FileUploadIntrospector in sap.ui.demokit","helpDescription":"Control that allows to monitor uploaded files in a demo scenario. This is not a general purpose monitor but only works with the demo fileupload service.","Deprecated":false,"Experimental":false,"template":"new sap.ui.demokit.FileUploadIntrospector({\n\tid: \"${id}\", // sap.ui.core.ID\n\tuploadUrl: undefined, // string\n\tautoRefreshInterval: 0, // string\n\theight: undefined, // sap.ui.core.CSSSize\n\twidth: undefined // sap.ui.core.CSSSize\n})\n"},{"name":"sap.ui.demokit.HexagonButton","prefix":"HexagonButton","description":"HexagonButton in sap.ui.demokit","helpDescription":"A custom button with a 'hexagon' shape","Deprecated":false,"Experimental":false,"template":"new sap.ui.demokit.HexagonButton({\n\tid: \"${id}\", // sap.ui.core.ID\n\ticon: undefined, // string\n\tcolor: blue, // string\n\tposition: undefined, // string\n\tenabled: true, // boolean\n\timagePosition: undefined, // string\n\tpress: [function (oEvent) {\n\t\tvar control = oEvent.getSource();\n\t}, this]\n})\n"},{"name":"sap.ui.demokit.HexagonButtonGroup","prefix":"HexagonButtonGroup","description":"HexagonButtonGroup in sap.ui.demokit","helpDescription":"A group of HexagonButtons, aligned in a packed grid","Deprecated":false,"Experimental":false,"template":"new sap.ui.demokit.HexagonButtonGroup({\n\tid: \"${id}\", // sap.ui.core.ID\n\tcolspan: 3, // int\n\tbuttons: [] // sap.ui.demokit.HexagonButton\n})\n"},{"name":"sap.ui.demokit.IndexLayout","prefix":"IndexLayout","description":"IndexLayout in sap.ui.demokit","helpDescription":"<strong style=\"color: red;\">Experimental! </strong>","Deprecated":false,"Experimental":true,"template":"new sap.ui.demokit.IndexLayout({\n\tid: \"${id}\", // sap.ui.core.ID\n\titemWidth: \"200px\", // sap.ui.core.CSSSize\n\titemHeight: \"200px\", // sap.ui.core.CSSSize\n\tenableScaling: true, // boolean\n\tcontent: [] // sap.ui.core.Control\n})\n"},{"name":"sap.ui.demokit.Tag","prefix":"Tag","description":"Tag in sap.ui.demokit","helpDescription":"A Tag in a TagCloud","Deprecated":false,"Experimental":false,"template":"new sap.ui.demokit.Tag({\n\tid: \"${id}\", // sap.ui.core.ID\n\ttext: undefined, // string\n\tweight: 1 // int\n})\n"},{"name":"sap.ui.demokit.TagCloud","prefix":"TagCloud","description":"TagCloud in sap.ui.demokit","helpDescription":"A simple TagCloud representing a set of weighted tags","Deprecated":false,"Experimental":false,"template":"new sap.ui.demokit.TagCloud({\n\tid: \"${id}\", // sap.ui.core.ID\n\tmaxFontSize: 30, // int\n\tminFontSize: 10, // int\n\ttags: [], // sap.ui.demokit.Tag\n\tpress: [function (oEvent) {\n\t\tvar control = oEvent.getSource();\n\t}, this]\n})\n"},{"name":"sap.ui.demokit.UI5EntityCueCard","prefix":"UI5EntityCueCard","description":"UI5EntityCueCard in sap.ui.demokit","helpDescription":"Displays documentation for a UI5 entity (control or type).\n\nThe documentation will be read from a UI5 metamodel file that by default is loaded from the same resource location\nwhere the control or type would be loaded from (using the UI5 resource loading). This control displays all properties,\naggregations, associations, events and methods that are described in the metamodel. For each part, it lists the name,\ntype (where applicable) and documentation. If the navigable property is set to true, all types are shown as links\nand when pressed, the navigate event is fired. This allows consumers to react on a user click on such a type\n(and to e.g. navigate to the underlying type of a property or aggregation)","Deprecated":false,"Experimental":false,"template":"new sap.ui.demokit.UI5EntityCueCard({\n\tid: \"${id}\", // sap.ui.core.ID\n\tcollapsible: true, // boolean\n\texpanded: false, // boolean\n\tnavigable: false, // boolean\n\tentityName: undefined, // string\n\tstyle: undefined, // sap.ui.demokit.UI5EntityCueCardStyle\n\tnavigate: [function (oEvent) {\n\t\tvar control = oEvent.getSource();\n\t}, this]\n})\n"},{"name":"sap.ui.demokit.UIAreaSubstitute","prefix":"UIAreaSubstitute","description":"UIAreaSubstitute in sap.ui.demokit","helpDescription":"A substitute for an UIArea that can be embedded in the control tree.","Deprecated":false,"Experimental":false,"template":"new sap.ui.demokit.UIAreaSubstitute({\n\tid: \"${id}\", // sap.ui.core.ID\n\tcontent: [] // sap.ui.core.Control\n})\n"}]}