{"Templates":[{"name":"sap.ui.commons.Accordion","prefix":"Accordion","description":"Accordion in sap.ui.commons","helpDescription":"Contains N sections which act as containers for any library controls","Deprecated":false,"Experimental":false,"template":"new sap.ui.commons.Accordion({\n\tid: \"${id}\", // sap.ui.core.ID\n\twidth: \"200px\", // sap.ui.core.CSSSize\n\topenedSectionsId: undefined, // string\n\tsections: [], // sap.ui.commons.AccordionSection\n\tsectionOpen: [function (oEvent) {\n\t\tvar control = oEvent.getSource();\n\t}, this],\n\tsectionClose: [function (oEvent) {\n\t\tvar control = oEvent.getSource();\n\t}, this],\n\tsectionsReorder: [function (oEvent) {\n\t\tvar control = oEvent.getSource();\n\t}, this]\n})\n"},{"name":"sap.ui.commons.AccordionSection","prefix":"AccordionSection","description":"AccordionSection in sap.ui.commons","helpDescription":"Represents a panel which is a container for other controls. The container does not have any layout function.","Deprecated":false,"Experimental":false,"template":"new sap.ui.commons.AccordionSection({\n\tid: \"${id}\", // sap.ui.core.ID\n\tmaxHeight: undefined, // sap.ui.core.CSSSize\n\tenabled: true, // boolean\n\tcollapsed: false, // boolean\n\ttitle: undefined, // string\n\tcontent: [], // sap.ui.core.Control\n\tscroll: [function (oEvent) {\n\t\tvar control = oEvent.getSource();\n\t}, this]\n})\n"},{"name":"sap.ui.commons.ApplicationHeader","prefix":"ApplicationHeader","description":"ApplicationHeader in sap.ui.commons","helpDescription":"The application header control stands on the top of any application page. It consists basically of 4 areas. Logo area/Function area provided by application/Search area/Logout area","Deprecated":false,"Experimental":false,"template":"new sap.ui.commons.ApplicationHeader({\n\tid: \"${id}\", // sap.ui.core.ID\n\tlogoSrc: undefined, // sap.ui.core.URI\n\tlogoText: undefined, // string\n\tdisplayLogoff: true, // boolean\n\tuserName: undefined, // string\n\tdisplayWelcome: true, // boolean\n\tlogoff: [function (oEvent) {\n\t\tvar control = oEvent.getSource();\n\t}, this]\n})\n"},{"name":"sap.ui.commons.Area","prefix":"Area","description":"Area in sap.ui.commons","helpDescription":"Used for defining areas in an image map. At runtime, the user can trigger an action, or start a URL, from the single image areas.","Deprecated":false,"Experimental":false,"template":"new sap.ui.commons.Area({\n\tid: \"${id}\", // sap.ui.core.ID\n\tshape: undefined, // string\n\tcoords: undefined, // string\n\thref: undefined, // sap.ui.core.URI\n\talt: undefined // string\n})\n"},{"name":"sap.ui.commons.AutoComplete","prefix":"AutoComplete","description":"AutoComplete in sap.ui.commons","helpDescription":"\nTextfield with list based text completion.","Deprecated":false,"Experimental":false,"template":"new sap.ui.commons.AutoComplete({\n\tid: \"${id}\", // sap.ui.core.ID\n\tvalue: \"\", // string\n\ttextDirection: sap.ui.core.TextDirection.Inherit, // sap.ui.core.TextDirection\n\tenabled: true, // boolean\n\teditable: true, // boolean\n\trequired: false, // boolean\n\twidth: undefined, // sap.ui.core.CSSSize\n\tmaxLength: 0, // int\n\tvalueState: sap.ui.core.ValueState.None, // sap.ui.core.ValueState\n\ttextAlign: sap.ui.core.TextAlign.Begin, // sap.ui.core.TextAlign\n\timeMode: sap.ui.core.ImeMode.Auto, // sap.ui.core.ImeMode\n\tdesign: sap.ui.core.Design.Standard, // sap.ui.core.Design\n\thelpId: \"\", // string\n\taccessibleRole: sap.ui.core.AccessibleRole.Textbox, // sap.ui.core.AccessibleRole\n\tname: undefined, // string\n\tplaceholder: undefined, // string, since 1.14.0\n\tmaxPopupItems: 10, // int\n\tdisplaySecondaryValues: false, // boolean\n\tselectedKey: undefined, // string\n\tselectedItemId: undefined, // string\n\tenableScrolling: true, // boolean\n\titems: [], // sap.ui.core.ListItem\n\tmyListBox: \"\", // sap.ui.commons.ListBox\n\tariaDescribedBy: [], // sap.ui.core.Control\n\tariaLabelledBy: [], // sap.ui.core.Control\n\tlistBox: \"\", // sap.ui.commons.ListBox\n\tchange: [function (oEvent) {\n\t\tvar control = oEvent.getSource();\n\t}, this],\n\tliveChange: [function (oEvent) {\n\t\tvar control = oEvent.getSource();\n\t}, this],\n\tsuggest: [function (oEvent) {\n\t\tvar control = oEvent.getSource();\n\t}, this]\n})\n"},{"name":"sap.ui.commons.Button","prefix":"Button","description":"Button in sap.ui.commons","helpDescription":"Enables users to trigger actions such as save or print. For the button UI, you can define some text or an icon, or both.","Deprecated":false,"Experimental":false,"template":"new sap.ui.commons.Button({\n\tid: \"${id}\", // sap.ui.core.ID\n\ttext: \"\", // string\n\tenabled: true, // boolean\n\twidth: undefined, // sap.ui.core.CSSSize\n\thelpId: \"\", // string\n\ticon: \"\", // sap.ui.core.URI\n\ticonHovered: \"\", // sap.ui.core.URI\n\ticonSelected: \"\", // sap.ui.core.URI\n\ticonFirst: true, // boolean\n\theight: undefined, // sap.ui.core.CSSSize\n\tstyled: true, // boolean\n\tlite: false, // boolean\n\tstyle: sap.ui.commons.ButtonStyle.Default, // sap.ui.commons.ButtonStyle\n\tariaDescribedBy: [], // sap.ui.core.Control\n\tariaLabelledBy: [], // sap.ui.core.Control\n\tpress: [function (oEvent) {\n\t\tvar control = oEvent.getSource();\n\t}, this]\n})\n"},{"name":"sap.ui.commons.Callout","prefix":"Callout","description":"Callout in sap.ui.commons","helpDescription":"Callout is a small popup with some useful information and links that is shown when a mouse is hovered over a specific view element.","Deprecated":false,"Experimental":false,"template":"new sap.ui.commons.Callout({\n\tid: \"${id}\", // sap.ui.core.ID\n\tcontent: [], // sap.ui.core.Control\n\topen: [function (oEvent) {\n\t\tvar control = oEvent.getSource();\n\t}, this],\n\tclose: [function (oEvent) {\n\t\tvar control = oEvent.getSource();\n\t}, this],\n\tbeforeOpen: [function (oEvent) {\n\t\tvar control = oEvent.getSource();\n\t}, this],\n\topened: [function (oEvent) {\n\t\tvar control = oEvent.getSource();\n\t}, this] // since 1.11.0\n})\n"},{"name":"sap.ui.commons.CalloutBase","prefix":"CalloutBase","description":"CalloutBase in sap.ui.commons","helpDescription":"CalloutBase is a building block for Callout. Do not use it directly. Use the Callout control instead","Deprecated":false,"Experimental":false,"template":"new sap.ui.commons.CalloutBase({\n\tid: \"${id}\", // sap.ui.core.ID\n\topen: [function (oEvent) {\n\t\tvar control = oEvent.getSource();\n\t}, this],\n\tclose: [function (oEvent) {\n\t\tvar control = oEvent.getSource();\n\t}, this],\n\tbeforeOpen: [function (oEvent) {\n\t\tvar control = oEvent.getSource();\n\t}, this],\n\topened: [function (oEvent) {\n\t\tvar control = oEvent.getSource();\n\t}, this] // since 1.11.0\n})\n"},{"name":"sap.ui.commons.Carousel","prefix":"Carousel","description":"Carousel in sap.ui.commons","helpDescription":"Carousel holds multiple controls and displays them vertical or horizontal next to each other. You can define how many content items should be displayed at once or let the carousel determine that for you. Navigation is done through buttons or keys.","Deprecated":false,"Experimental":false,"template":"new sap.ui.commons.Carousel({\n\tid: \"${id}\", // sap.ui.core.ID\n\torientation: sap.ui.commons.enums.Orientation.horizontal, // sap.ui.commons.enums.Orientation\n\twidth: undefined, // sap.ui.core.CSSSize\n\theight: undefined, // sap.ui.core.CSSSize\n\tdefaultItemHeight: 150, // int\n\tdefaultItemWidth: 150, // int\n\tanimationDuration: 500, // int\n\tvisibleItems: undefined, // int\n\thandleSize: 22, // int\n\tfirstVisibleIndex: 0, // int, since 1.11.0\n\tcontent: [] // sap.ui.core.Control\n})\n"},{"name":"sap.ui.commons.CheckBox","prefix":"CheckBox","description":"CheckBox in sap.ui.commons","helpDescription":"\nProvides a box which can be flagged, the box has a label. A check box can either stand alone, or in a group with other check boxes. As an option, the boxes can initially be set to status 'Not Editable'.","Deprecated":false,"Experimental":false,"template":"new sap.ui.commons.CheckBox({\n\tid: \"${id}\", // sap.ui.core.ID\n\tchecked: false, // boolean\n\ttext: undefined, // string\n\tenabled: true, // boolean\n\teditable: true, // boolean\n\tvalueState: sap.ui.core.ValueState.None, // sap.ui.core.ValueState\n\twidth: undefined, // sap.ui.core.CSSSize\n\ttextDirection: sap.ui.core.TextDirection.Inherit, // sap.ui.core.TextDirection\n\tname: undefined, // string\n\tariaDescribedBy: [], // sap.ui.core.Control\n\tariaLabelledBy: [], // sap.ui.core.Control\n\tchange: [function (oEvent) {\n\t\tvar control = oEvent.getSource();\n\t}, this]\n})\n"},{"name":"sap.ui.commons.ColorPicker","prefix":"ColorPicker","description":"ColorPicker in sap.ui.commons","helpDescription":"This control gives the user the opportunity to choose a color. The color can be defined using HEX-, RGB- or HSV-values or a CSS colorname.","Deprecated":false,"Experimental":false,"template":"new sap.ui.commons.ColorPicker({\n\tid: \"${id}\", // sap.ui.core.ID\n\tcolorString: undefined, // string\n\tchange: [function (oEvent) {\n\t\tvar control = oEvent.getSource();\n\t}, this],\n\tliveChange: [function (oEvent) {\n\t\tvar control = oEvent.getSource();\n\t}, this]\n})\n"},{"name":"sap.ui.commons.ComboBox","prefix":"ComboBox","description":"ComboBox in sap.ui.commons","helpDescription":"\nThe control provides a field that allows end users to either enter some text, or to choose an entry out of a list of pre-defined items. The choosable items can be provided in the form of complete list boxes, single listbox items, or text strings defined for the current application.","Deprecated":false,"Experimental":false,"template":"new sap.ui.commons.ComboBox({\n\tid: \"${id}\", // sap.ui.core.ID\n\tvalue: \"\", // string\n\ttextDirection: sap.ui.core.TextDirection.Inherit, // sap.ui.core.TextDirection\n\tenabled: true, // boolean\n\teditable: true, // boolean\n\trequired: false, // boolean\n\twidth: undefined, // sap.ui.core.CSSSize\n\tmaxLength: 0, // int\n\tvalueState: sap.ui.core.ValueState.None, // sap.ui.core.ValueState\n\ttextAlign: sap.ui.core.TextAlign.Begin, // sap.ui.core.TextAlign\n\timeMode: sap.ui.core.ImeMode.Auto, // sap.ui.core.ImeMode\n\tdesign: sap.ui.core.Design.Standard, // sap.ui.core.Design\n\thelpId: \"\", // string\n\taccessibleRole: sap.ui.core.AccessibleRole.Textbox, // sap.ui.core.AccessibleRole\n\tname: undefined, // string\n\tplaceholder: undefined, // string, since 1.14.0\n\tmaxPopupItems: 10, // int\n\tdisplaySecondaryValues: false, // boolean\n\tselectedKey: undefined, // string\n\tselectedItemId: undefined, // string\n\titems: [], // sap.ui.core.ListItem\n\tmyListBox: \"\", // sap.ui.commons.ListBox\n\tariaDescribedBy: [], // sap.ui.core.Control\n\tariaLabelledBy: [], // sap.ui.core.Control\n\tlistBox: \"\", // sap.ui.commons.ListBox\n\tchange: [function (oEvent) {\n\t\tvar control = oEvent.getSource();\n\t}, this],\n\tliveChange: [function (oEvent) {\n\t\tvar control = oEvent.getSource();\n\t}, this]\n})\n"},{"name":"sap.ui.commons.DatePicker","prefix":"DatePicker","description":"DatePicker in sap.ui.commons","helpDescription":"Allows end users to interact with dates.\nEntries can directly be written in, or selected from a calendar pad.\nNote: Dates can always be manually entered in the fix YYYYMMDD format, on top of the flexible \"locale\" format.\nIf the value is provided via data binding, using a Date.type the formatter of the Date.type is used.\nSince version 1.22 the unified.Calendar is used inside the datePicker. So applications using the DatePicker should load the unified library. Otherwise it will be loaded the first time a DatePicker is opened.","Deprecated":false,"Experimental":false,"template":"new sap.ui.commons.DatePicker({\n\tid: \"${id}\", // sap.ui.core.ID\n\tvalue: \"\", // string\n\ttextDirection: sap.ui.core.TextDirection.Inherit, // sap.ui.core.TextDirection\n\tenabled: true, // boolean\n\teditable: true, // boolean\n\trequired: false, // boolean\n\twidth: undefined, // sap.ui.core.CSSSize\n\tmaxLength: 0, // int\n\tvalueState: sap.ui.core.ValueState.None, // sap.ui.core.ValueState\n\ttextAlign: sap.ui.core.TextAlign.Begin, // sap.ui.core.TextAlign\n\timeMode: sap.ui.core.ImeMode.Auto, // sap.ui.core.ImeMode\n\tdesign: sap.ui.core.Design.Standard, // sap.ui.core.Design\n\thelpId: \"\", // string\n\taccessibleRole: sap.ui.core.AccessibleRole.Textbox, // sap.ui.core.AccessibleRole\n\tname: undefined, // string\n\tplaceholder: undefined, // string, since 1.14.0\n\tlocale: undefined, // string\n\tyyyymmdd: undefined, // string\n\tariaDescribedBy: [], // sap.ui.core.Control\n\tariaLabelledBy: [], // sap.ui.core.Control\n\tchange: [function (oEvent) {\n\t\tvar control = oEvent.getSource();\n\t}, this],\n\tliveChange: [function (oEvent) {\n\t\tvar control = oEvent.getSource();\n\t}, this]\n})\n"},{"name":"sap.ui.commons.Dialog","prefix":"Dialog","description":"Dialog in sap.ui.commons","helpDescription":"An interactive window appearing on request displaying information to the user. The API supports features such as popups with fixed sizes, popups with unlimited width, scrolling bars for large windows, and control nesting (for example, a drop-down list can be included in the window).","Deprecated":false,"Experimental":false,"template":"new sap.ui.commons.Dialog({\n\tid: \"${id}\", // sap.ui.core.ID\n\twidth: undefined, // sap.ui.core.CSSSize\n\theight: undefined, // sap.ui.core.CSSSize\n\tscrollLeft: 0, // int\n\tscrollTop: 0, // int\n\ttitle: \"\", // string\n\tapplyContentPadding: true, // boolean\n\tshowCloseButton: true, // boolean\n\tresizable: true, // boolean\n\tminWidth: undefined, // sap.ui.core.CSSSize\n\tminHeight: undefined, // sap.ui.core.CSSSize\n\tmaxWidth: undefined, // sap.ui.core.CSSSize\n\tmaxHeight: undefined, // sap.ui.core.CSSSize\n\tcontentBorderDesign: sap.ui.commons.enums.BorderDesign.None, // sap.ui.commons.enums.BorderDesign\n\tmodal: false, // boolean\n\taccessibleRole: sap.ui.core.AccessibleRole.Dialog, // sap.ui.core.AccessibleRole\n\tkeepInWindow: false, // boolean, since 1.9.0\n\tautoClose: false, // boolean, since 1.10\n\tbuttons: [], // sap.ui.core.Control\n\tcontent: [], // sap.ui.core.Control\n\tdefaultButton: \"\", // sap.ui.commons.Button\n\tinitialFocus: \"\", // sap.ui.core.Control\n\tclosed: [function (oEvent) {\n\t\tvar control = oEvent.getSource();\n\t}, this]\n})\n"},{"name":"sap.ui.commons.DropdownBox","prefix":"DropdownBox","description":"DropdownBox in sap.ui.commons","helpDescription":"The control provides a field that allows end users to an entry out of a list of pre-defined items. The choosable items can be provided in the form of complete list boxes or single list items.\nBinding (see DataBinding) is also supported for list items.","Deprecated":false,"Experimental":false,"template":"new sap.ui.commons.DropdownBox({\n\tid: \"${id}\", // sap.ui.core.ID\n\tvalue: \"\", // string\n\ttextDirection: sap.ui.core.TextDirection.Inherit, // sap.ui.core.TextDirection\n\tenabled: true, // boolean\n\teditable: true, // boolean\n\trequired: false, // boolean\n\twidth: undefined, // sap.ui.core.CSSSize\n\tmaxLength: 0, // int\n\tvalueState: sap.ui.core.ValueState.None, // sap.ui.core.ValueState\n\ttextAlign: sap.ui.core.TextAlign.Begin, // sap.ui.core.TextAlign\n\timeMode: sap.ui.core.ImeMode.Auto, // sap.ui.core.ImeMode\n\tdesign: sap.ui.core.Design.Standard, // sap.ui.core.Design\n\thelpId: \"\", // string\n\taccessibleRole: sap.ui.core.AccessibleRole.Textbox, // sap.ui.core.AccessibleRole\n\tname: undefined, // string\n\tplaceholder: undefined, // string, since 1.14.0\n\tmaxPopupItems: 10, // int\n\tdisplaySecondaryValues: false, // boolean\n\tselectedKey: undefined, // string\n\tselectedItemId: undefined, // string\n\tsearchHelpEnabled: false, // boolean\n\tsearchHelpText: undefined, // string\n\tsearchHelpAdditionalText: undefined, // string\n\tsearchHelpIcon: undefined, // sap.ui.core.URI\n\tmaxHistoryItems: 0, // int\n\titems: [], // sap.ui.core.ListItem\n\tmyListBox: \"\", // sap.ui.commons.ListBox\n\tariaDescribedBy: [], // sap.ui.core.Control\n\tariaLabelledBy: [], // sap.ui.core.Control\n\tlistBox: \"\", // sap.ui.commons.ListBox\n\tchange: [function (oEvent) {\n\t\tvar control = oEvent.getSource();\n\t}, this],\n\tliveChange: [function (oEvent) {\n\t\tvar control = oEvent.getSource();\n\t}, this],\n\tsearchHelp: [function (oEvent) {\n\t\tvar control = oEvent.getSource();\n\t}, this]\n})\n"},{"name":"sap.ui.commons.FileUploader","prefix":"FileUploader","description":"FileUploader in sap.ui.commons","helpDescription":"<strong style=\"color: red;\">Deprecated! </strong>Since 1.21.0 Please use the control sap.ui.unified.FileUploader of the library sap.ui.unified instead.<br>The framework generates an input field and a button with text \"Browse ...\". The API supports features such as on change uploads (the upload starts immediately after a file has been selected), file uploads with explicit calls, adjustable control sizes, text display after uploads, or tooltips containing complete file paths.","Deprecated":true,"Experimental":false,"template":"new sap.ui.commons.FileUploader({\n\tid: \"${id}\" // sap.ui.core.ID\n})\n"},{"name":"sap.ui.commons.FileUploaderParameter","prefix":"FileUploaderParameter","description":"FileUploaderParameter in sap.ui.commons","helpDescription":"<strong style=\"color: red;\">Deprecated! </strong>Since 1.21.0 Please use the element sap.ui.unified.FileUploaderParameter of the library sap.ui.unified instead.<br>Represents a parameter for the FileUploader which is rendered as a hidden inputfield.","Deprecated":true,"Experimental":false,"template":"new sap.ui.commons.FileUploaderParameter({\n\tid: \"${id}\" // sap.ui.core.ID\n})\n"},{"name":"sap.ui.commons.FormattedTextView","prefix":"FormattedTextView","description":"FormattedTextView in sap.ui.commons","helpDescription":"Allows to use a limited set of HTML tags for display","Deprecated":false,"Experimental":false,"template":"new sap.ui.commons.FormattedTextView({\n\tid: \"${id}\", // sap.ui.core.ID\n\taccessibleRole: sap.ui.core.AccessibleRole.Document, // sap.ui.core.AccessibleRole\n\thtmlText: \"\", // string\n\tcontrols: [] // sap.ui.commons.FormattedTextViewControl\n})\n"},{"name":"sap.ui.commons.HorizontalDivider","prefix":"HorizontalDivider","description":"HorizontalDivider in sap.ui.commons","helpDescription":"Divides the screen in visual areas.","Deprecated":false,"Experimental":false,"template":"new sap.ui.commons.HorizontalDivider({\n\tid: \"${id}\", // sap.ui.core.ID\n\twidth: \"100%\", // sap.ui.core.CSSSize\n\ttype: sap.ui.commons.HorizontalDividerType.Area, // sap.ui.commons.HorizontalDividerType\n\theight: sap.ui.commons.HorizontalDividerHeight.Medium // sap.ui.commons.HorizontalDividerHeight\n})\n"},{"name":"sap.ui.commons.Image","prefix":"Image","description":"Image in sap.ui.commons","helpDescription":"A wrapper around the IMG tag. The image can be loaded from a remote or local server.\nThere are various size setting options available, and the images can be combined with actions.","Deprecated":false,"Experimental":false,"template":"new sap.ui.commons.Image({\n\tid: \"${id}\", // sap.ui.core.ID\n\tsrc: undefined, // sap.ui.core.URI\n\twidth: undefined, // sap.ui.core.CSSSize\n\theight: undefined, // sap.ui.core.CSSSize\n\tdecorative: true, // boolean\n\talt: undefined, // string\n\tuseMap: undefined, // string\n\tpress: [function (oEvent) {\n\t\tvar control = oEvent.getSource();\n\t}, this]\n})\n"},{"name":"sap.ui.commons.ImageMap","prefix":"ImageMap","description":"ImageMap in sap.ui.commons","helpDescription":"Combination of image areas where at runtime these areas are starting points for hyperlinks or actions","Deprecated":false,"Experimental":false,"template":"new sap.ui.commons.ImageMap({\n\tid: \"${id}\", // sap.ui.core.ID\n\tname: undefined, // string\n\tareas: [], // sap.ui.commons.Area\n\tpress: [function (oEvent) {\n\t\tvar control = oEvent.getSource();\n\t}, this]\n})\n"},{"name":"sap.ui.commons.InPlaceEdit","prefix":"InPlaceEdit","description":"InPlaceEdit in sap.ui.commons","helpDescription":"The InPlaceEdit is a functionality to have text in display mode that can be changed in place.","Deprecated":false,"Experimental":false,"template":"new sap.ui.commons.InPlaceEdit({\n\tid: \"${id}\", // sap.ui.core.ID\n\tvalueState: sap.ui.core.ValueState.None, // sap.ui.core.ValueState\n\tundoEnabled: true, // boolean\n\tdesign: sap.ui.commons.TextViewDesign.Standard, // sap.ui.commons.TextViewDesign, since 1.9.0\n\tcontent: \"\", // sap.ui.core.Control\n\tchange: [function (oEvent) {\n\t\tvar control = oEvent.getSource();\n\t}, this],\n\tliveChange: [function (oEvent) {\n\t\tvar control = oEvent.getSource();\n\t}, this] // since 1.16.5\n})\n"},{"name":"sap.ui.commons.Label","prefix":"Label","description":"Label in sap.ui.commons","helpDescription":"\nIs used for labeling other controls. The API provides formatting options, for example for bold display or alignment. A label can have an icon.","Deprecated":false,"Experimental":false,"template":"new sap.ui.commons.Label({\n\tid: \"${id}\", // sap.ui.core.ID\n\tdesign: sap.ui.commons.LabelDesign.Standard, // sap.ui.commons.LabelDesign\n\ttextDirection: sap.ui.core.TextDirection.Inherit, // sap.ui.core.TextDirection\n\twrapping: false, // boolean\n\twidth: \"\", // sap.ui.core.CSSSize\n\ttext: \"\", // string\n\ticon: undefined, // sap.ui.core.URI\n\ttextAlign: sap.ui.core.TextAlign.Begin, // sap.ui.core.TextAlign\n\trequired: false, // boolean, since 1.11.0\n\trequiredAtBegin: undefined, // boolean, since 1.14.0\n\tlabelFor: \"\" // sap.ui.core.Control\n})\n"},{"name":"sap.ui.commons.Link","prefix":"Link","description":"Link in sap.ui.commons","helpDescription":"\nProvides an absolute or relative reference to an internal or external URL. The classical target parameters are supported.\nAnother usage scenario is triggering an action, for example to open a popup window. In both cases, the link is a hypertext link.","Deprecated":false,"Experimental":false,"template":"new sap.ui.commons.Link({\n\tid: \"${id}\", // sap.ui.core.ID\n\ttext: \"\", // string\n\tenabled: true, // boolean\n\thelpId: \"\", // string\n\thref: undefined, // sap.ui.core.URI\n\ttarget: undefined, // string\n\twidth: undefined, // sap.ui.core.CSSSize, since 1.8.0\n\tariaDescribedBy: [], // sap.ui.core.Control\n\tariaLabelledBy: [], // sap.ui.core.Control\n\tpress: [function (oEvent) {\n\t\tvar control = oEvent.getSource();\n\t}, this]\n})\n"},{"name":"sap.ui.commons.ListBox","prefix":"ListBox","description":"ListBox in sap.ui.commons","helpDescription":"Provides a list of items from which users can choose an item. For the design of the list box, features such as defining the list box height,\nfixing the number of visible items, choosing one item to be the item that is marked by default when the list box is shown, or a scroll bar for large list boxes\nare available.","Deprecated":false,"Experimental":false,"template":"new sap.ui.commons.ListBox({\n\tid: \"${id}\", // sap.ui.core.ID\n\teditable: true, // boolean\n\tenabled: true, // boolean\n\tallowMultiSelect: false, // boolean\n\twidth: undefined, // sap.ui.core.CSSSize\n\theight: undefined, // sap.ui.core.CSSSize\n\tscrollTop: -1, // int\n\tdisplayIcons: false, // boolean\n\tdisplaySecondaryValues: false, // boolean\n\tvalueTextAlign: sap.ui.core.TextAlign.Begin, // sap.ui.core.TextAlign\n\tsecondaryValueTextAlign: sap.ui.core.TextAlign.Begin, // sap.ui.core.TextAlign\n\tminWidth: undefined, // sap.ui.core.CSSSize\n\tmaxWidth: undefined, // sap.ui.core.CSSSize\n\tvisibleItems: undefined, // int\n\titems: [], // sap.ui.core.Item\n\tariaDescribedBy: [], // sap.ui.core.Control\n\tariaLabelledBy: [], // sap.ui.core.Control\n\tselect: [function (oEvent) {\n\t\tvar control = oEvent.getSource();\n\t}, this]\n})\n"},{"name":"sap.ui.commons.Menu","prefix":"Menu","description":"Menu in sap.ui.commons","helpDescription":"<strong style=\"color: red;\">Deprecated! </strong>Since 1.21.0 Please use the control sap.ui.unified.Menu of the library sap.ui.unified instead.<br>A container for menu items. When the space in the browser is not large enough to display all defined items, a scroll bar is provided.","Deprecated":true,"Experimental":false,"template":"new sap.ui.commons.Menu({\n\tid: \"${id}\" // sap.ui.core.ID\n})\n"},{"name":"sap.ui.commons.MenuBar","prefix":"MenuBar","description":"MenuBar in sap.ui.commons","helpDescription":"Represents a user interface area which is the entry point for menus with their menu items. MenuBar is useful for applications which shall offer a\nset of actions that shall be provided in a structured way. The MenuBar contains the menu titles from where users navigate to the single items. The control supports\nfor example long menu item texts, automated scrolling for menu items when the browser space is not large enough to display all items, defining images for single\nor all items in a menu, automated layouting of items with or w/o image, and active/non-active items.","Deprecated":false,"Experimental":false,"template":"new sap.ui.commons.MenuBar({\n\tid: \"${id}\", // sap.ui.core.ID\n\tenabled: true, // boolean\n\twidth: \"100%\", // sap.ui.core.CSSSize\n\tdesign: sap.ui.commons.MenuBarDesign.Standard, // sap.ui.commons.MenuBarDesign\n\titems: [] // sap.ui.unified.MenuItem\n})\n"},{"name":"sap.ui.commons.MenuButton","prefix":"MenuButton","description":"MenuButton in sap.ui.commons","helpDescription":"Common button control that opens a menu when clicked by the user. The control provides an API for configuring the docking position\nof the menu.","Deprecated":false,"Experimental":false,"template":"new sap.ui.commons.MenuButton({\n\tid: \"${id}\", // sap.ui.core.ID\n\ttext: \"\", // string\n\tenabled: true, // boolean\n\twidth: undefined, // sap.ui.core.CSSSize\n\thelpId: \"\", // string\n\ticon: \"\", // sap.ui.core.URI\n\ticonHovered: \"\", // sap.ui.core.URI\n\ticonSelected: \"\", // sap.ui.core.URI\n\ticonFirst: true, // boolean\n\theight: undefined, // sap.ui.core.CSSSize\n\tstyled: true, // boolean\n\tlite: false, // boolean\n\tstyle: sap.ui.commons.ButtonStyle.Default, // sap.ui.commons.ButtonStyle\n\tdockButton: undefined, // string\n\tdockMenu: undefined, // string\n\tmenu: \"\", // sap.ui.unified.Menu\n\tariaDescribedBy: [], // sap.ui.core.Control\n\tariaLabelledBy: [], // sap.ui.core.Control\n\tpress: [function (oEvent) {\n\t\tvar control = oEvent.getSource();\n\t}, this],\n\titemSelected: [function (oEvent) {\n\t\tvar control = oEvent.getSource();\n\t}, this]\n})\n"},{"name":"sap.ui.commons.MenuItem","prefix":"MenuItem","description":"MenuItem in sap.ui.commons","helpDescription":"<strong style=\"color: red;\">Deprecated! </strong>Since 1.21.0 Please use the control sap.ui.unified.MenuItem of the library sap.ui.unified instead.<br>Smallest unit in the menu hierarchy. An item can be a direct part of a menu bar, of a menu, or of a sub menu.","Deprecated":true,"Experimental":false,"template":"new sap.ui.commons.MenuItem({\n\tid: \"${id}\" // sap.ui.core.ID\n})\n"},{"name":"sap.ui.commons.MenuItemBase","prefix":"MenuItemBase","description":"MenuItemBase in sap.ui.commons","helpDescription":"<strong style=\"color: red;\">Deprecated! </strong>Since 1.21.0 Please use the control sap.ui.unified.MenuItemBase of the library sap.ui.unified instead.<br>Provides the standard properties for menu items.","Deprecated":true,"Experimental":false,"template":"new sap.ui.commons.MenuItemBase({\n\tid: \"${id}\" // sap.ui.core.ID\n})\n"},{"name":"sap.ui.commons.MenuTextFieldItem","prefix":"MenuTextFieldItem","description":"MenuTextFieldItem in sap.ui.commons","helpDescription":"<strong style=\"color: red;\">Deprecated! </strong>Since 1.21.0 Please use the control sap.ui.unified.MenuTextFieldItem of the library sap.ui.unified instead.<br>Menu item which contains an text field. This menu item is e.g. helpful for filters.\nThe aggregation 'submenu' (inherited from parent class) is not supported for this type of menu item.","Deprecated":true,"Experimental":false,"template":"new sap.ui.commons.MenuTextFieldItem({\n\tid: \"${id}\" // sap.ui.core.ID\n})\n"},{"name":"sap.ui.commons.Message","prefix":"Message","description":"Message in sap.ui.commons","helpDescription":"<strong style=\"color: red;\">Deprecated! </strong>Since 1.4.0 A new messaging concept will be created in future. Therefore this control might be removed in one of the next versions.<br>Creates the \"Message\"s to be supplied to the \"MessageBar\" Control.","Deprecated":true,"Experimental":false,"template":"new sap.ui.commons.Message({\n\tid: \"${id}\", // sap.ui.core.ID\n\ttype: undefined, // sap.ui.commons.MessageType\n\ttext: undefined, // string\n\tassociatedElementId: undefined, // string\n\tdesign: undefined // string\n})\n"},{"name":"sap.ui.commons.MessageBar","prefix":"MessageBar","description":"MessageBar in sap.ui.commons","helpDescription":"<strong style=\"color: red;\">Deprecated! </strong>Since 1.4.0 A new messaging concept will be created in future. Therefore this control might be removed in one of the next versions.<br>Creates an instance of a \"MessageBar\" Control, for displaying \"Message\"s.\nThere is no imposed limit on the number of \"MessageBar\"s that can be created, but using only 1 makes sense, specially if accessing it (via Ctl-m) becomes a necessity.","Deprecated":true,"Experimental":false,"template":"new sap.ui.commons.MessageBar({\n\tid: \"${id}\", // sap.ui.core.ID\n\tanchorID: \"\", // string\n\tvisible: true, // boolean\n\tmaxToasted: 3, // int\n\tmaxListed: 7, // int\n\tanchorSnapPoint: begin top // string\n})\n"},{"name":"sap.ui.commons.MessageList","prefix":"MessageList","description":"MessageList in sap.ui.commons","helpDescription":"<strong style=\"color: red;\">Deprecated! </strong>Since 1.4.0 A new messaging concept will be created in future. Therefore this control might be removed in one of the next versions.<br>Instantiated by the \"MessageBar\" Control if the user ever requests to generate the corresponding \"MessageList\".","Deprecated":true,"Experimental":false,"template":"new sap.ui.commons.MessageList({\n\tid: \"${id}\", // sap.ui.core.ID\n\tvisible: false, // boolean\n\tanchorId: undefined, // string\n\tmaxListed: 7 // string\n})\n"},{"name":"sap.ui.commons.MessageToast","prefix":"MessageToast","description":"MessageToast in sap.ui.commons","helpDescription":"<strong style=\"color: red;\">Deprecated! </strong>Since 1.4.0 A new messaging concept will be created in future. Therefore this control might be removed in one of the next versions.<br>Responsible for displaying the new incoming messages, one at the time, on top of the MessageBar.","Deprecated":true,"Experimental":false,"template":"new sap.ui.commons.MessageToast({\n\tid: \"${id}\", // sap.ui.core.ID\n\tanchorId: undefined, // string\n\tnext: [function (oEvent) {\n\t\tvar control = oEvent.getSource();\n\t}, this]\n})\n"},{"name":"sap.ui.commons.Paginator","prefix":"Paginator","description":"Paginator in sap.ui.commons","helpDescription":"Provides navigation between pages within a list of numbered pages.","Deprecated":false,"Experimental":false,"template":"new sap.ui.commons.Paginator({\n\tid: \"${id}\", // sap.ui.core.ID\n\tcurrentPage: 1, // int\n\tnumberOfPages: undefined, // int\n\tpage: [function (oEvent) {\n\t\tvar control = oEvent.getSource();\n\t}, this]\n})\n"},{"name":"sap.ui.commons.Panel","prefix":"Panel","description":"Panel in sap.ui.commons","helpDescription":"Represents a container with scroll functionality, the control can be used for text and controls. The Panel does not layout the embedded controls.","Deprecated":false,"Experimental":false,"template":"new sap.ui.commons.Panel({\n\tid: \"${id}\", // sap.ui.core.ID\n\twidth: \"100%\", // sap.ui.core.CSSSize\n\theight: undefined, // sap.ui.core.CSSSize\n\tenabled: true, // boolean\n\tscrollLeft: 0, // int\n\tscrollTop: 0, // int\n\tapplyContentPadding: true, // boolean\n\tcollapsed: false, // boolean\n\tareaDesign: sap.ui.commons.enums.AreaDesign.Fill, // sap.ui.commons.enums.AreaDesign\n\tborderDesign: sap.ui.commons.enums.BorderDesign.Box, // sap.ui.commons.enums.BorderDesign\n\tshowCollapseIcon: true, // boolean\n\ttext: undefined, // string\n\tcontent: [], // sap.ui.core.Control\n\ttitle: \"\", // sap.ui.core.Title\n\tbuttons: [] // sap.ui.commons.Button\n})\n"},{"name":"sap.ui.commons.PasswordField","prefix":"PasswordField","description":"PasswordField in sap.ui.commons","helpDescription":"A text field with masked characters which borrows its properties and methods from TextField.","Deprecated":false,"Experimental":false,"template":"new sap.ui.commons.PasswordField({\n\tid: \"${id}\", // sap.ui.core.ID\n\tvalue: \"\", // string\n\ttextDirection: sap.ui.core.TextDirection.Inherit, // sap.ui.core.TextDirection\n\tenabled: true, // boolean\n\teditable: true, // boolean\n\trequired: false, // boolean\n\twidth: undefined, // sap.ui.core.CSSSize\n\tmaxLength: 0, // int\n\tvalueState: sap.ui.core.ValueState.None, // sap.ui.core.ValueState\n\ttextAlign: sap.ui.core.TextAlign.Begin, // sap.ui.core.TextAlign\n\timeMode: sap.ui.core.ImeMode.Auto, // sap.ui.core.ImeMode\n\tdesign: sap.ui.core.Design.Standard, // sap.ui.core.Design\n\thelpId: \"\", // string\n\taccessibleRole: sap.ui.core.AccessibleRole.Textbox, // sap.ui.core.AccessibleRole\n\tname: undefined, // string\n\tplaceholder: undefined, // string, since 1.14.0\n\tariaDescribedBy: [], // sap.ui.core.Control\n\tariaLabelledBy: [], // sap.ui.core.Control\n\tchange: [function (oEvent) {\n\t\tvar control = oEvent.getSource();\n\t}, this],\n\tliveChange: [function (oEvent) {\n\t\tvar control = oEvent.getSource();\n\t}, this]\n})\n"},{"name":"sap.ui.commons.ProgressIndicator","prefix":"ProgressIndicator","description":"ProgressIndicator in sap.ui.commons","helpDescription":"Shows the progress of a process in a graphical way. The indicator can be displayed with or without numerical values.\nThe filling can be displayed in color only, or additionally with the percentage rate. The indicator status can be interactive.","Deprecated":false,"Experimental":false,"template":"new sap.ui.commons.ProgressIndicator({\n\tid: \"${id}\", // sap.ui.core.ID\n\tenabled: true, // boolean\n\tbarColor: sap.ui.core.BarColor.NEUTRAL, // sap.ui.core.BarColor\n\tdisplayValue: 0%, // string\n\tpercentValue: 0, // int\n\tshowValue: true, // boolean\n\twidth: \"100%\" // sap.ui.core.CSSSize\n})\n"},{"name":"sap.ui.commons.RadioButton","prefix":"RadioButton","description":"RadioButton in sap.ui.commons","helpDescription":"Consists of a round element and a descriptive text. Generally, you would create at least two radio button controls;\nby this, you provide a limited choice for the user. Radio buttons can trigger events.\nAvailable value states are \"Error\", \"None\", \"Success\", \"Warning\".","Deprecated":false,"Experimental":false,"template":"new sap.ui.commons.RadioButton({\n\tid: \"${id}\", // sap.ui.core.ID\n\ttext: undefined, // string\n\tenabled: true, // boolean\n\teditable: true, // boolean\n\tselected: false, // boolean\n\tvalueState: sap.ui.core.ValueState.None, // sap.ui.core.ValueState\n\twidth: undefined, // sap.ui.core.CSSSize\n\ttextDirection: sap.ui.core.TextDirection.Inherit, // sap.ui.core.TextDirection\n\tgroupName: sapUiRbDefaultGroup, // string\n\tkey: undefined, // string\n\tariaDescribedBy: [], // sap.ui.core.Control\n\tariaLabelledBy: [], // sap.ui.core.Control\n\tselect: [function (oEvent) {\n\t\tvar control = oEvent.getSource();\n\t}, this]\n})\n"},{"name":"sap.ui.commons.RadioButtonGroup","prefix":"RadioButtonGroup","description":"RadioButtonGroup in sap.ui.commons","helpDescription":"a group of RadioButtons to hande as one UI element.","Deprecated":false,"Experimental":false,"template":"new sap.ui.commons.RadioButtonGroup({\n\tid: \"${id}\", // sap.ui.core.ID\n\twidth: undefined, // sap.ui.core.CSSSize\n\tcolumns: 1, // int\n\teditable: true, // boolean\n\tvalueState: sap.ui.core.ValueState.None, // sap.ui.core.ValueState\n\tselectedIndex: 0, // int\n\tenabled: true, // boolean, since 1.10.3\n\titems: [], // sap.ui.core.Item\n\tariaDescribedBy: [], // sap.ui.core.Control\n\tariaLabelledBy: [], // sap.ui.core.Control\n\tselect: [function (oEvent) {\n\t\tvar control = oEvent.getSource();\n\t}, this]\n})\n"},{"name":"sap.ui.commons.RangeSlider","prefix":"RangeSlider","description":"RangeSlider in sap.ui.commons","helpDescription":"The interactive control is displayed either as a horizontal or a vertical line with two pointers and units of measurement.\nUsers can move the pointers along the line to change a range with graphical support.","Deprecated":false,"Experimental":false,"template":"new sap.ui.commons.RangeSlider({\n\tid: \"${id}\", // sap.ui.core.ID\n\twidth: \"100%\", // sap.ui.core.CSSSize\n\tmin: 0, // float\n\tmax: 100, // float\n\tvalue: 50, // float\n\tsmallStepWidth: undefined, // float\n\ttotalUnits: undefined, // int\n\tstepLabels: false, // boolean\n\teditable: true, // boolean\n\tenabled: true, // boolean\n\tlabels: undefined, // string[]\n\tvertical: false, // boolean, since 1.7.1\n\theight: \"100%\", // sap.ui.core.CSSSize, since 1.7.1\n\tvalue2: 80, // float\n\tariaDescribedBy: [], // sap.ui.core.Control\n\tariaLabelledBy: [], // sap.ui.core.Control\n\tchange: [function (oEvent) {\n\t\tvar control = oEvent.getSource();\n\t}, this],\n\tliveChange: [function (oEvent) {\n\t\tvar control = oEvent.getSource();\n\t}, this]\n})\n"},{"name":"sap.ui.commons.RatingIndicator","prefix":"RatingIndicator","description":"RatingIndicator in sap.ui.commons","helpDescription":"Is used to let the user do some rating on a certain topic. The amount of rating symbols can be specified, as well as the URIs to the\nimage icons which shall be used as rating symbols. When the user performs a rating, an event is fired.","Deprecated":false,"Experimental":false,"template":"new sap.ui.commons.RatingIndicator({\n\tid: \"${id}\", // sap.ui.core.ID\n\teditable: true, // boolean\n\tmaxValue: 5, // int\n\tvalue: 0, // float\n\taverageValue: 0, // float\n\ticonSelected: undefined, // sap.ui.core.URI\n\ticonUnselected: undefined, // sap.ui.core.URI\n\ticonHovered: undefined, // sap.ui.core.URI\n\tvisualMode: sap.ui.commons.RatingIndicatorVisualMode.Half, // sap.ui.commons.RatingIndicatorVisualMode\n\tariaDescribedBy: [], // sap.ui.core.Control\n\tariaLabelledBy: [], // sap.ui.core.Control\n\tchange: [function (oEvent) {\n\t\tvar control = oEvent.getSource();\n\t}, this]\n})\n"},{"name":"sap.ui.commons.ResponsiveContainer","prefix":"ResponsiveContainer","description":"ResponsiveContainer in sap.ui.commons","helpDescription":"Is used to provide a container, which can show different content depending on its current width. It fires an event, whenever a new range is reached. In addition the content of the new range is automatically shown, if it is set.","Deprecated":false,"Experimental":false,"template":"new sap.ui.commons.ResponsiveContainer({\n\tid: \"${id}\", // sap.ui.core.ID\n\twidth: \"100%\", // sap.ui.core.CSSSize\n\theight: \"100%\", // sap.ui.core.CSSSize\n\tranges: [], // sap.ui.commons.ResponsiveContainerRange\n\tcontent: \"\", // sap.ui.core.Control\n\tdefaultContent: \"\", // sap.ui.core.Control\n\trangeSwitch: [function (oEvent) {\n\t\tvar control = oEvent.getSource();\n\t}, this]\n})\n"},{"name":"sap.ui.commons.ResponsiveContainerRange","prefix":"ResponsiveContainerRange","description":"ResponsiveContainerRange in sap.ui.commons","helpDescription":"Defines a range for the ResponsiveContainer","Deprecated":false,"Experimental":false,"template":"new sap.ui.commons.ResponsiveContainerRange({\n\tid: \"${id}\", // sap.ui.core.ID\n\twidth: \"\", // sap.ui.core.CSSSize\n\theight: \"\", // sap.ui.core.CSSSize\n\tkey: \"\", // string\n\tcontent: \"\" // sap.ui.core.Control\n})\n"},{"name":"sap.ui.commons.RichTooltip","prefix":"RichTooltip","description":"RichTooltip in sap.ui.commons","helpDescription":"\nIs used to provide tool tips that can have long text, image and title. This tool tip extends the TooltipBase.","Deprecated":false,"Experimental":false,"template":"new sap.ui.commons.RichTooltip({\n\tid: \"${id}\", // sap.ui.core.ID\n\ttitle: undefined, // string\n\timageSrc: undefined, // sap.ui.core.URI\n\tvalueStateText: undefined, // string, since 1.11.1\n\timageAltText: undefined, // string, since 1.11.1\n\tformattedText: \"\", // sap.ui.commons.FormattedTextView\n\tindividualStateText: \"\" // sap.ui.commons.FormattedTextView\n})\n"},{"name":"sap.ui.commons.RoadMap","prefix":"RoadMap","description":"RoadMap in sap.ui.commons","helpDescription":"Is used to display step-by-step work flows of a clearly defined work process","Deprecated":false,"Experimental":false,"template":"new sap.ui.commons.RoadMap({\n\tid: \"${id}\", // sap.ui.core.ID\n\tnumberOfVisibleSteps: undefined, // int\n\tfirstVisibleStep: undefined, // string\n\tselectedStep: undefined, // string\n\twidth: \"100%\", // sap.ui.core.CSSSize\n\tsteps: [], // sap.ui.commons.RoadMapStep\n\tstepSelected: [function (oEvent) {\n\t\tvar control = oEvent.getSource();\n\t}, this],\n\tstepExpanded: [function (oEvent) {\n\t\tvar control = oEvent.getSource();\n\t}, this]\n})\n"},{"name":"sap.ui.commons.RoadMapStep","prefix":"RoadMapStep","description":"RoadMapStep in sap.ui.commons","helpDescription":"Step used within a RoadMap Control.","Deprecated":false,"Experimental":false,"template":"new sap.ui.commons.RoadMapStep({\n\tid: \"${id}\", // sap.ui.core.ID\n\tlabel: undefined, // string\n\tenabled: true, // boolean\n\texpanded: false, // boolean\n\tvisible: true, // boolean\n\tsubSteps: [] // sap.ui.commons.RoadMapStep\n})\n"},{"name":"sap.ui.commons.RowRepeater","prefix":"RowRepeater","description":"RowRepeater in sap.ui.commons","helpDescription":"This control displays items in a stacked list format, allowing the user to page in order to see more items or to use the offered filtering and sorting capabilities in order to manipulate the displayed data.","Deprecated":false,"Experimental":false,"template":"new sap.ui.commons.RowRepeater({\n\tid: \"${id}\", // sap.ui.core.ID\n\tnumberOfRows: 5, // int\n\tcurrentPage: 1, // int\n\tshowMoreSteps: 0, // int\n\tfixedRowHeight: \"\", // sap.ui.core.CSSSize\n\tdesign: sap.ui.commons.RowRepeaterDesign.Standard, // sap.ui.commons.RowRepeaterDesign\n\tthreshold: undefined, // int\n\trows: [], // sap.ui.core.Control\n\ttitle: \"\", // sap.ui.core.Title\n\tfilters: [], // sap.ui.commons.RowRepeaterFilter\n\tsorters: [], // sap.ui.commons.RowRepeaterSorter\n\tnoData: \"\", // sap.ui.core.Control\n\tfilterToolbar: \"\", // sap.ui.commons.Toolbar\n\tsorterToolbar: \"\", // sap.ui.commons.Toolbar\n\theaderShowMoreButton: \"\", // sap.ui.commons.Button\n\tfooterShowMoreButton: \"\", // sap.ui.commons.Button\n\tfooterPager: \"\", // sap.ui.commons.Paginator\n\tfilter: [function (oEvent) {\n\t\tvar control = oEvent.getSource();\n\t}, this],\n\tsort: [function (oEvent) {\n\t\tvar control = oEvent.getSource();\n\t}, this],\n\tpage: [function (oEvent) {\n\t\tvar control = oEvent.getSource();\n\t}, this],\n\tresize: [function (oEvent) {\n\t\tvar control = oEvent.getSource();\n\t}, this]\n})\n"},{"name":"sap.ui.commons.RowRepeaterFilter","prefix":"RowRepeaterFilter","description":"RowRepeaterFilter in sap.ui.commons","helpDescription":"This element is used by the RowRepeater and allows to define a filter in this context along with the related data such as a text and an icon.","Deprecated":false,"Experimental":false,"template":"new sap.ui.commons.RowRepeaterFilter({\n\tid: \"${id}\", // sap.ui.core.ID\n\ttext: undefined, // string\n\ticon: undefined, // string\n\tfilters: undefined // object\n})\n"},{"name":"sap.ui.commons.RowRepeaterSorter","prefix":"RowRepeaterSorter","description":"RowRepeaterSorter in sap.ui.commons","helpDescription":"This element is used by the RowRepeater and allows to define a sorter in this context along with the related data such as a text and an icon.","Deprecated":false,"Experimental":false,"template":"new sap.ui.commons.RowRepeaterSorter({\n\tid: \"${id}\", // sap.ui.core.ID\n\ttext: undefined, // string\n\ticon: undefined, // string\n\tsorter: undefined // object\n})\n"},{"name":"sap.ui.commons.SearchField","prefix":"SearchField","description":"SearchField in sap.ui.commons","helpDescription":"Allows the user to type search queries and to trigger the search. Optionally, suggestions can be added.","Deprecated":false,"Experimental":false,"template":"new sap.ui.commons.SearchField({\n\tid: \"${id}\", // sap.ui.core.ID\n\tenableListSuggest: true, // boolean\n\tshowListExpander: true, // boolean\n\tenableClear: false, // boolean\n\tshowExternalButton: false, // boolean\n\tenableCache: true, // boolean, since 1.10.3\n\tenableFilterMode: false, // boolean\n\tvalue: \"\", // string\n\tenabled: true, // boolean\n\teditable: true, // boolean\n\twidth: undefined, // sap.ui.core.CSSSize\n\tmaxLength: 0, // int\n\ttextAlign: sap.ui.core.TextAlign.Begin, // sap.ui.core.TextAlign\n\tvisibleItemCount: 20, // int\n\tstartSuggestion: 3, // int\n\tmaxSuggestionItems: 10, // int\n\tmaxHistoryItems: 0, // int\n\tsearchProvider: \"\", // sap.ui.core.search.SearchProvider\n\tariaDescribedBy: [], // sap.ui.core.Control\n\tariaLabelledBy: [], // sap.ui.core.Control\n\tsearch: [function (oEvent) {\n\t\tvar control = oEvent.getSource();\n\t}, this],\n\tsuggest: [function (oEvent) {\n\t\tvar control = oEvent.getSource();\n\t}, this]\n})\n"},{"name":"sap.ui.commons.SearchProvider","prefix":"SearchProvider","description":"SearchProvider in sap.ui.commons","helpDescription":"<strong style=\"color: red;\">Deprecated! </strong>Since 1.6.0 Replaced by sap.ui.core.search.OpenSearchProvider<br>A SearchProvider which can be attached to a Search Field.","Deprecated":true,"Experimental":false,"template":"new sap.ui.commons.SearchProvider({\n\tid: \"${id}\" // sap.ui.core.ID\n})\n"},{"name":"sap.ui.commons.SegmentedButton","prefix":"SegmentedButton","description":"SegmentedButton in sap.ui.commons","helpDescription":"The SegmentedButton provides a group of multiple buttons. Only one button can be active. The behaviour is more ore less like a radio button group.","Deprecated":false,"Experimental":false,"template":"new sap.ui.commons.SegmentedButton({\n\tid: \"${id}\", // sap.ui.core.ID\n\tenabled: true, // boolean\n\tbuttons: [], // sap.ui.commons.Button\n\tselectedButton: \"\", // sap.ui.commons.Button\n\tselect: [function (oEvent) {\n\t\tvar control = oEvent.getSource();\n\t}, this]\n})\n"},{"name":"sap.ui.commons.Slider","prefix":"Slider","description":"Slider in sap.ui.commons","helpDescription":"The interactive control is displayed as a horizontal line with a pointer and units of measurement.\nUsers can move the pointer along the line to change values with graphical support.","Deprecated":false,"Experimental":false,"template":"new sap.ui.commons.Slider({\n\tid: \"${id}\", // sap.ui.core.ID\n\twidth: \"100%\", // sap.ui.core.CSSSize\n\tmin: 0, // float\n\tmax: 100, // float\n\tvalue: 50, // float\n\tsmallStepWidth: undefined, // float\n\ttotalUnits: undefined, // int\n\tstepLabels: false, // boolean\n\teditable: true, // boolean\n\tenabled: true, // boolean\n\tlabels: undefined, // string[]\n\tvertical: false, // boolean, since 1.7.1\n\theight: \"100%\", // sap.ui.core.CSSSize, since 1.7.1\n\tariaDescribedBy: [], // sap.ui.core.Control\n\tariaLabelledBy: [], // sap.ui.core.Control\n\tchange: [function (oEvent) {\n\t\tvar control = oEvent.getSource();\n\t}, this],\n\tliveChange: [function (oEvent) {\n\t\tvar control = oEvent.getSource();\n\t}, this]\n})\n"},{"name":"sap.ui.commons.Splitter","prefix":"Splitter","description":"Splitter in sap.ui.commons","helpDescription":"Allows to split the screen into two areas. Make sure that the container for the splitter has an absolute height or set an absolute height for the splitter using the height property. Otherwise the height of the splitter is calculated by the height of its contents.","Deprecated":false,"Experimental":false,"template":"new sap.ui.commons.Splitter({\n\tid: \"${id}\", // sap.ui.core.ID\n\tsplitterOrientation: sap.ui.core.Orientation.Vertical, // sap.ui.core.Orientation\n\tsplitterPosition: sap.ui.core.Percentage.50%, // sap.ui.core.Percentage\n\tminSizeFirstPane: sap.ui.core.Percentage.0%, // sap.ui.core.Percentage\n\tminSizeSecondPane: sap.ui.core.Percentage.0%, // sap.ui.core.Percentage\n\twidth: sap.ui.commons.SplitterSize.100%, // sap.ui.commons.SplitterSize\n\theight: sap.ui.commons.SplitterSize.100%, // sap.ui.commons.SplitterSize\n\tshowScrollBars: true, // boolean\n\tsplitterBarVisible: true, // boolean\n\tfirstPaneContent: [], // sap.ui.core.Control\n\tsecondPaneContent: [] // sap.ui.core.Control\n})\n"},{"name":"sap.ui.commons.Tab","prefix":"Tab","description":"Tab in sap.ui.commons","helpDescription":"A single page in a TabStrip control.","Deprecated":false,"Experimental":false,"template":"new sap.ui.commons.Tab({\n\tid: \"${id}\", // sap.ui.core.ID\n\twidth: \"100%\", // sap.ui.core.CSSSize\n\theight: undefined, // sap.ui.core.CSSSize\n\tenabled: true, // boolean\n\tscrollLeft: 0, // int\n\tscrollTop: 0, // int\n\tapplyContentPadding: true, // boolean\n\tcollapsed: false, // boolean\n\tareaDesign: sap.ui.commons.enums.AreaDesign.Fill, // sap.ui.commons.enums.AreaDesign\n\tborderDesign: sap.ui.commons.enums.BorderDesign.Box, // sap.ui.commons.enums.BorderDesign\n\tshowCollapseIcon: true, // boolean\n\ttext: undefined, // string\n\tverticalScrolling: sap.ui.core.Scrolling.None, // sap.ui.core.Scrolling\n\thorizontalScrolling: sap.ui.core.Scrolling.None, // sap.ui.core.Scrolling\n\tclosable: false, // boolean\n\tselected: false, // boolean\n\tcontent: [], // sap.ui.core.Control\n\ttitle: \"\", // sap.ui.core.Title\n\tbuttons: [] // sap.ui.commons.Button\n})\n"},{"name":"sap.ui.commons.TabStrip","prefix":"TabStrip","description":"TabStrip in sap.ui.commons","helpDescription":"\nA container for tab controls which contain the content and generally other controls. The user switches between the tabs then to display the content.","Deprecated":false,"Experimental":false,"template":"new sap.ui.commons.TabStrip({\n\tid: \"${id}\", // sap.ui.core.ID\n\theight: undefined, // sap.ui.core.CSSSize\n\twidth: undefined, // sap.ui.core.CSSSize\n\tselectedIndex: 0, // int\n\ttabs: [], // sap.ui.commons.Tab\n\tselect: [function (oEvent) {\n\t\tvar control = oEvent.getSource();\n\t}, this],\n\tclose: [function (oEvent) {\n\t\tvar control = oEvent.getSource();\n\t}, this]\n})\n"},{"name":"sap.ui.commons.TextArea","prefix":"TextArea","description":"TextArea in sap.ui.commons","helpDescription":"Control to enter or display multible row text.","Deprecated":false,"Experimental":false,"template":"new sap.ui.commons.TextArea({\n\tid: \"${id}\", // sap.ui.core.ID\n\tvalue: \"\", // string\n\ttextDirection: sap.ui.core.TextDirection.Inherit, // sap.ui.core.TextDirection\n\tenabled: true, // boolean\n\teditable: true, // boolean\n\trequired: false, // boolean\n\twidth: undefined, // sap.ui.core.CSSSize\n\tmaxLength: 0, // int\n\tvalueState: sap.ui.core.ValueState.None, // sap.ui.core.ValueState\n\ttextAlign: sap.ui.core.TextAlign.Begin, // sap.ui.core.TextAlign\n\timeMode: sap.ui.core.ImeMode.Auto, // sap.ui.core.ImeMode\n\tdesign: sap.ui.core.Design.Standard, // sap.ui.core.Design\n\thelpId: \"\", // string\n\taccessibleRole: sap.ui.core.AccessibleRole.Textbox, // sap.ui.core.AccessibleRole\n\tname: undefined, // string\n\tplaceholder: undefined, // string, since 1.14.0\n\theight: undefined, // sap.ui.core.CSSSize\n\tcols: undefined, // int\n\trows: undefined, // int\n\twrapping: undefined, // sap.ui.core.Wrapping\n\tcursorPos: undefined, // int\n\texplanation: undefined, // string\n\tlabeledBy: undefined, // string\n\tariaDescribedBy: [], // sap.ui.core.Control\n\tariaLabelledBy: [], // sap.ui.core.Control\n\tchange: [function (oEvent) {\n\t\tvar control = oEvent.getSource();\n\t}, this],\n\tliveChange: [function (oEvent) {\n\t\tvar control = oEvent.getSource();\n\t}, this]\n})\n"},{"name":"sap.ui.commons.TextField","prefix":"TextField","description":"TextField in sap.ui.commons","helpDescription":"Control is used to enter text.","Deprecated":false,"Experimental":false,"template":"new sap.ui.commons.TextField({\n\tid: \"${id}\", // sap.ui.core.ID\n\tvalue: \"\", // string\n\ttextDirection: sap.ui.core.TextDirection.Inherit, // sap.ui.core.TextDirection\n\tenabled: true, // boolean\n\teditable: true, // boolean\n\trequired: false, // boolean\n\twidth: undefined, // sap.ui.core.CSSSize\n\tmaxLength: 0, // int\n\tvalueState: sap.ui.core.ValueState.None, // sap.ui.core.ValueState\n\ttextAlign: sap.ui.core.TextAlign.Begin, // sap.ui.core.TextAlign\n\timeMode: sap.ui.core.ImeMode.Auto, // sap.ui.core.ImeMode\n\tdesign: sap.ui.core.Design.Standard, // sap.ui.core.Design\n\thelpId: \"\", // string\n\taccessibleRole: sap.ui.core.AccessibleRole.Textbox, // sap.ui.core.AccessibleRole\n\tname: undefined, // string\n\tplaceholder: undefined, // string, since 1.14.0\n\tariaDescribedBy: [], // sap.ui.core.Control\n\tariaLabelledBy: [], // sap.ui.core.Control\n\tchange: [function (oEvent) {\n\t\tvar control = oEvent.getSource();\n\t}, this],\n\tliveChange: [function (oEvent) {\n\t\tvar control = oEvent.getSource();\n\t}, this]\n})\n"},{"name":"sap.ui.commons.TextView","prefix":"TextView","description":"TextView in sap.ui.commons","helpDescription":"Is used to display some continous text. The control can inherit the text direction from its parent control.","Deprecated":false,"Experimental":false,"template":"new sap.ui.commons.TextView({\n\tid: \"${id}\", // sap.ui.core.ID\n\ttext: \"\", // string\n\ttextDirection: sap.ui.core.TextDirection.Inherit, // sap.ui.core.TextDirection\n\tenabled: true, // boolean\n\thelpId: \"\", // string\n\taccessibleRole: sap.ui.core.AccessibleRole.Document, // sap.ui.core.AccessibleRole\n\tdesign: sap.ui.commons.TextViewDesign.Standard, // sap.ui.commons.TextViewDesign\n\twrapping: true, // boolean\n\tsemanticColor: sap.ui.commons.TextViewColor.Default, // sap.ui.commons.TextViewColor\n\ttextAlign: sap.ui.core.TextAlign.Begin, // sap.ui.core.TextAlign\n\twidth: undefined, // sap.ui.core.CSSSize\n\tariaDescribedBy: [], // sap.ui.core.Control\n\tariaLabelledBy: [] // sap.ui.core.Control\n})\n"},{"name":"sap.ui.commons.Title","prefix":"Title","description":"Title in sap.ui.commons","helpDescription":"<strong style=\"color: red;\">Deprecated! </strong>Since 1.16.0 moved to sap.ui.core library. Please use this one.<br>Represents a title element that can be used for aggregation with other controls","Deprecated":true,"Experimental":false,"template":"new sap.ui.commons.Title({\n\tid: \"${id}\" // sap.ui.core.ID\n})\n"},{"name":"sap.ui.commons.ToggleButton","prefix":"ToggleButton","description":"ToggleButton in sap.ui.commons","helpDescription":"The ToggleButton Control is a Button that can be toggled between pressed and normal state","Deprecated":false,"Experimental":false,"template":"new sap.ui.commons.ToggleButton({\n\tid: \"${id}\", // sap.ui.core.ID\n\ttext: \"\", // string\n\tenabled: true, // boolean\n\twidth: undefined, // sap.ui.core.CSSSize\n\thelpId: \"\", // string\n\ticon: \"\", // sap.ui.core.URI\n\ticonHovered: \"\", // sap.ui.core.URI\n\ticonSelected: \"\", // sap.ui.core.URI\n\ticonFirst: true, // boolean\n\theight: undefined, // sap.ui.core.CSSSize\n\tstyled: true, // boolean\n\tlite: false, // boolean\n\tstyle: sap.ui.commons.ButtonStyle.Default, // sap.ui.commons.ButtonStyle\n\tpressed: false, // boolean\n\tariaDescribedBy: [], // sap.ui.core.Control\n\tariaLabelledBy: [], // sap.ui.core.Control\n\tpress: [function (oEvent) {\n\t\tvar control = oEvent.getSource();\n\t}, this]\n})\n"},{"name":"sap.ui.commons.Toolbar","prefix":"Toolbar","description":"Toolbar in sap.ui.commons","helpDescription":"A horizontal row of items where in many cases the single toolbar items are buttons containing icons. Note that all controls with the\nsap.ui.commons.ToolbarItem interface can be used as item: Button, ComboBox, TextField.","Deprecated":false,"Experimental":false,"template":"new sap.ui.commons.Toolbar({\n\tid: \"${id}\", // sap.ui.core.ID\n\twidth: \"auto\", // sap.ui.core.CSSSize\n\tdesign: sap.ui.commons.ToolbarDesign.Flat, // sap.ui.commons.ToolbarDesign\n\tstandalone: true, // boolean\n\titems: [], // sap.ui.commons.ToolbarItem\n\trightItems: [] // sap.ui.commons.ToolbarItem\n})\n"},{"name":"sap.ui.commons.ToolbarSeparator","prefix":"ToolbarSeparator","description":"ToolbarSeparator in sap.ui.commons","helpDescription":"A small vertical line that is generally added to the tool bar between the items to visually separate them.","Deprecated":false,"Experimental":false,"template":"new sap.ui.commons.ToolbarSeparator({\n\tid: \"${id}\", // sap.ui.core.ID\n\tdisplayVisualSeparator: true, // boolean\n\tdesign: undefined // sap.ui.commons.ToolbarSeparatorDesign\n})\n"},{"name":"sap.ui.commons.Tree","prefix":"Tree","description":"Tree in sap.ui.commons","helpDescription":"Simple tree to display item in a hierarchical way","Deprecated":false,"Experimental":false,"template":"new sap.ui.commons.Tree({\n\tid: \"${id}\", // sap.ui.core.ID\n\ttitle: undefined, // string\n\twidth: \"auto\", // sap.ui.core.CSSSize\n\theight: \"auto\", // sap.ui.core.CSSSize\n\tshowHeader: true, // boolean\n\tshowHeaderIcons: true, // boolean\n\tshowHorizontalScrollbar: false, // boolean\n\tminWidth: undefined, // sap.ui.core.CSSSize\n\tselectionMode: sap.ui.commons.TreeSelectionMode.Legacy, // sap.ui.commons.TreeSelectionMode\n\tnodes: [], // sap.ui.commons.TreeNode\n\tselect: [function (oEvent) {\n\t\tvar control = oEvent.getSource();\n\t}, this],\n\tselectionChange: [function (oEvent) {\n\t\tvar control = oEvent.getSource();\n\t}, this]\n})\n"},{"name":"sap.ui.commons.TreeNode","prefix":"TreeNode","description":"TreeNode in sap.ui.commons","helpDescription":"Tree node element","Deprecated":false,"Experimental":false,"template":"new sap.ui.commons.TreeNode({\n\tid: \"${id}\", // sap.ui.core.ID\n\ttext: undefined, // string\n\texpanded: true, // boolean\n\thasExpander: false, // boolean\n\ticon: undefined, // sap.ui.core.URI\n\tisSelected: false, // boolean\n\tselectable: true, // boolean\n\tnodes: [], // sap.ui.commons.TreeNode\n\tariaDescribedBy: [], // sap.ui.core.Control\n\tariaLabelledBy: [], // sap.ui.core.Control\n\ttoggleOpenState: [function (oEvent) {\n\t\tvar control = oEvent.getSource();\n\t}, this],\n\tselected: [function (oEvent) {\n\t\tvar control = oEvent.getSource();\n\t}, this]\n})\n"},{"name":"sap.ui.commons.TriStateCheckBox","prefix":"TriStateCheckBox","description":"TriStateCheckBox in sap.ui.commons","helpDescription":"TriStateCheckBox to reflect mixed state for checkboxes. The control can display three states, namely checked, unchecked and mixed. However, mixed state cannot be directly reached by user interaction on the particular control.\nIt can be only set by the control's public toggle function, to make a behaviour possible which is e.g. required in checkbox trees.","Deprecated":false,"Experimental":false,"template":"new sap.ui.commons.TriStateCheckBox({\n\tid: \"${id}\", // sap.ui.core.ID\n\tselectionState: sap.ui.commons.TriStateCheckBoxState.Unchecked, // sap.ui.commons.TriStateCheckBoxState\n\ttext: undefined, // string\n\tenabled: true, // boolean\n\teditable: true, // boolean\n\tvalueState: sap.ui.core.ValueState.None, // sap.ui.core.ValueState\n\twidth: undefined, // sap.ui.core.CSSSize\n\ttextDirection: sap.ui.core.TextDirection.Inherit, // sap.ui.core.TextDirection\n\tchange: [function (oEvent) {\n\t\tvar control = oEvent.getSource();\n\t}, this]\n})\n"},{"name":"sap.ui.commons.ValueHelpField","prefix":"ValueHelpField","description":"ValueHelpField in sap.ui.commons","helpDescription":"A TextField with an attached icon which triggeres an event.","Deprecated":false,"Experimental":false,"template":"new sap.ui.commons.ValueHelpField({\n\tid: \"${id}\", // sap.ui.core.ID\n\tvalue: \"\", // string\n\ttextDirection: sap.ui.core.TextDirection.Inherit, // sap.ui.core.TextDirection\n\tenabled: true, // boolean\n\teditable: true, // boolean\n\trequired: false, // boolean\n\twidth: undefined, // sap.ui.core.CSSSize\n\tmaxLength: 0, // int\n\tvalueState: sap.ui.core.ValueState.None, // sap.ui.core.ValueState\n\ttextAlign: sap.ui.core.TextAlign.Begin, // sap.ui.core.TextAlign\n\timeMode: sap.ui.core.ImeMode.Auto, // sap.ui.core.ImeMode\n\tdesign: sap.ui.core.Design.Standard, // sap.ui.core.Design\n\thelpId: \"\", // string\n\taccessibleRole: sap.ui.core.AccessibleRole.Textbox, // sap.ui.core.AccessibleRole\n\tname: undefined, // string\n\tplaceholder: undefined, // string, since 1.14.0\n\ticonURL: undefined, // sap.ui.core.URI\n\ticonHoverURL: undefined, // sap.ui.core.URI\n\ticonDisabledURL: undefined, // sap.ui.core.URI\n\tariaDescribedBy: [], // sap.ui.core.Control\n\tariaLabelledBy: [], // sap.ui.core.Control\n\tchange: [function (oEvent) {\n\t\tvar control = oEvent.getSource();\n\t}, this],\n\tliveChange: [function (oEvent) {\n\t\tvar control = oEvent.getSource();\n\t}, this],\n\tvalueHelpRequest: [function (oEvent) {\n\t\tvar control = oEvent.getSource();\n\t}, this]\n})\n"},{"name":"sap.ui.commons.form.Form","prefix":"Form","description":"Form in sap.ui.commons","helpDescription":"<strong style=\"color: red;\">Deprecated! </strong>Since 1.16.0 moved to sap.ui.layout library. Please use this one.<br>Form control.\nHolder for form control to be rendered in a specific form layout.\nA Form supports VariantLayoutData for it's conent to allow a simple switching of Layouts.","Deprecated":true,"Experimental":false,"template":"new sap.ui.commons.form.Form({\n\tid: \"${id}\" // sap.ui.core.ID\n})\n"},{"name":"sap.ui.commons.form.FormContainer","prefix":"FormContainer","description":"FormContainer in sap.ui.commons","helpDescription":"<strong style=\"color: red;\">Deprecated! </strong>Since 1.16.0 moved to sap.ui.layout library. Please use this one.<br>Used to group form elements.","Deprecated":true,"Experimental":false,"template":"new sap.ui.commons.form.FormContainer({\n\tid: \"${id}\" // sap.ui.core.ID\n})\n"},{"name":"sap.ui.commons.form.FormElement","prefix":"FormElement","description":"FormElement in sap.ui.commons","helpDescription":"<strong style=\"color: red;\">Deprecated! </strong>Since 1.16.0 moved to sap.ui.layout library. Please use this one.<br>A form element is a combination of one label and different controls associated to this label.","Deprecated":true,"Experimental":false,"template":"new sap.ui.commons.form.FormElement({\n\tid: \"${id}\" // sap.ui.core.ID\n})\n"},{"name":"sap.ui.commons.form.FormLayout","prefix":"FormLayout","description":"FormLayout in sap.ui.commons","helpDescription":"<strong style=\"color: red;\">Deprecated! </strong>Since 1.16.0 moved to sap.ui.layout library. Please use this one.<br>Base layout for Forms.\nOther Layouts must inherit from this one.","Deprecated":true,"Experimental":false,"template":"new sap.ui.commons.form.FormLayout({\n\tid: \"${id}\" // sap.ui.core.ID\n})\n"},{"name":"sap.ui.commons.form.GridContainerData","prefix":"GridContainerData","description":"GridContainerData in sap.ui.commons","helpDescription":"<strong style=\"color: red;\">Deprecated! </strong>Since 1.16.0 moved to sap.ui.layout library. Please use this one.<br>Grid layout specific properties for FormContainers.\nThe width and height properties of the elements are ignored since the witdh and heights are defined by the grid cells.","Deprecated":true,"Experimental":false,"template":"new sap.ui.commons.form.GridContainerData({\n\tid: \"${id}\" // sap.ui.core.ID\n})\n"},{"name":"sap.ui.commons.form.GridElementData","prefix":"GridElementData","description":"GridElementData in sap.ui.commons","helpDescription":"<strong style=\"color: red;\">Deprecated! </strong>Since 1.16.0 moved to sap.ui.layout library. Please use this one.<br>The grid specific layout data for FormElement fields.\nThe width property of the elements is ignored since the width is defined by grid cells.","Deprecated":true,"Experimental":false,"template":"new sap.ui.commons.form.GridElementData({\n\tid: \"${id}\" // sap.ui.core.ID\n})\n"},{"name":"sap.ui.commons.form.GridLayout","prefix":"GridLayout","description":"GridLayout in sap.ui.commons","helpDescription":"<strong style=\"color: red;\">Deprecated! </strong>Since 1.16.0 moved to sap.ui.layout library. Please use this one.<br>This Layout implements a guideline 2.0 grid. This can be a 16 column grid or an 8 column grid.\n\nTo adjust the content inside the GridLayout GridContainerData and GridElementData could be used.","Deprecated":true,"Experimental":false,"template":"new sap.ui.commons.form.GridLayout({\n\tid: \"${id}\" // sap.ui.core.ID\n})\n"},{"name":"sap.ui.commons.form.ResponsiveLayout","prefix":"ResponsiveLayout","description":"ResponsiveLayout in sap.ui.commons","helpDescription":"<strong style=\"color: red;\">Deprecated! </strong>Since 1.16.0 moved to sap.ui.layout library. Please use this one.<br>Renders a form with responsive layout. Internally the ResponsiveFlowLayout is used.","Deprecated":true,"Experimental":false,"template":"new sap.ui.commons.form.ResponsiveLayout({\n\tid: \"${id}\" // sap.ui.core.ID\n})\n"},{"name":"sap.ui.commons.form.SimpleForm","prefix":"SimpleForm","description":"SimpleForm in sap.ui.commons","helpDescription":"<strong style=\"color: red;\">Deprecated! </strong>Since 1.16.0 moved to sap.ui.layout library. Please use this one.<br>Use the SimpleForm to create a form based on title, label and fields that are stacked in the content aggregation. Add Title to start a new FormContainer(Group). Add Label to start a new row in the container. Add Input/Display controls as needed. Use LayoutData to influence the layout for special cases in the Input/Display controls.","Deprecated":true,"Experimental":false,"template":"new sap.ui.commons.form.SimpleForm({\n\tid: \"${id}\" // sap.ui.core.ID\n})\n"},{"name":"sap.ui.commons.layout.AbsoluteLayout","prefix":"AbsoluteLayout","description":"AbsoluteLayout in sap.ui.commons","helpDescription":"\nThe Absolute Layout positions its child controls absolutely","Deprecated":false,"Experimental":false,"template":"new sap.ui.commons.layout.AbsoluteLayout({\n\tid: \"${id}\", // sap.ui.core.ID\n\twidth: \"100%\", // sap.ui.core.CSSSize\n\theight: \"100%\", // sap.ui.core.CSSSize\n\tverticalScrolling: sap.ui.core.Scrolling.Hidden, // sap.ui.core.Scrolling\n\thorizontalScrolling: sap.ui.core.Scrolling.Hidden, // sap.ui.core.Scrolling\n\tpositions: [] // sap.ui.commons.layout.PositionContainer\n})\n"},{"name":"sap.ui.commons.layout.BorderLayout","prefix":"BorderLayout","description":"BorderLayout in sap.ui.commons","helpDescription":"Based upon the border layout as it comes with the Java standard. Using this layout, you are able to divide your available UI space into five areas whose sizes can be defined. These areas are: Top: Header; Bottom: Footer; Begin: Left/right-hand side panel; Center: Content area\nin the middle; End: Right/left-hand side panel.","Deprecated":false,"Experimental":false,"template":"new sap.ui.commons.layout.BorderLayout({\n\tid: \"${id}\", // sap.ui.core.ID\n\trtl: false, // boolean\n\twidth: \"100%\", // sap.ui.core.CSSSize\n\theight: \"100%\", // sap.ui.core.CSSSize\n\ttop: \"\", // sap.ui.commons.layout.BorderLayoutArea\n\tbegin: \"\", // sap.ui.commons.layout.BorderLayoutArea\n\tcenter: \"\", // sap.ui.commons.layout.BorderLayoutArea\n\tend: \"\", // sap.ui.commons.layout.BorderLayoutArea\n\tbottom: \"\" // sap.ui.commons.layout.BorderLayoutArea\n})\n"},{"name":"sap.ui.commons.layout.BorderLayoutArea","prefix":"BorderLayoutArea","description":"BorderLayoutArea in sap.ui.commons","helpDescription":"The BorderLayoutArea represents one area of a BorderLayout","Deprecated":false,"Experimental":false,"template":"new sap.ui.commons.layout.BorderLayoutArea({\n\tid: \"${id}\", // sap.ui.core.ID\n\tareaId: sap.ui.commons.layout.BorderLayoutAreaTypes.top, // sap.ui.commons.layout.BorderLayoutAreaTypes\n\toverflowX: auto, // string\n\toverflowY: auto, // string\n\tcontentAlign: left, // string\n\tsize: \"100px\", // sap.ui.core.CSSSize\n\tvisible: true, // boolean\n\tcontent: [] // sap.ui.core.Control\n})\n"},{"name":"sap.ui.commons.layout.HorizontalLayout","prefix":"HorizontalLayout","description":"HorizontalLayout in sap.ui.commons","helpDescription":"A layout that provides support for horizontal alignment of controls","Deprecated":false,"Experimental":false,"template":"new sap.ui.commons.layout.HorizontalLayout({\n\tid: \"${id}\" // sap.ui.core.ID\n})\n"},{"name":"sap.ui.commons.layout.MatrixLayout","prefix":"MatrixLayout","description":"MatrixLayout in sap.ui.commons","helpDescription":"\n<p>\nA matrix layout arranges controls in a grid structure, using rows which\nneed not have the same number of cells.\n</p>\n\n<p>\nIt uses predefined cell classes that guarantee appropriate distances\nbetween cells in the grid. The cell's <code>vGutter</code> property lets\nyou specify additional horizontal distances easily. You can set these\nadditional distances (known as gutters) with or without separators.\nThe distance for each cell is specified by assigning a specific\nenumeration value of the class <code>LayoutCellSeparator</code> of the\nmatrix data object.\n</p>\n\n<p>\nYou should <b>avoid nesting</b> matrix layouts. You should only use a\nmatrix layout if you need to align controls horizontally across rows.\n</p>","Deprecated":false,"Experimental":false,"template":"new sap.ui.commons.layout.MatrixLayout({\n\tid: \"${id}\", // sap.ui.core.ID\n\twidth: undefined, // sap.ui.core.CSSSize\n\theight: undefined, // sap.ui.core.CSSSize\n\tlayoutFixed: true, // boolean\n\tcolumns: undefined, // int\n\twidths: undefined, // sap.ui.core.CSSSize[]\n\trows: [] // sap.ui.commons.layout.MatrixLayoutRow\n})\n"},{"name":"sap.ui.commons.layout.MatrixLayoutCell","prefix":"MatrixLayoutCell","description":"MatrixLayoutCell in sap.ui.commons","helpDescription":"\nNon-control element used as part of a matrix layout's inner structure.","Deprecated":false,"Experimental":false,"template":"new sap.ui.commons.layout.MatrixLayoutCell({\n\tid: \"${id}\", // sap.ui.core.ID\n\tbackgroundDesign: sap.ui.commons.layout.BackgroundDesign.Transparent, // sap.ui.commons.layout.BackgroundDesign\n\tcolSpan: 1, // int\n\thAlign: sap.ui.commons.layout.HAlign.Begin, // sap.ui.commons.layout.HAlign\n\tpadding: sap.ui.commons.layout.Padding.End, // sap.ui.commons.layout.Padding\n\trowSpan: 1, // int\n\tseparation: sap.ui.commons.layout.Separation.None, // sap.ui.commons.layout.Separation\n\tvAlign: sap.ui.commons.layout.VAlign.Middle, // sap.ui.commons.layout.VAlign\n\tcontent: [] // sap.ui.core.Control\n})\n"},{"name":"sap.ui.commons.layout.MatrixLayoutRow","prefix":"MatrixLayoutRow","description":"MatrixLayoutRow in sap.ui.commons","helpDescription":"\nNon-control element used as part of a matrix layout's inner structure.","Deprecated":false,"Experimental":false,"template":"new sap.ui.commons.layout.MatrixLayoutRow({\n\tid: \"${id}\", // sap.ui.core.ID\n\theight: undefined, // sap.ui.core.CSSSize\n\tcells: [] // sap.ui.commons.layout.MatrixLayoutCell\n})\n"},{"name":"sap.ui.commons.layout.PositionContainer","prefix":"PositionContainer","description":"PositionContainer in sap.ui.commons","helpDescription":"Is used to specify the position of a control in the AbsoluteLayout","Deprecated":false,"Experimental":false,"template":"new sap.ui.commons.layout.PositionContainer({\n\tid: \"${id}\", // sap.ui.core.ID\n\ttop: undefined, // sap.ui.core.CSSSize\n\tbottom: undefined, // sap.ui.core.CSSSize\n\tleft: undefined, // sap.ui.core.CSSSize\n\tright: undefined, // sap.ui.core.CSSSize\n\tcenterHorizontally: false, // boolean\n\tcenterVertically: false, // boolean\n\tcontrol: \"\" // sap.ui.core.Control\n})\n"},{"name":"sap.ui.commons.layout.ResponsiveFlowLayout","prefix":"ResponsiveFlowLayout","description":"ResponsiveFlowLayout in sap.ui.commons","helpDescription":"<strong style=\"color: red;\">Deprecated! </strong>Since 1.16.0 moved to sap.ui.layout library. Please use this one.<br>This is a layout where several controls can be added. These controls are blown up to fit a whole line. If the window resizes the controls are moved between the lines and resized again.","Deprecated":true,"Experimental":false,"template":"new sap.ui.commons.layout.ResponsiveFlowLayout({\n\tid: \"${id}\" // sap.ui.core.ID\n})\n"},{"name":"sap.ui.commons.layout.ResponsiveFlowLayoutData","prefix":"ResponsiveFlowLayoutData","description":"ResponsiveFlowLayoutData in sap.ui.commons","helpDescription":"<strong style=\"color: red;\">Deprecated! </strong>Since 1.16.0 moved to sap.ui.layout library. Please use this one.<br>This is a LayoutData Element that can be added to a control if this control is used within a ResponsiveFlowLayout","Deprecated":true,"Experimental":false,"template":"new sap.ui.commons.layout.ResponsiveFlowLayoutData({\n\tid: \"${id}\" // sap.ui.core.ID\n})\n"},{"name":"sap.ui.commons.layout.VerticalLayout","prefix":"VerticalLayout","description":"VerticalLayout in sap.ui.commons","helpDescription":"<strong style=\"color: red;\">Deprecated! </strong>Since 1.16.0 Moved to sap.ui.layout library. Please use this one.<br>In this layout the elemnts are orderd one below the other","Deprecated":true,"Experimental":false,"template":"new sap.ui.commons.layout.VerticalLayout({\n\tid: \"${id}\" // sap.ui.core.ID\n})\n"}]}