{"Templates":[{"name":"sap.ui.comp.filterbar.FilterBar","prefix":"FilterBar","description":"FilterBar in sap.ui.comp","helpDescription":"The FilterBar control displays filters in a user-friendly manner to populate values for a query. The FilterBar consists of a row containing the variant management control, the related buttons, and an area underneath displaying the filters.\nThe filters are arranged in a logical row that is divided depending on the space available and the width of the filters.\nThe area containing the filters can be hidden or shown using the HideFilterBar/ShowFilterBar button. The 'Go' button triggers the search event, and the 'Filters' button shows the filter dialog. In this dialog, the user has full control over the filter bar. The filters in this dialog are displayed in one column and organized in groups. The filter items of the filterItems aggregation are grouped in the 'Basic' group . Each filter can be marked as visible in the filter bar by selecting 'Add to Filter Bar'. In addition, the items in the 'filterGroupItems' aggregation can be marked as a part of the current variant.\nThe variant management control will be displayed above the filters.\nThe FilterBar also supports a different UI layout when used inside a value help dialog. In this case the FilterBar consists of two logical areas, one containing the general search button and in the s.c. 'Advanced Search' area.\nThe 'Advanced Search' is a collapsible area displaying the advanced filters in two columns.","Deprecated":false,"Experimental":false,"template":"new sap.ui.comp.filterbar.FilterBar({\n\tid: \"${id}\", // sap.ui.core.ID\n\tpersistencyKey: undefined, // string\n\tadvancedMode: false, // boolean\n\texpandAdvancedArea: false, // boolean\n\tsearchEnabled: true, // boolean\n\tfilterBarExpanded: true, // boolean, since 1.26.1\n\tconsiderGroupTitle: false, // boolean, since 1.28.0\n\tshowClearButton: false, // boolean, since 1.26.1\n\tshowRestoreButton: true, // boolean, since 1.26.1\n\tshowGoOnFB: true, // boolean, since 1.28.0\n\tshowRestoreOnFB: false, // boolean, since 1.28.0\n\tshowClearOnFB: false, // boolean, since 1.28.0\n\tshowGoButton: undefined, // boolean, since 1.26.1\n\tfilterItems: [], // sap.ui.comp.filterbar.FilterItem\n\tfilterGroupItems: [], // sap.ui.comp.filterbar.FilterGroupItem\n\tbasicSearch: \"\", // sap.m.SearchField, since 1.30.0\n\tcancel: [function (oEvent) {\n\t\tvar control = oEvent.getSource();\n\t}, this],\n\treset: [function (oEvent) {\n\t\tvar control = oEvent.getSource();\n\t}, this],\n\tsearch: [function (oEvent) {\n\t\tvar control = oEvent.getSource();\n\t}, this],\n\tbeforeVariantSave: [function (oEvent) {\n\t\tvar control = oEvent.getSource();\n\t}, this],\n\tafterVariantLoad: [function (oEvent) {\n\t\tvar control = oEvent.getSource();\n\t}, this],\n\tfilterChange: [function (oEvent) {\n\t\tvar control = oEvent.getSource();\n\t}, this],\n\tclear: [function (oEvent) {\n\t\tvar control = oEvent.getSource();\n\t}, this],\n\tinitialise: [function (oEvent) {\n\t\tvar control = oEvent.getSource();\n\t}, this],\n\tafterVariantSave: [function (oEvent) {\n\t\tvar control = oEvent.getSource();\n\t}, this]\n})\n"},{"name":"sap.ui.comp.filterbar.FilterGroupItem","prefix":"FilterGroupItem","description":"FilterGroupItem in sap.ui.comp","helpDescription":"representation for a filter field in the advanced area. Has the same semantical meaning as the new visible in filter bar property.","Deprecated":false,"Experimental":false,"template":"new sap.ui.comp.filterbar.FilterGroupItem({\n\tid: \"${id}\", // sap.ui.core.ID\n\tlabel: undefined, // string\n\tname: undefined, // string\n\tmandatory: false, // boolean\n\tvisible: true, // boolean\n\tlabelTooltip: undefined, // string\n\tpartOfCurrentVariant: false, // boolean, since 1.26.1\n\tvisibleInFilterBar: true, // boolean, since 1.26.1\n\tgroupTitle: undefined, // string\n\tgroupName: undefined, // string\n\tvisibleInAdvancedArea: false, // boolean\n\tcontrol: \"\", // sap.ui.core.Control\n\tchange: [function (oEvent) {\n\t\tvar control = oEvent.getSource();\n\t}, this]\n})\n"},{"name":"sap.ui.comp.filterbar.FilterItem","prefix":"FilterItem","description":"FilterItem in sap.ui.comp","helpDescription":"FilterItem represents a selection filed in the basic area of the FilterBar control","Deprecated":false,"Experimental":false,"template":"new sap.ui.comp.filterbar.FilterItem({\n\tid: \"${id}\", // sap.ui.core.ID\n\tlabel: undefined, // string\n\tname: undefined, // string\n\tmandatory: false, // boolean\n\tvisible: true, // boolean\n\tlabelTooltip: undefined, // string\n\tpartOfCurrentVariant: false, // boolean, since 1.26.1\n\tvisibleInFilterBar: true, // boolean, since 1.26.1\n\tcontrol: \"\", // sap.ui.core.Control\n\tchange: [function (oEvent) {\n\t\tvar control = oEvent.getSource();\n\t}, this]\n})\n"},{"name":"sap.ui.comp.navpopover.LinkData","prefix":"LinkData","description":"LinkData in sap.ui.comp","helpDescription":"Stores display text together with a navigation target hyperlink.","Deprecated":false,"Experimental":false,"template":"new sap.ui.comp.navpopover.LinkData({\n\tid: \"${id}\", // sap.ui.core.ID\n\ttext: undefined, // string, since 1.28.0\n\thref: undefined, // string since 1.28.0\n})\n"},{"name":"sap.ui.comp.navpopover.NavigationPopover","prefix":"NavigationPopover","description":"NavigationPopover in sap.ui.comp","helpDescription":"The NavigationPopover allows navigating to different destinations by providing links on a popover","Deprecated":false,"Experimental":false,"template":"new sap.ui.comp.navpopover.NavigationPopover({\n\tid: \"${id}\", // sap.ui.core.ID\n\ttitle: undefined, // string, since 1.28.0\n\tsemanticObjectName: undefined, // string, since 1.28.0\n\tsemanticAttributes: undefined, // object, since 1.28.0\n\tappStateKey: undefined, // string, since 1.28.0\n\tmainNavigationId: undefined, // string\n\tavailableActions: [], // sap.ui.comp.navpopover.LinkData, since 1.28.0\n\tmainNavigation: \"\", // sap.ui.comp.navpopover.LinkData, since 1.28.0\n\townNavigation: \"\", // sap.ui.comp.navpopover.LinkData, since 1.28.0\n\tsource: \"\", // sap.ui.core.Control, since 1.28.0\n\textraContent: \"\", // sap.ui.core.Control, since 1.28.0\n\tcomponent: \"\", // sap.ui.core.Element\n\ttargetsObtained: [function (oEvent) {\n\t\tvar control = oEvent.getSource();\n\t}, this], // since 1.28.0\n\tnavigate: [function (oEvent) {\n\t\tvar control = oEvent.getSource();\n\t}, this] // since 1.28.0\n})\n"},{"name":"sap.ui.comp.navpopover.SemanticObjectController","prefix":"SemanticObjectController","description":"SemanticObjectController in sap.ui.comp","helpDescription":"The SemanticObjectController allows the user to register against semantic object navigation events as well as define semantic objects which should be ignored.","Deprecated":false,"Experimental":false,"template":"new sap.ui.comp.navpopover.SemanticObjectController({\n\tid: \"${id}\", // sap.ui.core.ID\n\tignoredFields: undefined, // string, since 1.28.0\n\tprefetchNavigationTargets: false, // boolean, since 1.28.0\n\tfieldSemanticObjectMap: undefined, // object, since 1.28.0\n\tentitySet: undefined, // string, since 1.28.0\n\tnavigationTargetsObtained: [function (oEvent) {\n\t\tvar control = oEvent.getSource();\n\t}, this], // since 1.28.0\n\tbeforePopoverOpens: [function (oEvent) {\n\t\tvar control = oEvent.getSource();\n\t}, this], // since 1.28.0\n\tnavigate: [function (oEvent) {\n\t\tvar control = oEvent.getSource();\n\t}, this], // since 1.28.0\n\tprefetchDone: [function (oEvent) {\n\t\tvar control = oEvent.getSource();\n\t}, this] // since 1.28.0\n})\n"},{"name":"sap.ui.comp.navpopover.SmartLink","prefix":"SmartLink","description":"SmartLink in sap.ui.comp","helpDescription":"The SmartLink control uses a semantic object to display a Navigation Popover for further navigation steps.","Deprecated":false,"Experimental":false,"template":"new sap.ui.comp.navpopover.SmartLink({\n\tid: \"${id}\", // sap.ui.core.ID\n\tsemanticObject: undefined, // string, since 1.28.0\n\tsemanticObjectController: undefined, // any, since 1.28.0\n\tfieldName: undefined, // string, since 1.28.0\n\tsemanticObjectLabel: undefined, // string, since 1.28.0\n\tcreateControlCallback: undefined, // object, since 1.28.0\n\tmapFieldToSemanticObject: true, // boolean\n\tignoreLinkRendering: false, // boolean, since 1.28.0\n\tinnerControl: \"\", // sap.ui.core.Control, since 1.28.0\n\tbeforePopoverOpens: [function (oEvent) {\n\t\tvar control = oEvent.getSource();\n\t}, this], // since 1.28.0\n\tnavigationTargetsObtained: [function (oEvent) {\n\t\tvar control = oEvent.getSource();\n\t}, this], // since 1.28.0\n\tinnerNavigate: [function (oEvent) {\n\t\tvar control = oEvent.getSource();\n\t}, this] // since 1.28.0\n})\n"},{"name":"sap.ui.comp.odata.FieldSelector","prefix":"FieldSelector","description":"FieldSelector in sap.ui.comp","helpDescription":"Reuse control which displays the properties of OData entity sets.","Deprecated":false,"Experimental":false,"template":"new sap.ui.comp.odata.FieldSelector({\n\tid: \"${id}\", // sap.ui.core.ID\n\tshowSearchBar: true, // boolean\n\tcontent: \"\", // sap.ui.core.Control\n\tfieldSelectionChanged: [function (oEvent) {\n\t\tvar control = oEvent.getSource();\n\t}, this]\n})\n"},{"name":"sap.ui.comp.personalization.BaseController","prefix":"BaseController","description":"BaseController in sap.ui.comp","helpDescription":"An abstract class for personalization Controllers.","Deprecated":false,"Experimental":false,"template":"new sap.ui.comp.personalization.BaseController({\n\tid: \"${id}\", // sap.ui.core.ID\n\ttype: undefined, // string, since 1.28.0\n\tmodel: undefined, // sap.ui.model.json.JSONModel, since 1.28.0\n\tpersistentDataRestore: undefined, // object, since 1.28.0\n\ttable: \"\", // sap.ui.core.Control, since 1.28.0\n\tbeforePotentialTableChange: [function (oEvent) {\n\t\tvar control = oEvent.getSource();\n\t}, this], // since 1.28.0\n\tafterPotentialTableChange: [function (oEvent) {\n\t\tvar control = oEvent.getSource();\n\t}, this] // since 1.28.0\n})\n"},{"name":"sap.ui.comp.smartfield.Configuration","prefix":"Configuration","description":"Configuration in sap.ui.comp","helpDescription":"The configuration allows to further define the behaviour of a SmartField.","Deprecated":false,"Experimental":false,"template":"new sap.ui.comp.smartfield.Configuration({\n\tid: \"${id}\", // sap.ui.core.ID\n\tcontrolType: undefined, // sap.ui.comp.smartfield.ControlType\n\tdisplayBehaviour: undefined // string\n})\n"},{"name":"sap.ui.comp.smartfield.SmartField","prefix":"SmartField","description":"SmartField in sap.ui.comp","helpDescription":"The SmartField Control is a wrapper for other controls. It interprets OData meta data to determine the control that has to be\n       instantiated. The OData entity is deduced from the control's binding context. The OData entity's property that is changed or\n       displayed with the control is deduced from the control's value property. The control's value property can also be bound to a\n       property of a JSON model. In this case the SmartField uses its jsontype property to determine the control to be created.","Deprecated":false,"Experimental":false,"template":"new sap.ui.comp.smartfield.SmartField({\n\tid: \"${id}\", // sap.ui.core.ID\n\tvalue: undefined, // any\n\tenabled: true, // boolean\n\tentitySet: undefined, // string\n\teditable: true, // boolean\n\twidth: undefined, // sap.ui.core.CSSSize\n\ttextAlign: undefined, // sap.ui.core.TextAlign\n\tplaceholder: undefined, // string\n\tname: undefined, // string\n\tvalueState: sap.ui.core.ValueState.None, // sap.ui.core.ValueState\n\tvalueStateText: undefined, // string\n\tshowValueStateMessage: true, // boolean\n\tjsontype: undefined, // sap.ui.comp.smartfield.JSONType\n\tmandatory: false, // boolean\n\tmaxLength: 0, // int\n\tshowSuggestion: true, // boolean\n\tshowValueHelp: true, // boolean\n\tshowLabel: true, // boolean\n\ttextLabel: undefined, // string\n\ttooltipLabel: undefined, // string\n\tuomVisible: true, // boolean\n\tuomEnabled: true, // boolean\n\turl: undefined, // string\n\t_content: \"\", // sap.ui.core.Control\n\tconfiguration: \"\", // sap.ui.comp.smartfield.Configuration\n\tentitySetFound: [function (oEvent) {\n\t\tvar control = oEvent.getSource();\n\t}, this],\n\tchange: [function (oEvent) {\n\t\tvar control = oEvent.getSource();\n\t}, this],\n\tinitialise: [function (oEvent) {\n\t\tvar control = oEvent.getSource();\n\t}, this],\n\tvisibleChanged: [function (oEvent) {\n\t\tvar control = oEvent.getSource();\n\t}, this],\n\tinnerControlsCreated: [function (oEvent) {\n\t\tvar control = oEvent.getSource();\n\t}, this]\n})\n"},{"name":"sap.ui.comp.smartfield.SmartLabel","prefix":"SmartLabel","description":"SmartLabel in sap.ui.comp","helpDescription":"is a wrapper for the sap.m.Label and used with the SmartField-Control","Deprecated":false,"Experimental":false,"template":"new sap.ui.comp.smartfield.SmartLabel({\n\tid: \"${id}\" // sap.ui.core.ID\n})\n"},{"name":"sap.ui.comp.smartfield.type.AbapBool","prefix":"AbapBool","description":"AbapBool in sap.ui.comp","helpDescription":"ABAP Boolean data type.","Deprecated":false,"Experimental":false,"template":"new sap.ui.comp.smartfield.type.AbapBool({\n\tid: \"${id}\" // sap.ui.core.ID\n})\n"},{"name":"sap.ui.comp.smartfilterbar.ControlConfiguration","prefix":"ControlConfiguration","description":"ControlConfiguration in sap.ui.comp","helpDescription":"A ControlConfiguration can be used to add additional configuration for filter fields in the SmartFilterBar, in order to overwrite the default settings from the OData metadata. For instance it is possible to change the label, index or control type of a filter field.","Deprecated":false,"Experimental":false,"template":"new sap.ui.comp.smartfilterbar.ControlConfiguration({\n\tid: \"${id}\", // sap.ui.core.ID\n\tkey: undefined, // string\n\tgroupId: undefined, // string\n\tlabel: undefined, // string\n\tvisible: true, // boolean\n\thasValueHelpDialog: true, // boolean\n\tcontrolType: auto, // string\n\tfilterType: auto, // string\n\tindex: undefined, // any\n\thasTypeAhead: true, // boolean\n\tmandatory: auto, // string\n\twidth: undefined, // string\n\tvisibleInAdvancedArea: false, // boolean\n\tpreventInitialDataFetchInValueHelpDialog: true, // boolean\n\tdisplayBehaviour: auto, // string\n\tdefaultFilterValues: [], // sap.ui.comp.smartfilterbar.SelectOption\n\tcustomControl: \"\", // sap.ui.core.Control\n\tchange: [function (oEvent) {\n\t\tvar control = oEvent.getSource();\n\t}, this]\n})\n"},{"name":"sap.ui.comp.smartfilterbar.GroupConfiguration","prefix":"GroupConfiguration","description":"GroupConfiguration in sap.ui.comp","helpDescription":"A GroupConfiguration can be used to add additional configurations for groups in the SmartFilterBar. A group in the SmartFilterBar is a group of filter fields in the advanced search.","Deprecated":false,"Experimental":false,"template":"new sap.ui.comp.smartfilterbar.GroupConfiguration({\n\tid: \"${id}\", // sap.ui.core.ID\n\tkey: undefined, // string\n\tindex: undefined, // any\n\tlabel: undefined, // any\n\tchange: [function (oEvent) {\n\t\tvar control = oEvent.getSource();\n\t}, this]\n})\n"},{"name":"sap.ui.comp.smartfilterbar.SelectOption","prefix":"SelectOption","description":"SelectOption in sap.ui.comp","helpDescription":"A Select Option can be used to specify default filter values for a control configuration of the SmartFilterBar.","Deprecated":false,"Experimental":false,"template":"new sap.ui.comp.smartfilterbar.SelectOption({\n\tid: \"${id}\", // sap.ui.core.ID\n\tsign: I, // string\n\toperator: EQ, // string\n\tlow: undefined, // string\n\thigh: undefined // string\n})\n"},{"name":"sap.ui.comp.smartfilterbar.SmartFilterBar","prefix":"SmartFilterBar","description":"SmartFilterBar in sap.ui.comp","helpDescription":"The SmartFilterBar uses the OData metadata of an entity type in order to create a FilterBar. It is automatically determined which fields\n       will be used for the filter bar, if the fields support TypeAhead etc. Using control configurations and group configurations it is\n       possible to configure the filter bar and adapt it according to your needs.","Deprecated":false,"Experimental":false,"template":"new sap.ui.comp.smartfilterbar.SmartFilterBar({\n\tid: \"${id}\", // sap.ui.core.ID\n\tpersistencyKey: undefined, // string\n\tadvancedMode: false, // boolean\n\texpandAdvancedArea: false, // boolean\n\tsearchEnabled: true, // boolean\n\tfilterBarExpanded: true, // boolean, since 1.26.1\n\tconsiderGroupTitle: false, // boolean, since 1.28.0\n\tshowClearButton: false, // boolean, since 1.26.1\n\tshowRestoreButton: true, // boolean, since 1.26.1\n\tshowGoOnFB: true, // boolean, since 1.28.0\n\tshowRestoreOnFB: false, // boolean, since 1.28.0\n\tshowClearOnFB: false, // boolean, since 1.28.0\n\tshowGoButton: undefined, // boolean, since 1.26.1\n\tentityType: undefined, // string\n\tresourceUri: undefined, // string\n\tbasicSearchFieldName: undefined, // string\n\tenableBasicSearch: false, // string\n\tfilterItems: [], // sap.ui.comp.filterbar.FilterItem\n\tfilterGroupItems: [], // sap.ui.comp.filterbar.FilterGroupItem\n\tcontrolConfiguration: [], // sap.ui.comp.smartfilterbar.ControlConfiguration\n\tgroupConfiguration: [], // sap.ui.comp.smartfilterbar.GroupConfiguration\n\tbasicSearch: \"\", // sap.m.SearchField, since 1.30.0\n\tcancel: [function (oEvent) {\n\t\tvar control = oEvent.getSource();\n\t}, this],\n\treset: [function (oEvent) {\n\t\tvar control = oEvent.getSource();\n\t}, this],\n\tsearch: [function (oEvent) {\n\t\tvar control = oEvent.getSource();\n\t}, this],\n\tbeforeVariantSave: [function (oEvent) {\n\t\tvar control = oEvent.getSource();\n\t}, this],\n\tafterVariantLoad: [function (oEvent) {\n\t\tvar control = oEvent.getSource();\n\t}, this],\n\tfilterChange: [function (oEvent) {\n\t\tvar control = oEvent.getSource();\n\t}, this],\n\tclear: [function (oEvent) {\n\t\tvar control = oEvent.getSource();\n\t}, this],\n\tinitialise: [function (oEvent) {\n\t\tvar control = oEvent.getSource();\n\t}, this],\n\tafterVariantSave: [function (oEvent) {\n\t\tvar control = oEvent.getSource();\n\t}, this]\n})\n"},{"name":"sap.ui.comp.smartform.Group","prefix":"Group","description":"Group in sap.ui.comp","helpDescription":"Groups are used to group group elements.","Deprecated":false,"Experimental":false,"template":"new sap.ui.comp.smartform.Group({\n\tid: \"${id}\", // sap.ui.core.ID\n\tuseHorizontalLayout: undefined, // boolean\n\thorizontalLayoutGroupElementMinWidth: undefined, // int\n\tlabel: undefined, // string\n\tgroupElements: [], // sap.ui.comp.smartform.GroupElement\n\tlayout: \"\" // sap.ui.layout.GridData\n})\n"},{"name":"sap.ui.comp.smartform.GroupElement","prefix":"GroupElement","description":"GroupElement in sap.ui.comp","helpDescription":"A GroupElement is a combination of one label and different controls associated to this label.","Deprecated":false,"Experimental":false,"template":"new sap.ui.comp.smartform.GroupElement({\n\tid: \"${id}\", // sap.ui.core.ID\n\tuseHorizontalLayout: undefined, // boolean\n\thorizontalLayoutGroupElementMinWidth: undefined, // int\n\telementForLabel: 0, // int\n\telements: [] // sap.ui.core.Control\n})\n"},{"name":"sap.ui.comp.smartform.Layout","prefix":"Layout","description":"Layout in sap.ui.comp","helpDescription":"Layout settings to adjust ResponsiveGridLayout.","Deprecated":false,"Experimental":false,"template":"new sap.ui.comp.smartform.Layout({\n\tid: \"${id}\", // sap.ui.core.ID\n\tlabelSpanL: undefined, // int\n\tlabelSpanM: undefined, // int\n\tlabelSpanS: undefined, // int\n\temptySpanL: undefined, // int\n\temptySpanM: undefined, // int\n\temptySpanS: undefined, // int\n\tcolumnsL: undefined, // int\n\tcolumnsM: undefined, // int\n\tbreakpointL: undefined, // int\n\tbreakpointM: undefined // int\n})\n"},{"name":"sap.ui.comp.smartform.SmartForm","prefix":"SmartForm","description":"SmartForm in sap.ui.comp","helpDescription":"The SmartForm renders a form (sap.ui.layout.form.Form) and makes use of OData metadata annotations. If the controls to be displayed\n       inside the form are bound to an OData model the label is taken from the metadata annotation (sap:label) if not specified in the XML\n       view.","Deprecated":false,"Experimental":false,"template":"new sap.ui.comp.smartform.SmartForm({\n\tid: \"${id}\", // sap.ui.core.ID\n\ttitle: undefined, // string\n\tuseHorizontalLayout: undefined, // boolean\n\thorizontalLayoutGroupElementMinWidth: undefined, // int\n\tcheckButton: false, // boolean\n\tentityType: undefined, // string\n\texpandable: false, // boolean\n\texpanded: undefined, // boolean\n\teditTogglable: false, // boolean\n\teditable: false, // boolean\n\tignoredFields: undefined, // string\n\tgroups: [], // sap.ui.comp.smartform.Group\n\tcontent: \"\", // sap.ui.core.Control\n\tlayout: \"\", // sap.ui.comp.smartform.Layout\n\tsemanticObjectController: \"\", // sap.ui.comp.navpopover.SemanticObjectController\n\tcustomToolbar: \"\", // sap.m.Toolbar\n\ttoolbar: \"\", // sap.m.Toolbar\n\teditToggled: [function (oEvent) {\n\t\tvar control = oEvent.getSource();\n\t}, this],\n\tchecked: [function (oEvent) {\n\t\tvar control = oEvent.getSource();\n\t}, this]\n})\n"},{"name":"sap.ui.comp.smartform.flexibility.DialogContent","prefix":"DialogContent","description":"DialogContent in sap.ui.comp","helpDescription":"The content of the personalization dialog of the SmartForm","Deprecated":false,"Experimental":false,"template":"new sap.ui.comp.smartform.flexibility.DialogContent({\n\tid: \"${id}\", // sap.ui.core.ID\n\tcontent: \"\" // sap.ui.core.Control\n})\n"},{"name":"sap.ui.comp.smartform.flexibility.FieldList","prefix":"FieldList","description":"FieldList in sap.ui.comp","helpDescription":"Contains list of forms, groups and fields which can could be modified by the SAPUI5 flexibility services","Deprecated":false,"Experimental":false,"template":"new sap.ui.comp.smartform.flexibility.FieldList({\n\tid: \"${id}\", // sap.ui.core.ID\n\tnodes: [], // sap.ui.comp.smartform.flexibility.FieldListNode\n\tselectionChanged: [function (oEvent) {\n\t\tvar control = oEvent.getSource();\n\t}, this],\n\tlabelChanged: [function (oEvent) {\n\t\tvar control = oEvent.getSource();\n\t}, this]\n})\n"},{"name":"sap.ui.comp.smartform.flexibility.FieldListNode","prefix":"FieldListNode","description":"FieldListNode in sap.ui.comp","helpDescription":"A node within the field list control","Deprecated":false,"Experimental":false,"template":"new sap.ui.comp.smartform.flexibility.FieldListNode({\n\tid: \"${id}\", // sap.ui.core.ID\n\tlabel: undefined, // string\n\tisVisible: undefined, // boolean\n\tisSelected: undefined, // boolean\n\tnodes: [], // sap.ui.comp.smartform.flexibility.FieldListNode\n\tlayout: \"\", // sap.ui.core.Control\n\tselected: [function (oEvent) {\n\t\tvar control = oEvent.getSource();\n\t}, this],\n\tlabelChanged: [function (oEvent) {\n\t\tvar control = oEvent.getSource();\n\t}, this]\n})\n"},{"name":"sap.ui.comp.smartform.flexibility.Input","prefix":"Input","description":"Input in sap.ui.comp","helpDescription":"Input field with special focus handling","Deprecated":false,"Experimental":false,"template":"new sap.ui.comp.smartform.flexibility.Input({\n\tid: \"${id}\", // sap.ui.core.ID\n\tselectedByKeyboard: [function (oEvent) {\n\t\tvar control = oEvent.getSource();\n\t}, this]\n})\n"},{"name":"sap.ui.comp.smarttable.SmartTable","prefix":"SmartTable","description":"SmartTable in sap.ui.comp","helpDescription":"<strong style=\"color: red;\">Experimental! </strong>","Deprecated":false,"Experimental":true,"template":"new sap.ui.comp.smarttable.SmartTable({\n\tid: \"${id}\", // sap.ui.core.ID\n\tentitySet: undefined, // string, since 1.26.0\n\tsmartFilterId: undefined, // string, since 1.26.0\n\tignoredFields: undefined, // string, since 1.26.0\n\ttableType: undefined, // sap.ui.comp.smarttable.TableType, since 1.26.0\n\tuseVariantManagement: true, // boolean, since 1.26.0\n\tuseExportToExcel: true, // boolean, since 1.26.0\n\tuseTablePersonalisation: true, // boolean, since 1.26.0\n\tshowRowCount: true, // boolean, since 1.26.0\n\theader: undefined, // string, since 1.26.0\n\ttoolbarStyleClass: undefined, // string, since 1.26.0\n\tenableCustomFilter: true, // boolean, since 1.26.0\n\tpersistencyKey: undefined, // string, since 1.26.0\n\tuseOnlyOneSolidToolbar: false, // boolean, since 1.26.0\n\tcurrentVariantId: undefined, // string, since 1.28.0\n\teditable: false, // boolean, since 1.28.0\n\tenableAutoBinding: false, // boolean, since 1.28.0\n\ttableBindingPath: undefined, // string, since 1.28.0\n\teditTogglable: false, // boolean, since 1.28.0\n\tdemandPopin: false, // boolean, since 1.30.0\n\tcustomToolbar: \"\", // sap.m.Toolbar, since 1.26.0\n\tsemanticObjectController: \"\", // sap.ui.comp.navpopover.SemanticObjectController, since 1.28.0\n\tinitialise: [function (oEvent) {\n\t\tvar control = oEvent.getSource();\n\t}, this], // since 1.26.0\n\tbeforeRebindTable: [function (oEvent) {\n\t\tvar control = oEvent.getSource();\n\t}, this], // since 1.26.0\n\teditToggled: [function (oEvent) {\n\t\tvar control = oEvent.getSource();\n\t}, this], // since 1.28.0\n\tdataReceived: [function (oEvent) {\n\t\tvar control = oEvent.getSource();\n\t}, this], // since 1.28.0\n\tafterVariantInitialise: [function (oEvent) {\n\t\tvar control = oEvent.getSource();\n\t}, this], // since 1.28.0\n\tafterVariantSave: [function (oEvent) {\n\t\tvar control = oEvent.getSource();\n\t}, this], // since 1.28.0\n\tafterVariantApply: [function (oEvent) {\n\t\tvar control = oEvent.getSource();\n\t}, this] // since 1.28.0\n})\n"},{"name":"sap.ui.comp.smartvariants.PersonalizableInfo","prefix":"PersonalizableInfo","description":"PersonalizableInfo in sap.ui.comp","helpDescription":"Describes the control associated with the smart variant control.","Deprecated":false,"Experimental":false,"template":"new sap.ui.comp.smartvariants.PersonalizableInfo({\n\tid: \"${id}\", // sap.ui.core.ID\n\ttype: undefined, // string\n\tdataSource: undefined, // string\n\tkeyName: undefined, // string\n\tcontrol: \"\" // sap.ui.core.Control\n})\n"},{"name":"sap.ui.comp.smartvariants.SmartVariantManagement","prefix":"SmartVariantManagement","description":"SmartVariantManagement in sap.ui.comp","helpDescription":"SmartVariantManagement is a specialization of the VariantManagementControl and communicates with the flexibility layer to manage the variants.","Deprecated":false,"Experimental":false,"template":"new sap.ui.comp.smartvariants.SmartVariantManagement({\n\tid: \"${id}\", // sap.ui.core.ID\n\tinitialSelectionKey: undefined, // string, since 1.22.0\n\tenabled: true, // boolean, since 1.22.0\n\tdefaultVariantKey: undefined, // string, since 1.22.0\n\tselectionKey: undefined, // string, since 1.24.0\n\tshowCreateTile: false, // boolean, since 1.26.0\n\tshowExecuteOnSelection: false, // boolean, since 1.26.0\n\tshowShare: false, // boolean, since 1.26.0\n\tlifecycleSupport: false, // boolean, since 1.26.0\n\tstandardItemText: undefined, // string, since 1.28.0\n\titems: [], // sap.ui.core.Item, since 1.22.0\n\tvariantItems: [], // sap.ui.comp.variants.VariantItem, since 1.26.0\n\tpersonalizableControls: [], // sap.ui.comp.smartvariants.PersonalizableInfo\n\tsave: [function (oEvent) {\n\t\tvar control = oEvent.getSource();\n\t}, this], // since 1.22.0\n\tmanage: [function (oEvent) {\n\t\tvar control = oEvent.getSource();\n\t}, this], // since 1.22.0\n\tselect: [function (oEvent) {\n\t\tvar control = oEvent.getSource();\n\t}, this], // since 1.22.0\n\tinitialise: [function (oEvent) {\n\t\tvar control = oEvent.getSource();\n\t}, this],\n\tafterSave: [function (oEvent) {\n\t\tvar control = oEvent.getSource();\n\t}, this]\n})\n"},{"name":"sap.ui.comp.smartvariants.SmartVariantManagementUi2","prefix":"SmartVariantManagementUi2","description":"SmartVariantManagementUi2 in sap.ui.comp","helpDescription":"SmartVariantManagement is a specialization of the VariantManagementControl and communicates with the Ui2 personalization layer to manage the variants.","Deprecated":false,"Experimental":false,"template":"new sap.ui.comp.smartvariants.SmartVariantManagementUi2({\n\tid: \"${id}\", // sap.ui.core.ID\n\tinitialSelectionKey: undefined, // string, since 1.22.0\n\tenabled: true, // boolean, since 1.22.0\n\tdefaultVariantKey: undefined, // string, since 1.22.0\n\tselectionKey: undefined, // string, since 1.24.0\n\tshowCreateTile: false, // boolean, since 1.26.0\n\tshowExecuteOnSelection: false, // boolean, since 1.26.0\n\tshowShare: false, // boolean, since 1.26.0\n\tlifecycleSupport: false, // boolean, since 1.26.0\n\tstandardItemText: undefined, // string, since 1.28.0\n\tcurrentVariantId: undefined, // string\n\titems: [], // sap.ui.core.Item, since 1.22.0\n\tvariantItems: [], // sap.ui.comp.variants.VariantItem, since 1.26.0\n\tpersonalizableControl: \"\", // sap.ui.comp.smartvariants.PersonalizableInfo\n\tsave: [function (oEvent) {\n\t\tvar control = oEvent.getSource();\n\t}, this], // since 1.22.0\n\tmanage: [function (oEvent) {\n\t\tvar control = oEvent.getSource();\n\t}, this], // since 1.22.0\n\tselect: [function (oEvent) {\n\t\tvar control = oEvent.getSource();\n\t}, this], // since 1.22.0\n\tinitialise: [function (oEvent) {\n\t\tvar control = oEvent.getSource();\n\t}, this],\n\tafterSave: [function (oEvent) {\n\t\tvar control = oEvent.getSource();\n\t}, this]\n})\n"},{"name":"sap.ui.comp.transport.TransportDialog","prefix":"TransportDialog","description":"TransportDialog in sap.ui.comp","helpDescription":"The Transport Dialog Control can be used to implement a value help for selecting an ABAP package and transport request. It is not a generic utility, but part of the Variantmanament and therefore cannot be used in any other application.","Deprecated":false,"Experimental":false,"template":"new sap.ui.comp.transport.TransportDialog({\n\tid: \"${id}\", // sap.ui.core.ID\n\tpkg: undefined, // string\n\ttransports: undefined, // any\n\tlrepObject: undefined, // any\n\thidePackage: undefined, // boolean\n\tok: [function (oEvent) {\n\t\tvar control = oEvent.getSource();\n\t}, this],\n\tcancel: [function (oEvent) {\n\t\tvar control = oEvent.getSource();\n\t}, this]\n})\n"},{"name":"sap.ui.comp.valuehelpdialog.ValueHelpDialog","prefix":"ValueHelpDialog","description":"ValueHelpDialog in sap.ui.comp","helpDescription":"The ValueHelpDialog Control can be used to implement an F4 value help for a multi-input field.","Deprecated":false,"Experimental":false,"template":"new sap.ui.comp.valuehelpdialog.ValueHelpDialog({\n\tid: \"${id}\", // sap.ui.core.ID\n\tbasicSearchText: undefined, // string, since 1.24\n\tsupportMultiselect: true, // boolean, since 1.24\n\tsupportRanges: false, // boolean, since 1.24\n\tdescriptionKey: undefined, // string, since 1.24\n\tkey: undefined, // string, since 1.24\n\tsupportRangesOnly: false, // boolean, since 1.24\n\tmaxIncludeRanges: -1, // string, since 1.24\n\tmaxExcludeRanges: -1, // string, since 1.24\n\tdisplayFormat: undefined, // string, since 1.24\n\ttokenDisplayBehaviour: undefined, // string, since 1.24\n\tfilterMode: false, // boolean, since 1.24\n\tfilterBar: \"\", // sap.ui.core.Control\n\tok: [function (oEvent) {\n\t\tvar control = oEvent.getSource();\n\t}, this], // since 1.24\n\tcancel: [function (oEvent) {\n\t\tvar control = oEvent.getSource();\n\t}, this] // since 1.24\n})\n"},{"name":"sap.ui.comp.variants.EditableVariantItem","prefix":"EditableVariantItem","description":"EditableVariantItem in sap.ui.comp","helpDescription":"Editable Variant List item for the Management Popup","Deprecated":false,"Experimental":false,"template":"new sap.ui.comp.variants.EditableVariantItem({\n\tid: \"${id}\", // sap.ui.core.ID\n\tkey: undefined, // string, since 1.22.0\n\tglobal: undefined, // boolean, since 1.26.0\n\tlifecyclePackage: undefined, // string, since 1.26.0\n\tlifecycleTransportId: undefined, // string, since 1.26.0\n\tnamespace: undefined, // string, since 1.26.0\n\treadOnly: false, // boolean, since 1.26.0\n\taccessOptions: undefined, // string, since 1.26.0\n\tlabelReadOnly: false, // boolean since 1.28.0\n})\n"},{"name":"sap.ui.comp.variants.VariantItem","prefix":"VariantItem","description":"VariantItem in sap.ui.comp","helpDescription":"VariantItem for VariantManagement item collection","Deprecated":false,"Experimental":false,"template":"new sap.ui.comp.variants.VariantItem({\n\tid: \"${id}\", // sap.ui.core.ID\n\texecuteOnSelection: false, // boolean, since 1.26.0\n\treadOnly: false, // boolean, since 1.26.0\n\tlifecycleTransportId: undefined, // string, since 1.26.0\n\tglobal: undefined, // boolean, since 1.26.0\n\tlifecyclePackage: undefined, // string, since 1.26.0\n\tnamespace: undefined, // string, since 1.26.0\n\taccessOptions: undefined, // string, since 1.26.0\n\tlabelReadOnly: false, // boolean since 1.26.0\n})\n"},{"name":"sap.ui.comp.variants.VariantManagement","prefix":"VariantManagement","description":"VariantManagement in sap.ui.comp","helpDescription":"The variant management control can be used to manage variants, such as filter bar variants or table variants.","Deprecated":false,"Experimental":false,"template":"new sap.ui.comp.variants.VariantManagement({\n\tid: \"${id}\", // sap.ui.core.ID\n\tinitialSelectionKey: undefined, // string, since 1.22.0\n\tenabled: true, // boolean, since 1.22.0\n\tdefaultVariantKey: undefined, // string, since 1.22.0\n\tselectionKey: undefined, // string, since 1.24.0\n\tshowCreateTile: false, // boolean, since 1.26.0\n\tshowExecuteOnSelection: false, // boolean, since 1.26.0\n\tshowShare: false, // boolean, since 1.26.0\n\tlifecycleSupport: false, // boolean, since 1.26.0\n\tstandardItemText: undefined, // string, since 1.28.0\n\titems: [], // sap.ui.core.Item, since 1.22.0\n\tvariantItems: [], // sap.ui.comp.variants.VariantItem, since 1.26.0\n\tsave: [function (oEvent) {\n\t\tvar control = oEvent.getSource();\n\t}, this], // since 1.22.0\n\tmanage: [function (oEvent) {\n\t\tvar control = oEvent.getSource();\n\t}, this], // since 1.22.0\n\tselect: [function (oEvent) {\n\t\tvar control = oEvent.getSource();\n\t}, this] // since 1.22.0\n})\n"}]}