{"Templates":[{"name":"sap.ui.generic.app.transaction.BaseController","prefix":"BaseController","description":"BaseController in sap.ui.generic.app","helpDescription":"<strong style=\"color: red;\">Experimental! </strong>","Deprecated":false,"Experimental":true,"template":"new sap.ui.generic.app.transaction.BaseController({\n\tid: \"${id}\" // sap.ui.core.ID\n})\n"},{"name":"sap.ui.generic.app.transaction.DraftContext","prefix":"DraftContext","description":"DraftContext in sap.ui.generic.app","helpDescription":"<strong style=\"color: red;\">Experimental! </strong>","Deprecated":false,"Experimental":true,"template":"new sap.ui.generic.app.transaction.DraftContext({\n\tid: \"${id}\" // sap.ui.core.ID\n})\n"},{"name":"sap.ui.generic.app.transaction.DraftController","prefix":"DraftController","description":"DraftController in sap.ui.generic.app","helpDescription":"<strong style=\"color: red;\">Experimental! </strong>","Deprecated":false,"Experimental":true,"template":"new sap.ui.generic.app.transaction.DraftController({\n\tid: \"${id}\" // sap.ui.core.ID\n})\n"},{"name":"sap.ui.generic.app.transaction.TransactionController","prefix":"TransactionController","description":"TransactionController in sap.ui.generic.app","helpDescription":"<strong style=\"color: red;\">Experimental! </strong>","Deprecated":false,"Experimental":true,"template":"new sap.ui.generic.app.transaction.TransactionController({\n\tid: \"${id}\" // sap.ui.core.ID\n})\n"},{"name":"sap.ui.generic.app.util.ModelUtil","prefix":"ModelUtil","description":"ModelUtil in sap.ui.generic.app","helpDescription":"Generic utility for model access.","Deprecated":false,"Experimental":false,"template":"new sap.ui.generic.app.util.ModelUtil({\n\tid: \"${id}\" // sap.ui.core.ID\n})\n"}]}