{"Templates":[{"template":"new sap.ca.ui.AddPicture({\n\tid: \"${id}\", // sap.ui.core.ID\n\tbusy: false, // boolean\n\tbusyIndicatorDelay: 1000, // int\n\tvisible: true, // boolean\n\tfieldGroupIds: string[].[], // string[], since 1.31\n\tbuttonPageType: Tab, // string\n\teditable: true, // boolean\n\tmaxPictureNumber: 10, // int\n\tuploadUrl: \"\", // string\n\twidth: \"100%\", // sap.ui.core.CSSSize\n\ttext: \"\", // string\n\tpictureAlign: sap.ui.core.TextAlign.Left, // sap.ui.core.TextAlign\n\titemSize: 64, // int\n\tcompression: low, // string\n\ttooltip: \"\", // sap.ui.core.TooltipBase\n\tcustomData: [], // sap.ui.core.CustomData\n\tlayoutData: \"\", // sap.ui.core.LayoutData\n\tdependents: [], // sap.ui.core.Control, since 1.19\n\tpictures: [], // sap.ca.ui.PictureItem\n\tvalidationSuccess: [function (oEvent) {\n\t\tvar control = oEvent.getSource();\n\t}, this],\n\tvalidationError: [function (oEvent) {\n\t\tvar control = oEvent.getSource();\n\t}, this],\n\tparseError: [function (oEvent) {\n\t\tvar control = oEvent.getSource();\n\t}, this],\n\tformatError: [function (oEvent) {\n\t\tvar control = oEvent.getSource();\n\t}, this],\n\tvalidateFieldGroup: [function (oEvent) {\n\t\tvar control = oEvent.getSource();\n\t}, this],\n\tshow: [function (oEvent) {\n\t\tvar control = oEvent.getSource();\n\t}, this],\n\tpictureAdded: [function (oEvent) {\n\t\tvar control = oEvent.getSource();\n\t}, this],\n\tmaxPictureLimitReached: [function (oEvent) {\n\t\tvar control = oEvent.getSource();\n\t}, this],\n\timageUploadFailed: [function (oEvent) {\n\t\tvar control = oEvent.getSource();\n\t}, this],\n\tfileNotSupported: [function (oEvent) {\n\t\tvar control = oEvent.getSource();\n\t}, this]\n})\n","Deprecated":true,"helpDescription":"<strong style=\"color: red;\">Deprecated! <\/strong>Since 1.26 As per central UX requirements, this control is replaced by sap.m.UploadCollection. Please use the new control if you start developing an application instead of using this AddPicture control.<br>Enables users to add pictures into a form. Contains PictureItem controls that describe the media.\nIt is designed to be used simultaneously with the PictureViewer control","description":"AddPicture in sap.ca.ui","Experimental":false,"prefix":"AddPicture","name":"sap.ca.ui.AddPicture"},{"template":"new sap.ca.ui.CustomerContext({\n\tid: \"${id}\", // sap.ui.core.ID\n\tbusy: false, // boolean\n\tbusyIndicatorDelay: 1000, // int\n\tvisible: true, // boolean\n\tfieldGroupIds: string[].[], // string[], since 1.31\n\tpersonalizationPageName: AppCustomerContext, // string\n\tshowSalesArea: false, // boolean\n\tpath: /Customers, // string\n\tcustomerIDProperty: CustomerID, // string\n\tcustomerNameProperty: CustomerName, // string\n\tsalesOrganizationNameProperty: SalesOrganizationName, // string\n\tdistributionChannelNameProperty: DistributionChannelName, // string\n\tdivisionNameProperty: DivisionName, // string\n\tdialogTitle: \"\", // string\n\ttooltip: \"\", // sap.ui.core.TooltipBase\n\tcustomData: [], // sap.ui.core.CustomData\n\tlayoutData: \"\", // sap.ui.core.LayoutData\n\tdependents: [], // sap.ui.core.Control, since 1.19\n\tvalidationSuccess: [function (oEvent) {\n\t\tvar control = oEvent.getSource();\n\t}, this],\n\tvalidationError: [function (oEvent) {\n\t\tvar control = oEvent.getSource();\n\t}, this],\n\tparseError: [function (oEvent) {\n\t\tvar control = oEvent.getSource();\n\t}, this],\n\tformatError: [function (oEvent) {\n\t\tvar control = oEvent.getSource();\n\t}, this],\n\tvalidateFieldGroup: [function (oEvent) {\n\t\tvar control = oEvent.getSource();\n\t}, this],\n\tcustomerSelected: [function (oEvent) {\n\t\tvar control = oEvent.getSource();\n\t}, this]\n})\n","Deprecated":true,"helpDescription":"<strong style=\"color: red;\">Deprecated! <\/strong>Since 1.24.3 This control is not required anymore as per central UX requirements.\nPlease use Contextual Filter design instead!\nThis control will not be supported anymore.<br>This control allows you to open a dialog containing a list of customers for users to pick.\nThe chosen selected customer is persisted using sap.ushell services that shall be fully configured outside of this control.\n\nThe dialog can be open following two modes:\n\"select\" : exiting without choosing a customer is firing the customerSelected event with a null customer before closing the dialog\n\"change\" : exiting without choosing a customer is simply closing the dialog\n\nWhen opening the dialog in \"select\" mode, if a customer has been persisted in a previous session, it will be retrieved and the dialog won't open at all.","description":"CustomerContext in sap.ca.ui","Experimental":false,"prefix":"CustomerContext","name":"sap.ca.ui.CustomerContext"},{"template":"new sap.ca.ui.CustomerControlListItem({\n\tid: \"${id}\", // sap.ui.core.ID\n\tbusy: false, // boolean\n\tbusyIndicatorDelay: 1000, // int\n\tvisible: true, // boolean\n\tfieldGroupIds: string[].[], // string[], since 1.31\n\ttype: sap.m.ListType.Inactive, // sap.m.ListType\n\tvisible: true, // boolean\n\tunread: false, // boolean\n\tselected: false, // boolean\n\tcounter: \"\", // int\n\tshowSalesArea: false, // boolean\n\tcustomerID: CustomerID, // string\n\tcustomerName: CustomerName, // string\n\tsalesOrganizationName: SalesOrganizationName, // string\n\tdistributionChannelName: DistributionChannelName, // string\n\tdivisionName: DivisionName, // string\n\ttooltip: \"\", // sap.ui.core.TooltipBase\n\tcustomData: [], // sap.ui.core.CustomData\n\tlayoutData: \"\", // sap.ui.core.LayoutData\n\tdependents: [], // sap.ui.core.Control, since 1.19\n\tcontent: [], // sap.ui.core.Control\n\tariaLabelledBy: [], // sap.ui.core.Control, since 1.28.0\n\tvalidationSuccess: [function (oEvent) {\n\t\tvar control = oEvent.getSource();\n\t}, this],\n\tvalidationError: [function (oEvent) {\n\t\tvar control = oEvent.getSource();\n\t}, this],\n\tparseError: [function (oEvent) {\n\t\tvar control = oEvent.getSource();\n\t}, this],\n\tformatError: [function (oEvent) {\n\t\tvar control = oEvent.getSource();\n\t}, this],\n\tvalidateFieldGroup: [function (oEvent) {\n\t\tvar control = oEvent.getSource();\n\t}, this],\n\ttap: [function (oEvent) {\n\t\tvar control = oEvent.getSource();\n\t}, this],\n\tdetailTap: [function (oEvent) {\n\t\tvar control = oEvent.getSource();\n\t}, this],\n\tpress: [function (oEvent) {\n\t\tvar control = oEvent.getSource();\n\t}, this],\n\tdetailPress: [function (oEvent) {\n\t\tvar control = oEvent.getSource();\n\t}, this]\n})\n","Deprecated":true,"helpDescription":"<strong style=\"color: red;\">Deprecated! <\/strong>Since 1.24.3 This control is not required anymore as per central UX requirements.\nPlease use Contextual Filter design instead!\nThis control will not be supported anymore.<br>Extends the ObjectListItem to display a line in the customer context control.","description":"CustomerControlListItem in sap.ca.ui","Experimental":false,"prefix":"CustomerControlListItem","name":"sap.ca.ui.CustomerControlListItem"},{"template":"new sap.ca.ui.DatePicker({\n\tid: \"${id}\", // sap.ui.core.ID\n\tbusy: false, // boolean\n\tbusyIndicatorDelay: 1000, // int\n\tvisible: true, // boolean\n\tfieldGroupIds: string[].[], // string[], since 1.31\n\tvalue: \"\", // string\n\twidth: \"\", // sap.ui.core.CSSSize\n\tenabled: true, // boolean\n\tvalueState: sap.ui.core.ValueState.None, // sap.ui.core.ValueState\n\tname: \"\", // string\n\tplaceholder: \"\", // string\n\teditable: true, // boolean, since 1.12.0\n\tvalueStateText: \"\", // string, since 1.26.0\n\tshowValueStateMessage: true, // boolean, since 1.26.0\n\ttextAlign: sap.ui.core.TextAlign.Initial, // sap.ui.core.TextAlign, since 1.26.0\n\ttextDirection: sap.ui.core.TextDirection.Inherit, // sap.ui.core.TextDirection, since 1.28.0\n\tfirstDayOffset: 0, // int\n\tdateValue: \"\", // string\n\ttooltip: \"\", // sap.ui.core.TooltipBase\n\tcustomData: [], // sap.ui.core.CustomData\n\tlayoutData: \"\", // sap.ui.core.LayoutData\n\tdependents: [], // sap.ui.core.Control, since 1.19\n\tariaLabelledBy: [], // sap.ui.core.Control, since 1.27.0\n\tvalidationSuccess: [function (oEvent) {\n\t\tvar control = oEvent.getSource();\n\t}, this],\n\tvalidationError: [function (oEvent) {\n\t\tvar control = oEvent.getSource();\n\t}, this],\n\tparseError: [function (oEvent) {\n\t\tvar control = oEvent.getSource();\n\t}, this],\n\tformatError: [function (oEvent) {\n\t\tvar control = oEvent.getSource();\n\t}, this],\n\tvalidateFieldGroup: [function (oEvent) {\n\t\tvar control = oEvent.getSource();\n\t}, this],\n\tchange: [function (oEvent) {\n\t\tvar control = oEvent.getSource();\n\t}, this]\n})\n","Deprecated":true,"helpDescription":"<strong style=\"color: red;\">Deprecated! <\/strong>Since 1.22 This control has been made available in sap.m.\nPlease use the sap.m.DatePicker instead!\nThis control will not be supported anymore.<br>Allows end users to interact with dates.\nEntries can directly be written in, or selected from a calendar pad.","description":"DatePicker in sap.ca.ui","Experimental":false,"prefix":"DatePicker","name":"sap.ca.ui.DatePicker"},{"template":"new sap.ca.ui.ExpansibleFeedListItem({\n\tid: \"${id}\", // sap.ui.core.ID\n\tbusy: false, // boolean\n\tbusyIndicatorDelay: 1000, // int\n\tvisible: true, // boolean\n\tfieldGroupIds: string[].[], // string[], since 1.31\n\ttype: sap.m.ListType.Inactive, // sap.m.ListType\n\tvisible: true, // boolean\n\tunread: false, // boolean\n\tselected: false, // boolean\n\tcounter: \"\", // int\n\ticon: \"\", // sap.ui.core.URI\n\tactiveIcon: \"\", // sap.ui.core.URI\n\tsender: \"\", // string\n\ttext: \"\", // string\n\tinfo: \"\", // string\n\ttimestamp: \"\", // string\n\tsenderActive: true, // boolean\n\ticonActive: true, // boolean\n\ticonDensityAware: true, // boolean\n\tshowIcon: true, // boolean\n\tmaxCharacters: \"\", // int\n\tmaxLines: 5, // int\n\ttooltip: \"\", // sap.ui.core.TooltipBase\n\tcustomData: [], // sap.ui.core.CustomData\n\tlayoutData: \"\", // sap.ui.core.LayoutData\n\tdependents: [], // sap.ui.core.Control, since 1.19\n\tariaLabelledBy: [], // sap.ui.core.Control, since 1.28.0\n\tvalidationSuccess: [function (oEvent) {\n\t\tvar control = oEvent.getSource();\n\t}, this],\n\tvalidationError: [function (oEvent) {\n\t\tvar control = oEvent.getSource();\n\t}, this],\n\tparseError: [function (oEvent) {\n\t\tvar control = oEvent.getSource();\n\t}, this],\n\tformatError: [function (oEvent) {\n\t\tvar control = oEvent.getSource();\n\t}, this],\n\tvalidateFieldGroup: [function (oEvent) {\n\t\tvar control = oEvent.getSource();\n\t}, this],\n\ttap: [function (oEvent) {\n\t\tvar control = oEvent.getSource();\n\t}, this],\n\tdetailTap: [function (oEvent) {\n\t\tvar control = oEvent.getSource();\n\t}, this],\n\tpress: [function (oEvent) {\n\t\tvar control = oEvent.getSource();\n\t}, this],\n\tdetailPress: [function (oEvent) {\n\t\tvar control = oEvent.getSource();\n\t}, this],\n\tsenderPress: [function (oEvent) {\n\t\tvar control = oEvent.getSource();\n\t}, this],\n\ticonPress: [function (oEvent) {\n\t\tvar control = oEvent.getSource();\n\t}, this]\n})\n","Deprecated":true,"helpDescription":"<strong style=\"color: red;\">Deprecated! <\/strong>Since 1.24 This control has been made available in sap.m. Please use sap.m.FeedListItem instead! This control will not be supported anymore.<br>Extends the FeedListItem to hide text when it is longer than maxLines. When text is hidden a See more\nlink is displayed, clicking on the link displays the entire text.","description":"ExpansibleFeedListItem in sap.ca.ui","Experimental":false,"prefix":"ExpansibleFeedListItem","name":"sap.ca.ui.ExpansibleFeedListItem"},{"template":"new sap.ca.ui.FileUpload({\n\tid: \"${id}\", // sap.ui.core.ID\n\tbusy: false, // boolean\n\tbusyIndicatorDelay: 1000, // int\n\tvisible: true, // boolean\n\tfieldGroupIds: string[].[], // string[], since 1.31\n\tuploadUrl: \"\", // string\n\tfileName: \"\", // string\n\tsize: \"\", // string\n\turl: \"\", // string\n\tuploadedDate: \"\", // string\n\tcontributor: \"\", // string\n\tfileExtension: \"\", // string\n\tmimeType: \"\", // string\n\titems: \"\", // string\n\tuploadEnabled: \"\", // boolean\n\tfileId: \"\", // string\n\txsrfToken: \"\", // string\n\tuseMultipart: false, // boolean\n\tacceptRequestHeader: application/json, // string\n\tencodeUrl: \"\", // string\n\trenameEnabled: \"\", // boolean\n\tdeleteEnabled: \"\", // boolean\n\tmultipleSelectionEnabled: true, // boolean\n\tshowNoData: false, // boolean\n\tsequentialUploadsEnabled: false, // boolean\n\tshowAttachmentsLabel: true, // boolean\n\tuseEditControls: false, // boolean\n\tshowAttachmentsLabelInEditMode: true, // boolean\n\teditMode: false, // boolean\n\ttooltip: \"\", // sap.ui.core.TooltipBase\n\tcustomData: [], // sap.ui.core.CustomData\n\tlayoutData: \"\", // sap.ui.core.LayoutData\n\tdependents: [], // sap.ui.core.Control, since 1.19\n\t_fileList: \"\", // sap.m.List\n\tuploadProgressLabel: \"\", // sap.m.Label\n\tattachmentNumberLabel: \"\", // sap.m.Label\n\ttoolBar: \"\", // sap.m.Toolbar\n\tvalidationSuccess: [function (oEvent) {\n\t\tvar control = oEvent.getSource();\n\t}, this],\n\tvalidationError: [function (oEvent) {\n\t\tvar control = oEvent.getSource();\n\t}, this],\n\tparseError: [function (oEvent) {\n\t\tvar control = oEvent.getSource();\n\t}, this],\n\tformatError: [function (oEvent) {\n\t\tvar control = oEvent.getSource();\n\t}, this],\n\tvalidateFieldGroup: [function (oEvent) {\n\t\tvar control = oEvent.getSource();\n\t}, this],\n\tdeleteFile: [function (oEvent) {\n\t\tvar control = oEvent.getSource();\n\t}, this],\n\trenameFile: [function (oEvent) {\n\t\tvar control = oEvent.getSource();\n\t}, this],\n\tuploadFile: [function (oEvent) {\n\t\tvar control = oEvent.getSource();\n\t}, this],\n\tfileUploadFailed: [function (oEvent) {\n\t\tvar control = oEvent.getSource();\n\t}, this],\n\tbeforeUploadFile: [function (oEvent) {\n\t\tvar control = oEvent.getSource();\n\t}, this],\n\tsaveClicked: [function (oEvent) {\n\t\tvar control = oEvent.getSource();\n\t}, this],\n\tcancelClicked: [function (oEvent) {\n\t\tvar control = oEvent.getSource();\n\t}, this]\n})\n","Deprecated":true,"helpDescription":"<strong style=\"color: red;\">Deprecated! <\/strong>Since 1.26 This control is available in sap.m in 1.26, as sap.m.UploadCollection.\nPlease use UploadCollection, as sap.ca.ui.FileUpload will not be supported anymore from 1.26.<br>Allows you to display a list of uploaded files. You can also upload a new one, rename or delete them","description":"FileUpload in sap.ca.ui","Experimental":false,"prefix":"FileUpload","name":"sap.ca.ui.FileUpload"},{"template":"new sap.ca.ui.GrowingTileContainer({\n\tid: \"${id}\", // sap.ui.core.ID\n\tbusy: false, // boolean\n\tbusyIndicatorDelay: 1000, // int\n\tvisible: true, // boolean\n\tfieldGroupIds: string[].[], // string[], since 1.31\n\twidth: \"auto\", // sap.ui.core.CSSSize\n\theight: \"auto\", // sap.ui.core.CSSSize\n\thorizontal: true, // boolean\n\tvertical: false, // boolean\n\tfocusable: false, // boolean\n\tgrowing: false, // boolean\n\tgrowingThreshold: 20, // int\n\tgrowingScrollToLoad: false, // boolean\n\ttooltip: \"\", // sap.ui.core.TooltipBase\n\tcustomData: [], // sap.ui.core.CustomData\n\tlayoutData: \"\", // sap.ui.core.LayoutData\n\tdependents: [], // sap.ui.core.Control, since 1.19\n\tcontent: [], // sap.ui.core.Control\n\tvalidationSuccess: [function (oEvent) {\n\t\tvar control = oEvent.getSource();\n\t}, this],\n\tvalidationError: [function (oEvent) {\n\t\tvar control = oEvent.getSource();\n\t}, this],\n\tparseError: [function (oEvent) {\n\t\tvar control = oEvent.getSource();\n\t}, this],\n\tformatError: [function (oEvent) {\n\t\tvar control = oEvent.getSource();\n\t}, this],\n\tvalidateFieldGroup: [function (oEvent) {\n\t\tvar control = oEvent.getSource();\n\t}, this]\n})\n","Deprecated":true,"helpDescription":"<strong style=\"color: red;\">Deprecated! <\/strong>Since 1.24.3 This control is not required anymore as per central UX requirements.\nThis control will not be supported anymore.<br>A Tile container for the Overview tile with growing capabilities","description":"GrowingTileContainer in sap.ca.ui","Experimental":false,"prefix":"GrowingTileContainer","name":"sap.ca.ui.GrowingTileContainer"},{"template":"new sap.ca.ui.HierarchicalSelectDialog({\n\tid: \"${id}\", // sap.ui.core.ID\n\tbusy: false, // boolean\n\tbusyIndicatorDelay: 1000, // int\n\tvisible: true, // boolean\n\tfieldGroupIds: string[].[], // string[], since 1.31\n\ticon: \"\", // sap.ui.core.URI\n\ttitle: \"\", // string\n\tshowHeader: true, // boolean, since 1.15.1\n\ttype: sap.m.DialogType.Standard, // sap.m.DialogType\n\tstate: sap.ui.core.ValueState.None, // sap.ui.core.ValueState, since 1.11.2\n\tstretchOnPhone: false, // boolean, since 1.11.2\n\tstretch: false, // boolean, since 1.13.1\n\tcontentWidth: \"\", // sap.ui.core.CSSSize, since 1.12.1\n\tcontentHeight: \"\", // sap.ui.core.CSSSize, since 1.12.1\n\thorizontalScrolling: true, // boolean, since 1.15.1\n\tverticalScrolling: true, // boolean, since 1.15.1\n\tresizable: false, // boolean, since 1.30\n\tdraggable: false, // boolean, since 1.30\n\ttooltip: \"\", // sap.ui.core.TooltipBase\n\tcustomData: [], // sap.ui.core.CustomData\n\tlayoutData: \"\", // sap.ui.core.LayoutData\n\tdependents: [], // sap.ui.core.Control, since 1.19\n\tcontent: [], // sap.ui.core.Control\n\tsubHeader: \"\", // sap.m.IBar, since 1.12.2\n\tcustomHeader: \"\", // sap.m.IBar, since 1.15.1\n\tbeginButton: \"\", // sap.m.Button, since 1.15.1\n\tendButton: \"\", // sap.m.Button, since 1.15.1\n\tbuttons: [], // sap.m.Button, since 1.21.1\n\t_header: \"\", // sap.ui.core.Control\n\t_title: \"\", // sap.ui.core.Control\n\t_icon: \"\", // sap.ui.core.Control\n\t_toolbar: \"\", // sap.m.OverflowToolbar\n\titems: [], // sap.ca.ui.HierarchicalSelectDialogItem\n\tleftButton: \"\", // sap.m.Button\n\trightButton: \"\", // sap.m.Button\n\tinitialFocus: \"\", // sap.ui.core.Control, since 1.15.0\n\tariaDescribedBy: [], // sap.ui.core.Control\n\tvalidationSuccess: [function (oEvent) {\n\t\tvar control = oEvent.getSource();\n\t}, this],\n\tvalidationError: [function (oEvent) {\n\t\tvar control = oEvent.getSource();\n\t}, this],\n\tparseError: [function (oEvent) {\n\t\tvar control = oEvent.getSource();\n\t}, this],\n\tformatError: [function (oEvent) {\n\t\tvar control = oEvent.getSource();\n\t}, this],\n\tvalidateFieldGroup: [function (oEvent) {\n\t\tvar control = oEvent.getSource();\n\t}, this],\n\tbeforeOpen: [function (oEvent) {\n\t\tvar control = oEvent.getSource();\n\t}, this],\n\tafterOpen: [function (oEvent) {\n\t\tvar control = oEvent.getSource();\n\t}, this],\n\tbeforeClose: [function (oEvent) {\n\t\tvar control = oEvent.getSource();\n\t}, this],\n\tafterClose: [function (oEvent) {\n\t\tvar control = oEvent.getSource();\n\t}, this],\n\tselect: [function (oEvent) {\n\t\tvar control = oEvent.getSource();\n\t}, this],\n\tcancel: [function (oEvent) {\n\t\tvar control = oEvent.getSource();\n\t}, this]\n})\n","Deprecated":true,"helpDescription":"<strong style=\"color: red;\">Deprecated! <\/strong>Since 1.24.1 HierarchicalSelectDialog is deprecated as per central UX requirements. This control will not be supported anymore.<br>Select an item in a dialog from a hierarchical list","description":"HierarchicalSelectDialog in sap.ca.ui","Experimental":false,"prefix":"HierarchicalSelectDialog","name":"sap.ca.ui.HierarchicalSelectDialog"},{"template":"new sap.ca.ui.HierarchicalSelectDialogItem({\n\tid: \"${id}\", // sap.ui.core.ID\n\ttext: \"\", // string\n\tenabled: true, // boolean\n\ttextDirection: sap.ui.core.TextDirection.Inherit, // sap.ui.core.TextDirection\n\tkey: \"\", // string\n\ttitle: \"\", // string\n\tentityName: \"\", // string\n\ttooltip: \"\", // sap.ui.core.TooltipBase\n\tcustomData: [], // sap.ui.core.CustomData\n\tlayoutData: \"\", // sap.ui.core.LayoutData\n\tdependents: [], // sap.ui.core.Control, since 1.19\n\tlistItemTemplate: \"\", // sap.m.ListItemBase\n\tvalidationSuccess: [function (oEvent) {\n\t\tvar control = oEvent.getSource();\n\t}, this],\n\tvalidationError: [function (oEvent) {\n\t\tvar control = oEvent.getSource();\n\t}, this],\n\tparseError: [function (oEvent) {\n\t\tvar control = oEvent.getSource();\n\t}, this],\n\tformatError: [function (oEvent) {\n\t\tvar control = oEvent.getSource();\n\t}, this]\n})\n","Deprecated":true,"helpDescription":"<strong style=\"color: red;\">Deprecated! <\/strong>Since 1.24 This control is deprecated as per central UX requirements.\nThis control will not be supported anymore.<br>\nKind of item required by the sap.ca.ui.HierarchicalSelectDialog control.\nAn item is actually one page of the Dialog.","description":"HierarchicalSelectDialogItem in sap.ca.ui","Experimental":false,"prefix":"HierarchicalSelectDialogItem","name":"sap.ca.ui.HierarchicalSelectDialogItem"},{"template":"new sap.ca.ui.Hierarchy({\n\tid: \"${id}\", // sap.ui.core.ID\n\tbusy: false, // boolean\n\tbusyIndicatorDelay: 1000, // int\n\tvisible: true, // boolean\n\tfieldGroupIds: string[].[], // string[], since 1.31\n\thideOptionalLevels: true, // boolean\n\ttooltip: \"\", // sap.ui.core.TooltipBase\n\tcustomData: [], // sap.ui.core.CustomData\n\tlayoutData: \"\", // sap.ui.core.LayoutData\n\tdependents: [], // sap.ui.core.Control, since 1.19\n\titems: [], // sap.ca.ui.HierarchyItem\n\tvalidationSuccess: [function (oEvent) {\n\t\tvar control = oEvent.getSource();\n\t}, this],\n\tvalidationError: [function (oEvent) {\n\t\tvar control = oEvent.getSource();\n\t}, this],\n\tparseError: [function (oEvent) {\n\t\tvar control = oEvent.getSource();\n\t}, this],\n\tformatError: [function (oEvent) {\n\t\tvar control = oEvent.getSource();\n\t}, this],\n\tvalidateFieldGroup: [function (oEvent) {\n\t\tvar control = oEvent.getSource();\n\t}, this]\n})\n","Deprecated":true,"helpDescription":"<strong style=\"color: red;\">Deprecated! <\/strong>Since 1.24.3 This control is not required anymore as per central UX requirements.\nThis control will not be supported anymore.<br>Display the Hierarchy of an item. Useful to indicates where an object stand in a chain of\nhierarchical data. The emphasized item shows the one item to display. Optional item can be hidden using the\nhideOptionalLevels property. Hidden items will stay accessible with an expand button.","description":"Hierarchy in sap.ca.ui","Experimental":false,"prefix":"Hierarchy","name":"sap.ca.ui.Hierarchy"},{"template":"new sap.ca.ui.HierarchyItem({\n\tid: \"${id}\", // sap.ui.core.ID\n\tbusy: false, // boolean\n\tbusyIndicatorDelay: 1000, // int\n\tvisible: true, // boolean\n\tfieldGroupIds: string[].[], // string[], since 1.31\n\ticon: \"\", // sap.ui.core.URI\n\tlevelType: \"\", // string\n\ttitle: \"\", // string\n\tidentifier: \"\", // string\n\tlink: \"\", // string\n\temphasized: false, // boolean\n\toptional: false, // boolean\n\ttooltip: \"\", // sap.ui.core.TooltipBase\n\tcustomData: [], // sap.ui.core.CustomData\n\tlayoutData: \"\", // sap.ui.core.LayoutData\n\tdependents: [], // sap.ui.core.Control, since 1.19\n\t_iconControl: \"\", // sap.ui.core.Icon\n\t_levelTypeLabel: \"\", // sap.m.Label\n\t_identifierLabel: \"\", // sap.m.Label\n\t_titleLabel: \"\", // sap.m.Label\n\t_linkControl: \"\", // sap.m.Link\n\tvalidationSuccess: [function (oEvent) {\n\t\tvar control = oEvent.getSource();\n\t}, this],\n\tvalidationError: [function (oEvent) {\n\t\tvar control = oEvent.getSource();\n\t}, this],\n\tparseError: [function (oEvent) {\n\t\tvar control = oEvent.getSource();\n\t}, this],\n\tformatError: [function (oEvent) {\n\t\tvar control = oEvent.getSource();\n\t}, this],\n\tvalidateFieldGroup: [function (oEvent) {\n\t\tvar control = oEvent.getSource();\n\t}, this],\n\tlinkPress: [function (oEvent) {\n\t\tvar control = oEvent.getSource();\n\t}, this]\n})\n","Deprecated":true,"helpDescription":"<strong style=\"color: red;\">Deprecated! <\/strong>Since 1.24 This control is deprecated as per central UX requirements.\nThis control will not be supported anymore.<br>Item that represent a line of the Hierarchy control. The emphasized property should apply to the item\nthat we want to represent in his hierarchy. Optionals item will be hidden if the option is true on the Hierarchy\ncontrol.","description":"HierarchyItem in sap.ca.ui","Experimental":false,"prefix":"HierarchyItem","name":"sap.ca.ui.HierarchyItem"},{"template":"new sap.ca.ui.InPlaceEdit({\n\tid: \"${id}\", // sap.ui.core.ID\n\tbusy: false, // boolean\n\tbusyIndicatorDelay: 1000, // int\n\tvisible: true, // boolean\n\tfieldGroupIds: string[].[], // string[], since 1.31\n\tvalueState: sap.ui.core.ValueState.None, // sap.ui.core.ValueState\n\tundoEnabled: false, // boolean\n\ttooltip: \"\", // sap.ui.core.TooltipBase\n\tcustomData: [], // sap.ui.core.CustomData\n\tlayoutData: \"\", // sap.ui.core.LayoutData\n\tdependents: [], // sap.ui.core.Control, since 1.19\n\tcontent: \"\", // sap.ui.core.Control\n\tvalidationSuccess: [function (oEvent) {\n\t\tvar control = oEvent.getSource();\n\t}, this],\n\tvalidationError: [function (oEvent) {\n\t\tvar control = oEvent.getSource();\n\t}, this],\n\tparseError: [function (oEvent) {\n\t\tvar control = oEvent.getSource();\n\t}, this],\n\tformatError: [function (oEvent) {\n\t\tvar control = oEvent.getSource();\n\t}, this],\n\tvalidateFieldGroup: [function (oEvent) {\n\t\tvar control = oEvent.getSource();\n\t}, this],\n\tchange: [function (oEvent) {\n\t\tvar control = oEvent.getSource();\n\t}, this]\n})\n","Deprecated":true,"helpDescription":"<strong style=\"color: red;\">Deprecated! <\/strong>Since 1.22 This control is not required anymore as per central UX requirements.\nPlease use sap.m.Input instead!\nThis control will not be supported anymore.<br>\nThis control is used to switch between readonly and edit modes. A typical use case would be to change the value of a Label.","description":"InPlaceEdit in sap.ca.ui","Experimental":false,"prefix":"InPlaceEdit","name":"sap.ca.ui.InPlaceEdit"},{"template":"new sap.ca.ui.Notes({\n\tid: \"${id}\", // sap.ui.core.ID\n\tbusy: false, // boolean\n\tbusyIndicatorDelay: 1000, // int\n\tvisible: true, // boolean\n\tfieldGroupIds: string[].[], // string[], since 1.31\n\tinset: false, // boolean\n\theaderText: \"\", // string\n\theaderDesign: sap.m.ListHeaderDesign.Standard, // sap.m.ListHeaderDesign, since 1.14\n\tfooterText: \"\", // string\n\tmode: sap.m.ListMode.None, // sap.m.ListMode\n\twidth: \"100%\", // sap.ui.core.CSSSize\n\tincludeItemInSelection: false, // boolean\n\tshowUnread: false, // boolean\n\tnoDataText: \"\", // string\n\tshowNoData: true, // boolean\n\tenableBusyIndicator: true, // boolean, since 1.20.2\n\tmodeAnimationOn: true, // boolean\n\tshowSeparators: sap.m.ListSeparators.All, // sap.m.ListSeparators\n\tswipeDirection: sap.m.SwipeDirection.Both, // sap.m.SwipeDirection\n\tgrowing: false, // boolean, since 1.16\n\tgrowingThreshold: 20, // int, since 1.16\n\tgrowingTriggerText: \"\", // string, since 1.16\n\tgrowingScrollToLoad: false, // boolean, since 1.16\n\trememberSelections: true, // boolean, since 1.16.6\n\tbackgroundDesign: sap.m.BackgroundDesign.Solid, // sap.m.BackgroundDesign, since 1.14\n\tshowNoteInput: true, // boolean\n\ttextMaxLength: 1000, // int\n\tplaceholder: \"\", // string\n\ttooltip: \"\", // sap.ui.core.TooltipBase\n\tcustomData: [], // sap.ui.core.CustomData\n\tlayoutData: \"\", // sap.ui.core.LayoutData\n\tdependents: [], // sap.ui.core.Control, since 1.19\n\titems: [], // sap.m.ListItemBase\n\tswipeContent: \"\", // sap.ui.core.Control\n\theaderToolbar: \"\", // sap.m.Toolbar, since 1.16\n\tinfoToolbar: \"\", // sap.m.Toolbar, since 1.16\n\tcolumns: [], // sap.m.Column\n\tariaLabelledBy: [], // sap.ui.core.Control, since 1.28.0\n\tvalidationSuccess: [function (oEvent) {\n\t\tvar control = oEvent.getSource();\n\t}, this],\n\tvalidationError: [function (oEvent) {\n\t\tvar control = oEvent.getSource();\n\t}, this],\n\tparseError: [function (oEvent) {\n\t\tvar control = oEvent.getSource();\n\t}, this],\n\tformatError: [function (oEvent) {\n\t\tvar control = oEvent.getSource();\n\t}, this],\n\tvalidateFieldGroup: [function (oEvent) {\n\t\tvar control = oEvent.getSource();\n\t}, this],\n\tselect: [function (oEvent) {\n\t\tvar control = oEvent.getSource();\n\t}, this],\n\tselectionChange: [function (oEvent) {\n\t\tvar control = oEvent.getSource();\n\t}, this], // since 1.16\n\t\"delete\": [function (oEvent) {\n\t\tvar control = oEvent.getSource();\n\t}, this],\n\tswipe: [function (oEvent) {\n\t\tvar control = oEvent.getSource();\n\t}, this],\n\tgrowingStarted: [function (oEvent) {\n\t\tvar control = oEvent.getSource();\n\t}, this], // since 1.16\n\tgrowingFinished: [function (oEvent) {\n\t\tvar control = oEvent.getSource();\n\t}, this], // since 1.16\n\tupdateStarted: [function (oEvent) {\n\t\tvar control = oEvent.getSource();\n\t}, this], // since 1.16.3\n\tupdateFinished: [function (oEvent) {\n\t\tvar control = oEvent.getSource();\n\t}, this], // since 1.16.3\n\titemPress: [function (oEvent) {\n\t\tvar control = oEvent.getSource();\n\t}, this], // since 1.20\n\taddNote: [function (oEvent) {\n\t\tvar control = oEvent.getSource();\n\t}, this]\n})\n","Deprecated":true,"helpDescription":"<strong style=\"color: red;\">Deprecated! <\/strong>Since 1.22 This control has been made available in sap.m.\nPlease use sap.m.FeedInput with sap.m.FeedListItem instead!\nThis control will not be supported anymore.<br>This control is a List with the ability to render an additional control on top of it to add new\nnotes. The developer is responsible to give the correct template to use to display notes (recommended are either\nthe FeedListItem or the ExpansibleFeedListItem). The developer is also responsible to implement the code to send\nthe notes to the backend system, by responding to the addNote event.","description":"Notes in sap.ca.ui","Experimental":false,"prefix":"Notes","name":"sap.ca.ui.Notes"},{"template":"new sap.ca.ui.OverflowContainer({\n\tid: \"${id}\", // sap.ui.core.ID\n\tbusy: false, // boolean\n\tbusyIndicatorDelay: 1000, // int\n\tvisible: true, // boolean\n\tfieldGroupIds: string[].[], // string[], since 1.31\n\toverflowHeight: \"200px\", // sap.ui.core.CSSSize\n\texpanded: false, // boolean\n\ttooltip: \"\", // sap.ui.core.TooltipBase\n\tcustomData: [], // sap.ui.core.CustomData\n\tlayoutData: \"\", // sap.ui.core.LayoutData\n\tdependents: [], // sap.ui.core.Control, since 1.19\n\tcontent: [], // sap.ui.core.Control\n\tvalidationSuccess: [function (oEvent) {\n\t\tvar control = oEvent.getSource();\n\t}, this],\n\tvalidationError: [function (oEvent) {\n\t\tvar control = oEvent.getSource();\n\t}, this],\n\tparseError: [function (oEvent) {\n\t\tvar control = oEvent.getSource();\n\t}, this],\n\tformatError: [function (oEvent) {\n\t\tvar control = oEvent.getSource();\n\t}, this],\n\tvalidateFieldGroup: [function (oEvent) {\n\t\tvar control = oEvent.getSource();\n\t}, this]\n})\n","Deprecated":true,"helpDescription":"<strong style=\"color: red;\">Deprecated! <\/strong>Since 1.24.1 OverflowContainer is deprecated as per central UX requirements. This control will not be supported anymore.<br>\nThe OverflowContainer allows the content of a control to be partially displayed before being fully expanded.\nIt will cut its content to a fixed height that can be defined. It is fully suitable within an IconTabBar.","description":"OverflowContainer in sap.ca.ui","Experimental":false,"prefix":"OverflowContainer","name":"sap.ca.ui.OverflowContainer"},{"template":"new sap.ca.ui.OverviewTile({\n\tid: \"${id}\", // sap.ui.core.ID\n\tbusy: false, // boolean\n\tbusyIndicatorDelay: 1000, // int\n\tvisible: true, // boolean\n\tfieldGroupIds: string[].[], // string[], since 1.31\n\tremovable: true, // boolean\n\ttitle: undefined, // string\n\ticon: undefined, // sap.ui.core.URI\n\tcontact: undefined, // string\n\taddress: undefined, // string\n\topportunities: undefined, // string\n\trating: undefined, // string\n\tlastContact: undefined, // string\n\tnextContact: undefined, // string\n\trevenue: undefined, // string\n\tvisible: true, // boolean\n\twidth: \"\", // sap.ui.core.CSSSize\n\tcontactActive: false, // boolean\n\ttooltip: \"\", // sap.ui.core.TooltipBase\n\tcustomData: [], // sap.ui.core.CustomData\n\tlayoutData: \"\", // sap.ui.core.LayoutData\n\tdependents: [], // sap.ui.core.Control, since 1.19\n\tvalidationSuccess: [function (oEvent) {\n\t\tvar control = oEvent.getSource();\n\t}, this],\n\tvalidationError: [function (oEvent) {\n\t\tvar control = oEvent.getSource();\n\t}, this],\n\tparseError: [function (oEvent) {\n\t\tvar control = oEvent.getSource();\n\t}, this],\n\tformatError: [function (oEvent) {\n\t\tvar control = oEvent.getSource();\n\t}, this],\n\tvalidateFieldGroup: [function (oEvent) {\n\t\tvar control = oEvent.getSource();\n\t}, this],\n\tpress: [function (oEvent) {\n\t\tvar control = oEvent.getSource();\n\t}, this],\n\tcontactPress: [function (oEvent) {\n\t\tvar control = oEvent.getSource();\n\t}, this]\n})\n","Deprecated":true,"helpDescription":"<strong style=\"color: red;\">Deprecated! <\/strong>Since 1.24.3 This control is not required anymore as per central UX requirements.\nThis control will not be supported anymore.<br>Display aTile that presents an overview of a customer","description":"OverviewTile in sap.ca.ui","Experimental":false,"prefix":"OverviewTile","name":"sap.ca.ui.OverviewTile"},{"template":"new sap.ca.ui.PictureItem({\n\tid: \"${id}\", // sap.ui.core.ID\n\tbusy: false, // boolean\n\tbusyIndicatorDelay: 1000, // int\n\tvisible: true, // boolean\n\tfieldGroupIds: string[].[], // string[], since 1.31\n\tstatus: \"\", // string\n\tsource: \"\", // string\n\tname: \"\", // string\n\twidth: \"62px\", // sap.ui.core.CSSSize\n\theight: \"62px\", // sap.ui.core.CSSSize\n\ttooltip: \"\", // sap.ui.core.TooltipBase\n\tcustomData: [], // sap.ui.core.CustomData\n\tlayoutData: \"\", // sap.ui.core.LayoutData\n\tdependents: [], // sap.ui.core.Control, since 1.19\n\tvalidationSuccess: [function (oEvent) {\n\t\tvar control = oEvent.getSource();\n\t}, this],\n\tvalidationError: [function (oEvent) {\n\t\tvar control = oEvent.getSource();\n\t}, this],\n\tparseError: [function (oEvent) {\n\t\tvar control = oEvent.getSource();\n\t}, this],\n\tformatError: [function (oEvent) {\n\t\tvar control = oEvent.getSource();\n\t}, this],\n\tvalidateFieldGroup: [function (oEvent) {\n\t\tvar control = oEvent.getSource();\n\t}, this],\n\tloaded: [function (oEvent) {\n\t\tvar control = oEvent.getSource();\n\t}, this]\n})\n","Deprecated":true,"helpDescription":"<strong style=\"color: red;\">Deprecated! <\/strong>Since 1.22 This control has been made available in sap.m.\nPlease use the sap.m.Carousel instead!\nThis control will not be supported anymore.<br>A picture / photo Item for AddPicture and PictureViewer Controls","description":"PictureItem in sap.ca.ui","Experimental":false,"prefix":"PictureItem","name":"sap.ca.ui.PictureItem"},{"template":"new sap.ca.ui.PictureTile({\n\tid: \"${id}\", // sap.ui.core.ID\n\tbusy: false, // boolean\n\tbusyIndicatorDelay: 1000, // int\n\tvisible: true, // boolean\n\tfieldGroupIds: string[].[], // string[], since 1.31\n\tremovable: true, // boolean\n\theight: \"32px\", // sap.ui.core.CSSSize\n\twidth: \"32px\", // sap.ui.core.CSSSize\n\ttooltip: \"\", // sap.ui.core.TooltipBase\n\tcustomData: [], // sap.ui.core.CustomData\n\tlayoutData: \"\", // sap.ui.core.LayoutData\n\tdependents: [], // sap.ui.core.Control, since 1.19\n\tcontent: \"\", // sap.ui.core.Control\n\ttileContent: \"\", // sap.ca.ui.PictureViewerItem\n\tvalidationSuccess: [function (oEvent) {\n\t\tvar control = oEvent.getSource();\n\t}, this],\n\tvalidationError: [function (oEvent) {\n\t\tvar control = oEvent.getSource();\n\t}, this],\n\tparseError: [function (oEvent) {\n\t\tvar control = oEvent.getSource();\n\t}, this],\n\tformatError: [function (oEvent) {\n\t\tvar control = oEvent.getSource();\n\t}, this],\n\tvalidateFieldGroup: [function (oEvent) {\n\t\tvar control = oEvent.getSource();\n\t}, this],\n\tpress: [function (oEvent) {\n\t\tvar control = oEvent.getSource();\n\t}, this],\n\tpictureDelete: [function (oEvent) {\n\t\tvar control = oEvent.getSource();\n\t}, this]\n})\n","Deprecated":true,"helpDescription":"<strong style=\"color: red;\">Deprecated! <\/strong>Since 1.22 \nPictureTile is used in PictureViewer control and is not meant to be consumed outside of PictureViewer usage.\nPictureViewer was replacing the sap.m.Carousel as it wasn't supporting some versions of MS Internet Explorer.\nNow, the sap.m.Carousel is fully functional, please use sap.m.Carousel instead. This control will not be supported anymore.<br>Tile control embedding an image and allowing custom sizing","description":"PictureTile in sap.ca.ui","Experimental":false,"prefix":"PictureTile","name":"sap.ca.ui.PictureTile"},{"template":"new sap.ca.ui.PictureViewer({\n\tid: \"${id}\", // sap.ui.core.ID\n\tbusy: false, // boolean\n\tbusyIndicatorDelay: 1000, // int\n\tvisible: true, // boolean\n\tfieldGroupIds: string[].[], // string[], since 1.31\n\twidth: \"100%\", // sap.ui.core.CSSSize\n\theight: \"100%\", // sap.ui.core.CSSSize\n\teditable: \"\", // boolean\n\tallowAdd: \"\", // boolean\n\ttileScaling: 0.95, // float\n\tremovable: false, // boolean\n\ttooltip: \"\", // sap.ui.core.TooltipBase\n\tcustomData: [], // sap.ui.core.CustomData\n\tlayoutData: \"\", // sap.ui.core.LayoutData\n\tdependents: [], // sap.ui.core.Control, since 1.19\n\ttiles: [], // sap.m.Tile\n\titems: [], // sap.ca.ui.PictureViewerItem\n\tvalidationSuccess: [function (oEvent) {\n\t\tvar control = oEvent.getSource();\n\t}, this],\n\tvalidationError: [function (oEvent) {\n\t\tvar control = oEvent.getSource();\n\t}, this],\n\tparseError: [function (oEvent) {\n\t\tvar control = oEvent.getSource();\n\t}, this],\n\tformatError: [function (oEvent) {\n\t\tvar control = oEvent.getSource();\n\t}, this],\n\tvalidateFieldGroup: [function (oEvent) {\n\t\tvar control = oEvent.getSource();\n\t}, this],\n\ttileMove: [function (oEvent) {\n\t\tvar control = oEvent.getSource();\n\t}, this],\n\ttileDelete: [function (oEvent) {\n\t\tvar control = oEvent.getSource();\n\t}, this],\n\ttileAdd: [function (oEvent) {\n\t\tvar control = oEvent.getSource();\n\t}, this],\n\tpictureDeleted: [function (oEvent) {\n\t\tvar control = oEvent.getSource();\n\t}, this]\n})\n","Deprecated":true,"helpDescription":"<strong style=\"color: red;\">Deprecated! <\/strong>Since 1.22 PictureViewer was replacing the Carousel as it wasn't supporting some versions of MS Internet Explorer.\nNow, the sap.m.Carousel is fully functional, please use sap.m.Carousel instead.\nThis control will not be supported anymore.<br>Picture viewer control relying on the TileContainer control","description":"PictureViewer in sap.ca.ui","Experimental":false,"prefix":"PictureViewer","name":"sap.ca.ui.PictureViewer"},{"template":"new sap.ca.ui.PictureViewerItem({\n\tid: \"${id}\", // sap.ui.core.ID\n\tbusy: false, // boolean\n\tbusyIndicatorDelay: 1000, // int\n\tvisible: true, // boolean\n\tfieldGroupIds: string[].[], // string[], since 1.31\n\tsrc: \"\", // string\n\ttooltip: \"\", // sap.ui.core.TooltipBase\n\tcustomData: [], // sap.ui.core.CustomData\n\tlayoutData: \"\", // sap.ui.core.LayoutData\n\tdependents: [], // sap.ui.core.Control, since 1.19\n\timage: \"\", // sap.m.Image\n\tvalidationSuccess: [function (oEvent) {\n\t\tvar control = oEvent.getSource();\n\t}, this],\n\tvalidationError: [function (oEvent) {\n\t\tvar control = oEvent.getSource();\n\t}, this],\n\tparseError: [function (oEvent) {\n\t\tvar control = oEvent.getSource();\n\t}, this],\n\tformatError: [function (oEvent) {\n\t\tvar control = oEvent.getSource();\n\t}, this],\n\tvalidateFieldGroup: [function (oEvent) {\n\t\tvar control = oEvent.getSource();\n\t}, this]\n})\n","Deprecated":true,"helpDescription":"<strong style=\"color: red;\">Deprecated! <\/strong>Since 1.22 \nPictureViewerItem is used in PictureViewer control and is not meant to be consumed outside of PictureViewer usage.\nPictureViewer was replacing the Carousel as it wasn't supporting some versions of MS Internet Explorer. Now, the\nsap.m.Carousel is fully functional, please use sap.m.Carousel instead. This control will not be supported anymore.<br>Picture viewer control relying on the TileContainer control","description":"PictureViewerItem in sap.ca.ui","Experimental":false,"prefix":"PictureViewerItem","name":"sap.ca.ui.PictureViewerItem"},{"template":"new sap.ca.ui.ZoomableScrollContainer({\n\tid: \"${id}\", // sap.ui.core.ID\n\tbusy: false, // boolean\n\tbusyIndicatorDelay: 1000, // int\n\tvisible: true, // boolean\n\tfieldGroupIds: string[].[], // string[], since 1.31\n\twidth: \"auto\", // sap.ui.core.CSSSize\n\theight: \"auto\", // sap.ui.core.CSSSize\n\thorizontal: true, // boolean\n\tvertical: false, // boolean\n\tfocusable: false, // boolean\n\tzoomable: true, // boolean\n\tinitialScale: 1, // float\n\tminScale: 1, // float\n\tmaxScale: 4, // float\n\ttooltip: \"\", // sap.ui.core.TooltipBase\n\tcustomData: [], // sap.ui.core.CustomData\n\tlayoutData: \"\", // sap.ui.core.LayoutData\n\tdependents: [], // sap.ui.core.Control, since 1.19\n\tcontent: [], // sap.ui.core.Control\n\tvalidationSuccess: [function (oEvent) {\n\t\tvar control = oEvent.getSource();\n\t}, this],\n\tvalidationError: [function (oEvent) {\n\t\tvar control = oEvent.getSource();\n\t}, this],\n\tparseError: [function (oEvent) {\n\t\tvar control = oEvent.getSource();\n\t}, this],\n\tformatError: [function (oEvent) {\n\t\tvar control = oEvent.getSource();\n\t}, this],\n\tvalidateFieldGroup: [function (oEvent) {\n\t\tvar control = oEvent.getSource();\n\t}, this]\n})\n","Deprecated":true,"helpDescription":"<strong style=\"color: red;\">Deprecated! <\/strong>Since 1.22 \nZoomableScrollContainer is used in PictureViewer control and is not meant to be consumed outside of PictureViewer usage.\nPictureViewer was replacing the Carousel as it wasn't supporting some versions of MS Internet Explorer. Now, the\nsap.m.Carousel is fully functional, please use sap.m.Carousel instead. This control will not be supported anymore.<br>Based on a ScrollContainer, it allows you to pinch and zoom on mobile devices","description":"ZoomableScrollContainer in sap.ca.ui","Experimental":false,"prefix":"ZoomableScrollContainer","name":"sap.ca.ui.ZoomableScrollContainer"},{"template":"new sap.ca.ui.charts.BarListItem({\n\tid: \"${id}\", // sap.ui.core.ID\n\tbusy: false, // boolean\n\tbusyIndicatorDelay: 1000, // int\n\tvisible: true, // boolean\n\tfieldGroupIds: string[].[], // string[], since 1.31\n\ttype: sap.m.ListType.Inactive, // sap.m.ListType\n\tvisible: true, // boolean\n\tunread: false, // boolean\n\tselected: false, // boolean\n\tcounter: \"\", // int\n\taxis: \"\", // string\n\tgroup: \"\", // string\n\tvalue: \"\", // string\n\ttooltip: \"\", // sap.ui.core.TooltipBase\n\tcustomData: [], // sap.ui.core.CustomData\n\tlayoutData: \"\", // sap.ui.core.LayoutData\n\tdependents: [], // sap.ui.core.Control, since 1.19\n\tariaLabelledBy: [], // sap.ui.core.Control, since 1.28.0\n\tvalidationSuccess: [function (oEvent) {\n\t\tvar control = oEvent.getSource();\n\t}, this],\n\tvalidationError: [function (oEvent) {\n\t\tvar control = oEvent.getSource();\n\t}, this],\n\tparseError: [function (oEvent) {\n\t\tvar control = oEvent.getSource();\n\t}, this],\n\tformatError: [function (oEvent) {\n\t\tvar control = oEvent.getSource();\n\t}, this],\n\tvalidateFieldGroup: [function (oEvent) {\n\t\tvar control = oEvent.getSource();\n\t}, this],\n\ttap: [function (oEvent) {\n\t\tvar control = oEvent.getSource();\n\t}, this],\n\tdetailTap: [function (oEvent) {\n\t\tvar control = oEvent.getSource();\n\t}, this],\n\tpress: [function (oEvent) {\n\t\tvar control = oEvent.getSource();\n\t}, this],\n\tdetailPress: [function (oEvent) {\n\t\tvar control = oEvent.getSource();\n\t}, this]\n})\n","Deprecated":true,"helpDescription":"<strong style=\"color: red;\">Deprecated! <\/strong>Since 1.24 \nSap.ca charts have been replaced with sap.viz and vizFrame in 1.24.\nThe UI5 control \"sap.viz.ui5.controls.VizFrame\" serves as a single point of entry for all the new charts.\nNow that 1.24 is available you are asked to use sap.viz charts and the VizFrame instead!\nThis control will not be supported anymore from 1.24.<br>The display list item consists of a label and a value.","description":"BarListItem in sap.ca.ui","Experimental":false,"prefix":"BarListItem","name":"sap.ca.ui.charts.BarListItem"},{"template":"new sap.ca.ui.charts.BubbleChart({\n\tid: \"${id}\", // sap.ui.core.ID\n\tbusy: false, // boolean\n\tbusyIndicatorDelay: 1000, // int\n\tvisible: true, // boolean\n\tfieldGroupIds: string[].[], // string[], since 1.31\n\twidth: \"100%\", // sap.ui.core.CSSSize\n\theight: \"100%\", // sap.ui.core.CSSSize\n\tdataset: \"\", // object\n\tchartType: Bar, // string\n\tminShapeSize: \"48px\", // sap.ui.core.CSSSize\n\tlabel: \"\", // string\n\ttitle: \"\", // string\n\ticon: \"\", // string\n\tsecondAxisVisible: true, // boolean\n\tshowLegend: true, // boolean\n\tselectionMode: sap.ca.ui.charts.ChartSelectionMode.Multiple, // sap.ca.ui.charts.ChartSelectionMode\n\tshowHoverBackground: false, // boolean\n\tshowTooltip: false, // boolean\n\tshowPopover: true, // boolean\n\tshowDataLabel: true, // boolean\n\tyAxisLabelFormatter: \"\", // string\n\tyAxis2LabelFormatter: \"\", // string\n\txAxisLabelFormatter: \"\", // string\n\txAxis2LabelFormatter: \"\", // string\n\tplotAreaAxisTooltipFormatter: \"\", // object\n\ttooltipFormatter: \"\", // object\n\tdataLabelFormatter: \"\", // object\n\tpopoverFormatter: \"\", // object\n\tpopoverGroupFormatter: \"\", // string\n\tchartSemanticColorFormatter: \"\", // object\n\tinternalVizChart: \"\", // sap.ui.core.Control\n\tchartPopOver: \"\", // sap.ui.core.Control\n\tpopoverSubHeader: \"\", // sap.ui.core.Control\n\tpopoverFooter: \"\", // sap.ui.core.Control\n\tadvancedChartSettings: \"\", // object\n\tstackedChartWidthEnhancer: false, // boolean\n\tnoData: \"\", // sap.ui.core.Control\n\tdataLabelFormat: \"\", // any\n\tshowTitle: false, // boolean\n\tshowXAxisLabel: true, // boolean\n\txAxisFixedRange: false, // boolean\n\txAxisMinValue: 0, // float\n\txAxisMaxValue: 0, // float\n\tshowYAxisLabel: true, // boolean\n\tyAxisFixedRange: false, // boolean\n\tyAxisMinValue: 0, // float\n\tyAxisMaxValue: 0, // float\n\tminimumLabelSize: 60, // int\n\tshowSizeLegend: false, // boolean\n\txAxisTitle: \"\", // string\n\tyAxisTitle: \"\", // string\n\tshowCustomLabels: false, // boolean\n\tlabelProperty: \"\", // object\n\txAxisFormatFunction: \"\", // object\n\txAxisFormatString: \"\", // string\n\tyAxisFormatFunction: \"\", // object\n\tyAxisFormatString: \"\", // string\n\taxisTooltipFormatString: \"\", // any\n\taxisFormatFunction: \"\", // object\n\ttooltip: \"\", // sap.ui.core.TooltipBase\n\tcustomData: [], // sap.ui.core.CustomData\n\tlayoutData: \"\", // sap.ui.core.LayoutData\n\tdependents: [], // sap.ui.core.Control, since 1.19\n\tinternalContent: \"\", // sap.ui.core.Control\n\tchartPopover: \"\", // sap.ui.core.Control\n\tcontent: [], // sap.ui.core.Control\n\tvalidationSuccess: [function (oEvent) {\n\t\tvar control = oEvent.getSource();\n\t}, this],\n\tvalidationError: [function (oEvent) {\n\t\tvar control = oEvent.getSource();\n\t}, this],\n\tparseError: [function (oEvent) {\n\t\tvar control = oEvent.getSource();\n\t}, this],\n\tformatError: [function (oEvent) {\n\t\tvar control = oEvent.getSource();\n\t}, this],\n\tvalidateFieldGroup: [function (oEvent) {\n\t\tvar control = oEvent.getSource();\n\t}, this],\n\tselectDataPoint: [function (oEvent) {\n\t\tvar control = oEvent.getSource();\n\t}, this],\n\tpopoverBeforeOpen: [function (oEvent) {\n\t\tvar control = oEvent.getSource();\n\t}, this],\n\tpopoverAfterOpen: [function (oEvent) {\n\t\tvar control = oEvent.getSource();\n\t}, this]\n})\n","Deprecated":true,"helpDescription":"<strong style=\"color: red;\">Deprecated! <\/strong>Since 1.24 \nSap.ca charts have been replaced with sap.viz and vizFrame in 1.24.\nThe UI5 control \"sap.viz.ui5.controls.VizFrame\" serves as a single point of entry for all the new charts.\nNow that 1.24 is available you are asked to use sap.viz charts and the VizFrame instead!\nThis control will not be supported anymore from 1.24.<br>\nBubble chart.","description":"BubbleChart in sap.ca.ui","Experimental":false,"prefix":"BubbleChart","name":"sap.ca.ui.charts.BubbleChart"},{"template":"new sap.ca.ui.charts.Chart({\n\tid: \"${id}\", // sap.ui.core.ID\n\tbusy: false, // boolean\n\tbusyIndicatorDelay: 1000, // int\n\tvisible: true, // boolean\n\tfieldGroupIds: string[].[], // string[], since 1.31\n\twidth: \"100%\", // sap.ui.core.CSSSize\n\theight: \"100%\", // sap.ui.core.CSSSize\n\tdataset: \"\", // object\n\tchartType: Bar, // string\n\tminShapeSize: \"48px\", // sap.ui.core.CSSSize\n\tlabel: \"\", // string\n\ttitle: \"\", // string\n\ticon: \"\", // string\n\tsecondAxisVisible: true, // boolean\n\tshowLegend: true, // boolean\n\tselectionMode: sap.ca.ui.charts.ChartSelectionMode.Multiple, // sap.ca.ui.charts.ChartSelectionMode\n\tshowHoverBackground: false, // boolean\n\tshowTooltip: false, // boolean\n\tshowPopover: true, // boolean\n\tshowDataLabel: true, // boolean\n\tyAxisLabelFormatter: \"\", // string\n\tyAxis2LabelFormatter: \"\", // string\n\txAxisLabelFormatter: \"\", // string\n\txAxis2LabelFormatter: \"\", // string\n\tplotAreaAxisTooltipFormatter: \"\", // object\n\ttooltipFormatter: \"\", // object\n\tdataLabelFormatter: \"\", // object\n\tpopoverFormatter: \"\", // object\n\tpopoverGroupFormatter: \"\", // string\n\tchartSemanticColorFormatter: \"\", // object\n\tinternalVizChart: \"\", // sap.ui.core.Control\n\tchartPopOver: \"\", // sap.ui.core.Control\n\tpopoverSubHeader: \"\", // sap.ui.core.Control\n\tpopoverFooter: \"\", // sap.ui.core.Control\n\tadvancedChartSettings: \"\", // object\n\tstackedChartWidthEnhancer: false, // boolean\n\tnoData: \"\", // sap.ui.core.Control\n\ttooltip: \"\", // sap.ui.core.TooltipBase\n\tcustomData: [], // sap.ui.core.CustomData\n\tlayoutData: \"\", // sap.ui.core.LayoutData\n\tdependents: [], // sap.ui.core.Control, since 1.19\n\tinternalContent: \"\", // sap.ui.core.Control\n\tchartPopover: \"\", // sap.ui.core.Control\n\tvalidationSuccess: [function (oEvent) {\n\t\tvar control = oEvent.getSource();\n\t}, this],\n\tvalidationError: [function (oEvent) {\n\t\tvar control = oEvent.getSource();\n\t}, this],\n\tparseError: [function (oEvent) {\n\t\tvar control = oEvent.getSource();\n\t}, this],\n\tformatError: [function (oEvent) {\n\t\tvar control = oEvent.getSource();\n\t}, this],\n\tvalidateFieldGroup: [function (oEvent) {\n\t\tvar control = oEvent.getSource();\n\t}, this],\n\tselectDataPoint: [function (oEvent) {\n\t\tvar control = oEvent.getSource();\n\t}, this],\n\tpopoverBeforeOpen: [function (oEvent) {\n\t\tvar control = oEvent.getSource();\n\t}, this],\n\tpopoverAfterOpen: [function (oEvent) {\n\t\tvar control = oEvent.getSource();\n\t}, this]\n})\n","Deprecated":true,"helpDescription":"<strong style=\"color: red;\">Deprecated! <\/strong>Since 1.24 \nSap.ca charts have been replaced with sap.viz and vizFrame in 1.24.\nThe UI5 control \"sap.viz.ui5.controls.VizFrame\" serves as a single point of entry for all the new charts.\nNow that 1.24 is available you are asked to use sap.viz charts and the VizFrame instead!\nThis control will not be supported anymore from 1.24.<br>Chart implementation on top of sap.viz that takes care of common functionality.\n- Embedding in a scroll container\n- Common color palette\n- Minimum bar / dot / blip ... size\n- Integration with ChartToolbar and ChartPopover","description":"Chart in sap.ca.ui","Experimental":false,"prefix":"Chart","name":"sap.ca.ui.charts.Chart"},{"template":"new sap.ca.ui.charts.ChartToolBar({\n\tid: \"${id}\", // sap.ui.core.ID\n\tbusy: false, // boolean\n\tbusyIndicatorDelay: 1000, // int\n\tvisible: true, // boolean\n\tfieldGroupIds: string[].[], // string[], since 1.31\n\tshowPersonalization: false, // boolean\n\tshowFullScreen: false, // boolean\n\tfullScreen: false, // boolean\n\tshowLegend: true, // boolean\n\tchartTitle: \"\", // string\n\tfirstDimensionPath: \"\", // string\n\tfirstDimensionKeyPath: \"\", // string\n\tfirstDimensionTextPath: \"\", // string\n\tsecondDimensionPath: \"\", // string\n\tsecondDimensionKeyPath: \"\", // string\n\tsecondDimensionTextPath: \"\", // string\n\ttooltip: \"\", // sap.ui.core.TooltipBase\n\tcustomData: [], // sap.ui.core.CustomData\n\tlayoutData: \"\", // sap.ui.core.LayoutData\n\tdependents: [], // sap.ui.core.Control, since 1.19\n\tcharts: [], // sap.ui.core.Control\n\ttoolBar: \"\", // sap.m.Bar\n\tselectedChart: \"\", // sap.ui.core.Control\n\tfirstDimensionSelect: \"\", // sap.m.Select\n\tsecondDimensionSelect: \"\", // sap.m.Select\n\tvalidationSuccess: [function (oEvent) {\n\t\tvar control = oEvent.getSource();\n\t}, this],\n\tvalidationError: [function (oEvent) {\n\t\tvar control = oEvent.getSource();\n\t}, this],\n\tparseError: [function (oEvent) {\n\t\tvar control = oEvent.getSource();\n\t}, this],\n\tformatError: [function (oEvent) {\n\t\tvar control = oEvent.getSource();\n\t}, this],\n\tvalidateFieldGroup: [function (oEvent) {\n\t\tvar control = oEvent.getSource();\n\t}, this],\n\tpersonalizationPressed: [function (oEvent) {\n\t\tvar control = oEvent.getSource();\n\t}, this],\n\tfirstDimensionKeySelected: [function (oEvent) {\n\t\tvar control = oEvent.getSource();\n\t}, this],\n\tsecondDimensionKeySelected: [function (oEvent) {\n\t\tvar control = oEvent.getSource();\n\t}, this]\n})\n","Deprecated":true,"helpDescription":"<strong style=\"color: red;\">Deprecated! <\/strong>Since 1.24 \nSap.ca charts and the ChartToolBar have been replaced with sap.viz and vizFrame in 1.24.\nThe UI5 control \"sap.viz.ui5.controls.VizFrame\" serves as a single point of entry for all the new charts.\nNow that 1.24 is available you are asked to use sap.viz charts and the VizFrame instead!\nThis control will not be supported anymore from 1.24.<br>ToolBar used for displaying one chart amongst several and provide additional features:\n- 2 select boxes for selecting dimensions\n- fullscreen toggle\n- personalization icon\n- showLegend toggle","description":"ChartToolBar in sap.ca.ui","Experimental":false,"prefix":"ChartToolBar","name":"sap.ca.ui.charts.ChartToolBar"},{"template":"new sap.ca.ui.charts.ClusterListItem({\n\tid: \"${id}\", // sap.ui.core.ID\n\tbusy: false, // boolean\n\tbusyIndicatorDelay: 1000, // int\n\tvisible: true, // boolean\n\tfieldGroupIds: string[].[], // string[], since 1.31\n\ttype: sap.m.ListType.Inactive, // sap.m.ListType\n\tvisible: true, // boolean\n\tunread: false, // boolean\n\tselected: false, // boolean\n\tcounter: \"\", // int\n\ttitle: \"\", // string\n\titems: \"\", // object\n\ttooltip: \"\", // sap.ui.core.TooltipBase\n\tcustomData: [], // sap.ui.core.CustomData\n\tlayoutData: \"\", // sap.ui.core.LayoutData\n\tdependents: [], // sap.ui.core.Control, since 1.19\n\tariaLabelledBy: [], // sap.ui.core.Control, since 1.28.0\n\tvalidationSuccess: [function (oEvent) {\n\t\tvar control = oEvent.getSource();\n\t}, this],\n\tvalidationError: [function (oEvent) {\n\t\tvar control = oEvent.getSource();\n\t}, this],\n\tparseError: [function (oEvent) {\n\t\tvar control = oEvent.getSource();\n\t}, this],\n\tformatError: [function (oEvent) {\n\t\tvar control = oEvent.getSource();\n\t}, this],\n\tvalidateFieldGroup: [function (oEvent) {\n\t\tvar control = oEvent.getSource();\n\t}, this],\n\ttap: [function (oEvent) {\n\t\tvar control = oEvent.getSource();\n\t}, this],\n\tdetailTap: [function (oEvent) {\n\t\tvar control = oEvent.getSource();\n\t}, this],\n\tpress: [function (oEvent) {\n\t\tvar control = oEvent.getSource();\n\t}, this],\n\tdetailPress: [function (oEvent) {\n\t\tvar control = oEvent.getSource();\n\t}, this]\n})\n","Deprecated":false,"helpDescription":"The cluster list item consists of a title and items.","description":"ClusterListItem in sap.ca.ui","Experimental":false,"prefix":"ClusterListItem","name":"sap.ca.ui.charts.ClusterListItem"},{"template":"new sap.ca.ui.charts.CombinedChart({\n\tid: \"${id}\", // sap.ui.core.ID\n\tbusy: false, // boolean\n\tbusyIndicatorDelay: 1000, // int\n\tvisible: true, // boolean\n\tfieldGroupIds: string[].[], // string[], since 1.31\n\twidth: \"100%\", // sap.ui.core.CSSSize\n\theight: \"100%\", // sap.ui.core.CSSSize\n\tdataset: \"\", // object\n\tchartType: Bar, // string\n\tminShapeSize: \"48px\", // sap.ui.core.CSSSize\n\tlabel: \"\", // string\n\ttitle: \"\", // string\n\ticon: \"\", // string\n\tsecondAxisVisible: true, // boolean\n\tshowLegend: true, // boolean\n\tselectionMode: sap.ca.ui.charts.ChartSelectionMode.Multiple, // sap.ca.ui.charts.ChartSelectionMode\n\tshowHoverBackground: false, // boolean\n\tshowTooltip: false, // boolean\n\tshowPopover: true, // boolean\n\tshowDataLabel: true, // boolean\n\tyAxisLabelFormatter: \"\", // string\n\tyAxis2LabelFormatter: \"\", // string\n\txAxisLabelFormatter: \"\", // string\n\txAxis2LabelFormatter: \"\", // string\n\tplotAreaAxisTooltipFormatter: \"\", // object\n\ttooltipFormatter: \"\", // object\n\tdataLabelFormatter: \"\", // object\n\tpopoverFormatter: \"\", // object\n\tpopoverGroupFormatter: \"\", // string\n\tchartSemanticColorFormatter: \"\", // object\n\tinternalVizChart: \"\", // sap.ui.core.Control\n\tchartPopOver: \"\", // sap.ui.core.Control\n\tpopoverSubHeader: \"\", // sap.ui.core.Control\n\tpopoverFooter: \"\", // sap.ui.core.Control\n\tadvancedChartSettings: \"\", // object\n\tstackedChartWidthEnhancer: false, // boolean\n\tnoData: \"\", // sap.ui.core.Control\n\tdata: \"\", // any\n\tprimaryAxis: \"\", // any\n\tsecondAxis: \"\", // any\n\ttooltip: \"\", // sap.ui.core.TooltipBase\n\tcustomData: [], // sap.ui.core.CustomData\n\tlayoutData: \"\", // sap.ui.core.LayoutData\n\tdependents: [], // sap.ui.core.Control, since 1.19\n\tinternalContent: \"\", // sap.ui.core.Control\n\tchartPopover: \"\", // sap.ui.core.Control\n\tscrollArea: \"\", // sap.m.ScrollContainer\n\tvalidationSuccess: [function (oEvent) {\n\t\tvar control = oEvent.getSource();\n\t}, this],\n\tvalidationError: [function (oEvent) {\n\t\tvar control = oEvent.getSource();\n\t}, this],\n\tparseError: [function (oEvent) {\n\t\tvar control = oEvent.getSource();\n\t}, this],\n\tformatError: [function (oEvent) {\n\t\tvar control = oEvent.getSource();\n\t}, this],\n\tvalidateFieldGroup: [function (oEvent) {\n\t\tvar control = oEvent.getSource();\n\t}, this],\n\tselectDataPoint: [function (oEvent) {\n\t\tvar control = oEvent.getSource();\n\t}, this],\n\tpopoverBeforeOpen: [function (oEvent) {\n\t\tvar control = oEvent.getSource();\n\t}, this],\n\tpopoverAfterOpen: [function (oEvent) {\n\t\tvar control = oEvent.getSource();\n\t}, this]\n})\n","Deprecated":true,"helpDescription":"<strong style=\"color: red;\">Deprecated! <\/strong>Since 1.24 \nSap.ca charts have been replaced with sap.viz and vizFrame in 1.24.\nThe UI5 control \"sap.viz.ui5.controls.VizFrame\" serves as a single point of entry for all the new charts.\nNow that 1.24 is available you are asked to use sap.viz charts and the VizFrame instead!\nThis control will not be supported anymore from 1.24.<br>Allows you to create a chart using vertical bars and lines to represent the data","description":"CombinedChart in sap.ca.ui","Experimental":false,"prefix":"CombinedChart","name":"sap.ca.ui.charts.CombinedChart"},{"template":"new sap.ca.ui.charts.HorizontalBarChart({\n\tid: \"${id}\", // sap.ui.core.ID\n\tbusy: false, // boolean\n\tbusyIndicatorDelay: 1000, // int\n\tvisible: true, // boolean\n\tfieldGroupIds: string[].[], // string[], since 1.31\n\twidth: \"100%\", // sap.ui.core.CSSSize\n\theight: \"100%\", // sap.ui.core.CSSSize\n\tdataset: \"\", // object\n\tchartType: Bar, // string\n\tminShapeSize: \"48px\", // sap.ui.core.CSSSize\n\tlabel: \"\", // string\n\ttitle: \"\", // string\n\ticon: \"\", // string\n\tsecondAxisVisible: true, // boolean\n\tshowLegend: true, // boolean\n\tselectionMode: sap.ca.ui.charts.ChartSelectionMode.Multiple, // sap.ca.ui.charts.ChartSelectionMode\n\tshowHoverBackground: false, // boolean\n\tshowTooltip: false, // boolean\n\tshowPopover: true, // boolean\n\tshowDataLabel: true, // boolean\n\tyAxisLabelFormatter: \"\", // string\n\tyAxis2LabelFormatter: \"\", // string\n\txAxisLabelFormatter: \"\", // string\n\txAxis2LabelFormatter: \"\", // string\n\tplotAreaAxisTooltipFormatter: \"\", // object\n\ttooltipFormatter: \"\", // object\n\tdataLabelFormatter: \"\", // object\n\tpopoverFormatter: \"\", // object\n\tpopoverGroupFormatter: \"\", // string\n\tchartSemanticColorFormatter: \"\", // object\n\tinternalVizChart: \"\", // sap.ui.core.Control\n\tchartPopOver: \"\", // sap.ui.core.Control\n\tpopoverSubHeader: \"\", // sap.ui.core.Control\n\tpopoverFooter: \"\", // sap.ui.core.Control\n\tadvancedChartSettings: \"\", // object\n\tstackedChartWidthEnhancer: false, // boolean\n\tnoData: \"\", // sap.ui.core.Control\n\tdata: \"\", // object\n\tcontainer: chart, // string\n\tbarHeight: 48, // int\n\ttooltip: \"\", // sap.ui.core.TooltipBase\n\tcustomData: [], // sap.ui.core.CustomData\n\tlayoutData: \"\", // sap.ui.core.LayoutData\n\tdependents: [], // sap.ui.core.Control, since 1.19\n\tinternalContent: \"\", // sap.ui.core.Control\n\tchartPopover: \"\", // sap.ui.core.Control\n\tscroll: \"\", // sap.m.ScrollContainer\n\thorizontalBarChart: \"\", // sap.viz.ui5.Bar\n\tverticalArea: \"\", // sap.m.VBox\n\tvalidationSuccess: [function (oEvent) {\n\t\tvar control = oEvent.getSource();\n\t}, this],\n\tvalidationError: [function (oEvent) {\n\t\tvar control = oEvent.getSource();\n\t}, this],\n\tparseError: [function (oEvent) {\n\t\tvar control = oEvent.getSource();\n\t}, this],\n\tformatError: [function (oEvent) {\n\t\tvar control = oEvent.getSource();\n\t}, this],\n\tvalidateFieldGroup: [function (oEvent) {\n\t\tvar control = oEvent.getSource();\n\t}, this],\n\tselectDataPoint: [function (oEvent) {\n\t\tvar control = oEvent.getSource();\n\t}, this],\n\tpopoverBeforeOpen: [function (oEvent) {\n\t\tvar control = oEvent.getSource();\n\t}, this],\n\tpopoverAfterOpen: [function (oEvent) {\n\t\tvar control = oEvent.getSource();\n\t}, this]\n})\n","Deprecated":true,"helpDescription":"<strong style=\"color: red;\">Deprecated! <\/strong>Since 1.24 \nSap.ca charts have been replaced with sap.viz and vizFrame in 1.24.\nThe UI5 control \"sap.viz.ui5.controls.VizFrame\" serves as a single point of entry for all the new charts.\nNow that 1.24 is available you are asked to use sap.viz charts and the VizFrame instead!\nThis control will not be supported anymore from 1.24.<br>Allows you to create a chart using horizontal bars to represent the data","description":"HorizontalBarChart in sap.ca.ui","Experimental":false,"prefix":"HorizontalBarChart","name":"sap.ca.ui.charts.HorizontalBarChart"},{"template":"new sap.ca.ui.charts.LineChart({\n\tid: \"${id}\", // sap.ui.core.ID\n\tbusy: false, // boolean\n\tbusyIndicatorDelay: 1000, // int\n\tvisible: true, // boolean\n\tfieldGroupIds: string[].[], // string[], since 1.31\n\twidth: \"100%\", // sap.ui.core.CSSSize\n\theight: \"100%\", // sap.ui.core.CSSSize\n\tdataset: \"\", // object\n\tchartType: Bar, // string\n\tminShapeSize: \"48px\", // sap.ui.core.CSSSize\n\tlabel: \"\", // string\n\ttitle: \"\", // string\n\ticon: \"\", // string\n\tsecondAxisVisible: true, // boolean\n\tshowLegend: true, // boolean\n\tselectionMode: sap.ca.ui.charts.ChartSelectionMode.Multiple, // sap.ca.ui.charts.ChartSelectionMode\n\tshowHoverBackground: false, // boolean\n\tshowTooltip: false, // boolean\n\tshowPopover: true, // boolean\n\tshowDataLabel: true, // boolean\n\tyAxisLabelFormatter: \"\", // string\n\tyAxis2LabelFormatter: \"\", // string\n\txAxisLabelFormatter: \"\", // string\n\txAxis2LabelFormatter: \"\", // string\n\tplotAreaAxisTooltipFormatter: \"\", // object\n\ttooltipFormatter: \"\", // object\n\tdataLabelFormatter: \"\", // object\n\tpopoverFormatter: \"\", // object\n\tpopoverGroupFormatter: \"\", // string\n\tchartSemanticColorFormatter: \"\", // object\n\tinternalVizChart: \"\", // sap.ui.core.Control\n\tchartPopOver: \"\", // sap.ui.core.Control\n\tpopoverSubHeader: \"\", // sap.ui.core.Control\n\tpopoverFooter: \"\", // sap.ui.core.Control\n\tadvancedChartSettings: \"\", // object\n\tstackedChartWidthEnhancer: false, // boolean\n\tnoData: \"\", // sap.ui.core.Control\n\tchartTitle: Line Chart, // string\n\tdataLabelFormat: #0, // any\n\tminTouchSize: 48px, // string\n\tminTouchWidth: 48px, // string\n\tshowLabel: true, // boolean\n\tshowScrollContext: false, // boolean\n\tchartDataset: \"\", // any\n\tdatasetSettings: \"\", // any\n\tchartDatasetSettings: \"\", // any\n\tdataPath: \"\", // string\n\tdata: \"\", // any\n\tchartBusinessData: \"\", // any\n\tuseDelayedResize: false, // boolean\n\ttooltip: \"\", // sap.ui.core.TooltipBase\n\tcustomData: [], // sap.ui.core.CustomData\n\tlayoutData: \"\", // sap.ui.core.LayoutData\n\tdependents: [], // sap.ui.core.Control, since 1.19\n\tinternalContent: \"\", // sap.ui.core.Control\n\tchartPopover: \"\", // sap.ui.core.Control\n\tvertical: \"\", // sap.m.VBox\n\tvalidationSuccess: [function (oEvent) {\n\t\tvar control = oEvent.getSource();\n\t}, this],\n\tvalidationError: [function (oEvent) {\n\t\tvar control = oEvent.getSource();\n\t}, this],\n\tparseError: [function (oEvent) {\n\t\tvar control = oEvent.getSource();\n\t}, this],\n\tformatError: [function (oEvent) {\n\t\tvar control = oEvent.getSource();\n\t}, this],\n\tvalidateFieldGroup: [function (oEvent) {\n\t\tvar control = oEvent.getSource();\n\t}, this],\n\tselectDataPoint: [function (oEvent) {\n\t\tvar control = oEvent.getSource();\n\t}, this],\n\tpopoverBeforeOpen: [function (oEvent) {\n\t\tvar control = oEvent.getSource();\n\t}, this],\n\tpopoverAfterOpen: [function (oEvent) {\n\t\tvar control = oEvent.getSource();\n\t}, this],\n\tonDetailsSelected: [function (oEvent) {\n\t\tvar control = oEvent.getSource();\n\t}, this]\n})\n","Deprecated":true,"helpDescription":"<strong style=\"color: red;\">Deprecated! <\/strong>Since 1.24 \nSap.ca charts have been replaced with sap.viz and vizFrame in 1.24.\nThe UI5 control \"sap.viz.ui5.controls.VizFrame\" serves as a single point of entry for all the new charts.\nNow that 1.24 is available you are asked to use sap.viz charts and the VizFrame instead!\nThis control will not be supported anymore from 1.24.<br>Line Chart for the Fiori Project","description":"LineChart in sap.ca.ui","Experimental":false,"prefix":"LineChart","name":"sap.ca.ui.charts.LineChart"},{"template":"new sap.ca.ui.charts.StackedHorizontalBarChart({\n\tid: \"${id}\", // sap.ui.core.ID\n\tbusy: false, // boolean\n\tbusyIndicatorDelay: 1000, // int\n\tvisible: true, // boolean\n\tfieldGroupIds: string[].[], // string[], since 1.31\n\twidth: \"100%\", // sap.ui.core.CSSSize\n\theight: \"100%\", // sap.ui.core.CSSSize\n\tdataset: \"\", // object\n\tchartType: Bar, // string\n\tminShapeSize: \"48px\", // sap.ui.core.CSSSize\n\tlabel: \"\", // string\n\ttitle: \"\", // string\n\ticon: \"\", // string\n\tsecondAxisVisible: true, // boolean\n\tshowLegend: true, // boolean\n\tselectionMode: sap.ca.ui.charts.ChartSelectionMode.Multiple, // sap.ca.ui.charts.ChartSelectionMode\n\tshowHoverBackground: false, // boolean\n\tshowTooltip: false, // boolean\n\tshowPopover: true, // boolean\n\tshowDataLabel: true, // boolean\n\tyAxisLabelFormatter: \"\", // string\n\tyAxis2LabelFormatter: \"\", // string\n\txAxisLabelFormatter: \"\", // string\n\txAxis2LabelFormatter: \"\", // string\n\tplotAreaAxisTooltipFormatter: \"\", // object\n\ttooltipFormatter: \"\", // object\n\tdataLabelFormatter: \"\", // object\n\tpopoverFormatter: \"\", // object\n\tpopoverGroupFormatter: \"\", // string\n\tchartSemanticColorFormatter: \"\", // object\n\tinternalVizChart: \"\", // sap.ui.core.Control\n\tchartPopOver: \"\", // sap.ui.core.Control\n\tpopoverSubHeader: \"\", // sap.ui.core.Control\n\tpopoverFooter: \"\", // sap.ui.core.Control\n\tadvancedChartSettings: \"\", // object\n\tstackedChartWidthEnhancer: false, // boolean\n\tnoData: \"\", // sap.ui.core.Control\n\ttype: StackedBar, // string\n\tminTouchSize: \"48px\", // sap.ui.core.CSSSize\n\tdataLabelFormat: ???, // any\n\ttooltip: \"\", // sap.ui.core.TooltipBase\n\tcustomData: [], // sap.ui.core.CustomData\n\tlayoutData: \"\", // sap.ui.core.LayoutData\n\tdependents: [], // sap.ui.core.Control, since 1.19\n\tinternalContent: \"\", // sap.ui.core.Control\n\tchartPopover: \"\", // sap.ui.core.Control\n\tcontent: [], // sap.ui.core.Control\n\tvalidationSuccess: [function (oEvent) {\n\t\tvar control = oEvent.getSource();\n\t}, this],\n\tvalidationError: [function (oEvent) {\n\t\tvar control = oEvent.getSource();\n\t}, this],\n\tparseError: [function (oEvent) {\n\t\tvar control = oEvent.getSource();\n\t}, this],\n\tformatError: [function (oEvent) {\n\t\tvar control = oEvent.getSource();\n\t}, this],\n\tvalidateFieldGroup: [function (oEvent) {\n\t\tvar control = oEvent.getSource();\n\t}, this],\n\tselectDataPoint: [function (oEvent) {\n\t\tvar control = oEvent.getSource();\n\t}, this],\n\tpopoverBeforeOpen: [function (oEvent) {\n\t\tvar control = oEvent.getSource();\n\t}, this],\n\tpopoverAfterOpen: [function (oEvent) {\n\t\tvar control = oEvent.getSource();\n\t}, this]\n})\n","Deprecated":true,"helpDescription":"<strong style=\"color: red;\">Deprecated! <\/strong>Since 1.24 \nSap.ca charts have been replaced with sap.viz and vizFrame in 1.24.\nThe UI5 control \"sap.viz.ui5.controls.VizFrame\" serves as a single point of entry for all the new charts.\nNow that 1.24 is available you are asked to use sap.viz charts and the VizFrame instead!\nThis control will not be supported anymore from 1.24.<br>Stacked Horizontal Bar Chart wrapper around the viz StackedBarChart / MultipleStackedBarChart.\nTo be used in conjunction with the chart toolbar.","description":"StackedHorizontalBarChart in sap.ca.ui","Experimental":false,"prefix":"StackedHorizontalBarChart","name":"sap.ca.ui.charts.StackedHorizontalBarChart"},{"template":"new sap.ca.ui.charts.StackedVerticalColumnChart({\n\tid: \"${id}\", // sap.ui.core.ID\n\tbusy: false, // boolean\n\tbusyIndicatorDelay: 1000, // int\n\tvisible: true, // boolean\n\tfieldGroupIds: string[].[], // string[], since 1.31\n\twidth: \"100%\", // sap.ui.core.CSSSize\n\theight: \"100%\", // sap.ui.core.CSSSize\n\tdataset: \"\", // object\n\tchartType: Bar, // string\n\tminShapeSize: \"48px\", // sap.ui.core.CSSSize\n\tlabel: \"\", // string\n\ttitle: \"\", // string\n\ticon: \"\", // string\n\tsecondAxisVisible: true, // boolean\n\tshowLegend: true, // boolean\n\tselectionMode: sap.ca.ui.charts.ChartSelectionMode.Multiple, // sap.ca.ui.charts.ChartSelectionMode\n\tshowHoverBackground: false, // boolean\n\tshowTooltip: false, // boolean\n\tshowPopover: true, // boolean\n\tshowDataLabel: true, // boolean\n\tyAxisLabelFormatter: \"\", // string\n\tyAxis2LabelFormatter: \"\", // string\n\txAxisLabelFormatter: \"\", // string\n\txAxis2LabelFormatter: \"\", // string\n\tplotAreaAxisTooltipFormatter: \"\", // object\n\ttooltipFormatter: \"\", // object\n\tdataLabelFormatter: \"\", // object\n\tpopoverFormatter: \"\", // object\n\tpopoverGroupFormatter: \"\", // string\n\tchartSemanticColorFormatter: \"\", // object\n\tinternalVizChart: \"\", // sap.ui.core.Control\n\tchartPopOver: \"\", // sap.ui.core.Control\n\tpopoverSubHeader: \"\", // sap.ui.core.Control\n\tpopoverFooter: \"\", // sap.ui.core.Control\n\tadvancedChartSettings: \"\", // object\n\tstackedChartWidthEnhancer: false, // boolean\n\tnoData: \"\", // sap.ui.core.Control\n\ttype: StackedColumn, // string\n\tminTouchSize: \"48px\", // sap.ui.core.CSSSize\n\tdataLabelFormat: ???, // any\n\ttooltip: \"\", // sap.ui.core.TooltipBase\n\tcustomData: [], // sap.ui.core.CustomData\n\tlayoutData: \"\", // sap.ui.core.LayoutData\n\tdependents: [], // sap.ui.core.Control, since 1.19\n\tinternalContent: \"\", // sap.ui.core.Control\n\tchartPopover: \"\", // sap.ui.core.Control\n\tcontent: [], // sap.ui.core.Control\n\tvalidationSuccess: [function (oEvent) {\n\t\tvar control = oEvent.getSource();\n\t}, this],\n\tvalidationError: [function (oEvent) {\n\t\tvar control = oEvent.getSource();\n\t}, this],\n\tparseError: [function (oEvent) {\n\t\tvar control = oEvent.getSource();\n\t}, this],\n\tformatError: [function (oEvent) {\n\t\tvar control = oEvent.getSource();\n\t}, this],\n\tvalidateFieldGroup: [function (oEvent) {\n\t\tvar control = oEvent.getSource();\n\t}, this],\n\tselectDataPoint: [function (oEvent) {\n\t\tvar control = oEvent.getSource();\n\t}, this],\n\tpopoverBeforeOpen: [function (oEvent) {\n\t\tvar control = oEvent.getSource();\n\t}, this],\n\tpopoverAfterOpen: [function (oEvent) {\n\t\tvar control = oEvent.getSource();\n\t}, this]\n})\n","Deprecated":true,"helpDescription":"<strong style=\"color: red;\">Deprecated! <\/strong>Since 1.24 \nSap.ca charts have been replaced with sap.viz and vizFrame in 1.24.\nThe UI5 control \"sap.viz.ui5.controls.VizFrame\" serves as a single point of entry for all the new charts.\nNow that 1.24 is available you are asked to use sap.viz charts and the VizFrame instead!\nThis control will not be supported anymore from 1.24.<br>Stacked Vertical Column Chart wrapper around the viz StackedColumnChart / MultipleStackedColumnChart.\nTo be used in conjunction with the chart toolbar.","description":"StackedVerticalColumnChart in sap.ca.ui","Experimental":false,"prefix":"StackedVerticalColumnChart","name":"sap.ca.ui.charts.StackedVerticalColumnChart"},{"template":"new sap.ca.ui.charts.VerticalBarChart({\n\tid: \"${id}\", // sap.ui.core.ID\n\tbusy: false, // boolean\n\tbusyIndicatorDelay: 1000, // int\n\tvisible: true, // boolean\n\tfieldGroupIds: string[].[], // string[], since 1.31\n\twidth: \"100%\", // sap.ui.core.CSSSize\n\theight: \"100%\", // sap.ui.core.CSSSize\n\tdataset: \"\", // object\n\tchartType: Bar, // string\n\tminShapeSize: \"48px\", // sap.ui.core.CSSSize\n\tlabel: \"\", // string\n\ttitle: \"\", // string\n\ticon: \"\", // string\n\tsecondAxisVisible: true, // boolean\n\tshowLegend: true, // boolean\n\tselectionMode: sap.ca.ui.charts.ChartSelectionMode.Multiple, // sap.ca.ui.charts.ChartSelectionMode\n\tshowHoverBackground: false, // boolean\n\tshowTooltip: false, // boolean\n\tshowPopover: true, // boolean\n\tshowDataLabel: true, // boolean\n\tyAxisLabelFormatter: \"\", // string\n\tyAxis2LabelFormatter: \"\", // string\n\txAxisLabelFormatter: \"\", // string\n\txAxis2LabelFormatter: \"\", // string\n\tplotAreaAxisTooltipFormatter: \"\", // object\n\ttooltipFormatter: \"\", // object\n\tdataLabelFormatter: \"\", // object\n\tpopoverFormatter: \"\", // object\n\tpopoverGroupFormatter: \"\", // string\n\tchartSemanticColorFormatter: \"\", // object\n\tinternalVizChart: \"\", // sap.ui.core.Control\n\tchartPopOver: \"\", // sap.ui.core.Control\n\tpopoverSubHeader: \"\", // sap.ui.core.Control\n\tpopoverFooter: \"\", // sap.ui.core.Control\n\tadvancedChartSettings: \"\", // object\n\tstackedChartWidthEnhancer: false, // boolean\n\tnoData: \"\", // sap.ui.core.Control\n\tdata: \"\", // object\n\tcontainer: chart, // string\n\tbarWidth: 48, // int\n\ttooltip: \"\", // sap.ui.core.TooltipBase\n\tcustomData: [], // sap.ui.core.CustomData\n\tlayoutData: \"\", // sap.ui.core.LayoutData\n\tdependents: [], // sap.ui.core.Control, since 1.19\n\tinternalContent: \"\", // sap.ui.core.Control\n\tchartPopover: \"\", // sap.ui.core.Control\n\tcontent: [], // sap.ui.core.Control\n\tscroll: \"\", // sap.m.ScrollContainer\n\tverticalBarChart: \"\", // sap.viz.ui5.Column\n\tverticalArea: \"\", // sap.m.VBox\n\tvalidationSuccess: [function (oEvent) {\n\t\tvar control = oEvent.getSource();\n\t}, this],\n\tvalidationError: [function (oEvent) {\n\t\tvar control = oEvent.getSource();\n\t}, this],\n\tparseError: [function (oEvent) {\n\t\tvar control = oEvent.getSource();\n\t}, this],\n\tformatError: [function (oEvent) {\n\t\tvar control = oEvent.getSource();\n\t}, this],\n\tvalidateFieldGroup: [function (oEvent) {\n\t\tvar control = oEvent.getSource();\n\t}, this],\n\tselectDataPoint: [function (oEvent) {\n\t\tvar control = oEvent.getSource();\n\t}, this],\n\tpopoverBeforeOpen: [function (oEvent) {\n\t\tvar control = oEvent.getSource();\n\t}, this],\n\tpopoverAfterOpen: [function (oEvent) {\n\t\tvar control = oEvent.getSource();\n\t}, this]\n})\n","Deprecated":true,"helpDescription":"<strong style=\"color: red;\">Deprecated! <\/strong>Since 1.24 \nSap.ca charts have been replaced with sap.viz and vizFrame in 1.24.\nThe UI5 control \"sap.viz.ui5.controls.VizFrame\" serves as a single point of entry for all the new charts.\nNow that 1.24 is available you are asked to use sap.viz charts and the VizFrame instead!\nThis control will not be supported anymore from 1.24.<br>Allows you to create a chart using vertical bars to represent the data","description":"VerticalBarChart in sap.ca.ui","Experimental":false,"prefix":"VerticalBarChart","name":"sap.ca.ui.charts.VerticalBarChart"},{"template":"new sap.ca.ui.model.format.AmountFormat({\n\tid: \"${id}\" // sap.ui.core.ID\n})\n","Deprecated":true,"helpDescription":"<strong style=\"color: red;\">Deprecated! <\/strong>Since undefined Deprecated API:Since version 1.28. This control has been made available in sap.ui.core. Please use sap.ui.core.format.NumberFormat.getCurrencyInstance instead! This control will not be supported anymore.<br>The AmountFormat is a static class for formatting and parsing file size values according\nto a set of format options.\n\nIf no pattern is specified a default pattern according to the locale settings is used.","description":"AmountFormat in sap.ca.ui","Experimental":false,"prefix":"AmountFormat","name":"sap.ca.ui.model.format.AmountFormat"},{"template":"new sap.ca.ui.model.format.DateFormat({\n\tid: \"${id}\" // sap.ui.core.ID\n})\n","Deprecated":true,"helpDescription":"<strong style=\"color: red;\">Deprecated! <\/strong>Since undefined Deprecated API:Since version 1.28. This control has been made available in sap.ui.core. Please use sap.ui.core.format.DateFormat instead! This control will not be supported anymore.<br>The DateFormat is a static class for formatting and parsing date and time values according\nto a set of format options.\n\nIt uses sap.ui.core.format.DateFormat to format and parse dates, and adds a new style daysAgo for Date instances.\nWith this style:\n<ul>\n<li>For today: \"Today\" will be displayed (localized)<\/li>\n<li>For yesterday: \"1 day ago\" will be displayed (localized)<\/li>\n<li>Between 2 days and 6 days in the past: \"x days ago\" will be displayed (localized)<\/li>\n<li>In the future or more than 6 days in the past: the date will be formatted with a medium style<\/li> \n<\/ul>\nThe daysAgo style can be formatted in UTC.\n\nSupported format options are pattern based on Unicode LDML Date Format notation.\nIf no pattern is specified a default pattern according to the locale settings is used.","description":"DateFormat in sap.ca.ui","Experimental":false,"prefix":"DateFormat","name":"sap.ca.ui.model.format.DateFormat"},{"template":"new sap.ca.ui.model.format.FileSizeFormat({\n\tid: \"${id}\" // sap.ui.core.ID\n})\n","Deprecated":true,"helpDescription":"<strong style=\"color: red;\">Deprecated! <\/strong>Since undefined Deprecated API:Since version 1.28. This control has been made available in sap.ui.core. Please use sap.ui.core.format.FileSizeFormat instead! This control will not be supported anymore.<br>The FileSizeFormat is a static class for formatting and parsing file size values according\nto a set of format options.\n\nSimplified logic:\n display in kB for 1e3 <= bytes < 1e6\n display in MB for 1e6 <= bytes < 1e9\n ...","description":"FileSizeFormat in sap.ca.ui","Experimental":false,"prefix":"FileSizeFormat","name":"sap.ca.ui.model.format.FileSizeFormat"},{"template":"new sap.ca.ui.model.format.QuantityFormat({\n\tid: \"${id}\" // sap.ui.core.ID\n})\n","Deprecated":true,"helpDescription":"<strong style=\"color: red;\">Deprecated! <\/strong>Since undefined Deprecated API:Since version 1.28. There is no replacement for the QuantityFormat in sap.ui.core.format. Please refer to sap.ui.core.format and set the minFractionDigits and maxFractionDigits on the formatter as required. This control will not be supported anymore.<br>The QuantityFormat is a static class for formatting and parsing file size values according\nto a set of format options.\n\nIf no pattern is specified a default pattern according to the locale settings is used.","description":"QuantityFormat in sap.ca.ui","Experimental":false,"prefix":"QuantityFormat","name":"sap.ca.ui.model.format.QuantityFormat"},{"template":"new sap.ca.ui.model.type.Date({\n\tid: \"${id}\" // sap.ui.core.ID\n})\n","Deprecated":true,"helpDescription":"<strong style=\"color: red;\">Deprecated! <\/strong>Since undefined Deprecated API:Since version 1.28. This control has been made available in sap.ui.core. Please use sap.ui.model.type.Date instead! This control will not be supported anymore.<br>This class represents date simple types.","description":"Date in sap.ca.ui","Experimental":false,"prefix":"Date","name":"sap.ca.ui.model.type.Date"},{"template":"new sap.ca.ui.model.type.DateTime({\n\tid: \"${id}\" // sap.ui.core.ID\n})\n","Deprecated":true,"helpDescription":"<strong style=\"color: red;\">Deprecated! <\/strong>Since undefined Deprecated API:Since version 1.28. This control has been made available in sap.ui.core. Please use sap.ui.model.type.DateTime instead! This control will not be supported anymore.<br>This class represents datetime simple types.","description":"DateTime in sap.ca.ui","Experimental":false,"prefix":"DateTime","name":"sap.ca.ui.model.type.DateTime"},{"template":"new sap.ca.ui.model.type.FileSize({\n\tid: \"${id}\" // sap.ui.core.ID\n})\n","Deprecated":true,"helpDescription":"<strong style=\"color: red;\">Deprecated! <\/strong>Since undefined Deprecated API:Since version 1.28. This control has been made available in sap.ui.core. Please use sap.ui.model.type.FileSize instead! This control will not be supported anymore.<br>This class represents file size types.","description":"FileSize in sap.ca.ui","Experimental":false,"prefix":"FileSize","name":"sap.ca.ui.model.type.FileSize"},{"template":"new sap.ca.ui.model.type.Number({\n\tid: \"${id}\" // sap.ui.core.ID\n})\n","Deprecated":true,"helpDescription":"<strong style=\"color: red;\">Deprecated! <\/strong>Since undefined Deprecated API:Since version 1.28. This control has been made available in sap.ui.core. Please use sap.ui.model.type.Float or sap.ui.model.type.Integer with sap.ui.core.format.NumberFormat instead! This control will not be supported anymore.<br>This class represents number simple types.","description":"Number in sap.ca.ui","Experimental":false,"prefix":"Number","name":"sap.ca.ui.model.type.Number"},{"template":"new sap.ca.ui.model.type.Time({\n\tid: \"${id}\" // sap.ui.core.ID\n})\n","Deprecated":true,"helpDescription":"<strong style=\"color: red;\">Deprecated! <\/strong>Since undefined Deprecated API:Since version 1.28. This control has been made available in sap.ui.core. Please use sap.ui.model.type.Time instead! This control will not be supported anymore.<br>This class represents time simple types.","description":"Time in sap.ca.ui","Experimental":false,"prefix":"Time","name":"sap.ca.ui.model.type.Time"}]}