{"Templates":[{"template":"new sap.ushell.System({\n\tid: \"${id}\" // sap.ui.core.ID\n})\n","Deprecated":false,"helpDescription":"A representation of a system","description":"System in sap.ushell","Experimental":false,"prefix":"System","name":"sap.ushell.System"},{"template":"new sap.ushell.renderers.fiori2.Renderer({\n\tid: \"${id}\" // sap.ui.core.ID\n})\n","Deprecated":false,"helpDescription":"The SAPUI5 component of SAP Fiori Launchpad renderer for the Unified Shell.","description":"Renderer in sap.ushell","Experimental":false,"prefix":"Renderer","name":"sap.ushell.renderers.fiori2.Renderer"},{"template":"new sap.ushell.services.Bookmark({\n\tid: \"${id}\" // sap.ui.core.ID\n})\n","Deprecated":false,"helpDescription":"The unified shell's bookmark service, which allows you to create shortcuts on the\nuser's home page.","description":"Bookmark in sap.ushell","Experimental":false,"prefix":"Bookmark","name":"sap.ushell.services.Bookmark"},{"template":"new sap.ushell.services.Container({\n\tid: \"${id}\" // sap.ui.core.ID\n})\n","Deprecated":false,"helpDescription":"The Unified Shell's container which manages renderers, services, and adapters.","description":"Container in sap.ushell","Experimental":false,"prefix":"Container","name":"sap.ushell.services.Container"},{"template":"new sap.ushell.services.ContainerInterface({\n\tid: \"${id}\" // sap.ui.core.ID\n})\n","Deprecated":false,"helpDescription":"This is a virtual type for the callback interface passed by\r{@link sap.ui.Container.getService()} to any newly created service.","description":"ContainerInterface in sap.ushell","Experimental":false,"prefix":"ContainerInterface","name":"sap.ushell.services.ContainerInterface"},{"template":"new sap.ushell.services.CrossApplicationNavigation({\n\tid: \"${id}\" // sap.ui.core.ID\n})\n","Deprecated":false,"description":"CrossApplicationNavigation in sap.ushell","Experimental":false,"prefix":"CrossApplicationNavigation","name":"sap.ushell.services.CrossApplicationNavigation"},{"template":"new sap.ushell.services.EndUserFeedback({\n\tid: \"${id}\" // sap.ui.core.ID\n})\n","Deprecated":false,"helpDescription":"The Unified Shell's end user feedback service","description":"EndUserFeedback in sap.ushell","Experimental":false,"prefix":"EndUserFeedback","name":"sap.ushell.services.EndUserFeedback"},{"template":"new sap.ushell.services.LaunchPage({\n\tid: \"${id}\" // sap.ui.core.ID\n})\n","Deprecated":false,"helpDescription":"The Unified Shell's page builder service.","description":"LaunchPage in sap.ushell","Experimental":false,"prefix":"LaunchPage","name":"sap.ushell.services.LaunchPage"},{"template":"new sap.ushell.services.Message({\n\tid: \"${id}\" // sap.ui.core.ID\n})\n","Deprecated":false,"description":"Message in sap.ushell","Experimental":false,"prefix":"Message","name":"sap.ushell.services.Message"},{"template":"new sap.ushell.services.NavTargetResolution({\n\tid: \"${id}\" // sap.ui.core.ID\n})\n","Deprecated":false,"helpDescription":"The Unified Shell's internal navigation target resolution service\n\nMethods in this class deal with *internal* representations of the shell hash.\n\nconfigurations:\n<code>config : { allowTestUrlComponentConfig  : true }<\/code>\nallow to redefine the Test-url, Test-local1, Test-local2 applications via url parameters\n(sap-ushell-test-local1-url=  / sap-ushell-test-local1-additionalInformation=  ... )","description":"NavTargetResolution in sap.ushell","Experimental":false,"prefix":"NavTargetResolution","name":"sap.ushell.services.NavTargetResolution"},{"template":"new sap.ushell.services.Personalization.ContextContainer({\n\tid: \"${id}\" // sap.ui.core.ID\n})\n","Deprecated":false,"helpDescription":"The container is the anchor object of the unified shell\n       personalization in container mode.","description":"ContextContainer in sap.ushell","Experimental":false,"prefix":"ContextContainer","name":"sap.ushell.services.Personalization.ContextContainer"},{"template":"new sap.ushell.services.Personalization.Variant({\n\tid: \"${id}\" // sap.ui.core.ID\n})\n","Deprecated":false,"helpDescription":"The personalization variant contains personalization data.\n       It is used in the personalization container mode.","description":"Variant in sap.ushell","Experimental":false,"prefix":"Variant","name":"sap.ushell.services.Personalization.Variant"},{"template":"new sap.ushell.services.Personalization.VariantSet({\n\tid: \"${id}\" // sap.ui.core.ID\n})\n","Deprecated":false,"helpDescription":"The personalization variant set contains variants of personalization data.\n       It is used in the personalization container mode.","description":"VariantSet in sap.ushell","Experimental":false,"prefix":"VariantSet","name":"sap.ushell.services.Personalization.VariantSet"},{"template":"new sap.ushell.services.Personalization.VariantSetAdapter({\n\tid: \"${id}\" // sap.ui.core.ID\n})\n","Deprecated":false,"helpDescription":"Wrapper object to expose a variant interface on a\n       ContextContainer object obtained from the Peronalization service:\n       <code>\n       getContainer(...).done( function(oContainer) {\n          that.oVariantSetContainer = new sap.ushell.services.Personalization.VariantSetAdapater(oContainer);\n          });\n       <\/code>","description":"VariantSetAdapter in sap.ushell","Experimental":false,"prefix":"VariantSetAdapter","name":"sap.ushell.services.Personalization.VariantSetAdapter"},{"template":"new sap.ushell.services.Personalization({\n\tid: \"${id}\" // sap.ui.core.ID\n})\n","Deprecated":false,"helpDescription":"The Unified Shell's personalization service, which provides a\n       personalizer object that handles all personalization operations.","description":"Personalization in sap.ushell","Experimental":false,"prefix":"Personalization","name":"sap.ushell.services.Personalization"},{"template":"new sap.ushell.services.PersonalizationContainer({\n\tid: \"${id}\" // sap.ui.core.ID\n})\n","Deprecated":false,"helpDescription":"The personalization container is the anchor object of the unified shell\n       personalization in container mode.","description":"PersonalizationContainer in sap.ushell","Experimental":false,"prefix":"PersonalizationContainer","name":"sap.ushell.services.PersonalizationContainer"},{"template":"new sap.ushell.services.PersonalizationContainerVariant({\n\tid: \"${id}\" // sap.ui.core.ID\n})\n","Deprecated":false,"helpDescription":"The personalization variant contains personalization data.\n       It is used in the personalization container mode.","description":"PersonalizationContainerVariant in sap.ushell","Experimental":false,"prefix":"PersonalizationContainerVariant","name":"sap.ushell.services.PersonalizationContainerVariant"},{"template":"new sap.ushell.services.PersonalizationContainerVariantSet({\n\tid: \"${id}\" // sap.ui.core.ID\n})\n","Deprecated":false,"helpDescription":"The personalization variant set contains variants of personalization data.\n       It is used in the personalization container mode.","description":"PersonalizationContainerVariantSet in sap.ushell","Experimental":false,"prefix":"PersonalizationContainerVariantSet","name":"sap.ushell.services.PersonalizationContainerVariantSet"},{"template":"new sap.ushell.services.Personalizer({\n\tid: \"${id}\" // sap.ui.core.ID\n})\n","Deprecated":false,"helpDescription":"The Unified Shell personalizer providing set get delete\n       methods to access the persisted personalization data in direct mode.","description":"Personalizer in sap.ushell","Experimental":false,"prefix":"Personalizer","name":"sap.ushell.services.Personalizer"},{"template":"new sap.ushell.services.SupportTicket({\n\tid: \"${id}\" // sap.ui.core.ID\n})\n","Deprecated":false,"helpDescription":"The Unified Shell's Support Ticket service","description":"SupportTicket in sap.ushell","Experimental":false,"prefix":"SupportTicket","name":"sap.ushell.services.SupportTicket"},{"template":"new sap.ushell.services.TransientPersonalizer({\n\tid: \"${id}\" // sap.ui.core.ID\n})\n","Deprecated":false,"helpDescription":"The transient personalizer shall be used\n       in container mode for table personalization.","description":"TransientPersonalizer in sap.ushell","Experimental":false,"prefix":"TransientPersonalizer","name":"sap.ushell.services.TransientPersonalizer"},{"template":"new sap.ushell.services.URLParsing({\n\tid: \"${id}\" // sap.ui.core.ID\n})\n","Deprecated":false,"description":"URLParsing in sap.ushell","Experimental":false,"prefix":"URLParsing","name":"sap.ushell.services.URLParsing"},{"template":"new sap.ushell.services.UsageAnalytics({\n\tid: \"${id}\" // sap.ui.core.ID\n})\n","Deprecated":false,"helpDescription":"A UShell service for tracking business flows and user actions.\n\nThe UsageAnalytics service exposes API for logging custom events and setting custom field values in the logged events.<br>\nThe data is sent via http and recorded on a server, whose URL is defined by the <code>baseUrl<\/code> service configuration property.<br>\nThe service configuration must also include the site ID from the <code>pubToken<\/code> attribute.<br>\nYou can find the pubToken in the code snippet provided in the WARP when creating a new site.\n\nEach tracked event is represented by a table entry on the server database.<br>\nThe administrator can produce reports based on the the recorded data.\n\nTwo types of events can be logged:<br>\n- Automatic events: Click or pageLoad are predefined events, logged by the base tracking library.<br>\n You can disable these events in the service configuration.<br>\n- Custom events: You can use the service API to log an event with custom data using the function logCustomEvent<br>\n\nEach tracked event (either automatic or custom) is represented by a database row, that includes 10 custom attributes named custom1...custom10.<br>\n Some of these values can be set using UsageAnalytics service API.<br>","description":"UsageAnalytics in sap.ushell","Experimental":false,"prefix":"UsageAnalytics","name":"sap.ushell.services.UsageAnalytics"},{"template":"new sap.ushell.services.UserInfo({\n\tid: \"${id}\" // sap.ui.core.ID\n})\n","Deprecated":false,"helpDescription":"The Unified Shell's user information service, which allows you to retrieve\n    information about the logged-in user.","description":"UserInfo in sap.ushell","Experimental":false,"prefix":"UserInfo","name":"sap.ushell.services.UserInfo"},{"template":"new sap.ushell.ui.footerbar.AddBookmarkButton({\n\tid: \"${id}\", // sap.ui.core.ID\n\tbusy: false, // boolean\n\tbusyIndicatorDelay: 1000, // int\n\tvisible: true, // boolean\n\tfieldGroupIds: string[].[], // string[], since 1.31\n\ttext: \"\", // string\n\ttype: sap.m.ButtonType.Default, // sap.m.ButtonType\n\twidth: \"\", // sap.ui.core.CSSSize\n\tenabled: true, // boolean\n\ticon: \"\", // sap.ui.core.URI\n\ticonFirst: true, // boolean\n\tactiveIcon: \"\", // sap.ui.core.URI\n\ticonDensityAware: true, // boolean\n\ttextDirection: sap.ui.core.TextDirection.Inherit, // sap.ui.core.TextDirection, since 1.28.0\n\tbeforePressHandler: \"\", // any\n\tafterPressHandler: \"\", // any\n\ttitle: \"\", // string\n\tsubtitle: \"\", // string\n\tinfo: \"\", // string\n\ttileIcon: \"\", // string\n\tnumberUnit: \"\", // string\n\tkeywords: \"\", // string\n\tcustomUrl: \"\", // any\n\tserviceUrl: \"\", // any\n\tserviceRefreshInterval: \"\", // string\n\tshowGroupSelection: true, // boolean\n\tappData: \"\", // object\n\ttooltip: \"\", // sap.ui.core.TooltipBase\n\tcustomData: [], // sap.ui.core.CustomData\n\tlayoutData: \"\", // sap.ui.core.LayoutData\n\tdependents: [], // sap.ui.core.Control, since 1.19\n\tariaDescribedBy: [], // sap.ui.core.Control\n\tariaLabelledBy: [], // sap.ui.core.Control\n\tvalidationSuccess: [function (oEvent) {\n\t\tvar control = oEvent.getSource();\n\t}, this],\n\tvalidationError: [function (oEvent) {\n\t\tvar control = oEvent.getSource();\n\t}, this],\n\tparseError: [function (oEvent) {\n\t\tvar control = oEvent.getSource();\n\t}, this],\n\tformatError: [function (oEvent) {\n\t\tvar control = oEvent.getSource();\n\t}, this],\n\tvalidateFieldGroup: [function (oEvent) {\n\t\tvar control = oEvent.getSource();\n\t}, this],\n\ttap: [function (oEvent) {\n\t\tvar control = oEvent.getSource();\n\t}, this],\n\tpress: [function (oEvent) {\n\t\tvar control = oEvent.getSource();\n\t}, this]\n})\n","Deprecated":false,"helpDescription":"A button to be displayed in the application footer. Clicking the button opens a dialog box allowing the user to save the app state, so that the app can be launched in this state directly from the launchpad.","description":"AddBookmarkButton in sap.ushell","Experimental":false,"prefix":"AddBookmarkButton","name":"sap.ushell.ui.footerbar.AddBookmarkButton"},{"template":"new sap.ushell.ui.launchpad.LoadingDialog({\n\tid: \"${id}\", // sap.ui.core.ID\n\tbusy: false, // boolean\n\tbusyIndicatorDelay: 1000, // int\n\tvisible: true, // boolean\n\tfieldGroupIds: string[].[], // string[], since 1.31\n\ticonUri: \"\", // sap.ui.core.URI\n\ttext: \"\", // sap.ui.core.URI\n\ttooltip: \"\", // sap.ui.core.TooltipBase\n\tcustomData: [], // sap.ui.core.CustomData\n\tlayoutData: \"\", // sap.ui.core.LayoutData\n\tdependents: [], // sap.ui.core.Control, since 1.19\n\tvalidationSuccess: [function (oEvent) {\n\t\tvar control = oEvent.getSource();\n\t}, this],\n\tvalidationError: [function (oEvent) {\n\t\tvar control = oEvent.getSource();\n\t}, this],\n\tparseError: [function (oEvent) {\n\t\tvar control = oEvent.getSource();\n\t}, this],\n\tformatError: [function (oEvent) {\n\t\tvar control = oEvent.getSource();\n\t}, this],\n\tvalidateFieldGroup: [function (oEvent) {\n\t\tvar control = oEvent.getSource();\n\t}, this]\n})\n","Deprecated":false,"helpDescription":"Displays a loading dialog with an indicator that an app is loading","description":"LoadingDialog in sap.ushell","Experimental":false,"prefix":"LoadingDialog","name":"sap.ushell.ui.launchpad.LoadingDialog"},{"template":"new sap.ushell.ui.shell.ToolAreaItem({\n\tid: \"${id}\", // sap.ui.core.ID\n\tbusy: false, // boolean\n\tbusyIndicatorDelay: 1000, // int\n\tvisible: true, // boolean\n\tfieldGroupIds: string[].[], // string[], since 1.31\n\ticon: \"\", // sap.ui.core.URI\n\tselected: false, // boolean\n\ttext: \"\", // string\n\tariaLabel: \"\", // string, since 1.30\n\tvisible: true, // boolean\n\texpandable: false, // boolean\n\ttooltip: \"\", // sap.ui.core.TooltipBase\n\tcustomData: [], // sap.ui.core.CustomData\n\tlayoutData: \"\", // sap.ui.core.LayoutData\n\tdependents: [], // sap.ui.core.Control, since 1.19\n\tvalidationSuccess: [function (oEvent) {\n\t\tvar control = oEvent.getSource();\n\t}, this],\n\tvalidationError: [function (oEvent) {\n\t\tvar control = oEvent.getSource();\n\t}, this],\n\tparseError: [function (oEvent) {\n\t\tvar control = oEvent.getSource();\n\t}, this],\n\tformatError: [function (oEvent) {\n\t\tvar control = oEvent.getSource();\n\t}, this],\n\tvalidateFieldGroup: [function (oEvent) {\n\t\tvar control = oEvent.getSource();\n\t}, this],\n\tpress: [function (oEvent) {\n\t\tvar control = oEvent.getSource();\n\t}, this],\n\texpand: [function (oEvent) {\n\t\tvar control = oEvent.getSource();\n\t}, this]\n})\n","Deprecated":false,"helpDescription":"A control to be placed in the tool area","description":"ToolAreaItem in sap.ushell","Experimental":false,"prefix":"ToolAreaItem","name":"sap.ushell.ui.shell.ToolAreaItem"},{"template":"new sap.ushell.components.factsheet.controls.PictureTile({\n\tid: \"${id}\", // sap.ui.core.ID\n\tbusy: false, // boolean\n\tbusyIndicatorDelay: 1000, // int\n\tvisible: true, // boolean\n\tfieldGroupIds: string[].[], // string[], since 1.31\n\tremovable: true, // boolean\n\theight: \"32px\", // sap.ui.core.CSSSize\n\twidth: \"32px\", // sap.ui.core.CSSSize\n\ttooltip: \"\", // sap.ui.core.TooltipBase\n\tcustomData: [], // sap.ui.core.CustomData\n\tlayoutData: \"\", // sap.ui.core.LayoutData\n\tdependents: [], // sap.ui.core.Control, since 1.19\n\tcontent: \"\", // sap.ui.core.Control\n\ttileContent: \"\", // sap.ushell.components.factsheet.controls.PictureViewerItem\n\tvalidationSuccess: [function (oEvent) {\n\t\tvar control = oEvent.getSource();\n\t}, this],\n\tvalidationError: [function (oEvent) {\n\t\tvar control = oEvent.getSource();\n\t}, this],\n\tparseError: [function (oEvent) {\n\t\tvar control = oEvent.getSource();\n\t}, this],\n\tformatError: [function (oEvent) {\n\t\tvar control = oEvent.getSource();\n\t}, this],\n\tvalidateFieldGroup: [function (oEvent) {\n\t\tvar control = oEvent.getSource();\n\t}, this],\n\tpress: [function (oEvent) {\n\t\tvar control = oEvent.getSource();\n\t}, this],\n\tpictureDelete: [function (oEvent) {\n\t\tvar control = oEvent.getSource();\n\t}, this]\n})\n","Deprecated":true,"helpDescription":"<strong style=\"color: red;\">Deprecated! <\/strong>Since 1.22 \nPictureTile is used in PictureViewer control and is not meant to be consumed outside of PictureViewer usage.\nPictureViewer was replacing the sap.m.Carousel as it wasn't supporting some versions of MS Internet Explorer.\nNow, the sap.m.Carousel is fully functional, please use sap.m.Carousel instead. This control will not be supported anymore.<br>Tile control embedding an image and allowing custom sizing","description":"PictureTile in sap.ushell","Experimental":false,"prefix":"PictureTile","name":"sap.ushell.components.factsheet.controls.PictureTile"},{"template":"new sap.ushell.components.factsheet.controls.PictureViewer({\n\tid: \"${id}\", // sap.ui.core.ID\n\tbusy: false, // boolean\n\tbusyIndicatorDelay: 1000, // int\n\tvisible: true, // boolean\n\tfieldGroupIds: string[].[], // string[], since 1.31\n\twidth: \"100%\", // sap.ui.core.CSSSize\n\theight: \"100%\", // sap.ui.core.CSSSize\n\teditable: \"\", // boolean\n\tallowAdd: \"\", // boolean\n\ttileScaling: 0.95, // float\n\tremovable: false, // boolean\n\ttooltip: \"\", // sap.ui.core.TooltipBase\n\tcustomData: [], // sap.ui.core.CustomData\n\tlayoutData: \"\", // sap.ui.core.LayoutData\n\tdependents: [], // sap.ui.core.Control, since 1.19\n\ttiles: [], // sap.m.Tile\n\titems: [], // sap.ushell.components.factsheet.controls.PictureViewerItem\n\tvalidationSuccess: [function (oEvent) {\n\t\tvar control = oEvent.getSource();\n\t}, this],\n\tvalidationError: [function (oEvent) {\n\t\tvar control = oEvent.getSource();\n\t}, this],\n\tparseError: [function (oEvent) {\n\t\tvar control = oEvent.getSource();\n\t}, this],\n\tformatError: [function (oEvent) {\n\t\tvar control = oEvent.getSource();\n\t}, this],\n\tvalidateFieldGroup: [function (oEvent) {\n\t\tvar control = oEvent.getSource();\n\t}, this],\n\ttileMove: [function (oEvent) {\n\t\tvar control = oEvent.getSource();\n\t}, this],\n\ttileDelete: [function (oEvent) {\n\t\tvar control = oEvent.getSource();\n\t}, this],\n\ttileAdd: [function (oEvent) {\n\t\tvar control = oEvent.getSource();\n\t}, this],\n\tpictureDeleted: [function (oEvent) {\n\t\tvar control = oEvent.getSource();\n\t}, this]\n})\n","Deprecated":true,"helpDescription":"<strong style=\"color: red;\">Deprecated! <\/strong>Since 1.22 PictureViewer was replacing the Carousel as it wasn't supporting some versions of MS Internet Explorer.\nNow, the sap.m.Carousel is fully functional, please use sap.m.Carousel instead.\nThis control will not be supported anymore.<br>Picture viewer control relying on the TileContainer control","description":"PictureViewer in sap.ushell","Experimental":false,"prefix":"PictureViewer","name":"sap.ushell.components.factsheet.controls.PictureViewer"},{"template":"new sap.ushell.components.factsheet.controls.PictureViewerItem({\n\tid: \"${id}\", // sap.ui.core.ID\n\tbusy: false, // boolean\n\tbusyIndicatorDelay: 1000, // int\n\tvisible: true, // boolean\n\tfieldGroupIds: string[].[], // string[], since 1.31\n\tsrc: \"\", // string\n\ttooltip: \"\", // sap.ui.core.TooltipBase\n\tcustomData: [], // sap.ui.core.CustomData\n\tlayoutData: \"\", // sap.ui.core.LayoutData\n\tdependents: [], // sap.ui.core.Control, since 1.19\n\timage: \"\", // sap.m.Image\n\tvalidationSuccess: [function (oEvent) {\n\t\tvar control = oEvent.getSource();\n\t}, this],\n\tvalidationError: [function (oEvent) {\n\t\tvar control = oEvent.getSource();\n\t}, this],\n\tparseError: [function (oEvent) {\n\t\tvar control = oEvent.getSource();\n\t}, this],\n\tformatError: [function (oEvent) {\n\t\tvar control = oEvent.getSource();\n\t}, this],\n\tvalidateFieldGroup: [function (oEvent) {\n\t\tvar control = oEvent.getSource();\n\t}, this]\n})\n","Deprecated":true,"helpDescription":"<strong style=\"color: red;\">Deprecated! <\/strong>Since 1.22 \nPictureViewerItem is used in PictureViewer control and is not meant to be consumed outside of PictureViewer usage.\nPictureViewer was replacing the Carousel as it wasn't supporting some versions of MS Internet Explorer. Now, the\nsap.m.Carousel is fully functional, please use sap.m.Carousel instead. This control will not be supported anymore.<br>Picture viewer control relying on the TileContainer control","description":"PictureViewerItem in sap.ushell","Experimental":false,"prefix":"PictureViewerItem","name":"sap.ushell.components.factsheet.controls.PictureViewerItem"}]}