{"Templates":[{"template":"new sap.ui.layout.DynamicSideContent({\n\tid: \"${id}\", // sap.ui.core.ID\n\tbusy: false, // boolean\n\tbusyIndicatorDelay: 1000, // int\n\tvisible: true, // boolean\n\tfieldGroupIds: string[].[], // string[], since 1.31\n\tshowSideContent: true, // boolean\n\tshowMainContent: true, // boolean\n\tsideContentVisibility: sap.ui.layout.SideContentVisibility.ShowAboveS, // sap.ui.layout.SideContentVisibility\n\tsideContentFallDown: sap.ui.layout.SideContentFallDown.OnMinimumWidth, // sap.ui.layout.SideContentFallDown\n\tequalSplit: false, // boolean\n\tcontainerQuery: false, // boolean\n\ttooltip: \"\", // sap.ui.core.TooltipBase\n\tcustomData: [], // sap.ui.core.CustomData\n\tlayoutData: \"\", // sap.ui.core.LayoutData\n\tdependents: [], // sap.ui.core.Control, since 1.19\n\tmainContent: [], // sap.ui.core.Control\n\tsideContent: [], // sap.ui.core.Control\n\tvalidationSuccess: [function (oEvent) {\n\t\tvar control = oEvent.getSource();\n\t}, this],\n\tvalidationError: [function (oEvent) {\n\t\tvar control = oEvent.getSource();\n\t}, this],\n\tparseError: [function (oEvent) {\n\t\tvar control = oEvent.getSource();\n\t}, this],\n\tformatError: [function (oEvent) {\n\t\tvar control = oEvent.getSource();\n\t}, this],\n\tvalidateFieldGroup: [function (oEvent) {\n\t\tvar control = oEvent.getSource();\n\t}, this],\n\tbreakpointChanged: [function (oEvent) {\n\t\tvar control = oEvent.getSource();\n\t}, this] // since 1.32\n})\n","Deprecated":false,"helpDescription":"The DynamicSideContent control allows additional (side) content to be displayed alongside or below the main\ncontent, within the container the control is used in. There are different size ratios between the main and\nthe side content for the different breakpoints. The side content position (alongside/below the main content)\nand visibility (visible/hidden) can be configured per breakpoint. There are 4 predefined breakpoints:\n- Screen width > 1440 px (XL breakpoint)\n- Screen width <= 1440 px (L breakpoint)\n- Main content width <= 600 px (M breakpoint)\n- Screen width <= 720 px (S breakpoint)","description":"DynamicSideContent in sap.ui.layout","Experimental":false,"prefix":"DynamicSideContent","name":"sap.ui.layout.DynamicSideContent"},{"template":"new sap.ui.layout.FixFlex({\n\tid: \"${id}\", // sap.ui.core.ID\n\tbusy: false, // boolean\n\tbusyIndicatorDelay: 1000, // int\n\tvisible: true, // boolean\n\tfieldGroupIds: string[].[], // string[], since 1.31\n\tvertical: true, // boolean\n\tfixFirst: true, // boolean\n\tfixContentSize: \"auto\", // sap.ui.core.CSSSize\n\tminFlexSize: 0, // int, since 1.29\n\ttooltip: \"\", // sap.ui.core.TooltipBase\n\tcustomData: [], // sap.ui.core.CustomData\n\tlayoutData: \"\", // sap.ui.core.LayoutData\n\tdependents: [], // sap.ui.core.Control, since 1.19\n\tfixContent: [], // sap.ui.core.Control\n\tflexContent: \"\", // sap.ui.core.Control\n\tvalidationSuccess: [function (oEvent) {\n\t\tvar control = oEvent.getSource();\n\t}, this],\n\tvalidationError: [function (oEvent) {\n\t\tvar control = oEvent.getSource();\n\t}, this],\n\tparseError: [function (oEvent) {\n\t\tvar control = oEvent.getSource();\n\t}, this],\n\tformatError: [function (oEvent) {\n\t\tvar control = oEvent.getSource();\n\t}, this],\n\tvalidateFieldGroup: [function (oEvent) {\n\t\tvar control = oEvent.getSource();\n\t}, this]\n})\n","Deprecated":false,"helpDescription":"The FixFlex control builds the container for a layout with a fixed and a flexible part. The flexible container adapts its size to the fix container. The fix container can hold any number of controls, while the flexible container can hold only one.\n\nIn order for the FixFlex to stretch properly, the parent element, in which the control is placed, needs to have a specified height or needs to have an absolute position.\n\nWarning: Avoid nesting FixFlex in other flexbox based layout controls (FixFlex, FlexBox, Hbox, Vbox). Otherwise contents may be not accessible or multiple scrollbars can appear.\n\nNote: If the child control of the flex or the fix container has width/height bigger than the container itself, the child control will be cropped in the view. If minFlexSize is set, then a scrollbar is shown in the flexible part, depending on the vertical property.","description":"FixFlex in sap.ui.layout","Experimental":false,"prefix":"FixFlex","name":"sap.ui.layout.FixFlex"},{"template":"new sap.ui.layout.Grid({\n\tid: \"${id}\", // sap.ui.core.ID\n\tbusy: false, // boolean\n\tbusyIndicatorDelay: 1000, // int\n\tvisible: true, // boolean\n\tfieldGroupIds: string[].[], // string[], since 1.31\n\twidth: \"100%\", // sap.ui.core.CSSSize\n\tvSpacing: 1, // float\n\thSpacing: 1, // float\n\tposition: sap.ui.layout.GridPosition.Left, // sap.ui.layout.GridPosition\n\tdefaultSpan: sap.ui.layout.GridSpan.XL3 L3 M6 S12, // sap.ui.layout.GridSpan\n\tdefaultIndent: sap.ui.layout.GridIndent.XL0 L0 M0 S0, // sap.ui.layout.GridIndent\n\tcontainerQuery: false, // boolean\n\ttooltip: \"\", // sap.ui.core.TooltipBase\n\tcustomData: [], // sap.ui.core.CustomData\n\tlayoutData: \"\", // sap.ui.core.LayoutData\n\tdependents: [], // sap.ui.core.Control, since 1.19\n\tcontent: [], // sap.ui.core.Control\n\tvalidationSuccess: [function (oEvent) {\n\t\tvar control = oEvent.getSource();\n\t}, this],\n\tvalidationError: [function (oEvent) {\n\t\tvar control = oEvent.getSource();\n\t}, this],\n\tparseError: [function (oEvent) {\n\t\tvar control = oEvent.getSource();\n\t}, this],\n\tformatError: [function (oEvent) {\n\t\tvar control = oEvent.getSource();\n\t}, this],\n\tvalidateFieldGroup: [function (oEvent) {\n\t\tvar control = oEvent.getSource();\n\t}, this]\n})\n","Deprecated":false,"helpDescription":"The Grid control is a layout which positions its child controls in a 12 column flow layout. Its children can be specified to take on a variable amount of columns depending on available screen size. With this control it is possible to achieve flexible layouts and line-breaks for extra large-, large-, medium- and small-sized screens, such as large desktop, desktop, tablet, and mobile. The Grid control's width can be percentage- or pixel-based and the spacing between its columns can be set to various pre-defined values.","description":"Grid in sap.ui.layout","Experimental":false,"prefix":"Grid","name":"sap.ui.layout.Grid"},{"template":"new sap.ui.layout.GridData({\n\tid: \"${id}\", // sap.ui.core.ID\n\tspan: \"\", // sap.ui.layout.GridSpan\n\tspanXL: \"\", // int\n\tspanL: \"\", // int\n\tspanM: \"\", // int\n\tspanS: \"\", // int\n\tindent: \"\", // sap.ui.layout.GridIndent\n\tindentXL: \"\", // int\n\tindentL: \"\", // int\n\tindentM: \"\", // int\n\tindentS: \"\", // int\n\tvisibleXL: true, // boolean\n\tvisibleL: true, // boolean\n\tvisibleM: true, // boolean\n\tvisibleS: true, // boolean\n\tmoveBackwards: \"\", // sap.ui.layout.GridIndent\n\tmoveForward: \"\", // sap.ui.layout.GridIndent\n\tlinebreak: false, // boolean\n\tlinebreakXL: false, // boolean\n\tlinebreakL: false, // boolean\n\tlinebreakM: false, // boolean\n\tlinebreakS: false, // boolean\n\tspanLarge: \"\", // int\n\tspanMedium: \"\", // int\n\tspanSmall: \"\", // int\n\tindentLarge: \"\", // int\n\tindentMedium: \"\", // int\n\tindentSmall: \"\", // int\n\tvisibleOnLarge: true, // boolean\n\tvisibleOnMedium: true, // boolean\n\tvisibleOnSmall: true, // boolean\n\ttooltip: \"\", // sap.ui.core.TooltipBase\n\tcustomData: [], // sap.ui.core.CustomData\n\tlayoutData: \"\", // sap.ui.core.LayoutData\n\tdependents: [], // sap.ui.core.Control, since 1.19\n\tvalidationSuccess: [function (oEvent) {\n\t\tvar control = oEvent.getSource();\n\t}, this],\n\tvalidationError: [function (oEvent) {\n\t\tvar control = oEvent.getSource();\n\t}, this],\n\tparseError: [function (oEvent) {\n\t\tvar control = oEvent.getSource();\n\t}, this],\n\tformatError: [function (oEvent) {\n\t\tvar control = oEvent.getSource();\n\t}, this]\n})\n","Deprecated":false,"helpDescription":"Grid layout data","description":"GridData in sap.ui.layout","Experimental":false,"prefix":"GridData","name":"sap.ui.layout.GridData"},{"template":"new sap.ui.layout.HorizontalLayout({\n\tid: \"${id}\", // sap.ui.core.ID\n\tbusy: false, // boolean\n\tbusyIndicatorDelay: 1000, // int\n\tvisible: true, // boolean\n\tfieldGroupIds: string[].[], // string[], since 1.31\n\tallowWrapping: false, // boolean\n\ttooltip: \"\", // sap.ui.core.TooltipBase\n\tcustomData: [], // sap.ui.core.CustomData\n\tlayoutData: \"\", // sap.ui.core.LayoutData\n\tdependents: [], // sap.ui.core.Control, since 1.19\n\tcontent: [], // sap.ui.core.Control\n\tvalidationSuccess: [function (oEvent) {\n\t\tvar control = oEvent.getSource();\n\t}, this],\n\tvalidationError: [function (oEvent) {\n\t\tvar control = oEvent.getSource();\n\t}, this],\n\tparseError: [function (oEvent) {\n\t\tvar control = oEvent.getSource();\n\t}, this],\n\tformatError: [function (oEvent) {\n\t\tvar control = oEvent.getSource();\n\t}, this],\n\tvalidateFieldGroup: [function (oEvent) {\n\t\tvar control = oEvent.getSource();\n\t}, this]\n})\n","Deprecated":false,"helpDescription":"A layout that provides support for horizontal alignment of controls","description":"HorizontalLayout in sap.ui.layout","Experimental":false,"prefix":"HorizontalLayout","name":"sap.ui.layout.HorizontalLayout"},{"template":"new sap.ui.layout.ResponsiveFlowLayout({\n\tid: \"${id}\", // sap.ui.core.ID\n\tbusy: false, // boolean\n\tbusyIndicatorDelay: 1000, // int\n\tvisible: true, // boolean\n\tfieldGroupIds: string[].[], // string[], since 1.31\n\tresponsive: true, // boolean\n\ttooltip: \"\", // sap.ui.core.TooltipBase\n\tcustomData: [], // sap.ui.core.CustomData\n\tlayoutData: \"\", // sap.ui.core.LayoutData\n\tdependents: [], // sap.ui.core.Control, since 1.19\n\tcontent: [], // sap.ui.core.Control\n\tvalidationSuccess: [function (oEvent) {\n\t\tvar control = oEvent.getSource();\n\t}, this],\n\tvalidationError: [function (oEvent) {\n\t\tvar control = oEvent.getSource();\n\t}, this],\n\tparseError: [function (oEvent) {\n\t\tvar control = oEvent.getSource();\n\t}, this],\n\tformatError: [function (oEvent) {\n\t\tvar control = oEvent.getSource();\n\t}, this],\n\tvalidateFieldGroup: [function (oEvent) {\n\t\tvar control = oEvent.getSource();\n\t}, this]\n})\n","Deprecated":false,"helpDescription":"This is a layout where several controls can be added. These controls are blown up to fit a whole line. If the window resizes the controls are moved between the lines and resized again.","description":"ResponsiveFlowLayout in sap.ui.layout","Experimental":false,"prefix":"ResponsiveFlowLayout","name":"sap.ui.layout.ResponsiveFlowLayout"},{"template":"new sap.ui.layout.ResponsiveFlowLayoutData({\n\tid: \"${id}\", // sap.ui.core.ID\n\tminWidth: 100, // int\n\tweight: 1, // int\n\tlinebreak: false, // boolean\n\tmargin: true, // boolean\n\tlinebreakable: true, // boolean\n\ttooltip: \"\", // sap.ui.core.TooltipBase\n\tcustomData: [], // sap.ui.core.CustomData\n\tlayoutData: \"\", // sap.ui.core.LayoutData\n\tdependents: [], // sap.ui.core.Control, since 1.19\n\tvalidationSuccess: [function (oEvent) {\n\t\tvar control = oEvent.getSource();\n\t}, this],\n\tvalidationError: [function (oEvent) {\n\t\tvar control = oEvent.getSource();\n\t}, this],\n\tparseError: [function (oEvent) {\n\t\tvar control = oEvent.getSource();\n\t}, this],\n\tformatError: [function (oEvent) {\n\t\tvar control = oEvent.getSource();\n\t}, this]\n})\n","Deprecated":false,"helpDescription":"This is a LayoutData Element that can be added to a control if this control is used within a ResponsiveFlowLayout","description":"ResponsiveFlowLayoutData in sap.ui.layout","Experimental":false,"prefix":"ResponsiveFlowLayoutData","name":"sap.ui.layout.ResponsiveFlowLayoutData"},{"template":"new sap.ui.layout.Splitter({\n\tid: \"${id}\", // sap.ui.core.ID\n\tbusy: false, // boolean\n\tbusyIndicatorDelay: 1000, // int\n\tvisible: true, // boolean\n\tfieldGroupIds: string[].[], // string[], since 1.31\n\torientation: sap.ui.core.Orientation.Horizontal, // sap.ui.core.Orientation\n\twidth: \"100%\", // sap.ui.core.CSSSize\n\theight: \"100%\", // sap.ui.core.CSSSize\n\ttooltip: \"\", // sap.ui.core.TooltipBase\n\tcustomData: [], // sap.ui.core.CustomData\n\tlayoutData: \"\", // sap.ui.core.LayoutData\n\tdependents: [], // sap.ui.core.Control, since 1.19\n\tcontentAreas: [], // sap.ui.core.Control\n\tvalidationSuccess: [function (oEvent) {\n\t\tvar control = oEvent.getSource();\n\t}, this],\n\tvalidationError: [function (oEvent) {\n\t\tvar control = oEvent.getSource();\n\t}, this],\n\tparseError: [function (oEvent) {\n\t\tvar control = oEvent.getSource();\n\t}, this],\n\tformatError: [function (oEvent) {\n\t\tvar control = oEvent.getSource();\n\t}, this],\n\tvalidateFieldGroup: [function (oEvent) {\n\t\tvar control = oEvent.getSource();\n\t}, this],\n\tresize: [function (oEvent) {\n\t\tvar control = oEvent.getSource();\n\t}, this]\n})\n","Deprecated":false,"helpDescription":"\nA layout that contains several content areas. The content that is added to the splitter should contain LayoutData of the type SplitterLayoutData that defines its size and size contraints.\n\nBy adding or changing SplitterLayoutData to the controls that make up the content areas, the size can be changed programatically. Additionally the contents can be made non-resizable individually and a minimal size (in px) can be set.\n\nThe orientation of the splitter can be set to horizontal (default) or vertical. All content areas of the splitter will be arranged in that way. In order to split vertically and horizontally at the same time, Splitters need to be nested.\n\nThe splitter bars can be focused to enable resizing of the content areas via keyboard. The contents size can be manipulated when the splitter bar is focused and Shift-Left/Down/Right/Up are pressed. When Shift-Home/End are pressed, the contents are set their minimum or maximum size (keep in mind though, that resizing an auto-size content-area next to another auto-size one might lead to the effect that the former does not take its maximum size but only the maximum size before recalculating auto sizes).\n\nThe splitter bars used for resizing the contents by the user can be set to different widths (or heights in vertical mode) and the splitter will automatically resize the other contents accordingly. In case the splitter bar is resized after the splitter has rendered, a manual resize has to be triggered by invoking triggerResize() on the Splitter.","description":"Splitter in sap.ui.layout","Experimental":false,"prefix":"Splitter","name":"sap.ui.layout.Splitter"},{"template":"new sap.ui.layout.SplitterLayoutData({\n\tid: \"${id}\", // sap.ui.core.ID\n\tresizable: true, // boolean\n\tsize: \"auto\", // sap.ui.core.CSSSize\n\tminSize: 0, // int\n\ttooltip: \"\", // sap.ui.core.TooltipBase\n\tcustomData: [], // sap.ui.core.CustomData\n\tlayoutData: \"\", // sap.ui.core.LayoutData\n\tdependents: [], // sap.ui.core.Control, since 1.19\n\tvalidationSuccess: [function (oEvent) {\n\t\tvar control = oEvent.getSource();\n\t}, this],\n\tvalidationError: [function (oEvent) {\n\t\tvar control = oEvent.getSource();\n\t}, this],\n\tparseError: [function (oEvent) {\n\t\tvar control = oEvent.getSource();\n\t}, this],\n\tformatError: [function (oEvent) {\n\t\tvar control = oEvent.getSource();\n\t}, this]\n})\n","Deprecated":false,"helpDescription":"<strong style=\"color: red;\">Experimental! <\/strong>","description":"SplitterLayoutData in sap.ui.layout","Experimental":true,"prefix":"SplitterLayoutData","name":"sap.ui.layout.SplitterLayoutData"},{"template":"new sap.ui.layout.VerticalLayout({\n\tid: \"${id}\", // sap.ui.core.ID\n\tbusy: false, // boolean\n\tbusyIndicatorDelay: 1000, // int\n\tvisible: true, // boolean\n\tfieldGroupIds: string[].[], // string[], since 1.31\n\twidth: \"\", // sap.ui.core.CSSSize\n\tenabled: true, // boolean\n\ttooltip: \"\", // sap.ui.core.TooltipBase\n\tcustomData: [], // sap.ui.core.CustomData\n\tlayoutData: \"\", // sap.ui.core.LayoutData\n\tdependents: [], // sap.ui.core.Control, since 1.19\n\tcontent: [], // sap.ui.core.Control\n\tvalidationSuccess: [function (oEvent) {\n\t\tvar control = oEvent.getSource();\n\t}, this],\n\tvalidationError: [function (oEvent) {\n\t\tvar control = oEvent.getSource();\n\t}, this],\n\tparseError: [function (oEvent) {\n\t\tvar control = oEvent.getSource();\n\t}, this],\n\tformatError: [function (oEvent) {\n\t\tvar control = oEvent.getSource();\n\t}, this],\n\tvalidateFieldGroup: [function (oEvent) {\n\t\tvar control = oEvent.getSource();\n\t}, this]\n})\n","Deprecated":false,"helpDescription":"In this layout the content controls are rendered one below the other.","description":"VerticalLayout in sap.ui.layout","Experimental":false,"prefix":"VerticalLayout","name":"sap.ui.layout.VerticalLayout"},{"template":"new sap.ui.layout.form.Form({\n\tid: \"${id}\", // sap.ui.core.ID\n\tbusy: false, // boolean\n\tbusyIndicatorDelay: 1000, // int\n\tvisible: true, // boolean\n\tfieldGroupIds: string[].[], // string[], since 1.31\n\twidth: \"\", // sap.ui.core.CSSSize\n\teditable: false, // boolean, since 1.20.0\n\ttooltip: \"\", // sap.ui.core.TooltipBase\n\tcustomData: [], // sap.ui.core.CustomData\n\tlayoutData: \"\", // sap.ui.core.LayoutData\n\tdependents: [], // sap.ui.core.Control, since 1.19\n\tformContainers: [], // sap.ui.layout.form.FormContainer\n\ttitle: \"\", // sap.ui.core.Title\n\tlayout: \"\", // sap.ui.layout.form.FormLayout\n\tariaLabelledBy: [], // sap.ui.core.Control, since 1.28.0\n\tvalidationSuccess: [function (oEvent) {\n\t\tvar control = oEvent.getSource();\n\t}, this],\n\tvalidationError: [function (oEvent) {\n\t\tvar control = oEvent.getSource();\n\t}, this],\n\tparseError: [function (oEvent) {\n\t\tvar control = oEvent.getSource();\n\t}, this],\n\tformatError: [function (oEvent) {\n\t\tvar control = oEvent.getSource();\n\t}, this],\n\tvalidateFieldGroup: [function (oEvent) {\n\t\tvar control = oEvent.getSource();\n\t}, this]\n})\n","Deprecated":false,"helpDescription":"Form control.\nA <code>Form<\/code> is structured into <code>FormContainers<\/code>. Each <code>FormContainer<\/code> consists of <code>FormElements<\/code>.\nThe <code>FormElements<\/code> consists of a label and the form fields.\nA <code>Form<\/code> doesn't render its content by itself. The rendering is done by the assigned <code>FormLayout<\/code>.\nThis is so that the rendering can be adopted to new UI requirements without changing the Form itself.\n\nFor the content of a <code>Form<\/code>, <code>VariantLayoutData<\/code> are supported to allow simple switching of the <code>FormLayout<\/code>.\n<code>LayoutData<\/code> on the content can be used to overwrite the default layout of the code>Form<\/code>.","description":"Form in sap.ui.layout","Experimental":false,"prefix":"Form","name":"sap.ui.layout.form.Form"},{"template":"new sap.ui.layout.form.FormContainer({\n\tid: \"${id}\", // sap.ui.core.ID\n\texpanded: true, // boolean\n\texpandable: false, // boolean\n\tvisible: true, // boolean\n\ttooltip: \"\", // sap.ui.core.TooltipBase\n\tcustomData: [], // sap.ui.core.CustomData\n\tlayoutData: \"\", // sap.ui.core.LayoutData\n\tdependents: [], // sap.ui.core.Control, since 1.19\n\tformElements: [], // sap.ui.layout.form.FormElement\n\ttitle: \"\", // sap.ui.core.Title\n\tvalidationSuccess: [function (oEvent) {\n\t\tvar control = oEvent.getSource();\n\t}, this],\n\tvalidationError: [function (oEvent) {\n\t\tvar control = oEvent.getSource();\n\t}, this],\n\tparseError: [function (oEvent) {\n\t\tvar control = oEvent.getSource();\n\t}, this],\n\tformatError: [function (oEvent) {\n\t\tvar control = oEvent.getSource();\n\t}, this]\n})\n","Deprecated":false,"helpDescription":"A <code>FormContainer<\/code> represents a group inside a <code>Form<\/code>. It consists of <code>FormElements<\/code>.\nThe rendering of the <code>FormContainer<\/code> is done by the <code>FormLayout<\/code> assigned to the <code>Form<\/code>.","description":"FormContainer in sap.ui.layout","Experimental":false,"prefix":"FormContainer","name":"sap.ui.layout.form.FormContainer"},{"template":"new sap.ui.layout.form.FormElement({\n\tid: \"${id}\", // sap.ui.core.ID\n\tvisible: true, // boolean\n\ttooltip: \"\", // sap.ui.core.TooltipBase\n\tcustomData: [], // sap.ui.core.CustomData\n\tlayoutData: \"\", // sap.ui.core.LayoutData\n\tdependents: [], // sap.ui.core.Control, since 1.19\n\tlabel: \"\", // sap.ui.core.Label\n\tfields: [], // sap.ui.core.Control\n\tvalidationSuccess: [function (oEvent) {\n\t\tvar control = oEvent.getSource();\n\t}, this],\n\tvalidationError: [function (oEvent) {\n\t\tvar control = oEvent.getSource();\n\t}, this],\n\tparseError: [function (oEvent) {\n\t\tvar control = oEvent.getSource();\n\t}, this],\n\tformatError: [function (oEvent) {\n\t\tvar control = oEvent.getSource();\n\t}, this]\n})\n","Deprecated":false,"helpDescription":"A <code>FormElement<\/code> represents a row in a <code>FormContainer<\/code>.\nA <code>FormElement<\/code> is a combination of one label and different controls associated to this label.","description":"FormElement in sap.ui.layout","Experimental":false,"prefix":"FormElement","name":"sap.ui.layout.form.FormElement"},{"template":"new sap.ui.layout.form.FormLayout({\n\tid: \"${id}\", // sap.ui.core.ID\n\tbusy: false, // boolean\n\tbusyIndicatorDelay: 1000, // int\n\tvisible: true, // boolean\n\tfieldGroupIds: string[].[], // string[], since 1.31\n\ttooltip: \"\", // sap.ui.core.TooltipBase\n\tcustomData: [], // sap.ui.core.CustomData\n\tlayoutData: \"\", // sap.ui.core.LayoutData\n\tdependents: [], // sap.ui.core.Control, since 1.19\n\tvalidationSuccess: [function (oEvent) {\n\t\tvar control = oEvent.getSource();\n\t}, this],\n\tvalidationError: [function (oEvent) {\n\t\tvar control = oEvent.getSource();\n\t}, this],\n\tparseError: [function (oEvent) {\n\t\tvar control = oEvent.getSource();\n\t}, this],\n\tformatError: [function (oEvent) {\n\t\tvar control = oEvent.getSource();\n\t}, this],\n\tvalidateFieldGroup: [function (oEvent) {\n\t\tvar control = oEvent.getSource();\n\t}, this]\n})\n","Deprecated":false,"helpDescription":"Base layout to render a <code>Form<\/code>.\nOther layouts to render a <code>Form<\/code> must inherit from this one.\n<b>Note:<\/b> This control must not be used to render a <code>Form<\/code> in productive applications as it does not fulfill any\ndesign guidelines and usability standards.","description":"FormLayout in sap.ui.layout","Experimental":false,"prefix":"FormLayout","name":"sap.ui.layout.form.FormLayout"},{"template":"new sap.ui.layout.form.GridContainerData({\n\tid: \"${id}\", // sap.ui.core.ID\n\thalfGrid: false, // boolean\n\ttooltip: \"\", // sap.ui.core.TooltipBase\n\tcustomData: [], // sap.ui.core.CustomData\n\tlayoutData: \"\", // sap.ui.core.LayoutData\n\tdependents: [], // sap.ui.core.Control, since 1.19\n\tvalidationSuccess: [function (oEvent) {\n\t\tvar control = oEvent.getSource();\n\t}, this],\n\tvalidationError: [function (oEvent) {\n\t\tvar control = oEvent.getSource();\n\t}, this],\n\tparseError: [function (oEvent) {\n\t\tvar control = oEvent.getSource();\n\t}, this],\n\tformatError: [function (oEvent) {\n\t\tvar control = oEvent.getSource();\n\t}, this]\n})\n","Deprecated":false,"helpDescription":"<code>GridLayout<\/code>-specific properties for <code>FormContainers<\/code>.","description":"GridContainerData in sap.ui.layout","Experimental":false,"prefix":"GridContainerData","name":"sap.ui.layout.form.GridContainerData"},{"template":"new sap.ui.layout.form.GridElementData({\n\tid: \"${id}\", // sap.ui.core.ID\n\thCells: sap.ui.layout.form.GridElementCells.auto, // sap.ui.layout.form.GridElementCells\n\tvCells: 1, // int\n\ttooltip: \"\", // sap.ui.core.TooltipBase\n\tcustomData: [], // sap.ui.core.CustomData\n\tlayoutData: \"\", // sap.ui.core.LayoutData\n\tdependents: [], // sap.ui.core.Control, since 1.19\n\tvalidationSuccess: [function (oEvent) {\n\t\tvar control = oEvent.getSource();\n\t}, this],\n\tvalidationError: [function (oEvent) {\n\t\tvar control = oEvent.getSource();\n\t}, this],\n\tparseError: [function (oEvent) {\n\t\tvar control = oEvent.getSource();\n\t}, this],\n\tformatError: [function (oEvent) {\n\t\tvar control = oEvent.getSource();\n\t}, this]\n})\n","Deprecated":false,"helpDescription":"The <code>GridLayout<\/code>-specific layout data for <code>FormElement<\/code> fields.","description":"GridElementData in sap.ui.layout","Experimental":false,"prefix":"GridElementData","name":"sap.ui.layout.form.GridElementData"},{"template":"new sap.ui.layout.form.GridLayout({\n\tid: \"${id}\", // sap.ui.core.ID\n\tbusy: false, // boolean\n\tbusyIndicatorDelay: 1000, // int\n\tvisible: true, // boolean\n\tfieldGroupIds: string[].[], // string[], since 1.31\n\tsingleColumn: false, // boolean\n\ttooltip: \"\", // sap.ui.core.TooltipBase\n\tcustomData: [], // sap.ui.core.CustomData\n\tlayoutData: \"\", // sap.ui.core.LayoutData\n\tdependents: [], // sap.ui.core.Control, since 1.19\n\tvalidationSuccess: [function (oEvent) {\n\t\tvar control = oEvent.getSource();\n\t}, this],\n\tvalidationError: [function (oEvent) {\n\t\tvar control = oEvent.getSource();\n\t}, this],\n\tparseError: [function (oEvent) {\n\t\tvar control = oEvent.getSource();\n\t}, this],\n\tformatError: [function (oEvent) {\n\t\tvar control = oEvent.getSource();\n\t}, this],\n\tvalidateFieldGroup: [function (oEvent) {\n\t\tvar control = oEvent.getSource();\n\t}, this]\n})\n","Deprecated":false,"helpDescription":"This <code>FormLayout<\/code> renders a <code>Form<\/code> using a HTML-table based grid.\nThis can be a 16 column grid or an 8 column grid. The grid is stable, so the alignment of the fields is the same for all screen sizes or widths of the <code>Form<\/code>.\nOnly the width of the single grid columns depends on the available width.\n\nTo adjust the appearance inside the <code>GridLayout<\/code>, you can use <code>GridContainerData<\/code> for <code>FormContainers<\/code>\nand <code>GridElementData<\/code> for content fields.\n\n<b>Note:<\/b> If content fields have a <code>width<\/code> property this will be ignored, as the width of the controls is set by the grid cells.\n\nThis control cannot be used stand alone, it only renders a <code>Form<\/code>, so it must be assigned to a <code>Form<\/code>.","description":"GridLayout in sap.ui.layout","Experimental":false,"prefix":"GridLayout","name":"sap.ui.layout.form.GridLayout"},{"template":"new sap.ui.layout.form.ResponsiveGridLayout({\n\tid: \"${id}\", // sap.ui.core.ID\n\tbusy: false, // boolean\n\tbusyIndicatorDelay: 1000, // int\n\tvisible: true, // boolean\n\tfieldGroupIds: string[].[], // string[], since 1.31\n\tlabelSpanL: 4, // int, since 1.16.3\n\tlabelSpanM: 2, // int, since 1.16.3\n\tlabelSpanS: 12, // int, since 1.16.3\n\temptySpanL: 0, // int, since 1.16.3\n\temptySpanM: 0, // int, since 1.16.3\n\temptySpanS: 0, // int, since 1.16.3\n\tcolumnsL: 2, // int, since 1.16.3\n\tcolumnsM: 1, // int, since 1.16.3\n\tbreakpointL: 1024, // int, since 1.16.3\n\tbreakpointM: 600, // int, since 1.16.3\n\ttooltip: \"\", // sap.ui.core.TooltipBase\n\tcustomData: [], // sap.ui.core.CustomData\n\tlayoutData: \"\", // sap.ui.core.LayoutData\n\tdependents: [], // sap.ui.core.Control, since 1.19\n\tvalidationSuccess: [function (oEvent) {\n\t\tvar control = oEvent.getSource();\n\t}, this],\n\tvalidationError: [function (oEvent) {\n\t\tvar control = oEvent.getSource();\n\t}, this],\n\tparseError: [function (oEvent) {\n\t\tvar control = oEvent.getSource();\n\t}, this],\n\tformatError: [function (oEvent) {\n\t\tvar control = oEvent.getSource();\n\t}, this],\n\tvalidateFieldGroup: [function (oEvent) {\n\t\tvar control = oEvent.getSource();\n\t}, this]\n})\n","Deprecated":false,"helpDescription":"Renders a <code>Form<\/code> using a responsive grid. Internally the <code>Grid<\/code> control is used for rendering.\nUsing this layout, the <code>Form<\/code> is rendered in a responsive way.\nDepending on the available space, the <code>FormContainers<\/code> are rendered in one or different columns and the labels are rendered in the same row as the fields or above the fields.\nThis behavior can be influenced by the properties of this layout control.\n\nOn the <code>FormContainers<\/code>, labels and content fields, <code>GridData<\/code> can be used to change the default rendering.\n<code>GridData<\/code> are not supported for <code>FormElements<\/code>.\n\n<b>Note:<\/b> If <code>GridData<\/code> are used, this may result in a much more complex layout than the default one.\nThis means that in some cases, the calculation for the other content may not bring the expected result.\nIn such cases, <code>GridData<\/code> should be used for all content controls to disable the default behavior.\n\nThis control cannot be used stand alone, it only renders a <code>Form<\/code>, so it must be assigned to a <code>Form<\/code>.","description":"ResponsiveGridLayout in sap.ui.layout","Experimental":false,"prefix":"ResponsiveGridLayout","name":"sap.ui.layout.form.ResponsiveGridLayout"},{"template":"new sap.ui.layout.form.ResponsiveLayout({\n\tid: \"${id}\", // sap.ui.core.ID\n\tbusy: false, // boolean\n\tbusyIndicatorDelay: 1000, // int\n\tvisible: true, // boolean\n\tfieldGroupIds: string[].[], // string[], since 1.31\n\ttooltip: \"\", // sap.ui.core.TooltipBase\n\tcustomData: [], // sap.ui.core.CustomData\n\tlayoutData: \"\", // sap.ui.core.LayoutData\n\tdependents: [], // sap.ui.core.Control, since 1.19\n\tvalidationSuccess: [function (oEvent) {\n\t\tvar control = oEvent.getSource();\n\t}, this],\n\tvalidationError: [function (oEvent) {\n\t\tvar control = oEvent.getSource();\n\t}, this],\n\tparseError: [function (oEvent) {\n\t\tvar control = oEvent.getSource();\n\t}, this],\n\tformatError: [function (oEvent) {\n\t\tvar control = oEvent.getSource();\n\t}, this],\n\tvalidateFieldGroup: [function (oEvent) {\n\t\tvar control = oEvent.getSource();\n\t}, this]\n})\n","Deprecated":false,"helpDescription":"Renders a <code>Form<\/code> with a responsive layout. Internally the <code>ResponsiveFlowLayout<\/code> is used.\nThe responsiveness of this layout tries to best use the available space. This means that the order of the <code>FormContainers<\/code>, labels and fields depends on the available space.\n\nOn the <code>FormContainers<\/code>, <code>FormElements<\/code>, labels and content fields, <code>ResponsiveFlowLayoutData<\/code> can be used to change the default rendering.\n\nWe suggest using the <code>ResponsiveGridLayout<\/code> instead of this layout because this is easier to consume and brings more stable responsive output.\n\n<b>Note:<\/b> If <code>ResponsiveFlowLayoutData<\/code> are used this may result in a much more complex layout than the default one. This means that in some cases, the calculation for the other content may not bring the expected result.\nIn such cases, <code>ResponsiveFlowLayoutData<\/code> should be used for all content controls to disable the default behavior.\n\nThis control cannot be used stand alone, it only renders a <code>Form<\/code>, so it must be assigned to a <code>Form<\/code>.","description":"ResponsiveLayout in sap.ui.layout","Experimental":false,"prefix":"ResponsiveLayout","name":"sap.ui.layout.form.ResponsiveLayout"},{"template":"new sap.ui.layout.form.SimpleForm({\n\tid: \"${id}\", // sap.ui.core.ID\n\tbusy: false, // boolean\n\tbusyIndicatorDelay: 1000, // int\n\tvisible: true, // boolean\n\tfieldGroupIds: string[].[], // string[], since 1.31\n\tmaxContainerCols: 2, // int\n\tminWidth: -1, // int\n\twidth: \"\", // sap.ui.core.CSSSize, since 1.28.0\n\teditable: \"\", // boolean\n\tlabelMinWidth: 192, // int\n\tlayout: sap.ui.layout.form.SimpleFormLayout.ResponsiveLayout, // sap.ui.layout.form.SimpleFormLayout\n\tlabelSpanL: 4, // int, since 1.16.3\n\tlabelSpanM: 2, // int, since 1.16.3\n\tlabelSpanS: 12, // int, since 1.16.3\n\temptySpanL: 0, // int, since 1.16.3\n\temptySpanM: 0, // int, since 1.16.3\n\temptySpanS: 0, // int, since 1.16.3\n\tcolumnsL: 2, // int, since 1.16.3\n\tcolumnsM: 1, // int, since 1.16.3\n\tbreakpointL: 1024, // int, since 1.16.3\n\tbreakpointM: 600, // int, since 1.16.3\n\ttooltip: \"\", // sap.ui.core.TooltipBase\n\tcustomData: [], // sap.ui.core.CustomData\n\tlayoutData: \"\", // sap.ui.core.LayoutData\n\tdependents: [], // sap.ui.core.Control, since 1.19\n\tcontent: [], // sap.ui.core.Element\n\tform: \"\", // sap.ui.layout.form.Form\n\ttitle: \"\", // sap.ui.core.Title, since 1.16.3\n\tariaLabelledBy: [], // sap.ui.core.Control, since 1.32.0\n\tvalidationSuccess: [function (oEvent) {\n\t\tvar control = oEvent.getSource();\n\t}, this],\n\tvalidationError: [function (oEvent) {\n\t\tvar control = oEvent.getSource();\n\t}, this],\n\tparseError: [function (oEvent) {\n\t\tvar control = oEvent.getSource();\n\t}, this],\n\tformatError: [function (oEvent) {\n\t\tvar control = oEvent.getSource();\n\t}, this],\n\tvalidateFieldGroup: [function (oEvent) {\n\t\tvar control = oEvent.getSource();\n\t}, this]\n})\n","Deprecated":false,"helpDescription":"The <code>SimpleForm<\/code> provides an easy to use API to create simple forms.\nInside a <code>SimpleForm<\/code>, a <code>Form<\/code> control is created along with its <code>FormContainers<\/code> and <code>FormElements<\/code>, but the complexity in the API is removed.\n<ul>\n<li>A new title starts a new group (<code>FormContainer<\/code>) in the form.<\/li>\n<li>A new label starts a new row (<code>FormElement<\/code>) in the form.<\/li>\n<li>All other controls will be assigned to the row (<code>FormElement<\/code>) started with the last label.<\/li>\n<\/ul>\nUse <code>LayoutData<\/code> to influence the layout for special cases in the Input/Display controls.\n<b>Note:<\/b> If a more complex form is needed, use <code>Form<\/code> instead.","description":"SimpleForm in sap.ui.layout","Experimental":false,"prefix":"SimpleForm","name":"sap.ui.layout.form.SimpleForm"}]}