{"Templates":[{"template":"new sap.uxap.AnchorBar({\n\tid: \"${id}\", // sap.ui.core.ID\n\tbusy: false, // boolean\n\tbusyIndicatorDelay: 1000, // int\n\tvisible: true, // boolean\n\tfieldGroupIds: string[].[], // string[], since 1.31\n\twidth: \"\", // sap.ui.core.CSSSize\n\tactive: false, // boolean\n\tenabled: true, // boolean\n\theight: \"\", // sap.ui.core.CSSSize\n\tdesign: sap.m.ToolbarDesign.Auto, // sap.m.ToolbarDesign, since 1.16.8\n\tshowPopover: true, // boolean\n\tupperCase: false, // boolean\n\ttooltip: \"\", // sap.ui.core.TooltipBase\n\tcustomData: [], // sap.ui.core.CustomData\n\tlayoutData: \"\", // sap.ui.core.LayoutData\n\tdependents: [], // sap.ui.core.Control, since 1.19\n\tcontent: [], // sap.ui.core.Control\n\t_select: \"\", // sap.uxap.HierarchicalSelect\n\t_popovers: [], // sap.m.Popover\n\tselectedButton: \"\", // sap.m.Button\n\tvalidationSuccess: [function (oEvent) {\n\t\tvar control = oEvent.getSource();\n\t}, this],\n\tvalidationError: [function (oEvent) {\n\t\tvar control = oEvent.getSource();\n\t}, this],\n\tparseError: [function (oEvent) {\n\t\tvar control = oEvent.getSource();\n\t}, this],\n\tformatError: [function (oEvent) {\n\t\tvar control = oEvent.getSource();\n\t}, this],\n\tvalidateFieldGroup: [function (oEvent) {\n\t\tvar control = oEvent.getSource();\n\t}, this],\n\tpress: [function (oEvent) {\n\t\tvar control = oEvent.getSource();\n\t}, this]\n})\n","Deprecated":false,"helpDescription":"Anchor bar is the navigation bar of an Object page. Its purpose is to provide links to all Sections and Subsections. Takes the form of a Select on phone.","description":"AnchorBar in sap.uxap","Experimental":false,"prefix":"AnchorBar","name":"sap.uxap.AnchorBar"},{"template":"new sap.uxap.BreadCrumbs({\n\tid: \"${id}\", // sap.ui.core.ID\n\tbusy: false, // boolean\n\tbusyIndicatorDelay: 1000, // int\n\tvisible: true, // boolean\n\tfieldGroupIds: string[].[], // string[], since 1.31\n\tshowCurrentLocation: true, // boolean\n\ttooltip: \"\", // sap.ui.core.TooltipBase\n\tcustomData: [], // sap.ui.core.CustomData\n\tlayoutData: \"\", // sap.ui.core.LayoutData\n\tdependents: [], // sap.ui.core.Control, since 1.19\n\tlinks: [], // sap.m.Link\n\tcurrentLocation: \"\", // sap.m.Text\n\t_tubeIcon: \"\", // sap.ui.core.Icon\n\t_overflowSelect: \"\", // sap.m.Select\n\tvalidationSuccess: [function (oEvent) {\n\t\tvar control = oEvent.getSource();\n\t}, this],\n\tvalidationError: [function (oEvent) {\n\t\tvar control = oEvent.getSource();\n\t}, this],\n\tparseError: [function (oEvent) {\n\t\tvar control = oEvent.getSource();\n\t}, this],\n\tformatError: [function (oEvent) {\n\t\tvar control = oEvent.getSource();\n\t}, this],\n\tvalidateFieldGroup: [function (oEvent) {\n\t\tvar control = oEvent.getSource();\n\t}, this]\n})\n","Deprecated":false,"helpDescription":"\nThe BreadCrumbs control represents the navigation steps up to the current location in the application and allows\nthe user to quickly navigate to a previous location on the path that got him to the current location.\nIt has two main modes of operation. One is a trail of links followed by separators (when there's enough space\nfor the control to fit on one line), and the other is a dropdown list with the links (when the trail of links\nwouldn't fit on one line).","description":"BreadCrumbs in sap.uxap","Experimental":false,"prefix":"BreadCrumbs","name":"sap.uxap.BreadCrumbs"},{"template":"new sap.uxap.HierarchicalSelect({\n\tid: \"${id}\", // sap.ui.core.ID\n\tbusy: false, // boolean\n\tbusyIndicatorDelay: 1000, // int\n\tvisible: true, // boolean\n\tfieldGroupIds: string[].[], // string[], since 1.31\n\tname: \"\", // string\n\tenabled: true, // boolean\n\twidth: \"auto\", // sap.ui.core.CSSSize\n\tmaxWidth: \"100%\", // sap.ui.core.CSSSize\n\tselectedKey: \"\", // string, since 1.11\n\tselectedItemId: \"\", // string, since 1.12\n\ticon: \"\", // sap.ui.core.URI, since 1.16\n\ttype: sap.m.SelectType.Default, // sap.m.SelectType, since 1.16\n\tautoAdjustWidth: false, // boolean, since 1.16\n\ttextAlign: sap.ui.core.TextAlign.Initial, // sap.ui.core.TextAlign, since 1.28\n\ttextDirection: sap.ui.core.TextDirection.Inherit, // sap.ui.core.TextDirection, since 1.28\n\tupperCase: false, // boolean\n\ttooltip: \"\", // sap.ui.core.TooltipBase\n\tcustomData: [], // sap.ui.core.CustomData\n\tlayoutData: \"\", // sap.ui.core.LayoutData\n\tdependents: [], // sap.ui.core.Control, since 1.19\n\titems: [], // sap.ui.core.Item\n\tpicker: \"\", // sap.ui.core.Control\n\tselectedItem: \"\", // sap.ui.core.Item\n\tariaLabelledBy: [], // sap.ui.core.Control, since 1.27.0\n\tvalidationSuccess: [function (oEvent) {\n\t\tvar control = oEvent.getSource();\n\t}, this],\n\tvalidationError: [function (oEvent) {\n\t\tvar control = oEvent.getSource();\n\t}, this],\n\tparseError: [function (oEvent) {\n\t\tvar control = oEvent.getSource();\n\t}, this],\n\tformatError: [function (oEvent) {\n\t\tvar control = oEvent.getSource();\n\t}, this],\n\tvalidateFieldGroup: [function (oEvent) {\n\t\tvar control = oEvent.getSource();\n\t}, this],\n\tchange: [function (oEvent) {\n\t\tvar control = oEvent.getSource();\n\t}, this]\n})\n","Deprecated":false,"helpDescription":"A select that display items on 2 level of hierarchy.\nIf a provided item has a custom data named \"secondLevel\", then it will be displayed as a second level, otherwise it would be displayed as a first level.","description":"HierarchicalSelect in sap.uxap","Experimental":false,"prefix":"HierarchicalSelect","name":"sap.uxap.HierarchicalSelect"},{"template":"new sap.uxap.ModelMapping({\n\tid: \"${id}\", // sap.ui.core.ID\n\texternalModelName: \"\", // string\n\tinternalModelName: Model, // string\n\texternalPath: \"\", // string\n\ttooltip: \"\", // sap.ui.core.TooltipBase\n\tcustomData: [], // sap.ui.core.CustomData\n\tlayoutData: \"\", // sap.ui.core.LayoutData\n\tdependents: [], // sap.ui.core.Control, since 1.19\n\tvalidationSuccess: [function (oEvent) {\n\t\tvar control = oEvent.getSource();\n\t}, this],\n\tvalidationError: [function (oEvent) {\n\t\tvar control = oEvent.getSource();\n\t}, this],\n\tparseError: [function (oEvent) {\n\t\tvar control = oEvent.getSource();\n\t}, this],\n\tformatError: [function (oEvent) {\n\t\tvar control = oEvent.getSource();\n\t}, this]\n})\n","Deprecated":false,"helpDescription":"\nDefine the entity that will be passed to the ObjectPageLayout.","description":"ModelMapping in sap.uxap","Experimental":false,"prefix":"ModelMapping","name":"sap.uxap.ModelMapping"},{"template":"new sap.uxap.ObjectPageHeader({\n\tid: \"${id}\", // sap.ui.core.ID\n\tbusy: false, // boolean\n\tbusyIndicatorDelay: 1000, // int\n\tvisible: true, // boolean\n\tfieldGroupIds: string[].[], // string[], since 1.31\n\tobjectImageURI: \"\", // string\n\tobjectImageAlt: \"\", // string\n\tobjectImageDensityAware: false, // boolean\n\tobjectTitle: \"\", // string\n\tobjectSubtitle: \"\", // string\n\tobjectImageShape: sap.uxap.ObjectPageHeaderPictureShape.Square, // sap.uxap.ObjectPageHeaderPictureShape\n\tisObjectIconAlwaysVisible: false, // boolean\n\tisObjectTitleAlwaysVisible: true, // boolean\n\tisObjectSubtitleAlwaysVisible: true, // boolean\n\tisActionAreaAlwaysVisible: true, // boolean\n\theaderDesign: sap.uxap.ObjectPageHeaderDesign.Light, // sap.uxap.ObjectPageHeaderDesign\n\tshowTitleSelector: false, // boolean\n\tmarkFavorite: false, // boolean\n\tmarkFlagged: false, // boolean\n\tshowMarkers: false, // boolean\n\tmarkLocked: false, // boolean\n\tshowPlaceholder: false, // boolean\n\ttooltip: \"\", // sap.ui.core.TooltipBase\n\tcustomData: [], // sap.ui.core.CustomData\n\tlayoutData: \"\", // sap.ui.core.LayoutData\n\tdependents: [], // sap.ui.core.Control, since 1.19\n\t_breadCrumbs: \"\", // sap.uxap.BreadCrumbs\n\tbreadCrumbsLinks: [], // sap.m.Link\n\t_overflowButton: \"\", // sap.m.Button\n\t_objectImage: \"\", // sap.ui.core.Control\n\t_lockIconCont: \"\", // sap.m.Button\n\t_lockIcon: \"\", // sap.m.Button\n\t_titleArrowIconCont: \"\", // sap.m.Button\n\t_titleArrowIcon: \"\", // sap.m.Button\n\t_favIcon: \"\", // sap.ui.core.Icon\n\t_flagIcon: \"\", // sap.ui.core.Icon\n\t_overflowActionSheet: \"\", // sap.m.ActionSheet\n\tnavigationBar: \"\", // sap.m.Bar\n\tactions: [], // sap.ui.core.Control\n\tvalidationSuccess: [function (oEvent) {\n\t\tvar control = oEvent.getSource();\n\t}, this],\n\tvalidationError: [function (oEvent) {\n\t\tvar control = oEvent.getSource();\n\t}, this],\n\tparseError: [function (oEvent) {\n\t\tvar control = oEvent.getSource();\n\t}, this],\n\tformatError: [function (oEvent) {\n\t\tvar control = oEvent.getSource();\n\t}, this],\n\tvalidateFieldGroup: [function (oEvent) {\n\t\tvar control = oEvent.getSource();\n\t}, this],\n\ttitleSelectorPress: [function (oEvent) {\n\t\tvar control = oEvent.getSource();\n\t}, this],\n\tmarkLockedPress: [function (oEvent) {\n\t\tvar control = oEvent.getSource();\n\t}, this]\n})\n","Deprecated":false,"helpDescription":"ObjectPageHeader represents the static part of an Object page header.\nTypically used to display the basic information about a business object, such as title/description/picture, as well as a list of common actions.","description":"ObjectPageHeader in sap.uxap","Experimental":false,"prefix":"ObjectPageHeader","name":"sap.uxap.ObjectPageHeader"},{"template":"new sap.uxap.ObjectPageHeaderActionButton({\n\tid: \"${id}\", // sap.ui.core.ID\n\tbusy: false, // boolean\n\tbusyIndicatorDelay: 1000, // int\n\tvisible: true, // boolean\n\tfieldGroupIds: string[].[], // string[], since 1.31\n\ttext: \"\", // string\n\ttype: sap.m.ButtonType.Default, // sap.m.ButtonType\n\twidth: \"\", // sap.ui.core.CSSSize\n\tenabled: true, // boolean\n\ticon: \"\", // sap.ui.core.URI\n\ticonFirst: true, // boolean\n\tactiveIcon: \"\", // sap.ui.core.URI\n\ticonDensityAware: true, // boolean\n\ttextDirection: sap.ui.core.TextDirection.Inherit, // sap.ui.core.TextDirection, since 1.28.0\n\thideText: true, // boolean\n\thideIcon: false, // boolean\n\ttooltip: \"\", // sap.ui.core.TooltipBase\n\tcustomData: [], // sap.ui.core.CustomData\n\tlayoutData: \"\", // sap.ui.core.LayoutData\n\tdependents: [], // sap.ui.core.Control, since 1.19\n\tariaDescribedBy: [], // sap.ui.core.Control\n\tariaLabelledBy: [], // sap.ui.core.Control\n\tvalidationSuccess: [function (oEvent) {\n\t\tvar control = oEvent.getSource();\n\t}, this],\n\tvalidationError: [function (oEvent) {\n\t\tvar control = oEvent.getSource();\n\t}, this],\n\tparseError: [function (oEvent) {\n\t\tvar control = oEvent.getSource();\n\t}, this],\n\tformatError: [function (oEvent) {\n\t\tvar control = oEvent.getSource();\n\t}, this],\n\tvalidateFieldGroup: [function (oEvent) {\n\t\tvar control = oEvent.getSource();\n\t}, this],\n\ttap: [function (oEvent) {\n\t\tvar control = oEvent.getSource();\n\t}, this],\n\tpress: [function (oEvent) {\n\t\tvar control = oEvent.getSource();\n\t}, this]\n})\n","Deprecated":false,"helpDescription":"\nButton that can be used in the ObjectPageHeader action aggregation.","description":"ObjectPageHeaderActionButton in sap.uxap","Experimental":false,"prefix":"ObjectPageHeaderActionButton","name":"sap.uxap.ObjectPageHeaderActionButton"},{"template":"new sap.uxap.ObjectPageHeaderContent({\n\tid: \"${id}\", // sap.ui.core.ID\n\tbusy: false, // boolean\n\tbusyIndicatorDelay: 1000, // int\n\tvisible: true, // boolean\n\tfieldGroupIds: string[].[], // string[], since 1.31\n\tcontentDesign: sap.uxap.ObjectPageHeaderDesign.Light, // sap.uxap.ObjectPageHeaderDesign\n\ttooltip: \"\", // sap.ui.core.TooltipBase\n\tcustomData: [], // sap.ui.core.CustomData\n\tlayoutData: \"\", // sap.ui.core.LayoutData\n\tdependents: [], // sap.ui.core.Control, since 1.19\n\tcontent: [], // sap.ui.core.Control\n\tvalidationSuccess: [function (oEvent) {\n\t\tvar control = oEvent.getSource();\n\t}, this],\n\tvalidationError: [function (oEvent) {\n\t\tvar control = oEvent.getSource();\n\t}, this],\n\tparseError: [function (oEvent) {\n\t\tvar control = oEvent.getSource();\n\t}, this],\n\tformatError: [function (oEvent) {\n\t\tvar control = oEvent.getSource();\n\t}, this],\n\tvalidateFieldGroup: [function (oEvent) {\n\t\tvar control = oEvent.getSource();\n\t}, this]\n})\n","Deprecated":false,"helpDescription":"ObjectPageHeaderContent represents the dynamic part of an Object page header. May contain any control.\nUnlike the Object page header title, the Object page header content is part of the scrolling area of the Object page.\nThis enables it to hold any amount of information and still be usable on a mobile device.","description":"ObjectPageHeaderContent in sap.uxap","Experimental":false,"prefix":"ObjectPageHeaderContent","name":"sap.uxap.ObjectPageHeaderContent"},{"template":"new sap.uxap.ObjectPageHeaderLayoutData({\n\tid: \"${id}\", // sap.ui.core.ID\n\tvisibleS: true, // boolean\n\tvisibleM: true, // boolean\n\tvisibleL: true, // boolean\n\tshowSeparatorBefore: false, // boolean\n\tshowSeparatorAfter: false, // boolean\n\twidth: \"auto\", // sap.ui.core.CSSSize\n\ttooltip: \"\", // sap.ui.core.TooltipBase\n\tcustomData: [], // sap.ui.core.CustomData\n\tlayoutData: \"\", // sap.ui.core.LayoutData\n\tdependents: [], // sap.ui.core.Control, since 1.19\n\tvalidationSuccess: [function (oEvent) {\n\t\tvar control = oEvent.getSource();\n\t}, this],\n\tvalidationError: [function (oEvent) {\n\t\tvar control = oEvent.getSource();\n\t}, this],\n\tparseError: [function (oEvent) {\n\t\tvar control = oEvent.getSource();\n\t}, this],\n\tformatError: [function (oEvent) {\n\t\tvar control = oEvent.getSource();\n\t}, this]\n})\n","Deprecated":false,"helpDescription":"This is a LayoutData Element that can be added to a control if this control is used within an ObjectPage headerContent aggregation","description":"ObjectPageHeaderLayoutData in sap.uxap","Experimental":false,"prefix":"ObjectPageHeaderLayoutData","name":"sap.uxap.ObjectPageHeaderLayoutData"},{"template":"new sap.uxap.ObjectPageLayout({\n\tid: \"${id}\", // sap.ui.core.ID\n\tbusy: false, // boolean\n\tbusyIndicatorDelay: 1000, // int\n\tvisible: true, // boolean\n\tfieldGroupIds: string[].[], // string[], since 1.31\n\tshowAnchorBar: true, // boolean\n\tshowAnchorBarPopover: true, // boolean\n\tupperCaseAnchorBar: true, // boolean\n\theight: \"100%\", // sap.ui.core.CSSSize\n\tenableLazyLoading: false, // boolean\n\tsubSectionLayout: sap.uxap.ObjectPageSubSectionLayout.TitleOnTop, // sap.uxap.ObjectPageSubSectionLayout\n\tuseIconTabBar: false, // boolean\n\tshowHeaderContent: true, // boolean\n\tuseTwoColumnsForLargeScreen: false, // boolean\n\tshowTitleInHeaderContent: false, // boolean\n\tshowOnlyHighImportance: false, // boolean, since 1.32.0\n\ttooltip: \"\", // sap.ui.core.TooltipBase\n\tcustomData: [], // sap.ui.core.CustomData\n\tlayoutData: \"\", // sap.ui.core.LayoutData\n\tdependents: [], // sap.ui.core.Control, since 1.19\n\tsections: [], // sap.uxap.ObjectPageSection\n\theaderTitle: \"\", // sap.uxap.ObjectPageHeader\n\theaderContent: [], // sap.ui.core.Control\n\t_anchorBar: \"\", // sap.uxap.AnchorBar\n\t_iconTabBar: \"\", // sap.m.IconTabBar\n\t_headerContent: \"\", // sap.uxap.ObjectPageHeaderContent\n\tvalidationSuccess: [function (oEvent) {\n\t\tvar control = oEvent.getSource();\n\t}, this],\n\tvalidationError: [function (oEvent) {\n\t\tvar control = oEvent.getSource();\n\t}, this],\n\tparseError: [function (oEvent) {\n\t\tvar control = oEvent.getSource();\n\t}, this],\n\tformatError: [function (oEvent) {\n\t\tvar control = oEvent.getSource();\n\t}, this],\n\tvalidateFieldGroup: [function (oEvent) {\n\t\tvar control = oEvent.getSource();\n\t}, this],\n\ttoggleAnchorBar: [function (oEvent) {\n\t\tvar control = oEvent.getSource();\n\t}, this]\n})\n","Deprecated":false,"helpDescription":"An ObjectPageLayout is the layout control, used to put together all parts of an Object page - Header, Navigation bar and Sections/Subsections.","description":"ObjectPageLayout in sap.uxap","Experimental":false,"prefix":"ObjectPageLayout","name":"sap.uxap.ObjectPageLayout"},{"template":"new sap.uxap.ObjectPageSection({\n\tid: \"${id}\", // sap.ui.core.ID\n\tbusy: false, // boolean\n\tbusyIndicatorDelay: 1000, // int\n\tvisible: true, // boolean\n\tfieldGroupIds: string[].[], // string[], since 1.31\n\ttitle: \"\", // string\n\tvisible: true, // boolean\n\timportance: sap.uxap.Importance.library.Importance.High, // sap.uxap.Importance, since 1.32.0\n\tshowTitle: true, // boolean\n\ttitleUppercase: true, // boolean\n\ttooltip: \"\", // sap.ui.core.TooltipBase\n\tcustomData: [], // sap.ui.core.CustomData\n\tlayoutData: \"\", // sap.ui.core.LayoutData\n\tdependents: [], // sap.ui.core.Control, since 1.19\n\tcustomAnchorBarButton: \"\", // sap.m.Button\n\tsubSections: [], // sap.uxap.ObjectPageSubSection\n\tariaLabelledBy: \"\", // sap.ui.core.InvisibleText\n\t_showHideAllButton: \"\", // sap.m.Button\n\t_showHideButton: \"\", // sap.m.Button\n\tselectedSubSection: \"\", // sap.uxap.ObjectPageSubSection\n\tvalidationSuccess: [function (oEvent) {\n\t\tvar control = oEvent.getSource();\n\t}, this],\n\tvalidationError: [function (oEvent) {\n\t\tvar control = oEvent.getSource();\n\t}, this],\n\tparseError: [function (oEvent) {\n\t\tvar control = oEvent.getSource();\n\t}, this],\n\tformatError: [function (oEvent) {\n\t\tvar control = oEvent.getSource();\n\t}, this],\n\tvalidateFieldGroup: [function (oEvent) {\n\t\tvar control = oEvent.getSource();\n\t}, this]\n})\n","Deprecated":false,"helpDescription":"\nAn ObjectPageSection is the top-level information container of an Object page. Its purpose is to aggregate Subsections.\nDisclaimer: This control is intended to be used only as part of the Object page layout","description":"ObjectPageSection in sap.uxap","Experimental":false,"prefix":"ObjectPageSection","name":"sap.uxap.ObjectPageSection"},{"template":"new sap.uxap.ObjectPageSectionBase({\n\tid: \"${id}\", // sap.ui.core.ID\n\tbusy: false, // boolean\n\tbusyIndicatorDelay: 1000, // int\n\tvisible: true, // boolean\n\tfieldGroupIds: string[].[], // string[], since 1.31\n\ttitle: \"\", // string\n\tvisible: true, // boolean\n\timportance: sap.uxap.Importance.library.Importance.High, // sap.uxap.Importance, since 1.32.0\n\ttooltip: \"\", // sap.ui.core.TooltipBase\n\tcustomData: [], // sap.ui.core.CustomData\n\tlayoutData: \"\", // sap.ui.core.LayoutData\n\tdependents: [], // sap.ui.core.Control, since 1.19\n\tcustomAnchorBarButton: \"\", // sap.m.Button\n\tvalidationSuccess: [function (oEvent) {\n\t\tvar control = oEvent.getSource();\n\t}, this],\n\tvalidationError: [function (oEvent) {\n\t\tvar control = oEvent.getSource();\n\t}, this],\n\tparseError: [function (oEvent) {\n\t\tvar control = oEvent.getSource();\n\t}, this],\n\tformatError: [function (oEvent) {\n\t\tvar control = oEvent.getSource();\n\t}, this],\n\tvalidateFieldGroup: [function (oEvent) {\n\t\tvar control = oEvent.getSource();\n\t}, this]\n})\n","Deprecated":false,"helpDescription":"An abstract container for object page sections and subSections","description":"ObjectPageSectionBase in sap.uxap","Experimental":false,"prefix":"ObjectPageSectionBase","name":"sap.uxap.ObjectPageSectionBase"},{"template":"new sap.uxap.ObjectPageSubSection({\n\tid: \"${id}\", // sap.ui.core.ID\n\tbusy: false, // boolean\n\tbusyIndicatorDelay: 1000, // int\n\tvisible: true, // boolean\n\tfieldGroupIds: string[].[], // string[], since 1.31\n\ttitle: \"\", // string\n\tvisible: true, // boolean\n\timportance: sap.uxap.Importance.library.Importance.High, // sap.uxap.Importance, since 1.32.0\n\tmode: sap.uxap.ObjectPageSubSectionMode.Collapsed, // sap.uxap.ObjectPageSubSectionMode\n\ttitleUppercase: false, // boolean\n\ttooltip: \"\", // sap.ui.core.TooltipBase\n\tcustomData: [], // sap.ui.core.CustomData\n\tlayoutData: \"\", // sap.ui.core.LayoutData\n\tdependents: [], // sap.ui.core.Control, since 1.19\n\tcustomAnchorBarButton: \"\", // sap.m.Button\n\t_grid: \"\", // sap.ui.core.Control\n\tblocks: [], // sap.ui.core.Control\n\tmoreBlocks: [], // sap.ui.core.Control\n\tactions: [], // sap.ui.core.Control\n\tvalidationSuccess: [function (oEvent) {\n\t\tvar control = oEvent.getSource();\n\t}, this],\n\tvalidationError: [function (oEvent) {\n\t\tvar control = oEvent.getSource();\n\t}, this],\n\tparseError: [function (oEvent) {\n\t\tvar control = oEvent.getSource();\n\t}, this],\n\tformatError: [function (oEvent) {\n\t\tvar control = oEvent.getSource();\n\t}, this],\n\tvalidateFieldGroup: [function (oEvent) {\n\t\tvar control = oEvent.getSource();\n\t}, this]\n})\n","Deprecated":false,"helpDescription":"\nAn ObjectPageSubSection is the second-level information container of an Object page and may only be used within an Object page section.\nSubsections may display primary information in the so called blocks aggregation (always visible)\nand not-so-important information in the moreBlocks aggregation, whose content is initially hidden, but may be accessed via a See more (...) button.\nDisclaimer: This control is intended to be used only as part of the Object page layout","description":"ObjectPageSubSection in sap.uxap","Experimental":false,"prefix":"ObjectPageSubSection","name":"sap.uxap.ObjectPageSubSection"}]}