{"Templates":[{"template":"new sap.ui.rta.RuntimeAuthoring({\n\tid: \"${id}\", // sap.ui.core.ID\n\tcustomFieldUrl: \"\", // string\n\tshowCreateCustomField: \"\", // boolean\n\trootControl: \"\", // sap.ui.core.Control\n\tstart: [function (oEvent) {\n\t\tvar control = oEvent.getSource();\n\t}, this],\n\tstop: [function (oEvent) {\n\t\tvar control = oEvent.getSource();\n\t}, this]\n})\n","Deprecated":false,"helpDescription":"<strong style=\"color: red;\">Experimental! <\/strong>","description":"RuntimeAuthoring in sap.ui.rta","Experimental":true,"prefix":"RuntimeAuthoring","name":"sap.ui.rta.RuntimeAuthoring"}]}