{"Templates":[{"template":"new sap.ui.demokit.CodeSampleContainer({\n\tid: \"${id}\", // sap.ui.core.ID\n\tbusy: false, // boolean\n\tbusyIndicatorDelay: 1000, // int\n\tvisible: true, // boolean\n\tfieldGroupIds: string[].[], // string[], since 1.31\n\tscriptElementId: \"\", // string\n\tuiAreaId: \"\", // string\n\ttitle: \"\", // string\n\tsourceVisible: false, // boolean\n\twidth: \"90%\", // sap.ui.core.CSSSize\n\ttooltip: \"\", // sap.ui.core.TooltipBase\n\tcustomData: [], // sap.ui.core.CustomData\n\tlayoutData: \"\", // sap.ui.core.LayoutData\n\tdependents: [], // sap.ui.core.Control, since 1.19\n\t_uiarea: \"\", // sap.ui.demokit.UIAreaSubstitute\n\tvalidationSuccess: [function (oEvent) {\n\t\tvar control = oEvent.getSource();\n\t}, this],\n\tvalidationError: [function (oEvent) {\n\t\tvar control = oEvent.getSource();\n\t}, this],\n\tparseError: [function (oEvent) {\n\t\tvar control = oEvent.getSource();\n\t}, this],\n\tformatError: [function (oEvent) {\n\t\tvar control = oEvent.getSource();\n\t}, this],\n\tvalidateFieldGroup: [function (oEvent) {\n\t\tvar control = oEvent.getSource();\n\t}, this],\n\tapply: [function (oEvent) {\n\t\tvar control = oEvent.getSource();\n\t}, this]\n})\n","Deprecated":false,"helpDescription":"A container for both the source and the runtime results of a CodeSample. By default, only the runtime results are shown. There are additional controls that allow the user to display the source, modify and run it.\n\nThe container provides a sub container that can be used in calls to sap.ui.setRoot() as if it would be a normal UIArea. So the sample code doesn't have to know that it runs in a CodeSample container.","description":"CodeSampleContainer in sap.ui.demokit","Experimental":false,"prefix":"CodeSampleContainer","name":"sap.ui.demokit.CodeSampleContainer"},{"template":"new sap.ui.demokit.CodeViewer({\n\tid: \"${id}\", // sap.ui.core.ID\n\tbusy: false, // boolean\n\tbusyIndicatorDelay: 1000, // int\n\tvisible: true, // boolean\n\tfieldGroupIds: string[].[], // string[], since 1.31\n\tsource: \"\", // string\n\twidth: \"\", // sap.ui.core.CSSSize\n\theight: \"\", // sap.ui.core.CSSSize\n\teditable: false, // boolean\n\tvisible: true, // boolean\n\ttooltip: \"\", // sap.ui.core.TooltipBase\n\tcustomData: [], // sap.ui.core.CustomData\n\tlayoutData: \"\", // sap.ui.core.LayoutData\n\tdependents: [], // sap.ui.core.Control, since 1.19\n\tvalidationSuccess: [function (oEvent) {\n\t\tvar control = oEvent.getSource();\n\t}, this],\n\tvalidationError: [function (oEvent) {\n\t\tvar control = oEvent.getSource();\n\t}, this],\n\tparseError: [function (oEvent) {\n\t\tvar control = oEvent.getSource();\n\t}, this],\n\tformatError: [function (oEvent) {\n\t\tvar control = oEvent.getSource();\n\t}, this],\n\tvalidateFieldGroup: [function (oEvent) {\n\t\tvar control = oEvent.getSource();\n\t}, this],\n\tpress: [function (oEvent) {\n\t\tvar control = oEvent.getSource();\n\t}, this],\n\tsave: [function (oEvent) {\n\t\tvar control = oEvent.getSource();\n\t}, this]\n})\n","Deprecated":false,"helpDescription":"Shows a piece of (Javascript) code and allows to edit it","description":"CodeViewer in sap.ui.demokit","Experimental":false,"prefix":"CodeViewer","name":"sap.ui.demokit.CodeViewer"},{"template":"new sap.ui.demokit.FileUploadIntrospector({\n\tid: \"${id}\", // sap.ui.core.ID\n\tbusy: false, // boolean\n\tbusyIndicatorDelay: 1000, // int\n\tvisible: true, // boolean\n\tfieldGroupIds: string[].[], // string[], since 1.31\n\tuploadUrl: \"\", // string\n\tautoRefreshInterval: 0, // string\n\theight: \"\", // sap.ui.core.CSSSize\n\twidth: \"\", // sap.ui.core.CSSSize\n\ttooltip: \"\", // sap.ui.core.TooltipBase\n\tcustomData: [], // sap.ui.core.CustomData\n\tlayoutData: \"\", // sap.ui.core.LayoutData\n\tdependents: [], // sap.ui.core.Control, since 1.19\n\tvalidationSuccess: [function (oEvent) {\n\t\tvar control = oEvent.getSource();\n\t}, this],\n\tvalidationError: [function (oEvent) {\n\t\tvar control = oEvent.getSource();\n\t}, this],\n\tparseError: [function (oEvent) {\n\t\tvar control = oEvent.getSource();\n\t}, this],\n\tformatError: [function (oEvent) {\n\t\tvar control = oEvent.getSource();\n\t}, this],\n\tvalidateFieldGroup: [function (oEvent) {\n\t\tvar control = oEvent.getSource();\n\t}, this]\n})\n","Deprecated":false,"helpDescription":"Control that allows to monitor uploaded files in a demo scenario. This is not a general purpose monitor but only works with the demo fileupload service.","description":"FileUploadIntrospector in sap.ui.demokit","Experimental":false,"prefix":"FileUploadIntrospector","name":"sap.ui.demokit.FileUploadIntrospector"},{"template":"new sap.ui.demokit.HexagonButton({\n\tid: \"${id}\", // sap.ui.core.ID\n\tbusy: false, // boolean\n\tbusyIndicatorDelay: 1000, // int\n\tvisible: true, // boolean\n\tfieldGroupIds: string[].[], // string[], since 1.31\n\ticon: \"\", // string\n\tcolor: blue, // string\n\tposition: \"\", // string\n\tenabled: true, // boolean\n\timagePosition: \"\", // string\n\ttooltip: \"\", // sap.ui.core.TooltipBase\n\tcustomData: [], // sap.ui.core.CustomData\n\tlayoutData: \"\", // sap.ui.core.LayoutData\n\tdependents: [], // sap.ui.core.Control, since 1.19\n\tvalidationSuccess: [function (oEvent) {\n\t\tvar control = oEvent.getSource();\n\t}, this],\n\tvalidationError: [function (oEvent) {\n\t\tvar control = oEvent.getSource();\n\t}, this],\n\tparseError: [function (oEvent) {\n\t\tvar control = oEvent.getSource();\n\t}, this],\n\tformatError: [function (oEvent) {\n\t\tvar control = oEvent.getSource();\n\t}, this],\n\tvalidateFieldGroup: [function (oEvent) {\n\t\tvar control = oEvent.getSource();\n\t}, this],\n\tpress: [function (oEvent) {\n\t\tvar control = oEvent.getSource();\n\t}, this]\n})\n","Deprecated":false,"helpDescription":"A custom button with a 'hexagon' shape","description":"HexagonButton in sap.ui.demokit","Experimental":false,"prefix":"HexagonButton","name":"sap.ui.demokit.HexagonButton"},{"template":"new sap.ui.demokit.HexagonButtonGroup({\n\tid: \"${id}\", // sap.ui.core.ID\n\tbusy: false, // boolean\n\tbusyIndicatorDelay: 1000, // int\n\tvisible: true, // boolean\n\tfieldGroupIds: string[].[], // string[], since 1.31\n\tcolspan: 3, // int\n\ttooltip: \"\", // sap.ui.core.TooltipBase\n\tcustomData: [], // sap.ui.core.CustomData\n\tlayoutData: \"\", // sap.ui.core.LayoutData\n\tdependents: [], // sap.ui.core.Control, since 1.19\n\tbuttons: [], // sap.ui.demokit.HexagonButton\n\tvalidationSuccess: [function (oEvent) {\n\t\tvar control = oEvent.getSource();\n\t}, this],\n\tvalidationError: [function (oEvent) {\n\t\tvar control = oEvent.getSource();\n\t}, this],\n\tparseError: [function (oEvent) {\n\t\tvar control = oEvent.getSource();\n\t}, this],\n\tformatError: [function (oEvent) {\n\t\tvar control = oEvent.getSource();\n\t}, this],\n\tvalidateFieldGroup: [function (oEvent) {\n\t\tvar control = oEvent.getSource();\n\t}, this]\n})\n","Deprecated":false,"helpDescription":"A group of HexagonButtons, aligned in a packed grid","description":"HexagonButtonGroup in sap.ui.demokit","Experimental":false,"prefix":"HexagonButtonGroup","name":"sap.ui.demokit.HexagonButtonGroup"},{"template":"new sap.ui.demokit.IndexLayout({\n\tid: \"${id}\", // sap.ui.core.ID\n\tbusy: false, // boolean\n\tbusyIndicatorDelay: 1000, // int\n\tvisible: true, // boolean\n\tfieldGroupIds: string[].[], // string[], since 1.31\n\titemWidth: \"200px\", // sap.ui.core.CSSSize\n\titemHeight: \"200px\", // sap.ui.core.CSSSize\n\tenableScaling: true, // boolean\n\ttooltip: \"\", // sap.ui.core.TooltipBase\n\tcustomData: [], // sap.ui.core.CustomData\n\tlayoutData: \"\", // sap.ui.core.LayoutData\n\tdependents: [], // sap.ui.core.Control, since 1.19\n\tcontent: [], // sap.ui.core.Control\n\tvalidationSuccess: [function (oEvent) {\n\t\tvar control = oEvent.getSource();\n\t}, this],\n\tvalidationError: [function (oEvent) {\n\t\tvar control = oEvent.getSource();\n\t}, this],\n\tparseError: [function (oEvent) {\n\t\tvar control = oEvent.getSource();\n\t}, this],\n\tformatError: [function (oEvent) {\n\t\tvar control = oEvent.getSource();\n\t}, this],\n\tvalidateFieldGroup: [function (oEvent) {\n\t\tvar control = oEvent.getSource();\n\t}, this]\n})\n","Deprecated":false,"helpDescription":"<strong style=\"color: red;\">Experimental! <\/strong>","description":"IndexLayout in sap.ui.demokit","Experimental":true,"prefix":"IndexLayout","name":"sap.ui.demokit.IndexLayout"},{"template":"new sap.ui.demokit.Tag({\n\tid: \"${id}\", // sap.ui.core.ID\n\ttext: \"\", // string\n\tweight: 1, // int\n\ttooltip: \"\", // sap.ui.core.TooltipBase\n\tcustomData: [], // sap.ui.core.CustomData\n\tlayoutData: \"\", // sap.ui.core.LayoutData\n\tdependents: [], // sap.ui.core.Control, since 1.19\n\tvalidationSuccess: [function (oEvent) {\n\t\tvar control = oEvent.getSource();\n\t}, this],\n\tvalidationError: [function (oEvent) {\n\t\tvar control = oEvent.getSource();\n\t}, this],\n\tparseError: [function (oEvent) {\n\t\tvar control = oEvent.getSource();\n\t}, this],\n\tformatError: [function (oEvent) {\n\t\tvar control = oEvent.getSource();\n\t}, this]\n})\n","Deprecated":false,"helpDescription":"A Tag in a TagCloud","description":"Tag in sap.ui.demokit","Experimental":false,"prefix":"Tag","name":"sap.ui.demokit.Tag"},{"template":"new sap.ui.demokit.TagCloud({\n\tid: \"${id}\", // sap.ui.core.ID\n\tbusy: false, // boolean\n\tbusyIndicatorDelay: 1000, // int\n\tvisible: true, // boolean\n\tfieldGroupIds: string[].[], // string[], since 1.31\n\tmaxFontSize: 30, // int\n\tminFontSize: 10, // int\n\ttooltip: \"\", // sap.ui.core.TooltipBase\n\tcustomData: [], // sap.ui.core.CustomData\n\tlayoutData: \"\", // sap.ui.core.LayoutData\n\tdependents: [], // sap.ui.core.Control, since 1.19\n\ttags: [], // sap.ui.demokit.Tag\n\tvalidationSuccess: [function (oEvent) {\n\t\tvar control = oEvent.getSource();\n\t}, this],\n\tvalidationError: [function (oEvent) {\n\t\tvar control = oEvent.getSource();\n\t}, this],\n\tparseError: [function (oEvent) {\n\t\tvar control = oEvent.getSource();\n\t}, this],\n\tformatError: [function (oEvent) {\n\t\tvar control = oEvent.getSource();\n\t}, this],\n\tvalidateFieldGroup: [function (oEvent) {\n\t\tvar control = oEvent.getSource();\n\t}, this],\n\tpress: [function (oEvent) {\n\t\tvar control = oEvent.getSource();\n\t}, this]\n})\n","Deprecated":false,"helpDescription":"A simple TagCloud representing a set of weighted tags","description":"TagCloud in sap.ui.demokit","Experimental":false,"prefix":"TagCloud","name":"sap.ui.demokit.TagCloud"},{"template":"new sap.ui.demokit.UI5EntityCueCard({\n\tid: \"${id}\", // sap.ui.core.ID\n\tbusy: false, // boolean\n\tbusyIndicatorDelay: 1000, // int\n\tvisible: true, // boolean\n\tfieldGroupIds: string[].[], // string[], since 1.31\n\tcollapsible: true, // boolean\n\texpanded: false, // boolean\n\tnavigable: false, // boolean\n\tentityName: \"\", // string\n\tstyle: \"\", // sap.ui.demokit.UI5EntityCueCardStyle\n\ttooltip: \"\", // sap.ui.core.TooltipBase\n\tcustomData: [], // sap.ui.core.CustomData\n\tlayoutData: \"\", // sap.ui.core.LayoutData\n\tdependents: [], // sap.ui.core.Control, since 1.19\n\tvalidationSuccess: [function (oEvent) {\n\t\tvar control = oEvent.getSource();\n\t}, this],\n\tvalidationError: [function (oEvent) {\n\t\tvar control = oEvent.getSource();\n\t}, this],\n\tparseError: [function (oEvent) {\n\t\tvar control = oEvent.getSource();\n\t}, this],\n\tformatError: [function (oEvent) {\n\t\tvar control = oEvent.getSource();\n\t}, this],\n\tvalidateFieldGroup: [function (oEvent) {\n\t\tvar control = oEvent.getSource();\n\t}, this],\n\tnavigate: [function (oEvent) {\n\t\tvar control = oEvent.getSource();\n\t}, this]\n})\n","Deprecated":false,"helpDescription":"Displays documentation for a UI5 entity (control or type).\n\nThe documentation will be read from a UI5 metamodel file that by default is loaded from the same resource location\nwhere the control or type would be loaded from (using the UI5 resource loading). This control displays all properties,\naggregations, associations, events and methods that are described in the metamodel. For each part, it lists the name,\ntype (where applicable) and documentation. If the navigable property is set to true, all types are shown as links\nand when pressed, the navigate event is fired. This allows consumers to react on a user click on such a type\n(and to e.g. navigate to the underlying type of a property or aggregation)","description":"UI5EntityCueCard in sap.ui.demokit","Experimental":false,"prefix":"UI5EntityCueCard","name":"sap.ui.demokit.UI5EntityCueCard"},{"template":"new sap.ui.demokit.UIAreaSubstitute({\n\tid: \"${id}\", // sap.ui.core.ID\n\ttooltip: \"\", // sap.ui.core.TooltipBase\n\tcustomData: [], // sap.ui.core.CustomData\n\tlayoutData: \"\", // sap.ui.core.LayoutData\n\tdependents: [], // sap.ui.core.Control, since 1.19\n\tcontent: [], // sap.ui.core.Control\n\tvalidationSuccess: [function (oEvent) {\n\t\tvar control = oEvent.getSource();\n\t}, this],\n\tvalidationError: [function (oEvent) {\n\t\tvar control = oEvent.getSource();\n\t}, this],\n\tparseError: [function (oEvent) {\n\t\tvar control = oEvent.getSource();\n\t}, this],\n\tformatError: [function (oEvent) {\n\t\tvar control = oEvent.getSource();\n\t}, this]\n})\n","Deprecated":false,"helpDescription":"A substitute for an UIArea that can be embedded in the control tree.","description":"UIAreaSubstitute in sap.ui.demokit","Experimental":false,"prefix":"UIAreaSubstitute","name":"sap.ui.demokit.UIAreaSubstitute"}]}