{"Templates":[{"template":"new sap.ui.richtexteditor.RichTextEditor({\n\tid: \"${id}\", // sap.ui.core.ID\n\tbusy: false, // boolean\n\tbusyIndicatorDelay: 1000, // int\n\tvisible: true, // boolean\n\tfieldGroupIds: string[].[], // string[], since 1.31\n\tvalue: \"\", // string\n\ttextDirection: sap.ui.core.TextDirection.Inherit, // sap.ui.core.TextDirection\n\twidth: \"\", // sap.ui.core.CSSSize\n\theight: \"\", // sap.ui.core.CSSSize\n\teditorType: TinyMCE, // string\n\teditorLocation: js/tiny_mce/tiny_mce_src.js, // string\n\teditable: true, // boolean\n\tshowGroupFontStyle: true, // boolean\n\tshowGroupTextAlign: true, // boolean\n\tshowGroupStructure: true, // boolean\n\tshowGroupFont: false, // boolean\n\tshowGroupClipboard: true, // boolean\n\tshowGroupInsert: false, // boolean\n\tshowGroupLink: false, // boolean\n\tshowGroupUndo: false, // boolean\n\twrapping: true, // boolean\n\trequired: false, // boolean\n\tsanitizeValue: true, // boolean\n\tplugins: object[].[], // object[]\n\tuseLegacyTheme: true, // boolean\n\tbuttonGroups: object[].[], // object[]\n\ttooltip: \"\", // sap.ui.core.TooltipBase\n\tcustomData: [], // sap.ui.core.CustomData\n\tlayoutData: \"\", // sap.ui.core.LayoutData\n\tdependents: [], // sap.ui.core.Control, since 1.19\n\tvalidationSuccess: [function (oEvent) {\n\t\tvar control = oEvent.getSource();\n\t}, this],\n\tvalidationError: [function (oEvent) {\n\t\tvar control = oEvent.getSource();\n\t}, this],\n\tparseError: [function (oEvent) {\n\t\tvar control = oEvent.getSource();\n\t}, this],\n\tformatError: [function (oEvent) {\n\t\tvar control = oEvent.getSource();\n\t}, this],\n\tvalidateFieldGroup: [function (oEvent) {\n\t\tvar control = oEvent.getSource();\n\t}, this],\n\tchange: [function (oEvent) {\n\t\tvar control = oEvent.getSource();\n\t}, this],\n\tready: [function (oEvent) {\n\t\tvar control = oEvent.getSource();\n\t}, this],\n\tbeforeEditorInit: [function (oEvent) {\n\t\tvar control = oEvent.getSource();\n\t}, this]\n})\n","Deprecated":false,"helpDescription":"The RichTextEditor-Control is used to enter formatted text.","description":"RichTextEditor in sap.ui.richtexteditor","Experimental":false,"prefix":"RichTextEditor","name":"sap.ui.richtexteditor.RichTextEditor"}]}