{"Templates":[{"template":"new sap.ndc.BarcodeScannerButton({\n\tid: \"${id}\", // sap.ui.core.ID\n\tbusy: false, // boolean\n\tbusyIndicatorDelay: 1000, // int\n\tvisible: true, // boolean\n\tfieldGroupIds: string[].[], // string[], since 1.31\n\tprovideFallback: true, // boolean\n\tvisible: true, // boolean\n\twidth: \"\", // sap.ui.core.CSSSize\n\ttooltip: \"\", // sap.ui.core.TooltipBase\n\tcustomData: [], // sap.ui.core.CustomData\n\tlayoutData: \"\", // sap.ui.core.LayoutData\n\tdependents: [], // sap.ui.core.Control, since 1.19\n\t_btn: \"\", // sap.m.Button\n\tvalidationSuccess: [function (oEvent) {\n\t\tvar control = oEvent.getSource();\n\t}, this],\n\tvalidationError: [function (oEvent) {\n\t\tvar control = oEvent.getSource();\n\t}, this],\n\tparseError: [function (oEvent) {\n\t\tvar control = oEvent.getSource();\n\t}, this],\n\tformatError: [function (oEvent) {\n\t\tvar control = oEvent.getSource();\n\t}, this],\n\tvalidateFieldGroup: [function (oEvent) {\n\t\tvar control = oEvent.getSource();\n\t}, this],\n\tscanSuccess: [function (oEvent) {\n\t\tvar control = oEvent.getSource();\n\t}, this],\n\tscanFail: [function (oEvent) {\n\t\tvar control = oEvent.getSource();\n\t}, this],\n\tinputLiveUpdate: [function (oEvent) {\n\t\tvar control = oEvent.getSource();\n\t}, this]\n})\n","Deprecated":false,"helpDescription":"A button control (displaying a bar code icon) to start the bar code scanning process. If the native scanning feature is\nnot available, the button is either hidden or it provides a fallback by opening a dialog with an input field where the bar code can\nbe entered manually.","description":"BarcodeScannerButton in sap.ndc","Experimental":false,"prefix":"BarcodeScannerButton","name":"sap.ndc.BarcodeScannerButton"}]}