{"Templates":[{"template":"new sap.ui.generic.template.BaseViewController({\n\tid: \"${id}\" // sap.ui.core.ID\n})\n","Deprecated":false,"helpDescription":"The BaseViewController controller provides a generic API for integration with the view controller and other re-use functions required in\n       the controllers for smart templates. The BaseViewController is enabled for handling non-draft as well as draft documents. The provided\n       generic API is based on OData model entities.","description":"BaseViewController in sap.ui.generic.template","Experimental":false,"prefix":"BaseViewController","name":"sap.ui.generic.template.BaseViewController"},{"template":"new sap.ui.generic.template.TemplateComponent({\n\tid: \"${id}\", // sap.ui.core.ID\n\ttemplateName: \"\", // string\n\tentitySet: \"\", // string\n\tnavigationProperty: \"\", // string\n\tappComponent: \"\", // object\n\tisRefreshRequired: false, // boolean\n\tpreventBinding: false, // boolean, since 1.32.0\n\trootControl: \"\", // sap.ui.core.Control\n\tvalidationSuccess: [function (oEvent) {\n\t\tvar control = oEvent.getSource();\n\t}, this],\n\tvalidationError: [function (oEvent) {\n\t\tvar control = oEvent.getSource();\n\t}, this],\n\tparseError: [function (oEvent) {\n\t\tvar control = oEvent.getSource();\n\t}, this],\n\tformatError: [function (oEvent) {\n\t\tvar control = oEvent.getSource();\n\t}, this]\n})\n","Deprecated":false,"helpDescription":"Creates and initializes a new Smart Template component with the given <code>sId<\/code> and settings.","description":"TemplateComponent in sap.ui.generic.template","Experimental":false,"prefix":"TemplateComponent","name":"sap.ui.generic.template.TemplateComponent"}]}