{"Templates":[{"template":"new sap.me.Calendar({\n\tid: \"${id}\", // sap.ui.core.ID\n\tbusy: false, // boolean\n\tbusyIndicatorDelay: 1000, // int\n\tvisible: true, // boolean\n\tfieldGroupIds: string[].[], // string[], since 1.31\n\tvisible: true, // boolean\n\thideNavControls: false, // boolean\n\thideMonthTitles: false, // boolean\n\tmonthsPerRow: 1, // int\n\tdayWidth: 45, // int\n\tdayHeight: 50, // int\n\tweeksPerRow: 1, // int\n\tsingleRow: \"\", // boolean\n\tmonthsToDisplay: 1, // int\n\tcurrentDate: \"\", // string\n\tenableMultiselection: false, // boolean\n\tfirstDayOffset: 0, // int\n\tdisabledWeekDays: \"\", // any\n\tdisabledDates: \"\", // any\n\tswipeToNavigate: false, // boolean\n\tdesign: sap.me.CalendarDesign.Approval, // sap.me.CalendarDesign\n\tselectionMode: sap.me.CalendarSelectionMode.SINGLE, // sap.me.CalendarSelectionMode\n\twidth: \"100%\", // sap.ui.core.CSSSize\n\tdays: \"\", // any\n\tmonths: \"\", // any\n\ttooltip: \"\", // sap.ui.core.TooltipBase\n\tcustomData: [], // sap.ui.core.CustomData\n\tlayoutData: \"\", // sap.ui.core.LayoutData\n\tdependents: [], // sap.ui.core.Control, since 1.19\n\tvalidationSuccess: [function (oEvent) {\n\t\tvar control = oEvent.getSource();\n\t}, this],\n\tvalidationError: [function (oEvent) {\n\t\tvar control = oEvent.getSource();\n\t}, this],\n\tparseError: [function (oEvent) {\n\t\tvar control = oEvent.getSource();\n\t}, this],\n\tformatError: [function (oEvent) {\n\t\tvar control = oEvent.getSource();\n\t}, this],\n\tvalidateFieldGroup: [function (oEvent) {\n\t\tvar control = oEvent.getSource();\n\t}, this],\n\ttapOnDate: [function (oEvent) {\n\t\tvar control = oEvent.getSource();\n\t}, this],\n\tchangeCurrentDate: [function (oEvent) {\n\t\tvar control = oEvent.getSource();\n\t}, this],\n\tchangeRange: [function (oEvent) {\n\t\tvar control = oEvent.getSource();\n\t}, this]\n})\n","Deprecated":true,"helpDescription":"<strong style=\"color: red;\">Deprecated! <\/strong>Since 1.26.0 This control was experimental since 1.12. Please use the sap.ui.unified.Calendar instead!<br>This is the Calendar control","description":"Calendar in sap.me","Experimental":false,"prefix":"Calendar","name":"sap.me.Calendar"},{"template":"new sap.me.CalendarLegend({\n\tid: \"${id}\", // sap.ui.core.ID\n\tbusy: false, // boolean\n\tbusyIndicatorDelay: 1000, // int\n\tvisible: true, // boolean\n\tfieldGroupIds: string[].[], // string[], since 1.31\n\tlegendForType00: \"\", // string\n\tlegendForType01: \"\", // string\n\tlegendForType04: \"\", // string\n\tlegendForType06: \"\", // string\n\tlegendForType07: \"\", // string\n\tlegendForToday: \"\", // string\n\tlegendForSelected: \"\", // string\n\tlegendForSelected00: \"\", // string\n\tlegendForNormal: \"\", // string\n\texpandable: true, // boolean\n\texpanded: true, // boolean\n\twidth: \"auto\", // sap.ui.core.CSSSize\n\tlegendWidth: \"12.5rem\", // sap.ui.core.CSSSize\n\tvisible: true, // boolean\n\tdesign: sap.me.CalendarDesign.Approval, // sap.me.CalendarDesign\n\ttooltip: \"\", // sap.ui.core.TooltipBase\n\tcustomData: [], // sap.ui.core.CustomData\n\tlayoutData: \"\", // sap.ui.core.LayoutData\n\tdependents: [], // sap.ui.core.Control, since 1.19\n\tlabels: [], // sap.m.Label\n\tcolors: [], // sap.ui.core.Control\n\ticon: \"\", // sap.ui.core.Icon\n\tvalidationSuccess: [function (oEvent) {\n\t\tvar control = oEvent.getSource();\n\t}, this],\n\tvalidationError: [function (oEvent) {\n\t\tvar control = oEvent.getSource();\n\t}, this],\n\tparseError: [function (oEvent) {\n\t\tvar control = oEvent.getSource();\n\t}, this],\n\tformatError: [function (oEvent) {\n\t\tvar control = oEvent.getSource();\n\t}, this],\n\tvalidateFieldGroup: [function (oEvent) {\n\t\tvar control = oEvent.getSource();\n\t}, this]\n})\n","Deprecated":false,"helpDescription":"<strong style=\"color: red;\">Experimental! <\/strong>","description":"CalendarLegend in sap.me","Experimental":true,"prefix":"CalendarLegend","name":"sap.me.CalendarLegend"},{"template":"new sap.me.OverlapCalendar({\n\tid: \"${id}\", // sap.ui.core.ID\n\tbusy: false, // boolean\n\tbusyIndicatorDelay: 1000, // int\n\tvisible: true, // boolean\n\tfieldGroupIds: string[].[], // string[], since 1.31\n\tstartDate: \"\", // string\n\tweeksPerRow: 2, // int\n\tfirstDayOffset: 0, // int\n\tshowOverlapIndicator: false, // boolean\n\tvisible: true, // boolean\n\tswipeToNavigate: true, // boolean\n\twidth: \"100%\", // sap.ui.core.CSSSize\n\ttooltip: \"\", // sap.ui.core.TooltipBase\n\tcustomData: [], // sap.ui.core.CustomData\n\tlayoutData: \"\", // sap.ui.core.LayoutData\n\tdependents: [], // sap.ui.core.Control, since 1.19\n\tcalendarEvents: [], // sap.me.OverlapCalendarEvent\n\tcalendar: \"\", // sap.me.Calendar\n\ttypeLabels: [], // sap.m.Label\n\tnameLabels: [], // sap.m.Label\n\tvalidationSuccess: [function (oEvent) {\n\t\tvar control = oEvent.getSource();\n\t}, this],\n\tvalidationError: [function (oEvent) {\n\t\tvar control = oEvent.getSource();\n\t}, this],\n\tparseError: [function (oEvent) {\n\t\tvar control = oEvent.getSource();\n\t}, this],\n\tformatError: [function (oEvent) {\n\t\tvar control = oEvent.getSource();\n\t}, this],\n\tvalidateFieldGroup: [function (oEvent) {\n\t\tvar control = oEvent.getSource();\n\t}, this],\n\tendOfData: [function (oEvent) {\n\t\tvar control = oEvent.getSource();\n\t}, this],\n\tchangeDate: [function (oEvent) {\n\t\tvar control = oEvent.getSource();\n\t}, this]\n})\n","Deprecated":false,"helpDescription":"<strong style=\"color: red;\">Experimental! <\/strong>","description":"OverlapCalendar in sap.me","Experimental":true,"prefix":"OverlapCalendar","name":"sap.me.OverlapCalendar"},{"template":"new sap.me.OverlapCalendarEvent({\n\tid: \"${id}\", // sap.ui.core.ID\n\tstartDay: \"\", // string\n\tendDay: \"\", // string\n\trelevant: \"\", // boolean\n\ttype: \"\", // string\n\ttypeName: \"\", // string\n\thalfDay: false, // boolean\n\trow: -1, // int\n\tname: \"\", // string\n\ttooltip: \"\", // sap.ui.core.TooltipBase\n\tcustomData: [], // sap.ui.core.CustomData\n\tlayoutData: \"\", // sap.ui.core.LayoutData\n\tdependents: [], // sap.ui.core.Control, since 1.19\n\tvalidationSuccess: [function (oEvent) {\n\t\tvar control = oEvent.getSource();\n\t}, this],\n\tvalidationError: [function (oEvent) {\n\t\tvar control = oEvent.getSource();\n\t}, this],\n\tparseError: [function (oEvent) {\n\t\tvar control = oEvent.getSource();\n\t}, this],\n\tformatError: [function (oEvent) {\n\t\tvar control = oEvent.getSource();\n\t}, this]\n})\n","Deprecated":false,"helpDescription":"<strong style=\"color: red;\">Experimental! <\/strong>","description":"OverlapCalendarEvent in sap.me","Experimental":true,"prefix":"OverlapCalendarEvent","name":"sap.me.OverlapCalendarEvent"},{"template":"new sap.me.ProgressIndicator({\n\tid: \"${id}\", // sap.ui.core.ID\n\tbusy: false, // boolean\n\tbusyIndicatorDelay: 1000, // int\n\tvisible: true, // boolean\n\tfieldGroupIds: string[].[], // string[], since 1.31\n\tvisible: true, // boolean\n\tenabled: true, // boolean\n\tbarColor: sap.ui.core.BarColor.NEUTRAL, // sap.ui.core.BarColor\n\tdisplayValue: 0%, // string\n\tpercentValue: 0, // int\n\tshowValue: true, // boolean\n\twidth: \"100%\", // sap.ui.core.CSSSize\n\ttooltip: \"\", // sap.ui.core.TooltipBase\n\tcustomData: [], // sap.ui.core.CustomData\n\tlayoutData: \"\", // sap.ui.core.LayoutData\n\tdependents: [], // sap.ui.core.Control, since 1.19\n\tvalidationSuccess: [function (oEvent) {\n\t\tvar control = oEvent.getSource();\n\t}, this],\n\tvalidationError: [function (oEvent) {\n\t\tvar control = oEvent.getSource();\n\t}, this],\n\tparseError: [function (oEvent) {\n\t\tvar control = oEvent.getSource();\n\t}, this],\n\tformatError: [function (oEvent) {\n\t\tvar control = oEvent.getSource();\n\t}, this],\n\tvalidateFieldGroup: [function (oEvent) {\n\t\tvar control = oEvent.getSource();\n\t}, this]\n})\n","Deprecated":true,"helpDescription":"<strong style=\"color: red;\">Deprecated! <\/strong>Since 1.14 This control is replaced by sap.m.ProgressIndicator<br>Shows the progress of a process in a graphical way. The indicator can be displayed with or without numerical values.\nThe filling can be displayed in color only, or additionally with the percentage rate. The indicator status can be interactive.","description":"ProgressIndicator in sap.me","Experimental":false,"prefix":"ProgressIndicator","name":"sap.me.ProgressIndicator"},{"template":"new sap.me.TabContainer({\n\tid: \"${id}\", // sap.ui.core.ID\n\tbusy: false, // boolean\n\tbusyIndicatorDelay: 1000, // int\n\tvisible: true, // boolean\n\tfieldGroupIds: string[].[], // string[], since 1.31\n\tselectedTab: \"\", // int\n\tbadgeInfo: \"\", // int\n\tbadgeNotes: \"\", // int\n\tbadgeAttachments: \"\", // int\n\tbadgePeople: \"\", // int\n\texpandable: true, // boolean\n\texpanded: true, // boolean\n\tvisible: true, // boolean\n\ttooltip: \"\", // sap.ui.core.TooltipBase\n\tcustomData: [], // sap.ui.core.CustomData\n\tlayoutData: \"\", // sap.ui.core.LayoutData\n\tdependents: [], // sap.ui.core.Control, since 1.19\n\ttabs: [], // sap.ui.core.Icon\n\tcontentInfo: \"\", // sap.ui.core.Control\n\tcontentAttachments: \"\", // sap.ui.core.Control\n\tcontentNotes: \"\", // sap.ui.core.Control\n\tcontentPeople: \"\", // sap.ui.core.Control\n\tbadges: [], // sap.ui.core.Control\n\tvalidationSuccess: [function (oEvent) {\n\t\tvar control = oEvent.getSource();\n\t}, this],\n\tvalidationError: [function (oEvent) {\n\t\tvar control = oEvent.getSource();\n\t}, this],\n\tparseError: [function (oEvent) {\n\t\tvar control = oEvent.getSource();\n\t}, this],\n\tformatError: [function (oEvent) {\n\t\tvar control = oEvent.getSource();\n\t}, this],\n\tvalidateFieldGroup: [function (oEvent) {\n\t\tvar control = oEvent.getSource();\n\t}, this],\n\tselect: [function (oEvent) {\n\t\tvar control = oEvent.getSource();\n\t}, this],\n\texpand: [function (oEvent) {\n\t\tvar control = oEvent.getSource();\n\t}, this],\n\tcollapse: [function (oEvent) {\n\t\tvar control = oEvent.getSource();\n\t}, this]\n})\n","Deprecated":true,"helpDescription":"<strong style=\"color: red;\">Deprecated! <\/strong>Since 1.15.0 The functionality of this control is merged with the sap.m.IconTabBar.\nPlease use the sap.m.IconTabBar instead!\nThis control will not be supported anymore.<br>The TabContainer allow to stack 1 to 4 contents in a\nview with corresponding icons","description":"TabContainer in sap.me","Experimental":false,"prefix":"TabContainer","name":"sap.me.TabContainer"}]}