{"Templates":[{"template":"new sap.ui.table.AnalyticalColumn({\n\tid: \"${id}\", // sap.ui.core.ID\n\twidth: \"\", // sap.ui.core.CSSSize\n\tflexible: true, // boolean\n\tresizable: true, // boolean\n\thAlign: sap.ui.core.HorizontalAlign.Begin, // sap.ui.core.HorizontalAlign\n\tsorted: false, // boolean\n\tsortOrder: sap.ui.table.SortOrder.Ascending, // sap.ui.table.SortOrder\n\tsortProperty: \"\", // string\n\tfiltered: false, // boolean\n\tfilterProperty: \"\", // string\n\tfilterValue: \"\", // string\n\tfilterOperator: \"\", // string\n\tgrouped: false, // boolean\n\tvisible: true, // boolean\n\tfilterType: \"\", // any, since 1.9.2\n\tname: \"\", // string, since 1.11.1\n\tshowFilterMenuEntry: true, // boolean, since 1.13.0\n\tshowSortMenuEntry: true, // boolean, since 1.13.0\n\theaderSpan: 1, // any\n\tautoResizable: false, // boolean, since 1.21.1\n\tdefaultFilterOperator: \"\", // string\n\tleadingProperty: \"\", // string\n\tsummed: false, // boolean\n\tinResult: false, // boolean\n\tshowIfGrouped: false, // boolean\n\tgroupHeaderFormatter: \"\", // any\n\ttooltip: \"\", // sap.ui.core.TooltipBase\n\tcustomData: [], // sap.ui.core.CustomData\n\tlayoutData: \"\", // sap.ui.core.LayoutData\n\tdependents: [], // sap.ui.core.Control, since 1.19\n\tlabel: \"\", // sap.ui.core.Control\n\tmultiLabels: [], // sap.ui.core.Control, since 1.13.1\n\ttemplate: \"\", // sap.ui.core.Control\n\tmenu: \"\", // sap.ui.unified.Menu\n\tvalidationSuccess: [function (oEvent) {\n\t\tvar control = oEvent.getSource();\n\t}, this],\n\tvalidationError: [function (oEvent) {\n\t\tvar control = oEvent.getSource();\n\t}, this],\n\tparseError: [function (oEvent) {\n\t\tvar control = oEvent.getSource();\n\t}, this],\n\tformatError: [function (oEvent) {\n\t\tvar control = oEvent.getSource();\n\t}, this]\n})\n","Deprecated":false,"helpDescription":"<strong style=\"color: red;\">Experimental! <\/strong>","description":"AnalyticalColumn in sap.ui.table","Experimental":true,"prefix":"AnalyticalColumn","name":"sap.ui.table.AnalyticalColumn"},{"template":"new sap.ui.table.AnalyticalColumnMenu({\n\tid: \"${id}\" // sap.ui.core.ID\n})\n","Deprecated":false,"helpDescription":"<strong style=\"color: red;\">Experimental! <\/strong>","description":"AnalyticalColumnMenu in sap.ui.table","Experimental":true,"prefix":"AnalyticalColumnMenu","name":"sap.ui.table.AnalyticalColumnMenu"},{"template":"new sap.ui.table.AnalyticalTable({\n\tid: \"${id}\", // sap.ui.core.ID\n\tbusy: false, // boolean\n\tbusyIndicatorDelay: 1000, // int\n\tvisible: true, // boolean\n\tfieldGroupIds: string[].[], // string[], since 1.31\n\twidth: \"auto\", // sap.ui.core.CSSSize\n\trowHeight: \"\", // int\n\tcolumnHeaderHeight: \"\", // int\n\tcolumnHeaderVisible: true, // boolean\n\tvisibleRowCount: 10, // int\n\tfirstVisibleRow: 0, // int\n\tselectionMode: sap.ui.table.SelectionMode.Multi, // sap.ui.table.SelectionMode\n\tselectionBehavior: sap.ui.table.SelectionBehavior.RowSelector, // sap.ui.table.SelectionBehavior\n\tselectedIndex: -1, // int\n\teditable: true, // boolean\n\tnavigationMode: sap.ui.table.NavigationMode.Scrollbar, // sap.ui.table.NavigationMode\n\tthreshold: 100, // int\n\tenableColumnReordering: true, // boolean\n\tenableGrouping: false, // boolean\n\tshowColumnVisibilityMenu: false, // boolean\n\tshowNoData: true, // boolean\n\tvisibleRowCountMode: sap.ui.table.VisibleRowCountMode.Fixed, // sap.ui.table.VisibleRowCountMode, since 1.9.2\n\tminAutoRowCount: 5, // int\n\tfixedColumnCount: 0, // int\n\tfixedRowCount: 0, // int\n\tfixedBottomRowCount: 0, // int, since 1.18.7\n\tenableColumnFreeze: false, // boolean, since 1.21.0\n\tenableCellFilter: false, // boolean, since 1.21.0\n\tshowOverlay: false, // boolean, since 1.21.2\n\tenableSelectAll: true, // boolean, since 1.23.0\n\tenableCustomFilter: false, // boolean, since 1.23.0\n\tenableBusyIndicator: false, // boolean, since 1.27.0\n\tallowColumnReordering: true, // boolean\n\tnoDataText: \"\", // string, since 1.21.0\n\tsumOnTop: false, // boolean\n\tnumberOfExpandedLevels: 0, // int\n\tautoExpandMode: Bundled, // string\n\tcolumnVisibilityMenuSorter: \"\", // any\n\tcollapseRecursive: true, // boolean\n\tdirty: \"\", // boolean\n\ttooltip: \"\", // sap.ui.core.TooltipBase\n\tcustomData: [], // sap.ui.core.CustomData\n\tlayoutData: \"\", // sap.ui.core.LayoutData\n\tdependents: [], // sap.ui.core.Control, since 1.19\n\ttitle: \"\", // sap.ui.core.Control\n\tfooter: \"\", // sap.ui.core.Control\n\ttoolbar: \"\", // sap.ui.core.Toolbar\n\textension: [], // sap.ui.core.Control\n\tcolumns: [], // sap.ui.table.Column\n\trows: [], // sap.ui.table.Row\n\tnoData: \"\", // sap.ui.core.Control\n\tgroupBy: \"\", // sap.ui.table.Column\n\tvalidationSuccess: [function (oEvent) {\n\t\tvar control = oEvent.getSource();\n\t}, this],\n\tvalidationError: [function (oEvent) {\n\t\tvar control = oEvent.getSource();\n\t}, this],\n\tparseError: [function (oEvent) {\n\t\tvar control = oEvent.getSource();\n\t}, this],\n\tformatError: [function (oEvent) {\n\t\tvar control = oEvent.getSource();\n\t}, this],\n\tvalidateFieldGroup: [function (oEvent) {\n\t\tvar control = oEvent.getSource();\n\t}, this],\n\trowSelectionChange: [function (oEvent) {\n\t\tvar control = oEvent.getSource();\n\t}, this],\n\tcolumnSelect: [function (oEvent) {\n\t\tvar control = oEvent.getSource();\n\t}, this],\n\tcolumnResize: [function (oEvent) {\n\t\tvar control = oEvent.getSource();\n\t}, this],\n\tcolumnMove: [function (oEvent) {\n\t\tvar control = oEvent.getSource();\n\t}, this],\n\tsort: [function (oEvent) {\n\t\tvar control = oEvent.getSource();\n\t}, this],\n\tfilter: [function (oEvent) {\n\t\tvar control = oEvent.getSource();\n\t}, this],\n\tgroup: [function (oEvent) {\n\t\tvar control = oEvent.getSource();\n\t}, this],\n\tcolumnVisibility: [function (oEvent) {\n\t\tvar control = oEvent.getSource();\n\t}, this],\n\tcellClick: [function (oEvent) {\n\t\tvar control = oEvent.getSource();\n\t}, this], // since 1.21.0\n\tcellContextmenu: [function (oEvent) {\n\t\tvar control = oEvent.getSource();\n\t}, this], // since 1.21.0\n\tcolumnFreeze: [function (oEvent) {\n\t\tvar control = oEvent.getSource();\n\t}, this], // since 1.21.0\n\tcustomFilter: [function (oEvent) {\n\t\tvar control = oEvent.getSource();\n\t}, this] // since 1.23.0\n})\n","Deprecated":false,"helpDescription":"Table which handles analytical OData backends. The AnalyticalTable only works with an AnalyticalBinding and\ncorrectly annotated OData services. Please check on the SAP Annotations for OData Version 2.0 documentation for further details.","description":"AnalyticalTable in sap.ui.table","Experimental":false,"prefix":"AnalyticalTable","name":"sap.ui.table.AnalyticalTable"},{"template":"new sap.ui.table.Column({\n\tid: \"${id}\", // sap.ui.core.ID\n\twidth: \"\", // sap.ui.core.CSSSize\n\tflexible: true, // boolean\n\tresizable: true, // boolean\n\thAlign: sap.ui.core.HorizontalAlign.Begin, // sap.ui.core.HorizontalAlign\n\tsorted: false, // boolean\n\tsortOrder: sap.ui.table.SortOrder.Ascending, // sap.ui.table.SortOrder\n\tsortProperty: \"\", // string\n\tfiltered: false, // boolean\n\tfilterProperty: \"\", // string\n\tfilterValue: \"\", // string\n\tfilterOperator: \"\", // string\n\tgrouped: false, // boolean\n\tvisible: true, // boolean\n\tfilterType: \"\", // any, since 1.9.2\n\tname: \"\", // string, since 1.11.1\n\tshowFilterMenuEntry: true, // boolean, since 1.13.0\n\tshowSortMenuEntry: true, // boolean, since 1.13.0\n\theaderSpan: 1, // any\n\tautoResizable: false, // boolean, since 1.21.1\n\tdefaultFilterOperator: \"\", // string\n\ttooltip: \"\", // sap.ui.core.TooltipBase\n\tcustomData: [], // sap.ui.core.CustomData\n\tlayoutData: \"\", // sap.ui.core.LayoutData\n\tdependents: [], // sap.ui.core.Control, since 1.19\n\tlabel: \"\", // sap.ui.core.Control\n\tmultiLabels: [], // sap.ui.core.Control, since 1.13.1\n\ttemplate: \"\", // sap.ui.core.Control\n\tmenu: \"\", // sap.ui.unified.Menu\n\tvalidationSuccess: [function (oEvent) {\n\t\tvar control = oEvent.getSource();\n\t}, this],\n\tvalidationError: [function (oEvent) {\n\t\tvar control = oEvent.getSource();\n\t}, this],\n\tparseError: [function (oEvent) {\n\t\tvar control = oEvent.getSource();\n\t}, this],\n\tformatError: [function (oEvent) {\n\t\tvar control = oEvent.getSource();\n\t}, this]\n})\n","Deprecated":false,"helpDescription":"The column allows to define column specific properties that will be applied when rendering the table.","description":"Column in sap.ui.table","Experimental":false,"prefix":"Column","name":"sap.ui.table.Column"},{"template":"new sap.ui.table.ColumnMenu({\n\tid: \"${id}\" // sap.ui.core.ID\n})\n","Deprecated":false,"helpDescription":"The column menu provides all common actions that can be performed on a column.","description":"ColumnMenu in sap.ui.table","Experimental":false,"prefix":"ColumnMenu","name":"sap.ui.table.ColumnMenu"},{"template":"new sap.ui.table.DataTable({\n\tid: \"${id}\", // sap.ui.core.ID\n\tbusy: false, // boolean\n\tbusyIndicatorDelay: 1000, // int\n\tvisible: true, // boolean\n\tfieldGroupIds: string[].[], // string[], since 1.31\n\twidth: \"auto\", // sap.ui.core.CSSSize\n\trowHeight: \"\", // int\n\tcolumnHeaderHeight: \"\", // int\n\tcolumnHeaderVisible: true, // boolean\n\tvisibleRowCount: 10, // int\n\tfirstVisibleRow: 0, // int\n\tselectionMode: sap.ui.table.SelectionMode.Multi, // sap.ui.table.SelectionMode\n\tselectionBehavior: sap.ui.table.SelectionBehavior.RowSelector, // sap.ui.table.SelectionBehavior\n\tselectedIndex: -1, // int\n\teditable: true, // boolean\n\tnavigationMode: sap.ui.table.NavigationMode.Scrollbar, // sap.ui.table.NavigationMode\n\tthreshold: 100, // int\n\tenableColumnReordering: true, // boolean\n\tenableGrouping: false, // boolean\n\tshowColumnVisibilityMenu: false, // boolean\n\tshowNoData: true, // boolean\n\tvisibleRowCountMode: sap.ui.table.VisibleRowCountMode.Fixed, // sap.ui.table.VisibleRowCountMode, since 1.9.2\n\tminAutoRowCount: 5, // int\n\tfixedColumnCount: 0, // int\n\tfixedRowCount: 0, // int\n\tfixedBottomRowCount: 0, // int, since 1.18.7\n\tenableColumnFreeze: false, // boolean, since 1.21.0\n\tenableCellFilter: false, // boolean, since 1.21.0\n\tshowOverlay: false, // boolean, since 1.21.2\n\tenableSelectAll: true, // boolean, since 1.23.0\n\tenableCustomFilter: false, // boolean, since 1.23.0\n\tenableBusyIndicator: false, // boolean, since 1.27.0\n\tallowColumnReordering: true, // boolean\n\tnoDataText: \"\", // string, since 1.21.0\n\texpandFirstLevel: false, // boolean\n\tuseGroupMode: false, // boolean\n\tgroupHeaderProperty: \"\", // string\n\tcollapseRecursive: true, // boolean\n\trootLevel: 0, // int\n\texpandedVisibleRowCount: \"\", // int\n\texpanded: false, // boolean\n\thierarchical: false, // boolean\n\ttooltip: \"\", // sap.ui.core.TooltipBase\n\tcustomData: [], // sap.ui.core.CustomData\n\tlayoutData: \"\", // sap.ui.core.LayoutData\n\tdependents: [], // sap.ui.core.Control, since 1.19\n\ttitle: \"\", // sap.ui.core.Control\n\tfooter: \"\", // sap.ui.core.Control\n\ttoolbar: \"\", // sap.ui.core.Toolbar\n\textension: [], // sap.ui.core.Control\n\tcolumns: [], // sap.ui.table.Column\n\trows: [], // sap.ui.table.Row\n\tnoData: \"\", // sap.ui.core.Control\n\tgroupBy: \"\", // sap.ui.table.Column\n\tvalidationSuccess: [function (oEvent) {\n\t\tvar control = oEvent.getSource();\n\t}, this],\n\tvalidationError: [function (oEvent) {\n\t\tvar control = oEvent.getSource();\n\t}, this],\n\tparseError: [function (oEvent) {\n\t\tvar control = oEvent.getSource();\n\t}, this],\n\tformatError: [function (oEvent) {\n\t\tvar control = oEvent.getSource();\n\t}, this],\n\tvalidateFieldGroup: [function (oEvent) {\n\t\tvar control = oEvent.getSource();\n\t}, this],\n\trowSelectionChange: [function (oEvent) {\n\t\tvar control = oEvent.getSource();\n\t}, this],\n\tcolumnSelect: [function (oEvent) {\n\t\tvar control = oEvent.getSource();\n\t}, this],\n\tcolumnResize: [function (oEvent) {\n\t\tvar control = oEvent.getSource();\n\t}, this],\n\tcolumnMove: [function (oEvent) {\n\t\tvar control = oEvent.getSource();\n\t}, this],\n\tsort: [function (oEvent) {\n\t\tvar control = oEvent.getSource();\n\t}, this],\n\tfilter: [function (oEvent) {\n\t\tvar control = oEvent.getSource();\n\t}, this],\n\tgroup: [function (oEvent) {\n\t\tvar control = oEvent.getSource();\n\t}, this],\n\tcolumnVisibility: [function (oEvent) {\n\t\tvar control = oEvent.getSource();\n\t}, this],\n\tcellClick: [function (oEvent) {\n\t\tvar control = oEvent.getSource();\n\t}, this], // since 1.21.0\n\tcellContextmenu: [function (oEvent) {\n\t\tvar control = oEvent.getSource();\n\t}, this], // since 1.21.0\n\tcolumnFreeze: [function (oEvent) {\n\t\tvar control = oEvent.getSource();\n\t}, this], // since 1.21.0\n\tcustomFilter: [function (oEvent) {\n\t\tvar control = oEvent.getSource();\n\t}, this], // since 1.23.0\n\ttoggleOpenState: [function (oEvent) {\n\t\tvar control = oEvent.getSource();\n\t}, this],\n\trowSelect: [function (oEvent) {\n\t\tvar control = oEvent.getSource();\n\t}, this]\n})\n","Deprecated":false,"helpDescription":"<p>\n    Provides a comprehensive set of features for displaying and dealing with vast amounts of data. The Table control supports\n    desktop PCs and tablet devices. On tablets, special consideration should be given to the number of visible columns\n    and rows due to the limited performance of some devices.\n<\/p>\n<p>\n    In order to keep the document DOM as lean as possible, the Table control reuses its DOM elements of the rows.\n    When the user scrolls, only the row contexts are changed but the rendered controls remain the same. This allows\n    the Table control to handle huge amounts of data. Nevertheless, restrictions apply regarding the number of displayed\n    columns. Keep the number as low as possible to improve performance. Due to the nature of tables, the used\n    control for column templates also has a big influence on the performance.\n<\/p>\n<p>\n    The Table control relies completely on data binding, and its supported feature set is tightly coupled to\n    the data model and binding being used.\n<\/p>","description":"DataTable in sap.ui.table","Experimental":false,"prefix":"DataTable","name":"sap.ui.table.DataTable"},{"template":"new sap.ui.table.Row({\n\tid: \"${id}\", // sap.ui.core.ID\n\ttooltip: \"\", // sap.ui.core.TooltipBase\n\tcustomData: [], // sap.ui.core.CustomData\n\tlayoutData: \"\", // sap.ui.core.LayoutData\n\tdependents: [], // sap.ui.core.Control, since 1.19\n\tcells: [], // sap.ui.core.Control\n\tvalidationSuccess: [function (oEvent) {\n\t\tvar control = oEvent.getSource();\n\t}, this],\n\tvalidationError: [function (oEvent) {\n\t\tvar control = oEvent.getSource();\n\t}, this],\n\tparseError: [function (oEvent) {\n\t\tvar control = oEvent.getSource();\n\t}, this],\n\tformatError: [function (oEvent) {\n\t\tvar control = oEvent.getSource();\n\t}, this]\n})\n","Deprecated":false,"helpDescription":"The row.","description":"Row in sap.ui.table","Experimental":false,"prefix":"Row","name":"sap.ui.table.Row"},{"template":"new sap.ui.table.Table({\n\tid: \"${id}\", // sap.ui.core.ID\n\tbusy: false, // boolean\n\tbusyIndicatorDelay: 1000, // int\n\tvisible: true, // boolean\n\tfieldGroupIds: string[].[], // string[], since 1.31\n\twidth: \"auto\", // sap.ui.core.CSSSize\n\trowHeight: \"\", // int\n\tcolumnHeaderHeight: \"\", // int\n\tcolumnHeaderVisible: true, // boolean\n\tvisibleRowCount: 10, // int\n\tfirstVisibleRow: 0, // int\n\tselectionMode: sap.ui.table.SelectionMode.Multi, // sap.ui.table.SelectionMode\n\tselectionBehavior: sap.ui.table.SelectionBehavior.RowSelector, // sap.ui.table.SelectionBehavior\n\tselectedIndex: -1, // int\n\teditable: true, // boolean\n\tnavigationMode: sap.ui.table.NavigationMode.Scrollbar, // sap.ui.table.NavigationMode\n\tthreshold: 100, // int\n\tenableColumnReordering: true, // boolean\n\tenableGrouping: false, // boolean\n\tshowColumnVisibilityMenu: false, // boolean\n\tshowNoData: true, // boolean\n\tvisibleRowCountMode: sap.ui.table.VisibleRowCountMode.Fixed, // sap.ui.table.VisibleRowCountMode, since 1.9.2\n\tminAutoRowCount: 5, // int\n\tfixedColumnCount: 0, // int\n\tfixedRowCount: 0, // int\n\tfixedBottomRowCount: 0, // int, since 1.18.7\n\tenableColumnFreeze: false, // boolean, since 1.21.0\n\tenableCellFilter: false, // boolean, since 1.21.0\n\tshowOverlay: false, // boolean, since 1.21.2\n\tenableSelectAll: true, // boolean, since 1.23.0\n\tenableCustomFilter: false, // boolean, since 1.23.0\n\tenableBusyIndicator: false, // boolean, since 1.27.0\n\tallowColumnReordering: true, // boolean\n\tnoDataText: \"\", // string, since 1.21.0\n\ttooltip: \"\", // sap.ui.core.TooltipBase\n\tcustomData: [], // sap.ui.core.CustomData\n\tlayoutData: \"\", // sap.ui.core.LayoutData\n\tdependents: [], // sap.ui.core.Control, since 1.19\n\ttitle: \"\", // sap.ui.core.Control\n\tfooter: \"\", // sap.ui.core.Control\n\ttoolbar: \"\", // sap.ui.core.Toolbar\n\textension: [], // sap.ui.core.Control\n\tcolumns: [], // sap.ui.table.Column\n\trows: [], // sap.ui.table.Row\n\tnoData: \"\", // sap.ui.core.Control\n\tgroupBy: \"\", // sap.ui.table.Column\n\tvalidationSuccess: [function (oEvent) {\n\t\tvar control = oEvent.getSource();\n\t}, this],\n\tvalidationError: [function (oEvent) {\n\t\tvar control = oEvent.getSource();\n\t}, this],\n\tparseError: [function (oEvent) {\n\t\tvar control = oEvent.getSource();\n\t}, this],\n\tformatError: [function (oEvent) {\n\t\tvar control = oEvent.getSource();\n\t}, this],\n\tvalidateFieldGroup: [function (oEvent) {\n\t\tvar control = oEvent.getSource();\n\t}, this],\n\trowSelectionChange: [function (oEvent) {\n\t\tvar control = oEvent.getSource();\n\t}, this],\n\tcolumnSelect: [function (oEvent) {\n\t\tvar control = oEvent.getSource();\n\t}, this],\n\tcolumnResize: [function (oEvent) {\n\t\tvar control = oEvent.getSource();\n\t}, this],\n\tcolumnMove: [function (oEvent) {\n\t\tvar control = oEvent.getSource();\n\t}, this],\n\tsort: [function (oEvent) {\n\t\tvar control = oEvent.getSource();\n\t}, this],\n\tfilter: [function (oEvent) {\n\t\tvar control = oEvent.getSource();\n\t}, this],\n\tgroup: [function (oEvent) {\n\t\tvar control = oEvent.getSource();\n\t}, this],\n\tcolumnVisibility: [function (oEvent) {\n\t\tvar control = oEvent.getSource();\n\t}, this],\n\tcellClick: [function (oEvent) {\n\t\tvar control = oEvent.getSource();\n\t}, this], // since 1.21.0\n\tcellContextmenu: [function (oEvent) {\n\t\tvar control = oEvent.getSource();\n\t}, this], // since 1.21.0\n\tcolumnFreeze: [function (oEvent) {\n\t\tvar control = oEvent.getSource();\n\t}, this], // since 1.21.0\n\tcustomFilter: [function (oEvent) {\n\t\tvar control = oEvent.getSource();\n\t}, this] // since 1.23.0\n})\n","Deprecated":false,"helpDescription":"<p>\n    Provides a comprehensive set of features for displaying and dealing with vast amounts of data. The Table control supports\n    desktop PCs and tablet devices. On tablets, special consideration should be given to the number of visible columns\n    and rows due to the limited performance of some devices.\n<\/p>\n<p>\n    In order to keep the document DOM as lean as possible, the Table control reuses its DOM elements of the rows.\n    When the user scrolls, only the row contexts are changed but the rendered controls remain the same. This allows\n    the Table control to handle huge amounts of data. Nevertheless, restrictions apply regarding the number of displayed\n    columns. Keep the number as low as possible to improve performance. Due to the nature of tables, the used\n    control for column templates also has a big influence on the performance.\n<\/p>\n<p>\n    The Table control relies completely on data binding, and its supported feature set is tightly coupled to\n    the data model and binding being used.\n<\/p>","description":"Table in sap.ui.table","Experimental":false,"prefix":"Table","name":"sap.ui.table.Table"},{"template":"new sap.ui.table.TablePersoController({\n\tid: \"${id}\", // sap.ui.core.ID\n\tautoSave: true, // boolean\n\tpersoService: \"\", // any\n\tcustomDataKey: persoKey, // string\n\ttable: \"\", // sap.ui.table.Table\n\tvalidationSuccess: [function (oEvent) {\n\t\tvar control = oEvent.getSource();\n\t}, this],\n\tvalidationError: [function (oEvent) {\n\t\tvar control = oEvent.getSource();\n\t}, this],\n\tparseError: [function (oEvent) {\n\t\tvar control = oEvent.getSource();\n\t}, this],\n\tformatError: [function (oEvent) {\n\t\tvar control = oEvent.getSource();\n\t}, this]\n})\n","Deprecated":false,"helpDescription":"The TablePersoController can be used to connect a table with a persistence service.","description":"TablePersoController in sap.ui.table","Experimental":false,"prefix":"TablePersoController","name":"sap.ui.table.TablePersoController"},{"template":"new sap.ui.table.TreeTable({\n\tid: \"${id}\", // sap.ui.core.ID\n\tbusy: false, // boolean\n\tbusyIndicatorDelay: 1000, // int\n\tvisible: true, // boolean\n\tfieldGroupIds: string[].[], // string[], since 1.31\n\twidth: \"auto\", // sap.ui.core.CSSSize\n\trowHeight: \"\", // int\n\tcolumnHeaderHeight: \"\", // int\n\tcolumnHeaderVisible: true, // boolean\n\tvisibleRowCount: 10, // int\n\tfirstVisibleRow: 0, // int\n\tselectionMode: sap.ui.table.SelectionMode.Multi, // sap.ui.table.SelectionMode\n\tselectionBehavior: sap.ui.table.SelectionBehavior.RowSelector, // sap.ui.table.SelectionBehavior\n\tselectedIndex: -1, // int\n\teditable: true, // boolean\n\tnavigationMode: sap.ui.table.NavigationMode.Scrollbar, // sap.ui.table.NavigationMode\n\tthreshold: 100, // int\n\tenableColumnReordering: true, // boolean\n\tenableGrouping: false, // boolean\n\tshowColumnVisibilityMenu: false, // boolean\n\tshowNoData: true, // boolean\n\tvisibleRowCountMode: sap.ui.table.VisibleRowCountMode.Fixed, // sap.ui.table.VisibleRowCountMode, since 1.9.2\n\tminAutoRowCount: 5, // int\n\tfixedColumnCount: 0, // int\n\tfixedRowCount: 0, // int\n\tfixedBottomRowCount: 0, // int, since 1.18.7\n\tenableColumnFreeze: false, // boolean, since 1.21.0\n\tenableCellFilter: false, // boolean, since 1.21.0\n\tshowOverlay: false, // boolean, since 1.21.2\n\tenableSelectAll: true, // boolean, since 1.23.0\n\tenableCustomFilter: false, // boolean, since 1.23.0\n\tenableBusyIndicator: false, // boolean, since 1.27.0\n\tallowColumnReordering: true, // boolean\n\tnoDataText: \"\", // string, since 1.21.0\n\texpandFirstLevel: false, // boolean\n\tuseGroupMode: false, // boolean\n\tgroupHeaderProperty: \"\", // string\n\tcollapseRecursive: true, // boolean\n\trootLevel: 0, // int\n\ttooltip: \"\", // sap.ui.core.TooltipBase\n\tcustomData: [], // sap.ui.core.CustomData\n\tlayoutData: \"\", // sap.ui.core.LayoutData\n\tdependents: [], // sap.ui.core.Control, since 1.19\n\ttitle: \"\", // sap.ui.core.Control\n\tfooter: \"\", // sap.ui.core.Control\n\ttoolbar: \"\", // sap.ui.core.Toolbar\n\textension: [], // sap.ui.core.Control\n\tcolumns: [], // sap.ui.table.Column\n\trows: [], // sap.ui.table.Row\n\tnoData: \"\", // sap.ui.core.Control\n\tgroupBy: \"\", // sap.ui.table.Column\n\tvalidationSuccess: [function (oEvent) {\n\t\tvar control = oEvent.getSource();\n\t}, this],\n\tvalidationError: [function (oEvent) {\n\t\tvar control = oEvent.getSource();\n\t}, this],\n\tparseError: [function (oEvent) {\n\t\tvar control = oEvent.getSource();\n\t}, this],\n\tformatError: [function (oEvent) {\n\t\tvar control = oEvent.getSource();\n\t}, this],\n\tvalidateFieldGroup: [function (oEvent) {\n\t\tvar control = oEvent.getSource();\n\t}, this],\n\trowSelectionChange: [function (oEvent) {\n\t\tvar control = oEvent.getSource();\n\t}, this],\n\tcolumnSelect: [function (oEvent) {\n\t\tvar control = oEvent.getSource();\n\t}, this],\n\tcolumnResize: [function (oEvent) {\n\t\tvar control = oEvent.getSource();\n\t}, this],\n\tcolumnMove: [function (oEvent) {\n\t\tvar control = oEvent.getSource();\n\t}, this],\n\tsort: [function (oEvent) {\n\t\tvar control = oEvent.getSource();\n\t}, this],\n\tfilter: [function (oEvent) {\n\t\tvar control = oEvent.getSource();\n\t}, this],\n\tgroup: [function (oEvent) {\n\t\tvar control = oEvent.getSource();\n\t}, this],\n\tcolumnVisibility: [function (oEvent) {\n\t\tvar control = oEvent.getSource();\n\t}, this],\n\tcellClick: [function (oEvent) {\n\t\tvar control = oEvent.getSource();\n\t}, this], // since 1.21.0\n\tcellContextmenu: [function (oEvent) {\n\t\tvar control = oEvent.getSource();\n\t}, this], // since 1.21.0\n\tcolumnFreeze: [function (oEvent) {\n\t\tvar control = oEvent.getSource();\n\t}, this], // since 1.21.0\n\tcustomFilter: [function (oEvent) {\n\t\tvar control = oEvent.getSource();\n\t}, this], // since 1.23.0\n\ttoggleOpenState: [function (oEvent) {\n\t\tvar control = oEvent.getSource();\n\t}, this]\n})\n","Deprecated":false,"helpDescription":"The TreeTable Control.","description":"TreeTable in sap.ui.table","Experimental":false,"prefix":"TreeTable","name":"sap.ui.table.TreeTable"}]}