{"Templates":[{"template":"new sap.ui.ux3.ActionBar({\n\tid: \"${id}\", // sap.ui.core.ID\n\tbusy: false, // boolean\n\tbusyIndicatorDelay: 1000, // int\n\tvisible: true, // boolean\n\tfieldGroupIds: string[].[], // string[], since 1.31\n\tfollowState: sap.ui.ux3.FollowActionState.Default, // sap.ui.ux3.FollowActionState\n\tflagState: \"\", // boolean\n\tfavoriteState: \"\", // boolean\n\tupdateState: \"\", // boolean\n\tthingIconURI: \"\", // sap.ui.core.URI\n\talwaysShowMoreMenu: true, // boolean\n\tshowUpdate: true, // boolean\n\tshowFollow: true, // boolean\n\tshowFlag: true, // boolean\n\tshowFavorite: true, // boolean\n\tshowOpen: true, // boolean\n\tdividerWidth: \"\", // sap.ui.core.CSSSize\n\ttooltip: \"\", // sap.ui.core.TooltipBase\n\tcustomData: [], // sap.ui.core.CustomData\n\tlayoutData: \"\", // sap.ui.core.LayoutData\n\tdependents: [], // sap.ui.core.Control, since 1.19\n\tbusinessActions: [], // sap.ui.ux3.ThingAction\n\t_businessActionButtons: [], // sap.ui.commons.Button\n\t_socialActions: [], // sap.ui.ux3.ThingAction\n\tvalidationSuccess: [function (oEvent) {\n\t\tvar control = oEvent.getSource();\n\t}, this],\n\tvalidationError: [function (oEvent) {\n\t\tvar control = oEvent.getSource();\n\t}, this],\n\tparseError: [function (oEvent) {\n\t\tvar control = oEvent.getSource();\n\t}, this],\n\tformatError: [function (oEvent) {\n\t\tvar control = oEvent.getSource();\n\t}, this],\n\tvalidateFieldGroup: [function (oEvent) {\n\t\tvar control = oEvent.getSource();\n\t}, this],\n\tactionSelected: [function (oEvent) {\n\t\tvar control = oEvent.getSource();\n\t}, this],\n\tfeedSubmit: [function (oEvent) {\n\t\tvar control = oEvent.getSource();\n\t}, this]\n})\n","Deprecated":false,"helpDescription":"A special toolbar with predefined social actions which can be shown as needed. These are: Create an update (Feed), Follow, Mark for Follow Up, Mark as Favorite and Open Thing.\n\nIn addition business actions (ThingAction instances) can be added which are either displayed as MenuItems of the 'More' menu button or as individual tool bar buttons.\n\nWhen using this control, please be aware that it fulfills rather specific requirements: it has been designed for and is used within composite controls QuickView and ThingInspector.","description":"ActionBar in sap.ui.ux3","Experimental":false,"prefix":"ActionBar","name":"sap.ui.ux3.ActionBar"},{"template":"new sap.ui.ux3.Collection({\n\tid: \"${id}\", // sap.ui.core.ID\n\ttitle: \"\", // string\n\teditable: false, // boolean\n\tmultiSelection: false, // boolean\n\ttooltip: \"\", // sap.ui.core.TooltipBase\n\tcustomData: [], // sap.ui.core.CustomData\n\tlayoutData: \"\", // sap.ui.core.LayoutData\n\tdependents: [], // sap.ui.core.Control, since 1.19\n\titems: [], // sap.ui.core.Item\n\tselectedItems: [], // sap.ui.core.Item\n\tvalidationSuccess: [function (oEvent) {\n\t\tvar control = oEvent.getSource();\n\t}, this],\n\tvalidationError: [function (oEvent) {\n\t\tvar control = oEvent.getSource();\n\t}, this],\n\tparseError: [function (oEvent) {\n\t\tvar control = oEvent.getSource();\n\t}, this],\n\tformatError: [function (oEvent) {\n\t\tvar control = oEvent.getSource();\n\t}, this],\n\tselectionChanged: [function (oEvent) {\n\t\tvar control = oEvent.getSource();\n\t}, this],\n\tpropertyChanged: [function (oEvent) {\n\t\tvar control = oEvent.getSource();\n\t}, this]\n})\n","Deprecated":false,"helpDescription":"Collection","description":"Collection in sap.ui.ux3","Experimental":false,"prefix":"Collection","name":"sap.ui.ux3.Collection"},{"template":"new sap.ui.ux3.CollectionInspector({\n\tid: \"${id}\", // sap.ui.core.ID\n\tbusy: false, // boolean\n\tbusyIndicatorDelay: 1000, // int\n\tvisible: true, // boolean\n\tfieldGroupIds: string[].[], // string[], since 1.31\n\tsidebarVisible: true, // boolean\n\tfitParent: true, // boolean\n\ttooltip: \"\", // sap.ui.core.TooltipBase\n\tcustomData: [], // sap.ui.core.CustomData\n\tlayoutData: \"\", // sap.ui.core.LayoutData\n\tdependents: [], // sap.ui.core.Control, since 1.19\n\tcollections: [], // sap.ui.ux3.Collection\n\tcontent: [], // sap.ui.core.Control\n\tselectedCollection: \"\", // sap.ui.ux3.Collection\n\tvalidationSuccess: [function (oEvent) {\n\t\tvar control = oEvent.getSource();\n\t}, this],\n\tvalidationError: [function (oEvent) {\n\t\tvar control = oEvent.getSource();\n\t}, this],\n\tparseError: [function (oEvent) {\n\t\tvar control = oEvent.getSource();\n\t}, this],\n\tformatError: [function (oEvent) {\n\t\tvar control = oEvent.getSource();\n\t}, this],\n\tvalidateFieldGroup: [function (oEvent) {\n\t\tvar control = oEvent.getSource();\n\t}, this],\n\tcollectionSelected: [function (oEvent) {\n\t\tvar control = oEvent.getSource();\n\t}, this],\n\titemSelectionChanged: [function (oEvent) {\n\t\tvar control = oEvent.getSource();\n\t}, this],\n\teditCollection: [function (oEvent) {\n\t\tvar control = oEvent.getSource();\n\t}, this]\n})\n","Deprecated":false,"helpDescription":"CollectionInspector","description":"CollectionInspector in sap.ui.ux3","Experimental":false,"prefix":"CollectionInspector","name":"sap.ui.ux3.CollectionInspector"},{"template":"new sap.ui.ux3.DataSet({\n\tid: \"${id}\", // sap.ui.core.ID\n\tbusy: false, // boolean\n\tbusyIndicatorDelay: 1000, // int\n\tvisible: true, // boolean\n\tfieldGroupIds: string[].[], // string[], since 1.31\n\tshowToolbar: true, // boolean\n\tshowFilter: true, // boolean\n\tshowSearchField: true, // boolean\n\tmultiSelect: false, // boolean\n\ttooltip: \"\", // sap.ui.core.TooltipBase\n\tcustomData: [], // sap.ui.core.CustomData\n\tlayoutData: \"\", // sap.ui.core.LayoutData\n\tdependents: [], // sap.ui.core.Control, since 1.19\n\titems: [], // sap.ui.ux3.DataSetItem\n\tviews: [], // sap.ui.ux3.DataSetView\n\tfilter: [], // sap.ui.core.Control\n\t_viewSwitches: [], // sap.ui.core.Control\n\t_toolbar: \"\", // sap.ui.commons.Toolbar\n\tselectedView: \"\", // sap.ui.ux3.DataSetView\n\tvalidationSuccess: [function (oEvent) {\n\t\tvar control = oEvent.getSource();\n\t}, this],\n\tvalidationError: [function (oEvent) {\n\t\tvar control = oEvent.getSource();\n\t}, this],\n\tparseError: [function (oEvent) {\n\t\tvar control = oEvent.getSource();\n\t}, this],\n\tformatError: [function (oEvent) {\n\t\tvar control = oEvent.getSource();\n\t}, this],\n\tvalidateFieldGroup: [function (oEvent) {\n\t\tvar control = oEvent.getSource();\n\t}, this],\n\tselectionChanged: [function (oEvent) {\n\t\tvar control = oEvent.getSource();\n\t}, this],\n\tsearch: [function (oEvent) {\n\t\tvar control = oEvent.getSource();\n\t}, this]\n})\n","Deprecated":false,"helpDescription":"DataSet","description":"DataSet in sap.ui.ux3","Experimental":false,"prefix":"DataSet","name":"sap.ui.ux3.DataSet"},{"template":"new sap.ui.ux3.DataSetItem({\n\tid: \"${id}\", // sap.ui.core.ID\n\ticonSrc: \"\", // sap.ui.core.URI\n\ttitle: Title, // string\n\tcheckable: true, // boolean\n\tsubtitle: Subtitle, // string\n\ttooltip: \"\", // sap.ui.core.TooltipBase\n\tcustomData: [], // sap.ui.core.CustomData\n\tlayoutData: \"\", // sap.ui.core.LayoutData\n\tdependents: [], // sap.ui.core.Control, since 1.19\n\t_template: \"\", // sap.ui.core.Control\n\tvalidationSuccess: [function (oEvent) {\n\t\tvar control = oEvent.getSource();\n\t}, this],\n\tvalidationError: [function (oEvent) {\n\t\tvar control = oEvent.getSource();\n\t}, this],\n\tparseError: [function (oEvent) {\n\t\tvar control = oEvent.getSource();\n\t}, this],\n\tformatError: [function (oEvent) {\n\t\tvar control = oEvent.getSource();\n\t}, this],\n\tselected: [function (oEvent) {\n\t\tvar control = oEvent.getSource();\n\t}, this]\n})\n","Deprecated":false,"helpDescription":"DataSet Item","description":"DataSetItem in sap.ui.ux3","Experimental":false,"prefix":"DataSetItem","name":"sap.ui.ux3.DataSetItem"},{"template":"new sap.ui.ux3.DataSetSimpleView({\n\tid: \"${id}\", // sap.ui.core.ID\n\tbusy: false, // boolean\n\tbusyIndicatorDelay: 1000, // int\n\tvisible: true, // boolean\n\tfieldGroupIds: string[].[], // string[], since 1.31\n\tfloating: true, // boolean\n\tname: Name of this View, // string\n\ticon: \"\", // sap.ui.core.URI\n\ticonHovered: \"\", // sap.ui.core.URI\n\ticonSelected: \"\", // sap.ui.core.URI\n\tresponsive: false, // boolean, since 1.9.2\n\titemMinWidth: 0, // int, since 1.9.2\n\tinitialItemCount: 0, // int, since 1.13.0\n\treloadItemCount: 0, // int, since 1.13.0\n\tscrollArea: \"\", // any, since 1.13.0\n\theight: \"\", // sap.ui.core.CSSSize, since 1.13.0\n\ttooltip: \"\", // sap.ui.core.TooltipBase\n\tcustomData: [], // sap.ui.core.CustomData\n\tlayoutData: \"\", // sap.ui.core.LayoutData\n\tdependents: [], // sap.ui.core.Control, since 1.19\n\ttemplate: \"\", // sap.ui.core.Control\n\tvalidationSuccess: [function (oEvent) {\n\t\tvar control = oEvent.getSource();\n\t}, this],\n\tvalidationError: [function (oEvent) {\n\t\tvar control = oEvent.getSource();\n\t}, this],\n\tparseError: [function (oEvent) {\n\t\tvar control = oEvent.getSource();\n\t}, this],\n\tformatError: [function (oEvent) {\n\t\tvar control = oEvent.getSource();\n\t}, this],\n\tvalidateFieldGroup: [function (oEvent) {\n\t\tvar control = oEvent.getSource();\n\t}, this]\n})\n","Deprecated":false,"helpDescription":"DataSetSimpleView provides a simple view example for DataSet usage.","description":"DataSetSimpleView in sap.ui.ux3","Experimental":false,"prefix":"DataSetSimpleView","name":"sap.ui.ux3.DataSetSimpleView"},{"template":"new sap.ui.ux3.Exact({\n\tid: \"${id}\", // sap.ui.core.ID\n\tbusy: false, // boolean\n\tbusyIndicatorDelay: 1000, // int\n\tvisible: true, // boolean\n\tfieldGroupIds: string[].[], // string[], since 1.31\n\tresultText: \"\", // string\n\ttooltip: \"\", // sap.ui.core.TooltipBase\n\tcustomData: [], // sap.ui.core.CustomData\n\tlayoutData: \"\", // sap.ui.core.LayoutData\n\tdependents: [], // sap.ui.core.Control, since 1.19\n\tsettingsMenu: \"\", // sap.ui.commons.Menu\n\tattributes: [], // sap.ui.ux3.ExactAttribute\n\tcontrols: [], // sap.ui.core.Control\n\tvalidationSuccess: [function (oEvent) {\n\t\tvar control = oEvent.getSource();\n\t}, this],\n\tvalidationError: [function (oEvent) {\n\t\tvar control = oEvent.getSource();\n\t}, this],\n\tparseError: [function (oEvent) {\n\t\tvar control = oEvent.getSource();\n\t}, this],\n\tformatError: [function (oEvent) {\n\t\tvar control = oEvent.getSource();\n\t}, this],\n\tvalidateFieldGroup: [function (oEvent) {\n\t\tvar control = oEvent.getSource();\n\t}, this],\n\tsearch: [function (oEvent) {\n\t\tvar control = oEvent.getSource();\n\t}, this],\n\trefineSearch: [function (oEvent) {\n\t\tvar control = oEvent.getSource();\n\t}, this]\n})\n","Deprecated":false,"helpDescription":"<strong style=\"color: red;\">Experimental! <\/strong>","description":"Exact in sap.ui.ux3","Experimental":true,"prefix":"Exact","name":"sap.ui.ux3.Exact"},{"template":"new sap.ui.ux3.ExactArea({\n\tid: \"${id}\", // sap.ui.core.ID\n\tbusy: false, // boolean\n\tbusyIndicatorDelay: 1000, // int\n\tvisible: true, // boolean\n\tfieldGroupIds: string[].[], // string[], since 1.31\n\ttoolbarVisible: true, // boolean\n\ttooltip: \"\", // sap.ui.core.TooltipBase\n\tcustomData: [], // sap.ui.core.CustomData\n\tlayoutData: \"\", // sap.ui.core.LayoutData\n\tdependents: [], // sap.ui.core.Control, since 1.19\n\tcontent: [], // sap.ui.core.Control\n\ttoolbarItems: [], // sap.ui.commons.ToolbarItem\n\tvalidationSuccess: [function (oEvent) {\n\t\tvar control = oEvent.getSource();\n\t}, this],\n\tvalidationError: [function (oEvent) {\n\t\tvar control = oEvent.getSource();\n\t}, this],\n\tparseError: [function (oEvent) {\n\t\tvar control = oEvent.getSource();\n\t}, this],\n\tformatError: [function (oEvent) {\n\t\tvar control = oEvent.getSource();\n\t}, this],\n\tvalidateFieldGroup: [function (oEvent) {\n\t\tvar control = oEvent.getSource();\n\t}, this]\n})\n","Deprecated":false,"helpDescription":"<strong style=\"color: red;\">Experimental! <\/strong>","description":"ExactArea in sap.ui.ux3","Experimental":true,"prefix":"ExactArea","name":"sap.ui.ux3.ExactArea"},{"template":"new sap.ui.ux3.ExactAttribute({\n\tid: \"${id}\", // sap.ui.core.ID\n\ttext: \"\", // string\n\tselected: \"\", // boolean\n\twidth: 168, // int, since 1.7.0\n\tlistOrder: sap.ui.ux3.ExactOrder.Select, // sap.ui.ux3.ExactOrder, since 1.7.1\n\tshowSubAttributesIndicator: true, // boolean\n\tadditionalData: \"\", // object\n\tsupplyActive: true, // boolean\n\tautoActivateSupply: false, // boolean\n\ttooltip: \"\", // sap.ui.core.TooltipBase\n\tcustomData: [], // sap.ui.core.CustomData\n\tlayoutData: \"\", // sap.ui.core.LayoutData\n\tdependents: [], // sap.ui.core.Control, since 1.19\n\tattributes: [], // sap.ui.ux3.ExactAttribute\n\tvalidationSuccess: [function (oEvent) {\n\t\tvar control = oEvent.getSource();\n\t}, this],\n\tvalidationError: [function (oEvent) {\n\t\tvar control = oEvent.getSource();\n\t}, this],\n\tparseError: [function (oEvent) {\n\t\tvar control = oEvent.getSource();\n\t}, this],\n\tformatError: [function (oEvent) {\n\t\tvar control = oEvent.getSource();\n\t}, this],\n\tsupplyAttributes: [function (oEvent) {\n\t\tvar control = oEvent.getSource();\n\t}, this]\n})\n","Deprecated":false,"helpDescription":"An element for defining attributes and sub-attributes used within the Exact pattern.","description":"ExactAttribute in sap.ui.ux3","Experimental":false,"prefix":"ExactAttribute","name":"sap.ui.ux3.ExactAttribute"},{"template":"new sap.ui.ux3.ExactBrowser({\n\tid: \"${id}\", // sap.ui.core.ID\n\tbusy: false, // boolean\n\tbusyIndicatorDelay: 1000, // int\n\tvisible: true, // boolean\n\tfieldGroupIds: string[].[], // string[], since 1.31\n\ttitle: \"\", // string\n\theaderTitle: \"\", // string\n\ttopListOrder: sap.ui.ux3.ExactOrder.Select, // sap.ui.ux3.ExactOrder, since 1.7.1\n\tenableListClose: false, // boolean\n\tlistHeight: 290, // int\n\tshowHeader: false, // boolean\n\tshowTopList: true, // boolean, since 1.7.0\n\tenableReset: true, // boolean\n\tenableSave: false, // boolean, since 1.9.2\n\ttopListWidth: 168, // int, since 1.7.0\n\ttooltip: \"\", // sap.ui.core.TooltipBase\n\tcustomData: [], // sap.ui.core.CustomData\n\tlayoutData: \"\", // sap.ui.core.LayoutData\n\tdependents: [], // sap.ui.core.Control, since 1.19\n\tattributes: [], // sap.ui.ux3.ExactAttribute\n\toptionsMenu: \"\", // sap.ui.commons.Menu\n\tcontrols: [], // sap.ui.core.Control\n\trootAttribute: \"\", // sap.ui.core.Element\n\tfollowUpControl: \"\", // sap.ui.core.Control\n\tvalidationSuccess: [function (oEvent) {\n\t\tvar control = oEvent.getSource();\n\t}, this],\n\tvalidationError: [function (oEvent) {\n\t\tvar control = oEvent.getSource();\n\t}, this],\n\tparseError: [function (oEvent) {\n\t\tvar control = oEvent.getSource();\n\t}, this],\n\tformatError: [function (oEvent) {\n\t\tvar control = oEvent.getSource();\n\t}, this],\n\tvalidateFieldGroup: [function (oEvent) {\n\t\tvar control = oEvent.getSource();\n\t}, this],\n\tattributeSelected: [function (oEvent) {\n\t\tvar control = oEvent.getSource();\n\t}, this],\n\tsave: [function (oEvent) {\n\t\tvar control = oEvent.getSource();\n\t}, this]\n})\n","Deprecated":false,"helpDescription":"Attribute browse area used within the Exact pattern. The main benefit of this control is the high flexibility when large data amounts shall be displayed\nin the form of structured data sets with a high or low interdependency level. From lists - which can be nested according to the defined attributes - the user can choose\nentries and thereby trigger the display of further information, depending on the chosen entry/entries (multiple selection supported).","description":"ExactBrowser in sap.ui.ux3","Experimental":false,"prefix":"ExactBrowser","name":"sap.ui.ux3.ExactBrowser"},{"template":"new sap.ui.ux3.FacetFilter({\n\tid: \"${id}\", // sap.ui.core.ID\n\tbusy: false, // boolean\n\tbusyIndicatorDelay: 1000, // int\n\tvisible: true, // boolean\n\tfieldGroupIds: string[].[], // string[], since 1.31\n\tvisibleItemCountMode: sap.ui.ux3.VisibleItemCountMode.Fixed, // sap.ui.ux3.VisibleItemCountMode\n\ttooltip: \"\", // sap.ui.core.TooltipBase\n\tcustomData: [], // sap.ui.core.CustomData\n\tlayoutData: \"\", // sap.ui.core.LayoutData\n\tdependents: [], // sap.ui.core.Control, since 1.19\n\tlists: [], // sap.ui.ux3.FacetFilterList\n\tvalidationSuccess: [function (oEvent) {\n\t\tvar control = oEvent.getSource();\n\t}, this],\n\tvalidationError: [function (oEvent) {\n\t\tvar control = oEvent.getSource();\n\t}, this],\n\tparseError: [function (oEvent) {\n\t\tvar control = oEvent.getSource();\n\t}, this],\n\tformatError: [function (oEvent) {\n\t\tvar control = oEvent.getSource();\n\t}, this],\n\tvalidateFieldGroup: [function (oEvent) {\n\t\tvar control = oEvent.getSource();\n\t}, this]\n})\n","Deprecated":false,"helpDescription":"FacetFilter Control.","description":"FacetFilter in sap.ui.ux3","Experimental":false,"prefix":"FacetFilter","name":"sap.ui.ux3.FacetFilter"},{"template":"new sap.ui.ux3.FacetFilterList({\n\tid: \"${id}\", // sap.ui.core.ID\n\tbusy: false, // boolean\n\tbusyIndicatorDelay: 1000, // int\n\tvisible: true, // boolean\n\tfieldGroupIds: string[].[], // string[], since 1.31\n\ttitle: \"\", // string\n\tmultiSelect: true, // boolean\n\tdisplaySecondaryValues: false, // boolean, since 1.9.0\n\tselectedKeys: \"\", // string[]\n\tshowCounter: true, // boolean\n\ttooltip: \"\", // sap.ui.core.TooltipBase\n\tcustomData: [], // sap.ui.core.CustomData\n\tlayoutData: \"\", // sap.ui.core.LayoutData\n\tdependents: [], // sap.ui.core.Control, since 1.19\n\titems: [], // sap.ui.core.ListItem\n\tcontrols: [], // sap.ui.commons.ListBox\n\tvalidationSuccess: [function (oEvent) {\n\t\tvar control = oEvent.getSource();\n\t}, this],\n\tvalidationError: [function (oEvent) {\n\t\tvar control = oEvent.getSource();\n\t}, this],\n\tparseError: [function (oEvent) {\n\t\tvar control = oEvent.getSource();\n\t}, this],\n\tformatError: [function (oEvent) {\n\t\tvar control = oEvent.getSource();\n\t}, this],\n\tvalidateFieldGroup: [function (oEvent) {\n\t\tvar control = oEvent.getSource();\n\t}, this],\n\tselect: [function (oEvent) {\n\t\tvar control = oEvent.getSource();\n\t}, this]\n})\n","Deprecated":false,"helpDescription":"List to be used with the FacetFilter control. The control is not intended to be used stand alone.","description":"FacetFilterList in sap.ui.ux3","Experimental":false,"prefix":"FacetFilterList","name":"sap.ui.ux3.FacetFilterList"},{"template":"new sap.ui.ux3.Feed({\n\tid: \"${id}\", // sap.ui.core.ID\n\tbusy: false, // boolean\n\tbusyIndicatorDelay: 1000, // int\n\tvisible: true, // boolean\n\tfieldGroupIds: string[].[], // string[], since 1.31\n\tfeederThumbnailSrc: \"\", // sap.ui.core.URI\n\tfeederSender: \"\", // string\n\tlive: true, // boolean\n\ttitle: \"\", // string\n\ttooltip: \"\", // sap.ui.core.TooltipBase\n\tcustomData: [], // sap.ui.core.CustomData\n\tlayoutData: \"\", // sap.ui.core.LayoutData\n\tdependents: [], // sap.ui.core.Control, since 1.19\n\tfilterItems: [], // sap.ui.core.ListItem\n\tchunks: [], // sap.ui.ux3.FeedChunk\n\ttoolsMenuItems: [], // sap.ui.commons.MenuItem\n\tvalidationSuccess: [function (oEvent) {\n\t\tvar control = oEvent.getSource();\n\t}, this],\n\tvalidationError: [function (oEvent) {\n\t\tvar control = oEvent.getSource();\n\t}, this],\n\tparseError: [function (oEvent) {\n\t\tvar control = oEvent.getSource();\n\t}, this],\n\tformatError: [function (oEvent) {\n\t\tvar control = oEvent.getSource();\n\t}, this],\n\tvalidateFieldGroup: [function (oEvent) {\n\t\tvar control = oEvent.getSource();\n\t}, this],\n\tfilterChange: [function (oEvent) {\n\t\tvar control = oEvent.getSource();\n\t}, this],\n\tsearch: [function (oEvent) {\n\t\tvar control = oEvent.getSource();\n\t}, this],\n\tchunkAdded: [function (oEvent) {\n\t\tvar control = oEvent.getSource();\n\t}, this],\n\ttoolsItemSelected: [function (oEvent) {\n\t\tvar control = oEvent.getSource();\n\t}, this],\n\ttoggleLive: [function (oEvent) {\n\t\tvar control = oEvent.getSource();\n\t}, this]\n})\n","Deprecated":false,"helpDescription":"<strong style=\"color: red;\">Experimental! <\/strong>","description":"Feed in sap.ui.ux3","Experimental":true,"prefix":"Feed","name":"sap.ui.ux3.Feed"},{"template":"new sap.ui.ux3.FeedChunk({\n\tid: \"${id}\", // sap.ui.core.ID\n\tbusy: false, // boolean\n\tbusyIndicatorDelay: 1000, // int\n\tvisible: true, // boolean\n\tfieldGroupIds: string[].[], // string[], since 1.31\n\tthumbnailSrc: \"\", // sap.ui.core.URI\n\ttext: \"\", // string\n\tsender: \"\", // string\n\ttimestamp: \"\", // string\n\tdeletionAllowed: false, // boolean\n\tcommentChunk: false, // boolean\n\tfeederThumbnailSrc: \"\", // sap.ui.core.URI\n\tfeederSender: \"\", // string\n\tflagged: false, // boolean\n\tfavorite: \"\", // boolean\n\tshared: false, // boolean\n\tenableFlag: true, // boolean\n\tenableShare: true, // boolean\n\tenableComment: true, // boolean\n\tenableInspect: true, // boolean\n\tenableFavorite: true, // boolean\n\ttooltip: \"\", // sap.ui.core.TooltipBase\n\tcustomData: [], // sap.ui.core.CustomData\n\tlayoutData: \"\", // sap.ui.core.LayoutData\n\tdependents: [], // sap.ui.core.Control, since 1.19\n\tcomments: [], // sap.ui.ux3.FeedChunk\n\tactionMenuItems: [], // sap.ui.commons.MenuItem\n\tvalidationSuccess: [function (oEvent) {\n\t\tvar control = oEvent.getSource();\n\t}, this],\n\tvalidationError: [function (oEvent) {\n\t\tvar control = oEvent.getSource();\n\t}, this],\n\tparseError: [function (oEvent) {\n\t\tvar control = oEvent.getSource();\n\t}, this],\n\tformatError: [function (oEvent) {\n\t\tvar control = oEvent.getSource();\n\t}, this],\n\tvalidateFieldGroup: [function (oEvent) {\n\t\tvar control = oEvent.getSource();\n\t}, this],\n\tdeleted: [function (oEvent) {\n\t\tvar control = oEvent.getSource();\n\t}, this],\n\tcommentAdded: [function (oEvent) {\n\t\tvar control = oEvent.getSource();\n\t}, this],\n\ttoggleFlagged: [function (oEvent) {\n\t\tvar control = oEvent.getSource();\n\t}, this],\n\tsenderClicked: [function (oEvent) {\n\t\tvar control = oEvent.getSource();\n\t}, this],\n\treferenceClicked: [function (oEvent) {\n\t\tvar control = oEvent.getSource();\n\t}, this],\n\ttoggleFavorite: [function (oEvent) {\n\t\tvar control = oEvent.getSource();\n\t}, this],\n\tinspect: [function (oEvent) {\n\t\tvar control = oEvent.getSource();\n\t}, this],\n\ttoggleShared: [function (oEvent) {\n\t\tvar control = oEvent.getSource();\n\t}, this],\n\tactionItemSelected: [function (oEvent) {\n\t\tvar control = oEvent.getSource();\n\t}, this]\n})\n","Deprecated":false,"helpDescription":"<strong style=\"color: red;\">Experimental! <\/strong>","description":"FeedChunk in sap.ui.ux3","Experimental":true,"prefix":"FeedChunk","name":"sap.ui.ux3.FeedChunk"},{"template":"new sap.ui.ux3.Feeder({\n\tid: \"${id}\", // sap.ui.core.ID\n\tbusy: false, // boolean\n\tbusyIndicatorDelay: 1000, // int\n\tvisible: true, // boolean\n\tfieldGroupIds: string[].[], // string[], since 1.31\n\tthumbnailSrc: \"\", // sap.ui.core.URI\n\ttext: \"\", // string\n\ttype: sap.ui.ux3.FeederType.Large, // sap.ui.ux3.FeederType\n\tplaceholderText: \"\", // string\n\ttooltip: \"\", // sap.ui.core.TooltipBase\n\tcustomData: [], // sap.ui.core.CustomData\n\tlayoutData: \"\", // sap.ui.core.LayoutData\n\tdependents: [], // sap.ui.core.Control, since 1.19\n\tvalidationSuccess: [function (oEvent) {\n\t\tvar control = oEvent.getSource();\n\t}, this],\n\tvalidationError: [function (oEvent) {\n\t\tvar control = oEvent.getSource();\n\t}, this],\n\tparseError: [function (oEvent) {\n\t\tvar control = oEvent.getSource();\n\t}, this],\n\tformatError: [function (oEvent) {\n\t\tvar control = oEvent.getSource();\n\t}, this],\n\tvalidateFieldGroup: [function (oEvent) {\n\t\tvar control = oEvent.getSource();\n\t}, this],\n\tsubmit: [function (oEvent) {\n\t\tvar control = oEvent.getSource();\n\t}, this]\n})\n","Deprecated":false,"helpDescription":"<strong style=\"color: red;\">Experimental! <\/strong>","description":"Feeder in sap.ui.ux3","Experimental":true,"prefix":"Feeder","name":"sap.ui.ux3.Feeder"},{"template":"new sap.ui.ux3.NavigationBar({\n\tid: \"${id}\", // sap.ui.core.ID\n\tbusy: false, // boolean\n\tbusyIndicatorDelay: 1000, // int\n\tvisible: true, // boolean\n\tfieldGroupIds: string[].[], // string[], since 1.31\n\ttoplevelVariant: false, // boolean\n\ttooltip: \"\", // sap.ui.core.TooltipBase\n\tcustomData: [], // sap.ui.core.CustomData\n\tlayoutData: \"\", // sap.ui.core.LayoutData\n\tdependents: [], // sap.ui.core.Control, since 1.19\n\titems: [], // sap.ui.ux3.NavigationItem\n\toverflowMenu: \"\", // sap.ui.commons.Menu\n\tselectedItem: \"\", // sap.ui.ux3.NavigationItem\n\tassociatedItems: [], // sap.ui.ux3.NavigationItem\n\tvalidationSuccess: [function (oEvent) {\n\t\tvar control = oEvent.getSource();\n\t}, this],\n\tvalidationError: [function (oEvent) {\n\t\tvar control = oEvent.getSource();\n\t}, this],\n\tparseError: [function (oEvent) {\n\t\tvar control = oEvent.getSource();\n\t}, this],\n\tformatError: [function (oEvent) {\n\t\tvar control = oEvent.getSource();\n\t}, this],\n\tvalidateFieldGroup: [function (oEvent) {\n\t\tvar control = oEvent.getSource();\n\t}, this],\n\tselect: [function (oEvent) {\n\t\tvar control = oEvent.getSource();\n\t}, this]\n})\n","Deprecated":false,"helpDescription":"Provides enhanced navigation capabilities and is the parent control of NavigationItem. It is displayed in the form of a horizontal line\nwith switching markers depending on the currently selected item. The size of an item which is currently chosen by the user is enlarged. In the case\nthat a large number of items are defined for the bar, this is made transparent to the user by showing symbols for scrolling options (forwards and backwards)\nto see the next or previous items.","description":"NavigationBar in sap.ui.ux3","Experimental":false,"prefix":"NavigationBar","name":"sap.ui.ux3.NavigationBar"},{"template":"new sap.ui.ux3.NavigationItem({\n\tid: \"${id}\", // sap.ui.core.ID\n\ttext: \"\", // string\n\tenabled: true, // boolean\n\ttextDirection: sap.ui.core.TextDirection.Inherit, // sap.ui.core.TextDirection\n\tkey: \"\", // string\n\tvisible: true, // boolean, since 1.9.0\n\thref: \"\", // sap.ui.core.URI\n\ttooltip: \"\", // sap.ui.core.TooltipBase\n\tcustomData: [], // sap.ui.core.CustomData\n\tlayoutData: \"\", // sap.ui.core.LayoutData\n\tdependents: [], // sap.ui.core.Control, since 1.19\n\tsubItems: [], // sap.ui.ux3.NavigationItem\n\tvalidationSuccess: [function (oEvent) {\n\t\tvar control = oEvent.getSource();\n\t}, this],\n\tvalidationError: [function (oEvent) {\n\t\tvar control = oEvent.getSource();\n\t}, this],\n\tparseError: [function (oEvent) {\n\t\tvar control = oEvent.getSource();\n\t}, this],\n\tformatError: [function (oEvent) {\n\t\tvar control = oEvent.getSource();\n\t}, this]\n})\n","Deprecated":false,"helpDescription":"Is the item to be used within the NavigationBar","description":"NavigationItem in sap.ui.ux3","Experimental":false,"prefix":"NavigationItem","name":"sap.ui.ux3.NavigationItem"},{"template":"new sap.ui.ux3.NotificationBar({\n\tid: \"${id}\", // sap.ui.core.ID\n\tbusy: false, // boolean\n\tbusyIndicatorDelay: 1000, // int\n\tvisible: true, // boolean\n\tfieldGroupIds: string[].[], // string[], since 1.31\n\tvisibleStatus: sap.ui.ux3.NotificationBarStatus.Default, // sap.ui.ux3.NotificationBarStatus\n\tresizeEnabled: true, // boolean\n\talwaysShowToggler: false, // boolean\n\ttooltip: \"\", // sap.ui.core.TooltipBase\n\tcustomData: [], // sap.ui.core.CustomData\n\tlayoutData: \"\", // sap.ui.core.LayoutData\n\tdependents: [], // sap.ui.core.Control, since 1.19\n\tmessageNotifier: \"\", // sap.ui.core.Element\n\tnotifiers: [], // sap.ui.core.Element\n\tvalidationSuccess: [function (oEvent) {\n\t\tvar control = oEvent.getSource();\n\t}, this],\n\tvalidationError: [function (oEvent) {\n\t\tvar control = oEvent.getSource();\n\t}, this],\n\tparseError: [function (oEvent) {\n\t\tvar control = oEvent.getSource();\n\t}, this],\n\tformatError: [function (oEvent) {\n\t\tvar control = oEvent.getSource();\n\t}, this],\n\tvalidateFieldGroup: [function (oEvent) {\n\t\tvar control = oEvent.getSource();\n\t}, this],\n\tdisplay: [function (oEvent) {\n\t\tvar control = oEvent.getSource();\n\t}, this],\n\tresize: [function (oEvent) {\n\t\tvar control = oEvent.getSource();\n\t}, this] // since 1.12.2\n})\n","Deprecated":false,"helpDescription":"A NotificationBar is a \"toolbar\" that can be added to a page to show messages and notifications from the application.\nIts position, height and width is inherited from the element that the notification bar is added to.","description":"NotificationBar in sap.ui.ux3","Experimental":false,"prefix":"NotificationBar","name":"sap.ui.ux3.NotificationBar"},{"template":"new sap.ui.ux3.Notifier({\n\tid: \"${id}\", // sap.ui.core.ID\n\ticon: \"\", // sap.ui.core.URI\n\ttitle: \"\", // string\n\ttooltip: \"\", // sap.ui.core.TooltipBase\n\tcustomData: [], // sap.ui.core.CustomData\n\tlayoutData: \"\", // sap.ui.core.LayoutData\n\tdependents: [], // sap.ui.core.Control, since 1.19\n\tmessages: [], // sap.ui.core.Message\n\tviews: [], // sap.ui.core.Control\n\tvalidationSuccess: [function (oEvent) {\n\t\tvar control = oEvent.getSource();\n\t}, this],\n\tvalidationError: [function (oEvent) {\n\t\tvar control = oEvent.getSource();\n\t}, this],\n\tparseError: [function (oEvent) {\n\t\tvar control = oEvent.getSource();\n\t}, this],\n\tformatError: [function (oEvent) {\n\t\tvar control = oEvent.getSource();\n\t}, this],\n\tmessageSelected: [function (oEvent) {\n\t\tvar control = oEvent.getSource();\n\t}, this]\n})\n","Deprecated":false,"helpDescription":"This element can be docked to a notification bar to show notification items","description":"Notifier in sap.ui.ux3","Experimental":false,"prefix":"Notifier","name":"sap.ui.ux3.Notifier"},{"template":"new sap.ui.ux3.Overlay({\n\tid: \"${id}\", // sap.ui.core.ID\n\tbusy: false, // boolean\n\tbusyIndicatorDelay: 1000, // int\n\tvisible: true, // boolean\n\tfieldGroupIds: string[].[], // string[], since 1.31\n\topenButtonVisible: true, // boolean\n\tcloseButtonVisible: true, // boolean\n\ttooltip: \"\", // sap.ui.core.TooltipBase\n\tcustomData: [], // sap.ui.core.CustomData\n\tlayoutData: \"\", // sap.ui.core.LayoutData\n\tdependents: [], // sap.ui.core.Control, since 1.19\n\tvalidationSuccess: [function (oEvent) {\n\t\tvar control = oEvent.getSource();\n\t}, this],\n\tvalidationError: [function (oEvent) {\n\t\tvar control = oEvent.getSource();\n\t}, this],\n\tparseError: [function (oEvent) {\n\t\tvar control = oEvent.getSource();\n\t}, this],\n\tformatError: [function (oEvent) {\n\t\tvar control = oEvent.getSource();\n\t}, this],\n\tvalidateFieldGroup: [function (oEvent) {\n\t\tvar control = oEvent.getSource();\n\t}, this],\n\tclose: [function (oEvent) {\n\t\tvar control = oEvent.getSource();\n\t}, this],\n\tclosed: [function (oEvent) {\n\t\tvar control = oEvent.getSource();\n\t}, this],\n\topenNew: [function (oEvent) {\n\t\tvar control = oEvent.getSource();\n\t}, this],\n\topen: [function (oEvent) {\n\t\tvar control = oEvent.getSource();\n\t}, this]\n})\n","Deprecated":false,"helpDescription":"Overlay Control","description":"Overlay in sap.ui.ux3","Experimental":false,"prefix":"Overlay","name":"sap.ui.ux3.Overlay"},{"template":"new sap.ui.ux3.OverlayContainer({\n\tid: \"${id}\", // sap.ui.core.ID\n\tbusy: false, // boolean\n\tbusyIndicatorDelay: 1000, // int\n\tvisible: true, // boolean\n\tfieldGroupIds: string[].[], // string[], since 1.31\n\topenButtonVisible: true, // boolean\n\tcloseButtonVisible: true, // boolean\n\ttooltip: \"\", // sap.ui.core.TooltipBase\n\tcustomData: [], // sap.ui.core.CustomData\n\tlayoutData: \"\", // sap.ui.core.LayoutData\n\tdependents: [], // sap.ui.core.Control, since 1.19\n\tcontent: [], // sap.ui.core.Control\n\tvalidationSuccess: [function (oEvent) {\n\t\tvar control = oEvent.getSource();\n\t}, this],\n\tvalidationError: [function (oEvent) {\n\t\tvar control = oEvent.getSource();\n\t}, this],\n\tparseError: [function (oEvent) {\n\t\tvar control = oEvent.getSource();\n\t}, this],\n\tformatError: [function (oEvent) {\n\t\tvar control = oEvent.getSource();\n\t}, this],\n\tvalidateFieldGroup: [function (oEvent) {\n\t\tvar control = oEvent.getSource();\n\t}, this],\n\tclose: [function (oEvent) {\n\t\tvar control = oEvent.getSource();\n\t}, this],\n\tclosed: [function (oEvent) {\n\t\tvar control = oEvent.getSource();\n\t}, this],\n\topenNew: [function (oEvent) {\n\t\tvar control = oEvent.getSource();\n\t}, this],\n\topen: [function (oEvent) {\n\t\tvar control = oEvent.getSource();\n\t}, this]\n})\n","Deprecated":false,"helpDescription":"Is to be embedded into the Overlay control as content container","description":"OverlayContainer in sap.ui.ux3","Experimental":false,"prefix":"OverlayContainer","name":"sap.ui.ux3.OverlayContainer"},{"template":"new sap.ui.ux3.OverlayDialog({\n\tid: \"${id}\", // sap.ui.core.ID\n\tbusy: false, // boolean\n\tbusyIndicatorDelay: 1000, // int\n\tvisible: true, // boolean\n\tfieldGroupIds: string[].[], // string[], since 1.31\n\topenButtonVisible: true, // boolean\n\tcloseButtonVisible: true, // boolean\n\twidth: \"auto\", // sap.ui.core.CSSSize\n\theight: \"auto\", // sap.ui.core.CSSSize\n\ttooltip: \"\", // sap.ui.core.TooltipBase\n\tcustomData: [], // sap.ui.core.CustomData\n\tlayoutData: \"\", // sap.ui.core.LayoutData\n\tdependents: [], // sap.ui.core.Control, since 1.19\n\tcontent: [], // sap.ui.core.Control\n\tvalidationSuccess: [function (oEvent) {\n\t\tvar control = oEvent.getSource();\n\t}, this],\n\tvalidationError: [function (oEvent) {\n\t\tvar control = oEvent.getSource();\n\t}, this],\n\tparseError: [function (oEvent) {\n\t\tvar control = oEvent.getSource();\n\t}, this],\n\tformatError: [function (oEvent) {\n\t\tvar control = oEvent.getSource();\n\t}, this],\n\tvalidateFieldGroup: [function (oEvent) {\n\t\tvar control = oEvent.getSource();\n\t}, this],\n\tclose: [function (oEvent) {\n\t\tvar control = oEvent.getSource();\n\t}, this],\n\tclosed: [function (oEvent) {\n\t\tvar control = oEvent.getSource();\n\t}, this],\n\topenNew: [function (oEvent) {\n\t\tvar control = oEvent.getSource();\n\t}, this],\n\topen: [function (oEvent) {\n\t\tvar control = oEvent.getSource();\n\t}, this]\n})\n","Deprecated":false,"helpDescription":"Dialog implementation based on the Overlay. If used in a Shell it leaves the Tool-Palette, Pane-Bar and Header-Items accessible.","description":"OverlayDialog in sap.ui.ux3","Experimental":false,"prefix":"OverlayDialog","name":"sap.ui.ux3.OverlayDialog"},{"template":"new sap.ui.ux3.QuickView({\n\tid: \"${id}\", // sap.ui.core.ID\n\tbusy: false, // boolean\n\tbusyIndicatorDelay: 1000, // int\n\tvisible: true, // boolean\n\tfieldGroupIds: string[].[], // string[], since 1.31\n\ttext: \"\", // string\n\topenDuration: 200, // int\n\tcloseDuration: 200, // int\n\tmyPosition: sap.ui.core.Dock.begin top, // sap.ui.core.Dock\n\tatPosition: sap.ui.core.Dock.begin bottom, // sap.ui.core.Dock\n\toffset: 10 3, // string\n\tcollision: sap.ui.core.Collision.flip, // sap.ui.core.Collision\n\topenDelay: 500, // int\n\tcloseDelay: 100, // int\n\ttype: \"\", // string\n\tfirstTitle: \"\", // string\n\tfirstTitleHref: \"\", // string\n\tsecondTitle: \"\", // string\n\ticon: \"\", // sap.ui.core.URI\n\twidth: \"\", // sap.ui.core.CSSSize\n\tshowActionBar: true, // boolean\n\tfollowState: sap.ui.ux3.FollowActionState.Default, // sap.ui.ux3.FollowActionState\n\tflagState: false, // boolean\n\tfavoriteState: false, // boolean\n\tfavoriteActionEnabled: true, // boolean\n\tupdateActionEnabled: true, // boolean\n\tfollowActionEnabled: true, // boolean\n\tflagActionEnabled: true, // boolean\n\topenActionEnabled: true, // boolean\n\ttooltip: \"\", // sap.ui.core.TooltipBase\n\tcustomData: [], // sap.ui.core.CustomData\n\tlayoutData: \"\", // sap.ui.core.LayoutData\n\tdependents: [], // sap.ui.core.Control, since 1.19\n\tcontent: [], // sap.ui.core.Element\n\tactions: [], // sap.ui.ux3.ThingAction\n\tactionBar: \"\", // sap.ui.ux3.ActionBar\n\tvalidationSuccess: [function (oEvent) {\n\t\tvar control = oEvent.getSource();\n\t}, this],\n\tvalidationError: [function (oEvent) {\n\t\tvar control = oEvent.getSource();\n\t}, this],\n\tparseError: [function (oEvent) {\n\t\tvar control = oEvent.getSource();\n\t}, this],\n\tformatError: [function (oEvent) {\n\t\tvar control = oEvent.getSource();\n\t}, this],\n\tvalidateFieldGroup: [function (oEvent) {\n\t\tvar control = oEvent.getSource();\n\t}, this],\n\tclosed: [function (oEvent) {\n\t\tvar control = oEvent.getSource();\n\t}, this], // since 1.11.0\n\topen: [function (oEvent) {\n\t\tvar control = oEvent.getSource();\n\t}, this],\n\tclose: [function (oEvent) {\n\t\tvar control = oEvent.getSource();\n\t}, this],\n\tbeforeOpen: [function (oEvent) {\n\t\tvar control = oEvent.getSource();\n\t}, this],\n\topened: [function (oEvent) {\n\t\tvar control = oEvent.getSource();\n\t}, this], // since 1.11.0\n\tactionSelected: [function (oEvent) {\n\t\tvar control = oEvent.getSource();\n\t}, this],\n\tfeedSubmit: [function (oEvent) {\n\t\tvar control = oEvent.getSource();\n\t}, this],\n\tnavigate: [function (oEvent) {\n\t\tvar control = oEvent.getSource();\n\t}, this]\n})\n","Deprecated":false,"helpDescription":"QuickView is a small popup with a short overview of a Thing.\nQuickView is shown when a user holds the mouse pointer over a related screen element.","description":"QuickView in sap.ui.ux3","Experimental":false,"prefix":"QuickView","name":"sap.ui.ux3.QuickView"},{"template":"new sap.ui.ux3.Shell({\n\tid: \"${id}\", // sap.ui.core.ID\n\tbusy: false, // boolean\n\tbusyIndicatorDelay: 1000, // int\n\tvisible: true, // boolean\n\tfieldGroupIds: string[].[], // string[], since 1.31\n\tappTitle: \"\", // string\n\tappIcon: \"\", // sap.ui.core.URI\n\tappIconTooltip: \"\", // string\n\tshowLogoutButton: true, // boolean\n\tlogoutButtonTooltip: \"\", // string, since 1.9.0\n\tshowSearchTool: true, // boolean\n\tshowInspectorTool: false, // boolean\n\tshowFeederTool: true, // boolean\n\tshowTools: true, // boolean\n\tshowPane: true, // boolean\n\theaderType: sap.ui.ux3.ShellHeaderType.Standard, // sap.ui.ux3.ShellHeaderType\n\tdesignType: sap.ui.ux3.ShellDesignType.Standard, // sap.ui.ux3.ShellDesignType, since 1.12.0\n\tpaneWidth: 250, // int\n\tapplyContentPadding: true, // boolean, since 1.9.0\n\tfullHeightContent: false, // boolean, since 1.9.0\n\tallowOverlayHeaderAccess: false, // boolean, since 1.14.0\n\ttooltip: \"\", // sap.ui.core.TooltipBase\n\tcustomData: [], // sap.ui.core.CustomData\n\tlayoutData: \"\", // sap.ui.core.LayoutData\n\tdependents: [], // sap.ui.core.Control, since 1.19\n\tworksetItems: [], // sap.ui.ux3.NavigationItem\n\tpaneBarItems: [], // sap.ui.core.Item\n\tpaneContent: [], // sap.ui.core.Control\n\tcontent: [], // sap.ui.core.Control\n\ttoolPopups: [], // sap.ui.ux3.ToolPopup\n\theaderItems: [], // sap.ui.core.Control\n\tnotificationBar: \"\", // sap.ui.ux3.NotificationBar, since 1.7.0\n\t_paneOverflowMenu: \"\", // sap.ui.commons.Menu, since 1.14.0\n\tselectedWorksetItem: \"\", // sap.ui.ux3.NavigationItem\n\tvalidationSuccess: [function (oEvent) {\n\t\tvar control = oEvent.getSource();\n\t}, this],\n\tvalidationError: [function (oEvent) {\n\t\tvar control = oEvent.getSource();\n\t}, this],\n\tparseError: [function (oEvent) {\n\t\tvar control = oEvent.getSource();\n\t}, this],\n\tformatError: [function (oEvent) {\n\t\tvar control = oEvent.getSource();\n\t}, this],\n\tvalidateFieldGroup: [function (oEvent) {\n\t\tvar control = oEvent.getSource();\n\t}, this],\n\tworksetItemSelected: [function (oEvent) {\n\t\tvar control = oEvent.getSource();\n\t}, this],\n\tpaneBarItemSelected: [function (oEvent) {\n\t\tvar control = oEvent.getSource();\n\t}, this],\n\tlogout: [function (oEvent) {\n\t\tvar control = oEvent.getSource();\n\t}, this],\n\tsearch: [function (oEvent) {\n\t\tvar control = oEvent.getSource();\n\t}, this],\n\tfeedSubmit: [function (oEvent) {\n\t\tvar control = oEvent.getSource();\n\t}, this],\n\tpaneClosed: [function (oEvent) {\n\t\tvar control = oEvent.getSource();\n\t}, this] // since 1.12.0\n})\n","Deprecated":false,"helpDescription":"The Ux3 GoldReflection Shell, which is an application frame with navigation capabilities.\nIt is supposed to be added to a direct child of the BODY tag of a page and there should be no other parts of the page consuming space outside the Shell.","description":"Shell in sap.ui.ux3","Experimental":false,"prefix":"Shell","name":"sap.ui.ux3.Shell"},{"template":"new sap.ui.ux3.ThingAction({\n\tid: \"${id}\", // sap.ui.core.ID\n\ttext: \"\", // string\n\tenabled: true, // boolean\n\ttooltip: \"\", // sap.ui.core.TooltipBase\n\tcustomData: [], // sap.ui.core.CustomData\n\tlayoutData: \"\", // sap.ui.core.LayoutData\n\tdependents: [], // sap.ui.core.Control, since 1.19\n\tvalidationSuccess: [function (oEvent) {\n\t\tvar control = oEvent.getSource();\n\t}, this],\n\tvalidationError: [function (oEvent) {\n\t\tvar control = oEvent.getSource();\n\t}, this],\n\tparseError: [function (oEvent) {\n\t\tvar control = oEvent.getSource();\n\t}, this],\n\tformatError: [function (oEvent) {\n\t\tvar control = oEvent.getSource();\n\t}, this],\n\tselect: [function (oEvent) {\n\t\tvar control = oEvent.getSource();\n\t}, this]\n})\n","Deprecated":false,"helpDescription":"Thing Action for Swatch, QuickView, Thinginspector","description":"ThingAction in sap.ui.ux3","Experimental":false,"prefix":"ThingAction","name":"sap.ui.ux3.ThingAction"},{"template":"new sap.ui.ux3.ThingGroup({\n\tid: \"${id}\", // sap.ui.core.ID\n\ttitle: \"\", // string\n\tcolspan: false, // boolean\n\ttooltip: \"\", // sap.ui.core.TooltipBase\n\tcustomData: [], // sap.ui.core.CustomData\n\tlayoutData: \"\", // sap.ui.core.LayoutData\n\tdependents: [], // sap.ui.core.Control, since 1.19\n\tcontent: [], // sap.ui.core.Control\n\tactions: [], // sap.ui.ux3.ThingGroup\n\tvalidationSuccess: [function (oEvent) {\n\t\tvar control = oEvent.getSource();\n\t}, this],\n\tvalidationError: [function (oEvent) {\n\t\tvar control = oEvent.getSource();\n\t}, this],\n\tparseError: [function (oEvent) {\n\t\tvar control = oEvent.getSource();\n\t}, this],\n\tformatError: [function (oEvent) {\n\t\tvar control = oEvent.getSource();\n\t}, this]\n})\n","Deprecated":false,"helpDescription":"Thing Group Area","description":"ThingGroup in sap.ui.ux3","Experimental":false,"prefix":"ThingGroup","name":"sap.ui.ux3.ThingGroup"},{"template":"new sap.ui.ux3.ThingInspector({\n\tid: \"${id}\", // sap.ui.core.ID\n\tbusy: false, // boolean\n\tbusyIndicatorDelay: 1000, // int\n\tvisible: true, // boolean\n\tfieldGroupIds: string[].[], // string[], since 1.31\n\topenButtonVisible: true, // boolean\n\tcloseButtonVisible: true, // boolean\n\tfirstTitle: \"\", // string\n\ttype: \"\", // string\n\ticon: \"\", // sap.ui.core.URI\n\tsecondTitle: \"\", // string\n\tfollowState: sap.ui.ux3.FollowActionState.Default, // sap.ui.ux3.FollowActionState\n\tflagState: false, // boolean\n\tfavoriteState: false, // boolean\n\tfavoriteActionEnabled: true, // boolean\n\tupdateActionEnabled: true, // boolean\n\tfollowActionEnabled: true, // boolean\n\tflagActionEnabled: true, // boolean\n\theaderType: sap.ui.ux3.ThingViewerHeaderType.Standard, // sap.ui.ux3.ThingViewerHeaderType, since 1.16.3\n\ttooltip: \"\", // sap.ui.core.TooltipBase\n\tcustomData: [], // sap.ui.core.CustomData\n\tlayoutData: \"\", // sap.ui.core.LayoutData\n\tdependents: [], // sap.ui.core.Control, since 1.19\n\tactions: [], // sap.ui.ux3.ThingAction\n\theaderContent: [], // sap.ui.ux3.ThingGroup\n\tfacets: [], // sap.ui.ux3.NavigationItem\n\tfacetContent: [], // sap.ui.ux3.ThingGroup\n\tactionBar: \"\", // sap.ui.ux3.ActionBar\n\tthingViewer: \"\", // sap.ui.ux3.ThingViewer\n\tselectedFacet: \"\", // sap.ui.ux3.NavigationItem\n\tvalidationSuccess: [function (oEvent) {\n\t\tvar control = oEvent.getSource();\n\t}, this],\n\tvalidationError: [function (oEvent) {\n\t\tvar control = oEvent.getSource();\n\t}, this],\n\tparseError: [function (oEvent) {\n\t\tvar control = oEvent.getSource();\n\t}, this],\n\tformatError: [function (oEvent) {\n\t\tvar control = oEvent.getSource();\n\t}, this],\n\tvalidateFieldGroup: [function (oEvent) {\n\t\tvar control = oEvent.getSource();\n\t}, this],\n\tclose: [function (oEvent) {\n\t\tvar control = oEvent.getSource();\n\t}, this],\n\tclosed: [function (oEvent) {\n\t\tvar control = oEvent.getSource();\n\t}, this],\n\topenNew: [function (oEvent) {\n\t\tvar control = oEvent.getSource();\n\t}, this],\n\topen: [function (oEvent) {\n\t\tvar control = oEvent.getSource();\n\t}, this],\n\tactionSelected: [function (oEvent) {\n\t\tvar control = oEvent.getSource();\n\t}, this],\n\tfacetSelected: [function (oEvent) {\n\t\tvar control = oEvent.getSource();\n\t}, this],\n\tfeedSubmit: [function (oEvent) {\n\t\tvar control = oEvent.getSource();\n\t}, this]\n})\n","Deprecated":false,"helpDescription":"Thing Inspector","description":"ThingInspector in sap.ui.ux3","Experimental":false,"prefix":"ThingInspector","name":"sap.ui.ux3.ThingInspector"},{"template":"new sap.ui.ux3.ThingViewer({\n\tid: \"${id}\", // sap.ui.core.ID\n\tbusy: false, // boolean\n\tbusyIndicatorDelay: 1000, // int\n\tvisible: true, // boolean\n\tfieldGroupIds: string[].[], // string[], since 1.31\n\ttitle: \"\", // string\n\ttype: \"\", // string\n\ticon: \"\", // sap.ui.core.URI\n\tsubtitle: \"\", // string\n\twidth: \"100%\", // sap.ui.core.CSSSize\n\theight: \"100%\", // sap.ui.core.CSSSize\n\theaderType: sap.ui.ux3.ThingViewerHeaderType.Standard, // sap.ui.ux3.ThingViewerHeaderType, since 1.16.3\n\ttooltip: \"\", // sap.ui.core.TooltipBase\n\tcustomData: [], // sap.ui.core.CustomData\n\tlayoutData: \"\", // sap.ui.core.LayoutData\n\tdependents: [], // sap.ui.core.Control, since 1.19\n\theaderContent: [], // sap.ui.ux3.ThingGroup\n\tfacets: [], // sap.ui.ux3.NavigationItem\n\tfacetContent: [], // sap.ui.ux3.ThingGroup\n\tactionBar: \"\", // sap.ui.ux3.ActionBar\n\tnavBar: \"\", // sap.ui.ux3.NavigationBar\n\tselectedFacet: \"\", // sap.ui.ux3.NavigationItem\n\tvalidationSuccess: [function (oEvent) {\n\t\tvar control = oEvent.getSource();\n\t}, this],\n\tvalidationError: [function (oEvent) {\n\t\tvar control = oEvent.getSource();\n\t}, this],\n\tparseError: [function (oEvent) {\n\t\tvar control = oEvent.getSource();\n\t}, this],\n\tformatError: [function (oEvent) {\n\t\tvar control = oEvent.getSource();\n\t}, this],\n\tvalidateFieldGroup: [function (oEvent) {\n\t\tvar control = oEvent.getSource();\n\t}, this],\n\tfacetSelected: [function (oEvent) {\n\t\tvar control = oEvent.getSource();\n\t}, this]\n})\n","Deprecated":false,"helpDescription":"ThingViewer: Same as ThingInspector but decoupled from the Overlay and the ActionBar.\nThe control can be added to a Parent container that has a defined width. The ThingViewer fill the whole container. If the parent container has no width defined the control will not work properly.","description":"ThingViewer in sap.ui.ux3","Experimental":false,"prefix":"ThingViewer","name":"sap.ui.ux3.ThingViewer"},{"template":"new sap.ui.ux3.ToolPopup({\n\tid: \"${id}\", // sap.ui.core.ID\n\tbusy: false, // boolean\n\tbusyIndicatorDelay: 1000, // int\n\tvisible: true, // boolean\n\tfieldGroupIds: string[].[], // string[], since 1.31\n\ttitle: \"\", // string\n\ticon: \"\", // sap.ui.core.URI\n\ticonHover: \"\", // sap.ui.core.URI\n\ticonSelected: \"\", // sap.ui.core.URI\n\tmodal: false, // boolean\n\tinverted: true, // boolean, since 1.11.1\n\tautoClose: false, // boolean, since 1.13.2\n\tmaxHeight: \"\", // sap.ui.core.CSSSize, since 1.13.2\n\tmaxWidth: \"\", // sap.ui.core.CSSSize, since 1.15.0\n\topenDuration: 400, // int, since 1.19.0\n\tcloseDuration: 400, // int, since 1.19.0\n\ttooltip: \"\", // sap.ui.core.TooltipBase\n\tcustomData: [], // sap.ui.core.CustomData\n\tlayoutData: \"\", // sap.ui.core.LayoutData\n\tdependents: [], // sap.ui.core.Control, since 1.19\n\tbuttons: [], // sap.ui.core.Control\n\tcontent: [], // sap.ui.core.Control\n\tinitialFocus: \"\", // sap.ui.core.Control\n\topener: \"\", // sap.ui.core.Control\n\tdefaultButton: \"\", // sap.ui.core.Control, since 1.20.1\n\tvalidationSuccess: [function (oEvent) {\n\t\tvar control = oEvent.getSource();\n\t}, this],\n\tvalidationError: [function (oEvent) {\n\t\tvar control = oEvent.getSource();\n\t}, this],\n\tparseError: [function (oEvent) {\n\t\tvar control = oEvent.getSource();\n\t}, this],\n\tformatError: [function (oEvent) {\n\t\tvar control = oEvent.getSource();\n\t}, this],\n\tvalidateFieldGroup: [function (oEvent) {\n\t\tvar control = oEvent.getSource();\n\t}, this],\n\topen: [function (oEvent) {\n\t\tvar control = oEvent.getSource();\n\t}, this],\n\tclose: [function (oEvent) {\n\t\tvar control = oEvent.getSource();\n\t}, this],\n\tenter: [function (oEvent) {\n\t\tvar control = oEvent.getSource();\n\t}, this],\n\ticonChanged: [function (oEvent) {\n\t\tvar control = oEvent.getSource();\n\t}, this],\n\tclosed: [function (oEvent) {\n\t\tvar control = oEvent.getSource();\n\t}, this],\n\topened: [function (oEvent) {\n\t\tvar control = oEvent.getSource();\n\t}, this] // since 1.19.0\n})\n","Deprecated":false,"helpDescription":"A popup which the user can open from the Shell's tool pane. Generally, the starting point would be an icon.\nFor this pop up, buttons can be defined with any text; therefore, it has the same purpose\nand similar look like any common dialog box.\nA ToolPopup can have any content. Depending on the application type and design, the structure\nof the texts and input fields can be for example form-like.","description":"ToolPopup in sap.ui.ux3","Experimental":false,"prefix":"ToolPopup","name":"sap.ui.ux3.ToolPopup"}]}