{"Templates":[{"template":"new sap.ui.unified.Calendar({\n\tid: \"${id}\", // sap.ui.core.ID\n\tbusy: false, // boolean\n\tbusyIndicatorDelay: 1000, // int\n\tvisible: true, // boolean\n\tfieldGroupIds: string[].[], // string[], since 1.31\n\tintervalSelection: false, // boolean\n\tsingleSelection: true, // boolean\n\tmonths: 1, // int, since 1.28.0\n\tfirstDayOfWeek: -1, // int, since 1.28.9\n\tnonWorkingDays: \"\", // int[], since 1.28.9\n\ttooltip: \"\", // sap.ui.core.TooltipBase\n\tcustomData: [], // sap.ui.core.CustomData\n\tlayoutData: \"\", // sap.ui.core.LayoutData\n\tdependents: [], // sap.ui.core.Control, since 1.19\n\tselectedDates: [], // sap.ui.unified.DateRange\n\tspecialDates: [], // sap.ui.unified.DateTypeRange, since 1.24.0\n\theader: \"\", // sap.ui.unified.calendar.Header\n\tmonth: [], // sap.ui.unified.calendar.Month\n\tmonthPicker: \"\", // sap.ui.unified.calendar.MonthPicker\n\tyearPicker: \"\", // sap.ui.unified.calendar.YearPicker\n\tariaLabelledBy: [], // sap.ui.core.Control, since 1.28.0\n\tvalidationSuccess: [function (oEvent) {\n\t\tvar control = oEvent.getSource();\n\t}, this],\n\tvalidationError: [function (oEvent) {\n\t\tvar control = oEvent.getSource();\n\t}, this],\n\tparseError: [function (oEvent) {\n\t\tvar control = oEvent.getSource();\n\t}, this],\n\tformatError: [function (oEvent) {\n\t\tvar control = oEvent.getSource();\n\t}, this],\n\tvalidateFieldGroup: [function (oEvent) {\n\t\tvar control = oEvent.getSource();\n\t}, this],\n\tselect: [function (oEvent) {\n\t\tvar control = oEvent.getSource();\n\t}, this],\n\tcancel: [function (oEvent) {\n\t\tvar control = oEvent.getSource();\n\t}, this]\n})\n","Deprecated":false,"helpDescription":"Basic Calendar.\nThis calendar is used for DatePickers","description":"Calendar in sap.ui.unified","Experimental":false,"prefix":"Calendar","name":"sap.ui.unified.Calendar"},{"template":"new sap.ui.unified.CalendarDateInterval({\n\tid: \"${id}\", // sap.ui.core.ID\n\tbusy: false, // boolean\n\tbusyIndicatorDelay: 1000, // int\n\tvisible: true, // boolean\n\tfieldGroupIds: string[].[], // string[], since 1.31\n\tintervalSelection: false, // boolean\n\tsingleSelection: true, // boolean\n\tmonths: 1, // int, since 1.28.0\n\tfirstDayOfWeek: -1, // int, since 1.28.9\n\tnonWorkingDays: \"\", // int[], since 1.28.9\n\tstartDate: \"\", // object\n\tdays: 7, // int\n\twidth: \"\", // sap.ui.core.CSSSize\n\ttooltip: \"\", // sap.ui.core.TooltipBase\n\tcustomData: [], // sap.ui.core.CustomData\n\tlayoutData: \"\", // sap.ui.core.LayoutData\n\tdependents: [], // sap.ui.core.Control, since 1.19\n\tselectedDates: [], // sap.ui.unified.DateRange\n\tspecialDates: [], // sap.ui.unified.DateTypeRange, since 1.24.0\n\theader: \"\", // sap.ui.unified.calendar.Header\n\tmonth: [], // sap.ui.unified.calendar.Month\n\tmonthPicker: \"\", // sap.ui.unified.calendar.MonthPicker\n\tyearPicker: \"\", // sap.ui.unified.calendar.YearPicker\n\tariaLabelledBy: [], // sap.ui.core.Control, since 1.28.0\n\tvalidationSuccess: [function (oEvent) {\n\t\tvar control = oEvent.getSource();\n\t}, this],\n\tvalidationError: [function (oEvent) {\n\t\tvar control = oEvent.getSource();\n\t}, this],\n\tparseError: [function (oEvent) {\n\t\tvar control = oEvent.getSource();\n\t}, this],\n\tformatError: [function (oEvent) {\n\t\tvar control = oEvent.getSource();\n\t}, this],\n\tvalidateFieldGroup: [function (oEvent) {\n\t\tvar control = oEvent.getSource();\n\t}, this],\n\tselect: [function (oEvent) {\n\t\tvar control = oEvent.getSource();\n\t}, this],\n\tcancel: [function (oEvent) {\n\t\tvar control = oEvent.getSource();\n\t}, this]\n})\n","Deprecated":false,"helpDescription":"Calendar with dates displayed in one line.","description":"CalendarDateInterval in sap.ui.unified","Experimental":false,"prefix":"CalendarDateInterval","name":"sap.ui.unified.CalendarDateInterval"},{"template":"new sap.ui.unified.CalendarLegend({\n\tid: \"${id}\", // sap.ui.core.ID\n\tbusy: false, // boolean\n\tbusyIndicatorDelay: 1000, // int\n\tvisible: true, // boolean\n\tfieldGroupIds: string[].[], // string[], since 1.31\n\tcolumnWidth: \"120px\", // sap.ui.core.CSSSize\n\ttooltip: \"\", // sap.ui.core.TooltipBase\n\tcustomData: [], // sap.ui.core.CustomData\n\tlayoutData: \"\", // sap.ui.core.LayoutData\n\tdependents: [], // sap.ui.core.Control, since 1.19\n\titems: [], // sap.ui.unified.CalendarLegendItem\n\tstandardItems: [], // sap.ui.unified.CalendarLegendItem\n\tvalidationSuccess: [function (oEvent) {\n\t\tvar control = oEvent.getSource();\n\t}, this],\n\tvalidationError: [function (oEvent) {\n\t\tvar control = oEvent.getSource();\n\t}, this],\n\tparseError: [function (oEvent) {\n\t\tvar control = oEvent.getSource();\n\t}, this],\n\tformatError: [function (oEvent) {\n\t\tvar control = oEvent.getSource();\n\t}, this],\n\tvalidateFieldGroup: [function (oEvent) {\n\t\tvar control = oEvent.getSource();\n\t}, this]\n})\n","Deprecated":false,"helpDescription":"A legend for the Calendar Control. Displays special dates colors with their corresponding description. The aggregation specialDates can be set herefor.","description":"CalendarLegend in sap.ui.unified","Experimental":false,"prefix":"CalendarLegend","name":"sap.ui.unified.CalendarLegend"},{"template":"new sap.ui.unified.CalendarLegendItem({\n\tid: \"${id}\", // sap.ui.core.ID\n\ttext: \"\", // string\n\ttype: sap.ui.unified.CalendarDayType.None, // sap.ui.unified.CalendarDayType, since 1.28.9\n\ttooltip: \"\", // sap.ui.core.TooltipBase\n\tcustomData: [], // sap.ui.core.CustomData\n\tlayoutData: \"\", // sap.ui.core.LayoutData\n\tdependents: [], // sap.ui.core.Control, since 1.19\n\tvalidationSuccess: [function (oEvent) {\n\t\tvar control = oEvent.getSource();\n\t}, this],\n\tvalidationError: [function (oEvent) {\n\t\tvar control = oEvent.getSource();\n\t}, this],\n\tparseError: [function (oEvent) {\n\t\tvar control = oEvent.getSource();\n\t}, this],\n\tformatError: [function (oEvent) {\n\t\tvar control = oEvent.getSource();\n\t}, this]\n})\n","Deprecated":false,"helpDescription":"Item to be displayed in a CalendarLegend.","description":"CalendarLegendItem in sap.ui.unified","Experimental":false,"prefix":"CalendarLegendItem","name":"sap.ui.unified.CalendarLegendItem"},{"template":"new sap.ui.unified.CalendarMonthInterval({\n\tid: \"${id}\", // sap.ui.core.ID\n\tbusy: false, // boolean\n\tbusyIndicatorDelay: 1000, // int\n\tvisible: true, // boolean\n\tfieldGroupIds: string[].[], // string[], since 1.31\n\twidth: \"\", // sap.ui.core.CSSSize\n\tstartDate: \"\", // object\n\tintervalSelection: false, // boolean\n\tsingleSelection: true, // boolean\n\tmonths: 12, // int\n\ttooltip: \"\", // sap.ui.core.TooltipBase\n\tcustomData: [], // sap.ui.core.CustomData\n\tlayoutData: \"\", // sap.ui.core.LayoutData\n\tdependents: [], // sap.ui.core.Control, since 1.19\n\tselectedDates: [], // sap.ui.unified.DateRange\n\tspecialDates: [], // sap.ui.unified.DateTypeRange\n\theader: \"\", // sap.ui.unified.calendar.Header\n\tmonthsRow: \"\", // sap.ui.unified.calendar.MonthsRow\n\tyearPicker: \"\", // sap.ui.unified.calendar.YearPicker\n\tariaLabelledBy: [], // sap.ui.core.Control\n\tvalidationSuccess: [function (oEvent) {\n\t\tvar control = oEvent.getSource();\n\t}, this],\n\tvalidationError: [function (oEvent) {\n\t\tvar control = oEvent.getSource();\n\t}, this],\n\tparseError: [function (oEvent) {\n\t\tvar control = oEvent.getSource();\n\t}, this],\n\tformatError: [function (oEvent) {\n\t\tvar control = oEvent.getSource();\n\t}, this],\n\tvalidateFieldGroup: [function (oEvent) {\n\t\tvar control = oEvent.getSource();\n\t}, this],\n\tselect: [function (oEvent) {\n\t\tvar control = oEvent.getSource();\n\t}, this],\n\tcancel: [function (oEvent) {\n\t\tvar control = oEvent.getSource();\n\t}, this]\n})\n","Deprecated":false,"helpDescription":"Calendar with granularity of months displayed in one line.\n\n<b>Note:<\/b> JavaScript Date objects are used to set and return the months, mark them as selected or as a special type.\nBut the date part of the Date object is not used. If a Date object is returned the date will be set to the 1st of the corresponding month.","description":"CalendarMonthInterval in sap.ui.unified","Experimental":false,"prefix":"CalendarMonthInterval","name":"sap.ui.unified.CalendarMonthInterval"},{"template":"new sap.ui.unified.CalendarTimeInterval({\n\tid: \"${id}\", // sap.ui.core.ID\n\tbusy: false, // boolean\n\tbusyIndicatorDelay: 1000, // int\n\tvisible: true, // boolean\n\tfieldGroupIds: string[].[], // string[], since 1.31\n\twidth: \"\", // sap.ui.core.CSSSize\n\tstartDate: \"\", // object\n\tintervalSelection: false, // boolean\n\tsingleSelection: true, // boolean\n\titems: 12, // int\n\tintervalMinutes: 60, // int\n\ttooltip: \"\", // sap.ui.core.TooltipBase\n\tcustomData: [], // sap.ui.core.CustomData\n\tlayoutData: \"\", // sap.ui.core.LayoutData\n\tdependents: [], // sap.ui.core.Control, since 1.19\n\tselectedDates: [], // sap.ui.unified.DateRange\n\tspecialDates: [], // sap.ui.unified.DateTypeRange\n\theader: \"\", // sap.ui.unified.calendar.Header\n\ttimesRow: \"\", // sap.ui.unified.calendar.TimesRow\n\tdatesRow: \"\", // sap.ui.unified.calendar.DatesRow\n\tmonthPicker: \"\", // sap.ui.unified.calendar.MonthPicker\n\tyearPicker: \"\", // sap.ui.unified.calendar.YearPicker\n\tariaLabelledBy: [], // sap.ui.core.Control\n\tvalidationSuccess: [function (oEvent) {\n\t\tvar control = oEvent.getSource();\n\t}, this],\n\tvalidationError: [function (oEvent) {\n\t\tvar control = oEvent.getSource();\n\t}, this],\n\tparseError: [function (oEvent) {\n\t\tvar control = oEvent.getSource();\n\t}, this],\n\tformatError: [function (oEvent) {\n\t\tvar control = oEvent.getSource();\n\t}, this],\n\tvalidateFieldGroup: [function (oEvent) {\n\t\tvar control = oEvent.getSource();\n\t}, this],\n\tselect: [function (oEvent) {\n\t\tvar control = oEvent.getSource();\n\t}, this],\n\tcancel: [function (oEvent) {\n\t\tvar control = oEvent.getSource();\n\t}, this]\n})\n","Deprecated":false,"helpDescription":"Calendar with granularity of time items displayed in one line.","description":"CalendarTimeInterval in sap.ui.unified","Experimental":false,"prefix":"CalendarTimeInterval","name":"sap.ui.unified.CalendarTimeInterval"},{"template":"new sap.ui.unified.ContentSwitcher({\n\tid: \"${id}\", // sap.ui.core.ID\n\tbusy: false, // boolean\n\tbusyIndicatorDelay: 1000, // int\n\tvisible: true, // boolean\n\tfieldGroupIds: string[].[], // string[], since 1.31\n\tanimation: None, // string\n\tactiveContent: 1, // int\n\ttooltip: \"\", // sap.ui.core.TooltipBase\n\tcustomData: [], // sap.ui.core.CustomData\n\tlayoutData: \"\", // sap.ui.core.LayoutData\n\tdependents: [], // sap.ui.core.Control, since 1.19\n\tcontent1: [], // sap.ui.core.Control\n\tcontent2: [], // sap.ui.core.Control\n\tvalidationSuccess: [function (oEvent) {\n\t\tvar control = oEvent.getSource();\n\t}, this],\n\tvalidationError: [function (oEvent) {\n\t\tvar control = oEvent.getSource();\n\t}, this],\n\tparseError: [function (oEvent) {\n\t\tvar control = oEvent.getSource();\n\t}, this],\n\tformatError: [function (oEvent) {\n\t\tvar control = oEvent.getSource();\n\t}, this],\n\tvalidateFieldGroup: [function (oEvent) {\n\t\tvar control = oEvent.getSource();\n\t}, this]\n})\n","Deprecated":false,"helpDescription":"<strong style=\"color: red;\">Experimental! <\/strong>","description":"ContentSwitcher in sap.ui.unified","Experimental":true,"prefix":"ContentSwitcher","name":"sap.ui.unified.ContentSwitcher"},{"template":"new sap.ui.unified.Currency({\n\tid: \"${id}\", // sap.ui.core.ID\n\tbusy: false, // boolean\n\tbusyIndicatorDelay: 1000, // int\n\tvisible: true, // boolean\n\tfieldGroupIds: string[].[], // string[], since 1.31\n\tvalue: 0, // float\n\tcurrency: \"\", // string\n\tmaxPrecision: 3, // int\n\tuseSymbol: true, // boolean\n\ttooltip: \"\", // sap.ui.core.TooltipBase\n\tcustomData: [], // sap.ui.core.CustomData\n\tlayoutData: \"\", // sap.ui.core.LayoutData\n\tdependents: [], // sap.ui.core.Control, since 1.19\n\tvalidationSuccess: [function (oEvent) {\n\t\tvar control = oEvent.getSource();\n\t}, this],\n\tvalidationError: [function (oEvent) {\n\t\tvar control = oEvent.getSource();\n\t}, this],\n\tparseError: [function (oEvent) {\n\t\tvar control = oEvent.getSource();\n\t}, this],\n\tformatError: [function (oEvent) {\n\t\tvar control = oEvent.getSource();\n\t}, this],\n\tvalidateFieldGroup: [function (oEvent) {\n\t\tvar control = oEvent.getSource();\n\t}, this]\n})\n","Deprecated":false,"helpDescription":"A text view which displays currency values and aligns them at the separator","description":"Currency in sap.ui.unified","Experimental":false,"prefix":"Currency","name":"sap.ui.unified.Currency"},{"template":"new sap.ui.unified.DateRange({\n\tid: \"${id}\", // sap.ui.core.ID\n\tstartDate: \"\", // object\n\tendDate: \"\", // object\n\ttooltip: \"\", // sap.ui.core.TooltipBase\n\tcustomData: [], // sap.ui.core.CustomData\n\tlayoutData: \"\", // sap.ui.core.LayoutData\n\tdependents: [], // sap.ui.core.Control, since 1.19\n\tvalidationSuccess: [function (oEvent) {\n\t\tvar control = oEvent.getSource();\n\t}, this],\n\tvalidationError: [function (oEvent) {\n\t\tvar control = oEvent.getSource();\n\t}, this],\n\tparseError: [function (oEvent) {\n\t\tvar control = oEvent.getSource();\n\t}, this],\n\tformatError: [function (oEvent) {\n\t\tvar control = oEvent.getSource();\n\t}, this]\n})\n","Deprecated":false,"helpDescription":"Date range for use in DatePicker","description":"DateRange in sap.ui.unified","Experimental":false,"prefix":"DateRange","name":"sap.ui.unified.DateRange"},{"template":"new sap.ui.unified.DateTypeRange({\n\tid: \"${id}\", // sap.ui.core.ID\n\tstartDate: \"\", // object\n\tendDate: \"\", // object\n\ttype: sap.ui.unified.CalendarDayType.Type01, // sap.ui.unified.CalendarDayType\n\ttooltip: \"\", // sap.ui.core.TooltipBase\n\tcustomData: [], // sap.ui.core.CustomData\n\tlayoutData: \"\", // sap.ui.core.LayoutData\n\tdependents: [], // sap.ui.core.Control, since 1.19\n\tvalidationSuccess: [function (oEvent) {\n\t\tvar control = oEvent.getSource();\n\t}, this],\n\tvalidationError: [function (oEvent) {\n\t\tvar control = oEvent.getSource();\n\t}, this],\n\tparseError: [function (oEvent) {\n\t\tvar control = oEvent.getSource();\n\t}, this],\n\tformatError: [function (oEvent) {\n\t\tvar control = oEvent.getSource();\n\t}, this]\n})\n","Deprecated":false,"helpDescription":"Date range with calendar day type information. Used to visualize special days in the Calendar.","description":"DateTypeRange in sap.ui.unified","Experimental":false,"prefix":"DateTypeRange","name":"sap.ui.unified.DateTypeRange"},{"template":"new sap.ui.unified.FileUploader({\n\tid: \"${id}\", // sap.ui.core.ID\n\tbusy: false, // boolean\n\tbusyIndicatorDelay: 1000, // int\n\tvisible: true, // boolean\n\tfieldGroupIds: string[].[], // string[], since 1.31\n\tvalue: \"\", // string\n\tenabled: true, // boolean\n\tuploadUrl: \"\", // sap.ui.core.URI\n\tname: \"\", // string\n\twidth: \"\", // sap.ui.core.CSSSize\n\tuploadOnChange: false, // boolean\n\tadditionalData: \"\", // string\n\tsameFilenameAllowed: false, // boolean\n\tbuttonText: \"\", // string\n\tfileType: \"\", // string[]\n\tmultiple: false, // boolean\n\tmaximumFileSize: \"\", // float\n\tmimeType: \"\", // string[]\n\tsendXHR: false, // boolean\n\tplaceholder: \"\", // string\n\tstyle: \"\", // string\n\tbuttonOnly: false, // boolean\n\tuseMultipart: true, // boolean\n\tmaximumFilenameLength: \"\", // int, since 1.24.0\n\tvalueState: sap.ui.core.ValueState.None, // sap.ui.core.ValueState, since 1.24.0\n\ticon: \"\", // sap.ui.core.URI, since 1.26.0\n\ticonHovered: \"\", // sap.ui.core.URI, since 1.26.0\n\ticonSelected: \"\", // sap.ui.core.URI, since 1.26.0\n\ticonFirst: true, // boolean, since 1.26.0\n\ticonOnly: false, // boolean, since 1.26.0\n\ttooltip: \"\", // sap.ui.core.TooltipBase\n\tcustomData: [], // sap.ui.core.CustomData\n\tlayoutData: \"\", // sap.ui.core.LayoutData\n\tdependents: [], // sap.ui.core.Control, since 1.19\n\tparameters: [], // sap.ui.unified.FileUploaderParameter, since 1.12.2\n\theaderParameters: [], // sap.ui.unified.FileUploaderParameter\n\tvalidationSuccess: [function (oEvent) {\n\t\tvar control = oEvent.getSource();\n\t}, this],\n\tvalidationError: [function (oEvent) {\n\t\tvar control = oEvent.getSource();\n\t}, this],\n\tparseError: [function (oEvent) {\n\t\tvar control = oEvent.getSource();\n\t}, this],\n\tformatError: [function (oEvent) {\n\t\tvar control = oEvent.getSource();\n\t}, this],\n\tvalidateFieldGroup: [function (oEvent) {\n\t\tvar control = oEvent.getSource();\n\t}, this],\n\tchange: [function (oEvent) {\n\t\tvar control = oEvent.getSource();\n\t}, this],\n\tuploadComplete: [function (oEvent) {\n\t\tvar control = oEvent.getSource();\n\t}, this],\n\ttypeMissmatch: [function (oEvent) {\n\t\tvar control = oEvent.getSource();\n\t}, this],\n\tfileSizeExceed: [function (oEvent) {\n\t\tvar control = oEvent.getSource();\n\t}, this],\n\tfileAllowed: [function (oEvent) {\n\t\tvar control = oEvent.getSource();\n\t}, this],\n\tuploadProgress: [function (oEvent) {\n\t\tvar control = oEvent.getSource();\n\t}, this], // since 1.24.0\n\tuploadAborted: [function (oEvent) {\n\t\tvar control = oEvent.getSource();\n\t}, this], // since 1.24.0\n\tfilenameLengthExceed: [function (oEvent) {\n\t\tvar control = oEvent.getSource();\n\t}, this], // since 1.24.0\n\tuploadStart: [function (oEvent) {\n\t\tvar control = oEvent.getSource();\n\t}, this] // since 1.30.0\n})\n","Deprecated":false,"helpDescription":"The framework generates an input field and a button with text \"Browse ...\". The API supports features such as on change uploads (the upload starts immediately after a file has been selected), file uploads with explicit calls, adjustable control sizes, text display after uploads, or tooltips containing complete file paths.","description":"FileUploader in sap.ui.unified","Experimental":false,"prefix":"FileUploader","name":"sap.ui.unified.FileUploader"},{"template":"new sap.ui.unified.FileUploaderParameter({\n\tid: \"${id}\", // sap.ui.core.ID\n\tname: \"\", // string, since 1.12.2\n\tvalue: \"\", // string, since 1.12.2\n\ttooltip: \"\", // sap.ui.core.TooltipBase\n\tcustomData: [], // sap.ui.core.CustomData\n\tlayoutData: \"\", // sap.ui.core.LayoutData\n\tdependents: [], // sap.ui.core.Control, since 1.19\n\tvalidationSuccess: [function (oEvent) {\n\t\tvar control = oEvent.getSource();\n\t}, this],\n\tvalidationError: [function (oEvent) {\n\t\tvar control = oEvent.getSource();\n\t}, this],\n\tparseError: [function (oEvent) {\n\t\tvar control = oEvent.getSource();\n\t}, this],\n\tformatError: [function (oEvent) {\n\t\tvar control = oEvent.getSource();\n\t}, this]\n})\n","Deprecated":false,"helpDescription":"Represents a parameter for the FileUploader which is rendered as a hidden inputfield.","description":"FileUploaderParameter in sap.ui.unified","Experimental":false,"prefix":"FileUploaderParameter","name":"sap.ui.unified.FileUploaderParameter"},{"template":"new sap.ui.unified.Menu({\n\tid: \"${id}\", // sap.ui.core.ID\n\tbusy: false, // boolean\n\tbusyIndicatorDelay: 1000, // int\n\tvisible: true, // boolean\n\tfieldGroupIds: string[].[], // string[], since 1.31\n\tenabled: true, // boolean\n\tariaDescription: \"\", // string\n\tmaxVisibleItems: 0, // int\n\tpageSize: 5, // int, since 1.25.0\n\ttooltip: \"\", // sap.ui.core.TooltipBase\n\tcustomData: [], // sap.ui.core.CustomData\n\tlayoutData: \"\", // sap.ui.core.LayoutData\n\tdependents: [], // sap.ui.core.Control, since 1.19\n\titems: [], // sap.ui.unified.MenuItemBase\n\tariaLabelledBy: [], // sap.ui.core.Control, since 1.26.3\n\tvalidationSuccess: [function (oEvent) {\n\t\tvar control = oEvent.getSource();\n\t}, this],\n\tvalidationError: [function (oEvent) {\n\t\tvar control = oEvent.getSource();\n\t}, this],\n\tparseError: [function (oEvent) {\n\t\tvar control = oEvent.getSource();\n\t}, this],\n\tformatError: [function (oEvent) {\n\t\tvar control = oEvent.getSource();\n\t}, this],\n\tvalidateFieldGroup: [function (oEvent) {\n\t\tvar control = oEvent.getSource();\n\t}, this],\n\titemSelect: [function (oEvent) {\n\t\tvar control = oEvent.getSource();\n\t}, this]\n})\n","Deprecated":false,"helpDescription":"A menu is an interactive element which provides a choice of different actions to the user. These actions (items) can also be organized in submenus.\nLike other dialog-like controls, the menu is not rendered within the control hierarchy. Instead it can be opened at a specified position via a function call.","description":"Menu in sap.ui.unified","Experimental":false,"prefix":"Menu","name":"sap.ui.unified.Menu"},{"template":"new sap.ui.unified.MenuItem({\n\tid: \"${id}\", // sap.ui.core.ID\n\tenabled: true, // boolean\n\tvisible: true, // boolean\n\tstartsSection: false, // boolean\n\ttext: \"\", // string\n\ticon: \"\", // sap.ui.core.URI\n\ttooltip: \"\", // sap.ui.core.TooltipBase\n\tcustomData: [], // sap.ui.core.CustomData\n\tlayoutData: \"\", // sap.ui.core.LayoutData\n\tdependents: [], // sap.ui.core.Control, since 1.19\n\tsubmenu: \"\", // sap.ui.unified.Menu\n\tvalidationSuccess: [function (oEvent) {\n\t\tvar control = oEvent.getSource();\n\t}, this],\n\tvalidationError: [function (oEvent) {\n\t\tvar control = oEvent.getSource();\n\t}, this],\n\tparseError: [function (oEvent) {\n\t\tvar control = oEvent.getSource();\n\t}, this],\n\tformatError: [function (oEvent) {\n\t\tvar control = oEvent.getSource();\n\t}, this],\n\tselect: [function (oEvent) {\n\t\tvar control = oEvent.getSource();\n\t}, this]\n})\n","Deprecated":false,"helpDescription":"Standard item to be used inside a menu. A menu item represents an action which can be selected by the user in the menu or\nit can provide a submenu to organize the actions hierarchically.","description":"MenuItem in sap.ui.unified","Experimental":false,"prefix":"MenuItem","name":"sap.ui.unified.MenuItem"},{"template":"new sap.ui.unified.MenuItemBase({\n\tid: \"${id}\", // sap.ui.core.ID\n\tenabled: true, // boolean\n\tvisible: true, // boolean\n\tstartsSection: false, // boolean\n\ttooltip: \"\", // sap.ui.core.TooltipBase\n\tcustomData: [], // sap.ui.core.CustomData\n\tlayoutData: \"\", // sap.ui.core.LayoutData\n\tdependents: [], // sap.ui.core.Control, since 1.19\n\tsubmenu: \"\", // sap.ui.unified.Menu\n\tvalidationSuccess: [function (oEvent) {\n\t\tvar control = oEvent.getSource();\n\t}, this],\n\tvalidationError: [function (oEvent) {\n\t\tvar control = oEvent.getSource();\n\t}, this],\n\tparseError: [function (oEvent) {\n\t\tvar control = oEvent.getSource();\n\t}, this],\n\tformatError: [function (oEvent) {\n\t\tvar control = oEvent.getSource();\n\t}, this],\n\tselect: [function (oEvent) {\n\t\tvar control = oEvent.getSource();\n\t}, this]\n})\n","Deprecated":false,"helpDescription":"Abstract base class for menu item which provides common properties and events for all concrete item implementations.","description":"MenuItemBase in sap.ui.unified","Experimental":false,"prefix":"MenuItemBase","name":"sap.ui.unified.MenuItemBase"},{"template":"new sap.ui.unified.MenuTextFieldItem({\n\tid: \"${id}\", // sap.ui.core.ID\n\tenabled: true, // boolean\n\tvisible: true, // boolean\n\tstartsSection: false, // boolean\n\tlabel: \"\", // string\n\ticon: \"\", // sap.ui.core.URI\n\tvalue: \"\", // string\n\tvalueState: sap.ui.core.ValueState.None, // sap.ui.core.ValueState\n\ttooltip: \"\", // sap.ui.core.TooltipBase\n\tcustomData: [], // sap.ui.core.CustomData\n\tlayoutData: \"\", // sap.ui.core.LayoutData\n\tdependents: [], // sap.ui.core.Control, since 1.19\n\tsubmenu: \"\", // sap.ui.unified.Menu\n\tvalidationSuccess: [function (oEvent) {\n\t\tvar control = oEvent.getSource();\n\t}, this],\n\tvalidationError: [function (oEvent) {\n\t\tvar control = oEvent.getSource();\n\t}, this],\n\tparseError: [function (oEvent) {\n\t\tvar control = oEvent.getSource();\n\t}, this],\n\tformatError: [function (oEvent) {\n\t\tvar control = oEvent.getSource();\n\t}, this],\n\tselect: [function (oEvent) {\n\t\tvar control = oEvent.getSource();\n\t}, this]\n})\n","Deprecated":false,"helpDescription":"Special menu item which contains a label and a text field. This menu item is e.g. helpful for filter implementations.\nThe aggregation <code>submenu<\/code> (inherited from parent class) is not supported for this type of menu item.","description":"MenuTextFieldItem in sap.ui.unified","Experimental":false,"prefix":"MenuTextFieldItem","name":"sap.ui.unified.MenuTextFieldItem"},{"template":"new sap.ui.unified.Shell({\n\tid: \"${id}\", // sap.ui.core.ID\n\tbusy: false, // boolean\n\tbusyIndicatorDelay: 1000, // int\n\tvisible: true, // boolean\n\tfieldGroupIds: string[].[], // string[], since 1.31\n\tshowPane: false, // boolean\n\theaderHiding: false, // boolean\n\theaderVisible: true, // boolean\n\ticon: \"\", // sap.ui.core.URI\n\tshowCurtain: \"\", // boolean\n\tshowCurtainPane: \"\", // boolean\n\tsearchVisible: true, // boolean, since 1.18\n\ttooltip: \"\", // sap.ui.core.TooltipBase\n\tcustomData: [], // sap.ui.core.CustomData\n\tlayoutData: \"\", // sap.ui.core.LayoutData\n\tdependents: [], // sap.ui.core.Control, since 1.19\n\tcontent: [], // sap.ui.core.Control\n\tpaneContent: [], // sap.ui.core.Control\n\theader: \"\", // sap.ui.core.Control\n\tcanvasSplitContainer: \"\", // sap.ui.unified.SplitContainer\n\tcurtainSplitContainer: \"\", // sap.ui.unified.SplitContainer\n\tcurtainContent: [], // sap.ui.core.Control\n\tcurtainPaneContent: [], // sap.ui.core.Control\n\theadItems: [], // sap.ui.unified.ShellHeadItem\n\theadEndItems: [], // sap.ui.unified.ShellHeadItem\n\tsearch: \"\", // sap.ui.core.Control\n\tuser: \"\", // sap.ui.unified.ShellHeadUserItem, since 1.22.0\n\tvalidationSuccess: [function (oEvent) {\n\t\tvar control = oEvent.getSource();\n\t}, this],\n\tvalidationError: [function (oEvent) {\n\t\tvar control = oEvent.getSource();\n\t}, this],\n\tparseError: [function (oEvent) {\n\t\tvar control = oEvent.getSource();\n\t}, this],\n\tformatError: [function (oEvent) {\n\t\tvar control = oEvent.getSource();\n\t}, this],\n\tvalidateFieldGroup: [function (oEvent) {\n\t\tvar control = oEvent.getSource();\n\t}, this]\n})\n","Deprecated":false,"helpDescription":"The shell control is meant as root control (full-screen) of an application.\nIt was build as root control of the Fiori Launchpad application and provides the basic capabilities\nfor this purpose. Do not use this control within applications which run inside the Fiori Lauchpad and\ndo not use it for other scenarios than the root control usecase.","description":"Shell in sap.ui.unified","Experimental":false,"prefix":"Shell","name":"sap.ui.unified.Shell"},{"template":"new sap.ui.unified.ShellHeadItem({\n\tid: \"${id}\", // sap.ui.core.ID\n\tstartsSection: false, // boolean\n\tshowSeparator: true, // boolean, since 1.22.5\n\tselected: false, // boolean\n\tshowMarker: false, // boolean\n\ticon: \"\", // sap.ui.core.URI\n\tvisible: true, // boolean, since 1.18\n\ttooltip: \"\", // sap.ui.core.TooltipBase\n\tcustomData: [], // sap.ui.core.CustomData\n\tlayoutData: \"\", // sap.ui.core.LayoutData\n\tdependents: [], // sap.ui.core.Control, since 1.19\n\tariaLabelledBy: [], // sap.ui.core.Control\n\tvalidationSuccess: [function (oEvent) {\n\t\tvar control = oEvent.getSource();\n\t}, this],\n\tvalidationError: [function (oEvent) {\n\t\tvar control = oEvent.getSource();\n\t}, this],\n\tparseError: [function (oEvent) {\n\t\tvar control = oEvent.getSource();\n\t}, this],\n\tformatError: [function (oEvent) {\n\t\tvar control = oEvent.getSource();\n\t}, this],\n\tpress: [function (oEvent) {\n\t\tvar control = oEvent.getSource();\n\t}, this]\n})\n","Deprecated":false,"helpDescription":"Header Action item of the Shell.","description":"ShellHeadItem in sap.ui.unified","Experimental":false,"prefix":"ShellHeadItem","name":"sap.ui.unified.ShellHeadItem"},{"template":"new sap.ui.unified.ShellHeadUserItem({\n\tid: \"${id}\", // sap.ui.core.ID\n\tusername: \"\", // string\n\tshowPopupIndicator: true, // boolean, since 1.27.0\n\timage: \"\", // sap.ui.core.URI\n\ttooltip: \"\", // sap.ui.core.TooltipBase\n\tcustomData: [], // sap.ui.core.CustomData\n\tlayoutData: \"\", // sap.ui.core.LayoutData\n\tdependents: [], // sap.ui.core.Control, since 1.19\n\tariaLabelledBy: [], // sap.ui.core.Control\n\tvalidationSuccess: [function (oEvent) {\n\t\tvar control = oEvent.getSource();\n\t}, this],\n\tvalidationError: [function (oEvent) {\n\t\tvar control = oEvent.getSource();\n\t}, this],\n\tparseError: [function (oEvent) {\n\t\tvar control = oEvent.getSource();\n\t}, this],\n\tformatError: [function (oEvent) {\n\t\tvar control = oEvent.getSource();\n\t}, this],\n\tpress: [function (oEvent) {\n\t\tvar control = oEvent.getSource();\n\t}, this]\n})\n","Deprecated":false,"helpDescription":"User Header Action Item of the Shell.","description":"ShellHeadUserItem in sap.ui.unified","Experimental":false,"prefix":"ShellHeadUserItem","name":"sap.ui.unified.ShellHeadUserItem"},{"template":"new sap.ui.unified.ShellLayout({\n\tid: \"${id}\", // sap.ui.core.ID\n\tbusy: false, // boolean\n\tbusyIndicatorDelay: 1000, // int\n\tvisible: true, // boolean\n\tfieldGroupIds: string[].[], // string[], since 1.31\n\tshowPane: false, // boolean\n\theaderHiding: false, // boolean\n\theaderVisible: true, // boolean\n\ttooltip: \"\", // sap.ui.core.TooltipBase\n\tcustomData: [], // sap.ui.core.CustomData\n\tlayoutData: \"\", // sap.ui.core.LayoutData\n\tdependents: [], // sap.ui.core.Control, since 1.19\n\tcontent: [], // sap.ui.core.Control\n\tpaneContent: [], // sap.ui.core.Control\n\theader: \"\", // sap.ui.core.Control\n\tcanvasSplitContainer: \"\", // sap.ui.unified.SplitContainer\n\tcurtainSplitContainer: \"\", // sap.ui.unified.SplitContainer\n\tvalidationSuccess: [function (oEvent) {\n\t\tvar control = oEvent.getSource();\n\t}, this],\n\tvalidationError: [function (oEvent) {\n\t\tvar control = oEvent.getSource();\n\t}, this],\n\tparseError: [function (oEvent) {\n\t\tvar control = oEvent.getSource();\n\t}, this],\n\tformatError: [function (oEvent) {\n\t\tvar control = oEvent.getSource();\n\t}, this],\n\tvalidateFieldGroup: [function (oEvent) {\n\t\tvar control = oEvent.getSource();\n\t}, this]\n})\n","Deprecated":false,"helpDescription":"The shell layout is the base for the shell control which is meant as root control (full-screen) of an application.\nIt was build as root control of the Fiori Launchpad application and provides the basic capabilities\nfor this purpose. Do not use this control within applications which run inside the Fiori Lauchpad and\ndo not use it for other scenarios than the root control usecase.","description":"ShellLayout in sap.ui.unified","Experimental":false,"prefix":"ShellLayout","name":"sap.ui.unified.ShellLayout"},{"template":"new sap.ui.unified.ShellOverlay({\n\tid: \"${id}\", // sap.ui.core.ID\n\tbusy: false, // boolean\n\tbusyIndicatorDelay: 1000, // int\n\tvisible: true, // boolean\n\tfieldGroupIds: string[].[], // string[], since 1.31\n\ttooltip: \"\", // sap.ui.core.TooltipBase\n\tcustomData: [], // sap.ui.core.CustomData\n\tlayoutData: \"\", // sap.ui.core.LayoutData\n\tdependents: [], // sap.ui.core.Control, since 1.19\n\tcontent: [], // sap.ui.core.Control\n\tsearch: \"\", // sap.ui.core.Control\n\tshell: \"\", // sap.ui.unified.ShellLayout\n\tariaLabelledBy: [], // sap.ui.core.Control\n\tvalidationSuccess: [function (oEvent) {\n\t\tvar control = oEvent.getSource();\n\t}, this],\n\tvalidationError: [function (oEvent) {\n\t\tvar control = oEvent.getSource();\n\t}, this],\n\tparseError: [function (oEvent) {\n\t\tvar control = oEvent.getSource();\n\t}, this],\n\tformatError: [function (oEvent) {\n\t\tvar control = oEvent.getSource();\n\t}, this],\n\tvalidateFieldGroup: [function (oEvent) {\n\t\tvar control = oEvent.getSource();\n\t}, this],\n\tclosed: [function (oEvent) {\n\t\tvar control = oEvent.getSource();\n\t}, this]\n})\n","Deprecated":false,"helpDescription":"ShellOverlay to be opened in front of a sap.ui.unified.Shell","description":"ShellOverlay in sap.ui.unified","Experimental":false,"prefix":"ShellOverlay","name":"sap.ui.unified.ShellOverlay"},{"template":"new sap.ui.unified.SplitContainer({\n\tid: \"${id}\", // sap.ui.core.ID\n\tbusy: false, // boolean\n\tbusyIndicatorDelay: 1000, // int\n\tvisible: true, // boolean\n\tfieldGroupIds: string[].[], // string[], since 1.31\n\tshowSecondaryContent: \"\", // boolean\n\tsecondaryContentSize: \"250px\", // sap.ui.core.CSSSize\n\tsecondaryContentWidth: \"250px\", // sap.ui.core.CSSSize\n\torientation: sap.ui.core.Orientation.Horizontal, // sap.ui.core.Orientation, since 1.22.0\n\ttooltip: \"\", // sap.ui.core.TooltipBase\n\tcustomData: [], // sap.ui.core.CustomData\n\tlayoutData: \"\", // sap.ui.core.LayoutData\n\tdependents: [], // sap.ui.core.Control, since 1.19\n\tcontent: [], // sap.ui.core.Control\n\tsecondaryContent: [], // sap.ui.core.Control\n\tvalidationSuccess: [function (oEvent) {\n\t\tvar control = oEvent.getSource();\n\t}, this],\n\tvalidationError: [function (oEvent) {\n\t\tvar control = oEvent.getSource();\n\t}, this],\n\tparseError: [function (oEvent) {\n\t\tvar control = oEvent.getSource();\n\t}, this],\n\tformatError: [function (oEvent) {\n\t\tvar control = oEvent.getSource();\n\t}, this],\n\tvalidateFieldGroup: [function (oEvent) {\n\t\tvar control = oEvent.getSource();\n\t}, this]\n})\n","Deprecated":false,"helpDescription":"<strong style=\"color: red;\">Experimental! <\/strong>","description":"SplitContainer in sap.ui.unified","Experimental":true,"prefix":"SplitContainer","name":"sap.ui.unified.SplitContainer"},{"template":"new sap.ui.unified.calendar.DatesRow({\n\tid: \"${id}\", // sap.ui.core.ID\n\tbusy: false, // boolean\n\tbusyIndicatorDelay: 1000, // int\n\tvisible: true, // boolean\n\tfieldGroupIds: string[].[], // string[], since 1.31\n\tdate: \"\", // object\n\tintervalSelection: false, // boolean\n\tsingleSelection: true, // boolean\n\tshowHeader: false, // boolean\n\tfirstDayOfWeek: -1, // int, since 1.28.9\n\tnonWorkingDays: \"\", // int[], since 1.28.9\n\tstartDate: \"\", // object\n\tdays: 7, // int\n\ttooltip: \"\", // sap.ui.core.TooltipBase\n\tcustomData: [], // sap.ui.core.CustomData\n\tlayoutData: \"\", // sap.ui.core.LayoutData\n\tdependents: [], // sap.ui.core.Control, since 1.19\n\tselectedDates: [], // sap.ui.unified.DateRange\n\tspecialDates: [], // sap.ui.unified.DateTypeRange\n\tariaLabelledBy: [], // sap.ui.core.Control\n\tvalidationSuccess: [function (oEvent) {\n\t\tvar control = oEvent.getSource();\n\t}, this],\n\tvalidationError: [function (oEvent) {\n\t\tvar control = oEvent.getSource();\n\t}, this],\n\tparseError: [function (oEvent) {\n\t\tvar control = oEvent.getSource();\n\t}, this],\n\tformatError: [function (oEvent) {\n\t\tvar control = oEvent.getSource();\n\t}, this],\n\tvalidateFieldGroup: [function (oEvent) {\n\t\tvar control = oEvent.getSource();\n\t}, this],\n\tselect: [function (oEvent) {\n\t\tvar control = oEvent.getSource();\n\t}, this],\n\tfocus: [function (oEvent) {\n\t\tvar control = oEvent.getSource();\n\t}, this]\n})\n","Deprecated":false,"helpDescription":"renders a row of days with ItemNavigation\nThis is used inside the calendar. Not for stand alone usage\nIf used inside the calendar the properties and aggregation are directly taken from the parent\n(To not duplicate and sync DateRanges and so on...)","description":"DatesRow in sap.ui.unified","Experimental":false,"prefix":"DatesRow","name":"sap.ui.unified.calendar.DatesRow"},{"template":"new sap.ui.unified.calendar.Header({\n\tid: \"${id}\", // sap.ui.core.ID\n\tbusy: false, // boolean\n\tbusyIndicatorDelay: 1000, // int\n\tvisible: true, // boolean\n\tfieldGroupIds: string[].[], // string[], since 1.31\n\ttextButton0: \"\", // string, since 1.32.0\n\tariaLabelButton0: \"\", // string, since 1.32.0\n\tvisibleButton0: false, // boolean, since 1.32.0\n\ttextButton1: \"\", // string\n\tariaLabelButton1: \"\", // string\n\tvisibleButton1: true, // boolean, since 1.32.0\n\ttextButton2: \"\", // string\n\tariaLabelButton2: \"\", // string\n\tvisibleButton2: true, // boolean, since 1.32.0\n\tenabledPrevious: true, // boolean\n\tenabledNext: true, // boolean\n\ttooltip: \"\", // sap.ui.core.TooltipBase\n\tcustomData: [], // sap.ui.core.CustomData\n\tlayoutData: \"\", // sap.ui.core.LayoutData\n\tdependents: [], // sap.ui.core.Control, since 1.19\n\tvalidationSuccess: [function (oEvent) {\n\t\tvar control = oEvent.getSource();\n\t}, this],\n\tvalidationError: [function (oEvent) {\n\t\tvar control = oEvent.getSource();\n\t}, this],\n\tparseError: [function (oEvent) {\n\t\tvar control = oEvent.getSource();\n\t}, this],\n\tformatError: [function (oEvent) {\n\t\tvar control = oEvent.getSource();\n\t}, this],\n\tvalidateFieldGroup: [function (oEvent) {\n\t\tvar control = oEvent.getSource();\n\t}, this],\n\tpressPrevious: [function (oEvent) {\n\t\tvar control = oEvent.getSource();\n\t}, this],\n\tpressNext: [function (oEvent) {\n\t\tvar control = oEvent.getSource();\n\t}, this],\n\tpressButton0: [function (oEvent) {\n\t\tvar control = oEvent.getSource();\n\t}, this], // since 1.32.0\n\tpressButton1: [function (oEvent) {\n\t\tvar control = oEvent.getSource();\n\t}, this],\n\tpressButton2: [function (oEvent) {\n\t\tvar control = oEvent.getSource();\n\t}, this]\n})\n","Deprecated":false,"helpDescription":"renders a calendar header\n\nThe calendar header consists of 3 buttons where the text can be set and a previous and a next button.\nIn the normal calendar the first button contains the displayed day, the second button the displayed month and the third button the displayed year.\n\n<b>Note:<\/b> This is used inside the calendar. Not for standalone usage","description":"Header in sap.ui.unified","Experimental":false,"prefix":"Header","name":"sap.ui.unified.calendar.Header"},{"template":"new sap.ui.unified.calendar.Month({\n\tid: \"${id}\", // sap.ui.core.ID\n\tbusy: false, // boolean\n\tbusyIndicatorDelay: 1000, // int\n\tvisible: true, // boolean\n\tfieldGroupIds: string[].[], // string[], since 1.31\n\tdate: \"\", // object\n\tintervalSelection: false, // boolean\n\tsingleSelection: true, // boolean\n\tshowHeader: false, // boolean\n\tfirstDayOfWeek: -1, // int, since 1.28.9\n\tnonWorkingDays: \"\", // int[], since 1.28.9\n\ttooltip: \"\", // sap.ui.core.TooltipBase\n\tcustomData: [], // sap.ui.core.CustomData\n\tlayoutData: \"\", // sap.ui.core.LayoutData\n\tdependents: [], // sap.ui.core.Control, since 1.19\n\tselectedDates: [], // sap.ui.unified.DateRange\n\tspecialDates: [], // sap.ui.unified.DateTypeRange\n\tariaLabelledBy: [], // sap.ui.core.Control\n\tvalidationSuccess: [function (oEvent) {\n\t\tvar control = oEvent.getSource();\n\t}, this],\n\tvalidationError: [function (oEvent) {\n\t\tvar control = oEvent.getSource();\n\t}, this],\n\tparseError: [function (oEvent) {\n\t\tvar control = oEvent.getSource();\n\t}, this],\n\tformatError: [function (oEvent) {\n\t\tvar control = oEvent.getSource();\n\t}, this],\n\tvalidateFieldGroup: [function (oEvent) {\n\t\tvar control = oEvent.getSource();\n\t}, this],\n\tselect: [function (oEvent) {\n\t\tvar control = oEvent.getSource();\n\t}, this],\n\tfocus: [function (oEvent) {\n\t\tvar control = oEvent.getSource();\n\t}, this]\n})\n","Deprecated":false,"helpDescription":"renders a month with ItemNavigation\nThis is used inside the calendar. Not for stand alone usage\nIf used inside the calendar the properties and aggregation are directly taken from the parent\n(To not duplicate and sync DateRanges and so on...)","description":"Month in sap.ui.unified","Experimental":false,"prefix":"Month","name":"sap.ui.unified.calendar.Month"},{"template":"new sap.ui.unified.calendar.MonthPicker({\n\tid: \"${id}\", // sap.ui.core.ID\n\tbusy: false, // boolean\n\tbusyIndicatorDelay: 1000, // int\n\tvisible: true, // boolean\n\tfieldGroupIds: string[].[], // string[], since 1.31\n\tmonth: 0, // int\n\tmonths: 12, // int, since 1.30.0\n\tcolumns: 3, // int, since 1.30.0\n\ttooltip: \"\", // sap.ui.core.TooltipBase\n\tcustomData: [], // sap.ui.core.CustomData\n\tlayoutData: \"\", // sap.ui.core.LayoutData\n\tdependents: [], // sap.ui.core.Control, since 1.19\n\tvalidationSuccess: [function (oEvent) {\n\t\tvar control = oEvent.getSource();\n\t}, this],\n\tvalidationError: [function (oEvent) {\n\t\tvar control = oEvent.getSource();\n\t}, this],\n\tparseError: [function (oEvent) {\n\t\tvar control = oEvent.getSource();\n\t}, this],\n\tformatError: [function (oEvent) {\n\t\tvar control = oEvent.getSource();\n\t}, this],\n\tvalidateFieldGroup: [function (oEvent) {\n\t\tvar control = oEvent.getSource();\n\t}, this],\n\tselect: [function (oEvent) {\n\t\tvar control = oEvent.getSource();\n\t}, this]\n})\n","Deprecated":false,"helpDescription":"renders a MonthPicker with ItemNavigation\nThis is used inside the calendar. Not for stand alone usage","description":"MonthPicker in sap.ui.unified","Experimental":false,"prefix":"MonthPicker","name":"sap.ui.unified.calendar.MonthPicker"},{"template":"new sap.ui.unified.calendar.MonthsRow({\n\tid: \"${id}\", // sap.ui.core.ID\n\tbusy: false, // boolean\n\tbusyIndicatorDelay: 1000, // int\n\tvisible: true, // boolean\n\tfieldGroupIds: string[].[], // string[], since 1.31\n\tdate: \"\", // object\n\tstartDate: \"\", // object\n\tmonths: 12, // int\n\tintervalSelection: false, // boolean\n\tsingleSelection: true, // boolean\n\tshowHeader: false, // boolean\n\ttooltip: \"\", // sap.ui.core.TooltipBase\n\tcustomData: [], // sap.ui.core.CustomData\n\tlayoutData: \"\", // sap.ui.core.LayoutData\n\tdependents: [], // sap.ui.core.Control, since 1.19\n\tselectedDates: [], // sap.ui.unified.DateRange\n\tspecialDates: [], // sap.ui.unified.DateTypeRange\n\tariaLabelledBy: [], // sap.ui.core.Control\n\tvalidationSuccess: [function (oEvent) {\n\t\tvar control = oEvent.getSource();\n\t}, this],\n\tvalidationError: [function (oEvent) {\n\t\tvar control = oEvent.getSource();\n\t}, this],\n\tparseError: [function (oEvent) {\n\t\tvar control = oEvent.getSource();\n\t}, this],\n\tformatError: [function (oEvent) {\n\t\tvar control = oEvent.getSource();\n\t}, this],\n\tvalidateFieldGroup: [function (oEvent) {\n\t\tvar control = oEvent.getSource();\n\t}, this],\n\tselect: [function (oEvent) {\n\t\tvar control = oEvent.getSource();\n\t}, this],\n\tfocus: [function (oEvent) {\n\t\tvar control = oEvent.getSource();\n\t}, this]\n})\n","Deprecated":false,"helpDescription":"Renders a row of months using ItemNavigation. There is no paging or navigation outside the rendered area implemented.\nThis is done inside the CalendarMonthInterval.\nIf used inside the CalendarMonthInterval the properties and aggregation are directly taken from the parent\n(to not duplicate and synchronize DateRanges and so on...).\n\nThe MontsRow works with JavaScript Date objects, but only the month and the year are used to display and interact.\nAs representation for a month, the 1st of the month will always be returned in the API.","description":"MonthsRow in sap.ui.unified","Experimental":false,"prefix":"MonthsRow","name":"sap.ui.unified.calendar.MonthsRow"},{"template":"new sap.ui.unified.calendar.TimesRow({\n\tid: \"${id}\", // sap.ui.core.ID\n\tbusy: false, // boolean\n\tbusyIndicatorDelay: 1000, // int\n\tvisible: true, // boolean\n\tfieldGroupIds: string[].[], // string[], since 1.31\n\tdate: \"\", // object\n\tstartDate: \"\", // object\n\titems: 12, // int\n\tintervalMinutes: 60, // int\n\tintervalSelection: false, // boolean\n\tsingleSelection: true, // boolean\n\tshowHeader: false, // boolean\n\ttooltip: \"\", // sap.ui.core.TooltipBase\n\tcustomData: [], // sap.ui.core.CustomData\n\tlayoutData: \"\", // sap.ui.core.LayoutData\n\tdependents: [], // sap.ui.core.Control, since 1.19\n\tselectedDates: [], // sap.ui.unified.DateRange\n\tspecialDates: [], // sap.ui.unified.DateTypeRange\n\tariaLabelledBy: [], // sap.ui.core.Control\n\tvalidationSuccess: [function (oEvent) {\n\t\tvar control = oEvent.getSource();\n\t}, this],\n\tvalidationError: [function (oEvent) {\n\t\tvar control = oEvent.getSource();\n\t}, this],\n\tparseError: [function (oEvent) {\n\t\tvar control = oEvent.getSource();\n\t}, this],\n\tformatError: [function (oEvent) {\n\t\tvar control = oEvent.getSource();\n\t}, this],\n\tvalidateFieldGroup: [function (oEvent) {\n\t\tvar control = oEvent.getSource();\n\t}, this],\n\tselect: [function (oEvent) {\n\t\tvar control = oEvent.getSource();\n\t}, this],\n\tfocus: [function (oEvent) {\n\t\tvar control = oEvent.getSource();\n\t}, this]\n})\n","Deprecated":false,"helpDescription":"Renders a row of time items using ItemNavigation. There is no paging or navigation outside the rendered area implemented.\nThis is done inside the CalendarTimeInterval.\nIf used inside the CalendarTimeInterval the properties and aggregation are directly taken from the parent\n(to not duplicate and synchronize DateRanges and so on...).\n\nThe TimesRow works with JavaScript Date objects.","description":"TimesRow in sap.ui.unified","Experimental":false,"prefix":"TimesRow","name":"sap.ui.unified.calendar.TimesRow"},{"template":"new sap.ui.unified.calendar.YearPicker({\n\tid: \"${id}\", // sap.ui.core.ID\n\tbusy: false, // boolean\n\tbusyIndicatorDelay: 1000, // int\n\tvisible: true, // boolean\n\tfieldGroupIds: string[].[], // string[], since 1.31\n\tyear: 2000, // int\n\tyears: 20, // int, since 1.30.0\n\tcolumns: 4, // int, since 1.30.0\n\ttooltip: \"\", // sap.ui.core.TooltipBase\n\tcustomData: [], // sap.ui.core.CustomData\n\tlayoutData: \"\", // sap.ui.core.LayoutData\n\tdependents: [], // sap.ui.core.Control, since 1.19\n\tvalidationSuccess: [function (oEvent) {\n\t\tvar control = oEvent.getSource();\n\t}, this],\n\tvalidationError: [function (oEvent) {\n\t\tvar control = oEvent.getSource();\n\t}, this],\n\tparseError: [function (oEvent) {\n\t\tvar control = oEvent.getSource();\n\t}, this],\n\tformatError: [function (oEvent) {\n\t\tvar control = oEvent.getSource();\n\t}, this],\n\tvalidateFieldGroup: [function (oEvent) {\n\t\tvar control = oEvent.getSource();\n\t}, this],\n\tselect: [function (oEvent) {\n\t\tvar control = oEvent.getSource();\n\t}, this]\n})\n","Deprecated":false,"helpDescription":"renders a YearPicker with ItemNavigation\nThis is used inside the calendar. Not for stand alone usage","description":"YearPicker in sap.ui.unified","Experimental":false,"prefix":"YearPicker","name":"sap.ui.unified.calendar.YearPicker"}]}