{"Templates":[{"template":"new sap.ui.comp.filterbar.FilterBar({\n\tid: \"${id}\", // sap.ui.core.ID\n\tbusy: false, // boolean\n\tbusyIndicatorDelay: 1000, // int\n\tvisible: true, // boolean\n\tfieldGroupIds: string[].[], // string[], since 1.31\n\twidth: \"100%\", // sap.ui.core.CSSSize\n\tvSpacing: 1, // float\n\thSpacing: 1, // float\n\tposition: sap.ui.layout.GridPosition.Left, // sap.ui.layout.GridPosition\n\tdefaultSpan: sap.ui.layout.GridSpan.XL3 L3 M6 S12, // sap.ui.layout.GridSpan\n\tdefaultIndent: sap.ui.layout.GridIndent.XL0 L0 M0 S0, // sap.ui.layout.GridIndent\n\tcontainerQuery: false, // boolean\n\tpersistencyKey: \"\", // string\n\tadvancedMode: false, // boolean\n\texpandAdvancedArea: false, // boolean, since 1.30.0\n\tsearchEnabled: true, // boolean\n\tfilterBarExpanded: true, // boolean, since 1.26.1\n\tconsiderGroupTitle: false, // boolean, since 1.28.0\n\tshowClearButton: false, // boolean, since 1.26.1\n\tshowRestoreButton: true, // boolean, since 1.26.1\n\tshowGoOnFB: true, // boolean, since 1.28.0\n\tshowRestoreOnFB: false, // boolean, since 1.28.0\n\tshowClearOnFB: false, // boolean, since 1.28.0\n\tshowGoButton: \"\", // boolean, since 1.26.1\n\ttooltip: \"\", // sap.ui.core.TooltipBase\n\tcustomData: [], // sap.ui.core.CustomData\n\tlayoutData: \"\", // sap.ui.core.LayoutData\n\tdependents: [], // sap.ui.core.Control, since 1.19\n\tcontent: [], // sap.ui.core.Control\n\tfilterItems: [], // sap.ui.comp.filterbar.FilterItem\n\tfilterGroupItems: [], // sap.ui.comp.filterbar.FilterGroupItem\n\tbasicSearch: \"\", // sap.m.SearchField, since 1.30.0\n\tvalidationSuccess: [function (oEvent) {\n\t\tvar control = oEvent.getSource();\n\t}, this],\n\tvalidationError: [function (oEvent) {\n\t\tvar control = oEvent.getSource();\n\t}, this],\n\tparseError: [function (oEvent) {\n\t\tvar control = oEvent.getSource();\n\t}, this],\n\tformatError: [function (oEvent) {\n\t\tvar control = oEvent.getSource();\n\t}, this],\n\tvalidateFieldGroup: [function (oEvent) {\n\t\tvar control = oEvent.getSource();\n\t}, this],\n\tcancel: [function (oEvent) {\n\t\tvar control = oEvent.getSource();\n\t}, this],\n\treset: [function (oEvent) {\n\t\tvar control = oEvent.getSource();\n\t}, this],\n\tsearch: [function (oEvent) {\n\t\tvar control = oEvent.getSource();\n\t}, this],\n\tbeforeVariantSave: [function (oEvent) {\n\t\tvar control = oEvent.getSource();\n\t}, this],\n\tbeforeVariantFetch: [function (oEvent) {\n\t\tvar control = oEvent.getSource();\n\t}, this], // since 1.28.13\n\tafterVariantLoad: [function (oEvent) {\n\t\tvar control = oEvent.getSource();\n\t}, this],\n\tfilterChange: [function (oEvent) {\n\t\tvar control = oEvent.getSource();\n\t}, this],\n\tclear: [function (oEvent) {\n\t\tvar control = oEvent.getSource();\n\t}, this],\n\tinitialise: [function (oEvent) {\n\t\tvar control = oEvent.getSource();\n\t}, this],\n\tafterVariantSave: [function (oEvent) {\n\t\tvar control = oEvent.getSource();\n\t}, this]\n})\n","Deprecated":false,"helpDescription":"The control displays filters in a user-friendly manner to populate values for a query. The FilterBar consists of a row containing the {@link sap.ui.comp.variants.VariantManagement VariantManagement} control, the related buttons, \nand an area underneath displaying the filters.\nThe filters are arranged in a logical row that is divided depending on the space available and the width of the filters.\nThe area containing the filters can be hidden or shown using the Hide Filter Bar / Show Filter Bar button. The Go button triggers the search event, and the Filters button shows the filter dialog.<br> \nIn this dialog, the consumer has full control over the filter bar.\nThe filters in this dialog are displayed in one column and organized in groups. The filter items of the <code>filterItems<\/code> aggregation are grouped in the Basic group . \nEach filter can be marked as visible in the filter bar by selecting Add to Filter Bar. In addition, the items in the <code>filterGroupItems<\/code> aggregation can be marked as part of the current variant.\nThe FilterBar also supports a different UI layout when used inside a value help dialog. In this case the FilterBar consists of two logical areas, one containing the general search button and in the Advanced Search area.\nThe Advanced Search is a collapsible area displaying the advanced filters in two columns.","description":"FilterBar in sap.ui.comp","Experimental":false,"prefix":"FilterBar","name":"sap.ui.comp.filterbar.FilterBar"},{"template":"new sap.ui.comp.filterbar.FilterGroupItem({\n\tid: \"${id}\", // sap.ui.core.ID\n\tlabel: \"\", // string\n\tname: \"\", // string\n\tmandatory: false, // boolean\n\tvisible: true, // boolean\n\tlabelTooltip: \"\", // string\n\tpartOfCurrentVariant: false, // boolean, since 1.26.1\n\tvisibleInFilterBar: true, // boolean, since 1.26.1\n\tgroupTitle: \"\", // string\n\tgroupName: \"\", // string\n\tvisibleInAdvancedArea: false, // boolean, since 1.24.0\n\ttooltip: \"\", // sap.ui.core.TooltipBase\n\tcustomData: [], // sap.ui.core.CustomData\n\tlayoutData: \"\", // sap.ui.core.LayoutData\n\tdependents: [], // sap.ui.core.Control, since 1.19\n\tcontrol: \"\", // sap.ui.core.Control\n\tvalidationSuccess: [function (oEvent) {\n\t\tvar control = oEvent.getSource();\n\t}, this],\n\tvalidationError: [function (oEvent) {\n\t\tvar control = oEvent.getSource();\n\t}, this],\n\tparseError: [function (oEvent) {\n\t\tvar control = oEvent.getSource();\n\t}, this],\n\tformatError: [function (oEvent) {\n\t\tvar control = oEvent.getSource();\n\t}, this],\n\tchange: [function (oEvent) {\n\t\tvar control = oEvent.getSource();\n\t}, this]\n})\n","Deprecated":false,"helpDescription":"Represents a filter belonging to a group other than basic.","description":"FilterGroupItem in sap.ui.comp","Experimental":false,"prefix":"FilterGroupItem","name":"sap.ui.comp.filterbar.FilterGroupItem"},{"template":"new sap.ui.comp.filterbar.FilterItem({\n\tid: \"${id}\", // sap.ui.core.ID\n\tlabel: \"\", // string\n\tname: \"\", // string\n\tmandatory: false, // boolean\n\tvisible: true, // boolean\n\tlabelTooltip: \"\", // string\n\tpartOfCurrentVariant: false, // boolean, since 1.26.1\n\tvisibleInFilterBar: true, // boolean, since 1.26.1\n\ttooltip: \"\", // sap.ui.core.TooltipBase\n\tcustomData: [], // sap.ui.core.CustomData\n\tlayoutData: \"\", // sap.ui.core.LayoutData\n\tdependents: [], // sap.ui.core.Control, since 1.19\n\tcontrol: \"\", // sap.ui.core.Control\n\tvalidationSuccess: [function (oEvent) {\n\t\tvar control = oEvent.getSource();\n\t}, this],\n\tvalidationError: [function (oEvent) {\n\t\tvar control = oEvent.getSource();\n\t}, this],\n\tparseError: [function (oEvent) {\n\t\tvar control = oEvent.getSource();\n\t}, this],\n\tformatError: [function (oEvent) {\n\t\tvar control = oEvent.getSource();\n\t}, this],\n\tchange: [function (oEvent) {\n\t\tvar control = oEvent.getSource();\n\t}, this]\n})\n","Deprecated":false,"helpDescription":"Represents a filter belonging to the basic group.","description":"FilterItem in sap.ui.comp","Experimental":false,"prefix":"FilterItem","name":"sap.ui.comp.filterbar.FilterItem"},{"template":"new sap.ui.comp.navpopover.LinkData({\n\tid: \"${id}\", // sap.ui.core.ID\n\ttext: \"\", // string, since 1.28.0\n\thref: \"\", // string, since 1.28.0\n\ttooltip: \"\", // sap.ui.core.TooltipBase\n\tcustomData: [], // sap.ui.core.CustomData\n\tlayoutData: \"\", // sap.ui.core.LayoutData\n\tdependents: [], // sap.ui.core.Control, since 1.19\n\tvalidationSuccess: [function (oEvent) {\n\t\tvar control = oEvent.getSource();\n\t}, this],\n\tvalidationError: [function (oEvent) {\n\t\tvar control = oEvent.getSource();\n\t}, this],\n\tparseError: [function (oEvent) {\n\t\tvar control = oEvent.getSource();\n\t}, this],\n\tformatError: [function (oEvent) {\n\t\tvar control = oEvent.getSource();\n\t}, this]\n})\n","Deprecated":false,"helpDescription":"Stores display text together with a navigation target hyperlink.<br>\n\nThe LinkData class is used by {@link sap.ui.comp.navpopover.SmartLink SmartLink} and {@link sap.ui.comp.navpopover.SemanticObjectController SemanticObjectController} to define the visible links on {@link sap.ui.comp.navpopover.NavigationPopover NavigationPopover}.","description":"LinkData in sap.ui.comp","Experimental":false,"prefix":"LinkData","name":"sap.ui.comp.navpopover.LinkData"},{"template":"new sap.ui.comp.navpopover.NavigationPopover({\n\tid: \"${id}\", // sap.ui.core.ID\n\tbusy: false, // boolean\n\tbusyIndicatorDelay: 1000, // int\n\tvisible: true, // boolean\n\tfieldGroupIds: string[].[], // string[], since 1.31\n\tplacement: sap.m.PlacementType.Right, // sap.m.PlacementType\n\tshowHeader: true, // boolean\n\ttitle: \"\", // string\n\tmodal: false, // boolean\n\toffsetX: 0, // int\n\toffsetY: 0, // int\n\tshowArrow: true, // boolean, since 1.31\n\tcontentWidth: \"\", // sap.ui.core.CSSSize, since 1.9.0\n\tcontentHeight: \"\", // sap.ui.core.CSSSize, since 1.9.0\n\tenableScrolling: true, // boolean\n\tverticalScrolling: true, // boolean, since 1.15.0\n\thorizontalScrolling: true, // boolean, since 1.15.0\n\tbounce: \"\", // boolean, since 1.16.5\n\ttitle: \"\", // string, since 1.28.0\n\tsemanticObjectName: \"\", // string, since 1.28.0\n\tsemanticAttributes: \"\", // object, since 1.28.0\n\tappStateKey: \"\", // string, since 1.28.0\n\tmainNavigationId: \"\", // string\n\ttooltip: \"\", // sap.ui.core.TooltipBase\n\tcustomData: [], // sap.ui.core.CustomData\n\tlayoutData: \"\", // sap.ui.core.LayoutData\n\tdependents: [], // sap.ui.core.Control, since 1.19\n\tcontent: [], // sap.ui.core.Control\n\tcustomHeader: \"\", // sap.ui.core.Control\n\tsubHeader: \"\", // sap.ui.core.Control, since 1.15.1\n\tfooter: \"\", // sap.ui.core.Control\n\t_internalHeader: \"\", // sap.m.Bar\n\tbeginButton: \"\", // sap.ui.core.Control, since 1.15.1\n\tendButton: \"\", // sap.ui.core.Control, since 1.15.1\n\tavailableActions: [], // sap.ui.comp.navpopover.LinkData, since 1.28.0\n\tmainNavigation: \"\", // sap.ui.comp.navpopover.LinkData, since 1.28.0\n\townNavigation: \"\", // sap.ui.comp.navpopover.LinkData, since 1.28.0\n\tleftButton: \"\", // sap.m.Button\n\trightButton: \"\", // sap.m.Button\n\tinitialFocus: \"\", // sap.ui.core.Control, since 1.15.0\n\tariaDescribedBy: [], // sap.ui.core.Control\n\tsource: \"\", // sap.ui.core.Control, since 1.28.0\n\textraContent: \"\", // sap.ui.core.Control, since 1.28.0\n\tcomponent: \"\", // sap.ui.core.Element\n\tvalidationSuccess: [function (oEvent) {\n\t\tvar control = oEvent.getSource();\n\t}, this],\n\tvalidationError: [function (oEvent) {\n\t\tvar control = oEvent.getSource();\n\t}, this],\n\tparseError: [function (oEvent) {\n\t\tvar control = oEvent.getSource();\n\t}, this],\n\tformatError: [function (oEvent) {\n\t\tvar control = oEvent.getSource();\n\t}, this],\n\tvalidateFieldGroup: [function (oEvent) {\n\t\tvar control = oEvent.getSource();\n\t}, this],\n\tafterOpen: [function (oEvent) {\n\t\tvar control = oEvent.getSource();\n\t}, this],\n\tafterClose: [function (oEvent) {\n\t\tvar control = oEvent.getSource();\n\t}, this],\n\tbeforeOpen: [function (oEvent) {\n\t\tvar control = oEvent.getSource();\n\t}, this],\n\tbeforeClose: [function (oEvent) {\n\t\tvar control = oEvent.getSource();\n\t}, this],\n\ttargetsObtained: [function (oEvent) {\n\t\tvar control = oEvent.getSource();\n\t}, this], // since 1.28.0\n\tnavigate: [function (oEvent) {\n\t\tvar control = oEvent.getSource();\n\t}, this] // since 1.28.0\n})\n","Deprecated":false,"helpDescription":"The NavigationPopover allows navigating to different destinations by providing links on a popover.<br>\nThe links are fetched using the {@link sap.ushell.services.CrossApplicationNavigation CrossApplicationNavigation} service of the unified shell.<br>\n\nThis class gets instantiated by {@link sap.ui.comp.navpopover.SmartLink SmartLink}. It is recommended to use {@link sap.ui.comp.navpopover.SmartLink SmartLink} instead of creating NavigationPopover manually.","description":"NavigationPopover in sap.ui.comp","Experimental":false,"prefix":"NavigationPopover","name":"sap.ui.comp.navpopover.NavigationPopover"},{"template":"new sap.ui.comp.navpopover.SemanticObjectController({\n\tid: \"${id}\", // sap.ui.core.ID\n\tignoredFields: \"\", // string, since 1.28.0\n\tprefetchNavigationTargets: false, // boolean, since 1.28.0\n\tfieldSemanticObjectMap: \"\", // object, since 1.28.0\n\tentitySet: \"\", // string, since 1.28.0\n\ttooltip: \"\", // sap.ui.core.TooltipBase\n\tcustomData: [], // sap.ui.core.CustomData\n\tlayoutData: \"\", // sap.ui.core.LayoutData\n\tdependents: [], // sap.ui.core.Control, since 1.19\n\tvalidationSuccess: [function (oEvent) {\n\t\tvar control = oEvent.getSource();\n\t}, this],\n\tvalidationError: [function (oEvent) {\n\t\tvar control = oEvent.getSource();\n\t}, this],\n\tparseError: [function (oEvent) {\n\t\tvar control = oEvent.getSource();\n\t}, this],\n\tformatError: [function (oEvent) {\n\t\tvar control = oEvent.getSource();\n\t}, this],\n\tnavigationTargetsObtained: [function (oEvent) {\n\t\tvar control = oEvent.getSource();\n\t}, this], // since 1.28.0\n\tbeforePopoverOpens: [function (oEvent) {\n\t\tvar control = oEvent.getSource();\n\t}, this], // since 1.28.0\n\tnavigate: [function (oEvent) {\n\t\tvar control = oEvent.getSource();\n\t}, this], // since 1.28.0\n\tprefetchDone: [function (oEvent) {\n\t\tvar control = oEvent.getSource();\n\t}, this] // since 1.28.0\n})\n","Deprecated":false,"helpDescription":"The SemanticObjectController allows the user to register against semantic object navigation events as well as define semantic objects which should be ignored.","description":"SemanticObjectController in sap.ui.comp","Experimental":false,"prefix":"SemanticObjectController","name":"sap.ui.comp.navpopover.SemanticObjectController"},{"template":"new sap.ui.comp.navpopover.SmartLink({\n\tid: \"${id}\", // sap.ui.core.ID\n\tbusy: false, // boolean\n\tbusyIndicatorDelay: 1000, // int\n\tvisible: true, // boolean\n\tfieldGroupIds: string[].[], // string[], since 1.31\n\ttext: \"\", // string\n\tenabled: true, // boolean\n\ttarget: \"\", // string\n\twidth: \"\", // sap.ui.core.CSSSize\n\thref: \"\", // sap.ui.core.URI\n\twrapping: false, // boolean\n\ttextAlign: sap.ui.core.TextAlign.Initial, // sap.ui.core.TextAlign, since 1.28.0\n\ttextDirection: sap.ui.core.TextDirection.Inherit, // sap.ui.core.TextDirection, since 1.28.0\n\tsubtle: false, // boolean, since 1.22\n\temphasized: false, // boolean, since 1.22\n\tsemanticObject: \"\", // string, since 1.28.0\n\tsemanticObjectController: \"\", // any, since 1.28.0\n\tfieldName: \"\", // string, since 1.28.0\n\tsemanticObjectLabel: \"\", // string, since 1.28.0\n\tcreateControlCallback: \"\", // object, since 1.28.0\n\tmapFieldToSemanticObject: true, // boolean\n\tignoreLinkRendering: false, // boolean, since 1.28.0\n\ttooltip: \"\", // sap.ui.core.TooltipBase\n\tcustomData: [], // sap.ui.core.CustomData\n\tlayoutData: \"\", // sap.ui.core.LayoutData\n\tdependents: [], // sap.ui.core.Control, since 1.19\n\tinnerControl: \"\", // sap.ui.core.Control, since 1.28.0\n\tariaDescribedBy: [], // sap.ui.core.Control\n\tariaLabelledBy: [], // sap.ui.core.Control\n\tvalidationSuccess: [function (oEvent) {\n\t\tvar control = oEvent.getSource();\n\t}, this],\n\tvalidationError: [function (oEvent) {\n\t\tvar control = oEvent.getSource();\n\t}, this],\n\tparseError: [function (oEvent) {\n\t\tvar control = oEvent.getSource();\n\t}, this],\n\tformatError: [function (oEvent) {\n\t\tvar control = oEvent.getSource();\n\t}, this],\n\tvalidateFieldGroup: [function (oEvent) {\n\t\tvar control = oEvent.getSource();\n\t}, this],\n\tpress: [function (oEvent) {\n\t\tvar control = oEvent.getSource();\n\t}, this],\n\tbeforePopoverOpens: [function (oEvent) {\n\t\tvar control = oEvent.getSource();\n\t}, this], // since 1.28.0\n\tnavigationTargetsObtained: [function (oEvent) {\n\t\tvar control = oEvent.getSource();\n\t}, this], // since 1.28.0\n\tinnerNavigate: [function (oEvent) {\n\t\tvar control = oEvent.getSource();\n\t}, this] // since 1.28.0\n})\n","Deprecated":false,"helpDescription":"The SmartLink control uses a semantic object to display {@link sap.ui.comp.navpopover.NavigationPopover NavigationPopover} for further navigation steps.","description":"SmartLink in sap.ui.comp","Experimental":false,"prefix":"SmartLink","name":"sap.ui.comp.navpopover.SmartLink"},{"template":"new sap.ui.comp.odata.FieldSelector({\n\tid: \"${id}\", // sap.ui.core.ID\n\tbusy: false, // boolean\n\tbusyIndicatorDelay: 1000, // int\n\tvisible: true, // boolean\n\tfieldGroupIds: string[].[], // string[], since 1.31\n\tshowSearchBar: true, // boolean\n\ttooltip: \"\", // sap.ui.core.TooltipBase\n\tcustomData: [], // sap.ui.core.CustomData\n\tlayoutData: \"\", // sap.ui.core.LayoutData\n\tdependents: [], // sap.ui.core.Control, since 1.19\n\tcontent: \"\", // sap.ui.core.Control\n\tvalidationSuccess: [function (oEvent) {\n\t\tvar control = oEvent.getSource();\n\t}, this],\n\tvalidationError: [function (oEvent) {\n\t\tvar control = oEvent.getSource();\n\t}, this],\n\tparseError: [function (oEvent) {\n\t\tvar control = oEvent.getSource();\n\t}, this],\n\tformatError: [function (oEvent) {\n\t\tvar control = oEvent.getSource();\n\t}, this],\n\tvalidateFieldGroup: [function (oEvent) {\n\t\tvar control = oEvent.getSource();\n\t}, this],\n\tfieldSelectionChanged: [function (oEvent) {\n\t\tvar control = oEvent.getSource();\n\t}, this]\n})\n","Deprecated":false,"helpDescription":"Reuse control which displays the properties of OData entity sets.","description":"FieldSelector in sap.ui.comp","Experimental":false,"prefix":"FieldSelector","name":"sap.ui.comp.odata.FieldSelector"},{"template":"new sap.ui.comp.smartfield.Configuration({\n\tid: \"${id}\", // sap.ui.core.ID\n\tcontrolType: \"\", // sap.ui.comp.smartfield.ControlType\n\tdisplayBehaviour: \"\", // sap.ui.comp.smartfield.DisplayBehaviour\n\ttooltip: \"\", // sap.ui.core.TooltipBase\n\tcustomData: [], // sap.ui.core.CustomData\n\tlayoutData: \"\", // sap.ui.core.LayoutData\n\tdependents: [], // sap.ui.core.Control, since 1.19\n\tvalidationSuccess: [function (oEvent) {\n\t\tvar control = oEvent.getSource();\n\t}, this],\n\tvalidationError: [function (oEvent) {\n\t\tvar control = oEvent.getSource();\n\t}, this],\n\tparseError: [function (oEvent) {\n\t\tvar control = oEvent.getSource();\n\t}, this],\n\tformatError: [function (oEvent) {\n\t\tvar control = oEvent.getSource();\n\t}, this]\n})\n","Deprecated":false,"helpDescription":"The configuration allows to further define the behavior of a SmartField.","description":"Configuration in sap.ui.comp","Experimental":false,"prefix":"Configuration","name":"sap.ui.comp.smartfield.Configuration"},{"template":"new sap.ui.comp.smartfield.SmartField({\n\tid: \"${id}\", // sap.ui.core.ID\n\tbusy: false, // boolean\n\tbusyIndicatorDelay: 1000, // int\n\tvisible: true, // boolean\n\tfieldGroupIds: string[].[], // string[], since 1.31\n\tvalue: \"\", // any\n\tenabled: true, // boolean\n\tentitySet: \"\", // string\n\teditable: true, // boolean\n\tcontextEditable: true, // boolean, since 1.31.0\n\twidth: \"\", // sap.ui.core.CSSSize\n\ttextAlign: sap.ui.core.TextAlign.Initial, // sap.ui.core.TextAlign\n\tplaceholder: \"\", // string\n\tname: \"\", // string\n\tvalueState: sap.ui.core.ValueState.None, // sap.ui.core.ValueState\n\tvalueStateText: \"\", // string\n\tshowValueStateMessage: true, // boolean\n\tjsontype: \"\", // sap.ui.comp.smartfield.JSONType\n\tmandatory: false, // boolean\n\tmaxLength: 0, // int\n\tshowSuggestion: true, // boolean\n\tshowValueHelp: true, // boolean\n\tshowLabel: true, // boolean\n\ttextLabel: \"\", // string\n\ttooltipLabel: \"\", // string\n\tuomVisible: true, // boolean\n\tuomEditable: true, // boolean\n\tuomEnabled: true, // boolean\n\turl: \"\", // string\n\tuomEditState: -1, // int, since 1.31.0\n\tcontrolContext: sap.ui.comp.smartfield.ControlContextType.None, // sap.ui.comp.smartfield.ControlContextType, since 1.31.0\n\tproposedControl: sap.ui.comp.smartfield.ControlProposalType.None, // sap.ui.comp.smartfield.ControlProposalType, since 1.31.0\n\ttooltip: \"\", // sap.ui.core.TooltipBase\n\tcustomData: [], // sap.ui.core.CustomData\n\tlayoutData: \"\", // sap.ui.core.LayoutData\n\tdependents: [], // sap.ui.core.Control, since 1.19\n\t_content: \"\", // sap.ui.core.Control\n\tconfiguration: \"\", // sap.ui.comp.smartfield.Configuration\n\tvalidationSuccess: [function (oEvent) {\n\t\tvar control = oEvent.getSource();\n\t}, this],\n\tvalidationError: [function (oEvent) {\n\t\tvar control = oEvent.getSource();\n\t}, this],\n\tparseError: [function (oEvent) {\n\t\tvar control = oEvent.getSource();\n\t}, this],\n\tformatError: [function (oEvent) {\n\t\tvar control = oEvent.getSource();\n\t}, this],\n\tvalidateFieldGroup: [function (oEvent) {\n\t\tvar control = oEvent.getSource();\n\t}, this],\n\tentitySetFound: [function (oEvent) {\n\t\tvar control = oEvent.getSource();\n\t}, this],\n\tchange: [function (oEvent) {\n\t\tvar control = oEvent.getSource();\n\t}, this],\n\tinitialise: [function (oEvent) {\n\t\tvar control = oEvent.getSource();\n\t}, this],\n\tvisibleChanged: [function (oEvent) {\n\t\tvar control = oEvent.getSource();\n\t}, this],\n\teditableChanged: [function (oEvent) {\n\t\tvar control = oEvent.getSource();\n\t}, this], // since 1.30.0\n\tcontextEditableChanged: [function (oEvent) {\n\t\tvar control = oEvent.getSource();\n\t}, this], // since 1.31.0\n\tinnerControlsCreated: [function (oEvent) {\n\t\tvar control = oEvent.getSource();\n\t}, this],\n\tvalueListChanged: [function (oEvent) {\n\t\tvar control = oEvent.getSource();\n\t}, this] // since 1.31.0\n})\n","Deprecated":false,"helpDescription":"The SmartField control is a wrapper for other controls. It interprets OData metadata to determine the control that has to be\n       instantiated. The OData entity is derived from the control's binding context. The OData entity's property that is changed or\n       displayed with the control is derived from the control's value property.","description":"SmartField in sap.ui.comp","Experimental":false,"prefix":"SmartField","name":"sap.ui.comp.smartfield.SmartField"},{"template":"new sap.ui.comp.smartfield.SmartLabel({\n\tid: \"${id}\" // sap.ui.core.ID\n})\n","Deprecated":false,"helpDescription":"The SmartLabel control extends {@link sap.m.Label sap.m.Label} and displays the label for {@link sap.ui.comp.smartfield.SmartField SmartField}.\nIt uses the annotations \n<code>sap:label<\/code> or <code>com.sap.vocabularies.Common.v1.Label<\/code> for the label text and\n<code>sap:quickinfo<\/code> or <code>com.sap.vocabularies.Common.v1.QuickInfo<\/code> for the tooltip.\nThe mandatory indicator is obtained from the SmartField control. \nThe association with a SmartField control is built using the setLabelFor method.","description":"SmartLabel in sap.ui.comp","Experimental":false,"prefix":"SmartLabel","name":"sap.ui.comp.smartfield.SmartLabel"},{"template":"new sap.ui.comp.smartfilterbar.ControlConfiguration({\n\tid: \"${id}\", // sap.ui.core.ID\n\tkey: \"\", // string\n\tgroupId: \"\", // string\n\tlabel: \"\", // string\n\tvisible: true, // boolean\n\thasValueHelpDialog: true, // boolean\n\tcontrolType: auto, // string\n\tfilterType: auto, // string\n\tindex: undefined, // any\n\thasTypeAhead: true, // boolean\n\tmandatory: auto, // string\n\twidth: \"\", // string\n\tvisibleInAdvancedArea: false, // boolean\n\tpreventInitialDataFetchInValueHelpDialog: true, // boolean\n\tdisplayBehaviour: auto, // string\n\ttooltip: \"\", // sap.ui.core.TooltipBase\n\tcustomData: [], // sap.ui.core.CustomData\n\tlayoutData: \"\", // sap.ui.core.LayoutData\n\tdependents: [], // sap.ui.core.Control, since 1.19\n\tdefaultFilterValues: [], // sap.ui.comp.smartfilterbar.SelectOption\n\tcustomControl: \"\", // sap.ui.core.Control\n\tvalidationSuccess: [function (oEvent) {\n\t\tvar control = oEvent.getSource();\n\t}, this],\n\tvalidationError: [function (oEvent) {\n\t\tvar control = oEvent.getSource();\n\t}, this],\n\tparseError: [function (oEvent) {\n\t\tvar control = oEvent.getSource();\n\t}, this],\n\tformatError: [function (oEvent) {\n\t\tvar control = oEvent.getSource();\n\t}, this],\n\tchange: [function (oEvent) {\n\t\tvar control = oEvent.getSource();\n\t}, this]\n})\n","Deprecated":false,"helpDescription":"ControlConfiguration can be used to add additional configuration for filter fields in the SmartFilterBar control, in order to overwrite\n       the default settings from the OData metadata. For instance, it is possible to change the label, index or control type of a filter field.","description":"ControlConfiguration in sap.ui.comp","Experimental":false,"prefix":"ControlConfiguration","name":"sap.ui.comp.smartfilterbar.ControlConfiguration"},{"template":"new sap.ui.comp.smartfilterbar.GroupConfiguration({\n\tid: \"${id}\", // sap.ui.core.ID\n\tkey: \"\", // string\n\tindex: undefined, // any\n\tlabel: undefined, // any\n\ttooltip: \"\", // sap.ui.core.TooltipBase\n\tcustomData: [], // sap.ui.core.CustomData\n\tlayoutData: \"\", // sap.ui.core.LayoutData\n\tdependents: [], // sap.ui.core.Control, since 1.19\n\tvalidationSuccess: [function (oEvent) {\n\t\tvar control = oEvent.getSource();\n\t}, this],\n\tvalidationError: [function (oEvent) {\n\t\tvar control = oEvent.getSource();\n\t}, this],\n\tparseError: [function (oEvent) {\n\t\tvar control = oEvent.getSource();\n\t}, this],\n\tformatError: [function (oEvent) {\n\t\tvar control = oEvent.getSource();\n\t}, this],\n\tchange: [function (oEvent) {\n\t\tvar control = oEvent.getSource();\n\t}, this]\n})\n","Deprecated":false,"helpDescription":"A GroupConfiguration can be used to add additional configurations for groups in the SmartFilterBar. A group in the SmartFilterBar is a group of filter fields in the advanced search.","description":"GroupConfiguration in sap.ui.comp","Experimental":false,"prefix":"GroupConfiguration","name":"sap.ui.comp.smartfilterbar.GroupConfiguration"},{"template":"new sap.ui.comp.smartfilterbar.SelectOption({\n\tid: \"${id}\", // sap.ui.core.ID\n\tsign: I, // string\n\toperator: EQ, // string\n\tlow: \"\", // string\n\thigh: \"\", // string\n\ttooltip: \"\", // sap.ui.core.TooltipBase\n\tcustomData: [], // sap.ui.core.CustomData\n\tlayoutData: \"\", // sap.ui.core.LayoutData\n\tdependents: [], // sap.ui.core.Control, since 1.19\n\tvalidationSuccess: [function (oEvent) {\n\t\tvar control = oEvent.getSource();\n\t}, this],\n\tvalidationError: [function (oEvent) {\n\t\tvar control = oEvent.getSource();\n\t}, this],\n\tparseError: [function (oEvent) {\n\t\tvar control = oEvent.getSource();\n\t}, this],\n\tformatError: [function (oEvent) {\n\t\tvar control = oEvent.getSource();\n\t}, this]\n})\n","Deprecated":false,"helpDescription":"A Select Option can be used to specify default filter values for a control configuration of the SmartFilterBar.","description":"SelectOption in sap.ui.comp","Experimental":false,"prefix":"SelectOption","name":"sap.ui.comp.smartfilterbar.SelectOption"},{"template":"new sap.ui.comp.smartfilterbar.SmartFilterBar({\n\tid: \"${id}\", // sap.ui.core.ID\n\tbusy: false, // boolean\n\tbusyIndicatorDelay: 1000, // int\n\tvisible: true, // boolean\n\tfieldGroupIds: string[].[], // string[], since 1.31\n\twidth: \"100%\", // sap.ui.core.CSSSize\n\tvSpacing: 1, // float\n\thSpacing: 1, // float\n\tposition: sap.ui.layout.GridPosition.Left, // sap.ui.layout.GridPosition\n\tdefaultSpan: sap.ui.layout.GridSpan.XL3 L3 M6 S12, // sap.ui.layout.GridSpan\n\tdefaultIndent: sap.ui.layout.GridIndent.XL0 L0 M0 S0, // sap.ui.layout.GridIndent\n\tcontainerQuery: false, // boolean\n\tpersistencyKey: \"\", // string\n\tadvancedMode: false, // boolean\n\texpandAdvancedArea: false, // boolean, since 1.30.0\n\tsearchEnabled: true, // boolean\n\tfilterBarExpanded: true, // boolean, since 1.26.1\n\tconsiderGroupTitle: false, // boolean, since 1.28.0\n\tshowClearButton: false, // boolean, since 1.26.1\n\tshowRestoreButton: true, // boolean, since 1.26.1\n\tshowGoOnFB: true, // boolean, since 1.28.0\n\tshowRestoreOnFB: false, // boolean, since 1.28.0\n\tshowClearOnFB: false, // boolean, since 1.28.0\n\tshowGoButton: \"\", // boolean, since 1.26.1\n\tentityType: \"\", // string\n\tresourceUri: \"\", // string\n\tbasicSearchFieldName: \"\", // string\n\tenableBasicSearch: false, // boolean\n\ttooltip: \"\", // sap.ui.core.TooltipBase\n\tcustomData: [], // sap.ui.core.CustomData\n\tlayoutData: \"\", // sap.ui.core.LayoutData\n\tdependents: [], // sap.ui.core.Control, since 1.19\n\tcontent: [], // sap.ui.core.Control\n\tfilterItems: [], // sap.ui.comp.filterbar.FilterItem\n\tfilterGroupItems: [], // sap.ui.comp.filterbar.FilterGroupItem\n\tcontrolConfiguration: [], // sap.ui.comp.smartfilterbar.ControlConfiguration\n\tgroupConfiguration: [], // sap.ui.comp.smartfilterbar.GroupConfiguration\n\tbasicSearch: \"\", // sap.m.SearchField, since 1.30.0\n\tvalidationSuccess: [function (oEvent) {\n\t\tvar control = oEvent.getSource();\n\t}, this],\n\tvalidationError: [function (oEvent) {\n\t\tvar control = oEvent.getSource();\n\t}, this],\n\tparseError: [function (oEvent) {\n\t\tvar control = oEvent.getSource();\n\t}, this],\n\tformatError: [function (oEvent) {\n\t\tvar control = oEvent.getSource();\n\t}, this],\n\tvalidateFieldGroup: [function (oEvent) {\n\t\tvar control = oEvent.getSource();\n\t}, this],\n\tcancel: [function (oEvent) {\n\t\tvar control = oEvent.getSource();\n\t}, this],\n\treset: [function (oEvent) {\n\t\tvar control = oEvent.getSource();\n\t}, this],\n\tsearch: [function (oEvent) {\n\t\tvar control = oEvent.getSource();\n\t}, this],\n\tbeforeVariantSave: [function (oEvent) {\n\t\tvar control = oEvent.getSource();\n\t}, this],\n\tbeforeVariantFetch: [function (oEvent) {\n\t\tvar control = oEvent.getSource();\n\t}, this], // since 1.28.13\n\tafterVariantLoad: [function (oEvent) {\n\t\tvar control = oEvent.getSource();\n\t}, this],\n\tfilterChange: [function (oEvent) {\n\t\tvar control = oEvent.getSource();\n\t}, this],\n\tclear: [function (oEvent) {\n\t\tvar control = oEvent.getSource();\n\t}, this],\n\tinitialise: [function (oEvent) {\n\t\tvar control = oEvent.getSource();\n\t}, this],\n\tafterVariantSave: [function (oEvent) {\n\t\tvar control = oEvent.getSource();\n\t}, this]\n})\n","Deprecated":false,"helpDescription":"The SmartFilterBar control uses the OData metadata of an entity in order to create a filter bar.<br>\n       Whether a field is visible on the filter bar, supports type-ahead and value help, for example, is automatically determined. When you use\n       control configurations and group configurations it is possible to configure the filter bar and adapt it according to your needs.<br>\n       <b><i>Note:<\/i><\/b><br>\n       Most of the attributes/properties are not dynamic and cannot be changed once the control has been initialized.","description":"SmartFilterBar in sap.ui.comp","Experimental":false,"prefix":"SmartFilterBar","name":"sap.ui.comp.smartfilterbar.SmartFilterBar"},{"template":"new sap.ui.comp.smartform.Group({\n\tid: \"${id}\", // sap.ui.core.ID\n\tbusy: false, // boolean\n\tbusyIndicatorDelay: 1000, // int\n\tvisible: true, // boolean\n\tfieldGroupIds: string[].[], // string[], since 1.31\n\tuseHorizontalLayout: \"\", // boolean\n\thorizontalLayoutGroupElementMinWidth: \"\", // int\n\tlabel: \"\", // string\n\ttooltip: \"\", // sap.ui.core.TooltipBase\n\tcustomData: [], // sap.ui.core.CustomData\n\tlayoutData: \"\", // sap.ui.core.LayoutData\n\tdependents: [], // sap.ui.core.Control, since 1.19\n\tgroupElements: [], // sap.ui.comp.smartform.GroupElement\n\tlayout: \"\", // sap.ui.layout.GridData\n\tvalidationSuccess: [function (oEvent) {\n\t\tvar control = oEvent.getSource();\n\t}, this],\n\tvalidationError: [function (oEvent) {\n\t\tvar control = oEvent.getSource();\n\t}, this],\n\tparseError: [function (oEvent) {\n\t\tvar control = oEvent.getSource();\n\t}, this],\n\tformatError: [function (oEvent) {\n\t\tvar control = oEvent.getSource();\n\t}, this],\n\tvalidateFieldGroup: [function (oEvent) {\n\t\tvar control = oEvent.getSource();\n\t}, this]\n})\n","Deprecated":false,"helpDescription":"Groups are used to group group elements.","description":"Group in sap.ui.comp","Experimental":false,"prefix":"Group","name":"sap.ui.comp.smartform.Group"},{"template":"new sap.ui.comp.smartform.GroupElement({\n\tid: \"${id}\", // sap.ui.core.ID\n\tbusy: false, // boolean\n\tbusyIndicatorDelay: 1000, // int\n\tvisible: true, // boolean\n\tfieldGroupIds: string[].[], // string[], since 1.31\n\tuseHorizontalLayout: \"\", // boolean\n\thorizontalLayoutGroupElementMinWidth: \"\", // int\n\telementForLabel: 0, // int\n\ttooltip: \"\", // sap.ui.core.TooltipBase\n\tcustomData: [], // sap.ui.core.CustomData\n\tlayoutData: \"\", // sap.ui.core.LayoutData\n\tdependents: [], // sap.ui.core.Control, since 1.19\n\telements: [], // sap.ui.core.Control\n\tvalidationSuccess: [function (oEvent) {\n\t\tvar control = oEvent.getSource();\n\t}, this],\n\tvalidationError: [function (oEvent) {\n\t\tvar control = oEvent.getSource();\n\t}, this],\n\tparseError: [function (oEvent) {\n\t\tvar control = oEvent.getSource();\n\t}, this],\n\tformatError: [function (oEvent) {\n\t\tvar control = oEvent.getSource();\n\t}, this],\n\tvalidateFieldGroup: [function (oEvent) {\n\t\tvar control = oEvent.getSource();\n\t}, this]\n})\n","Deprecated":false,"helpDescription":"A GroupElement is a combination of one label and different controls associated to this label.","description":"GroupElement in sap.ui.comp","Experimental":false,"prefix":"GroupElement","name":"sap.ui.comp.smartform.GroupElement"},{"template":"new sap.ui.comp.smartform.Layout({\n\tid: \"${id}\", // sap.ui.core.ID\n\tlabelSpanL: \"\", // int\n\tlabelSpanM: \"\", // int\n\tlabelSpanS: \"\", // int\n\temptySpanL: \"\", // int\n\temptySpanM: \"\", // int\n\temptySpanS: \"\", // int\n\tcolumnsL: \"\", // int\n\tcolumnsM: \"\", // int\n\tbreakpointL: \"\", // int\n\tbreakpointM: \"\", // int\n\ttooltip: \"\", // sap.ui.core.TooltipBase\n\tcustomData: [], // sap.ui.core.CustomData\n\tlayoutData: \"\", // sap.ui.core.LayoutData\n\tdependents: [], // sap.ui.core.Control, since 1.19\n\tvalidationSuccess: [function (oEvent) {\n\t\tvar control = oEvent.getSource();\n\t}, this],\n\tvalidationError: [function (oEvent) {\n\t\tvar control = oEvent.getSource();\n\t}, this],\n\tparseError: [function (oEvent) {\n\t\tvar control = oEvent.getSource();\n\t}, this],\n\tformatError: [function (oEvent) {\n\t\tvar control = oEvent.getSource();\n\t}, this]\n})\n","Deprecated":false,"helpDescription":"Layout settings to adjust ResponsiveGridLayout.","description":"Layout in sap.ui.comp","Experimental":false,"prefix":"Layout","name":"sap.ui.comp.smartform.Layout"},{"template":"new sap.ui.comp.smartform.SmartForm({\n\tid: \"${id}\", // sap.ui.core.ID\n\tbusy: false, // boolean\n\tbusyIndicatorDelay: 1000, // int\n\tvisible: true, // boolean\n\tfieldGroupIds: string[].[], // string[], since 1.31\n\ttitle: \"\", // string\n\tuseHorizontalLayout: \"\", // boolean\n\thorizontalLayoutGroupElementMinWidth: \"\", // int\n\tcheckButton: false, // boolean\n\tentityType: \"\", // string\n\texpandable: false, // boolean\n\texpanded: \"\", // boolean\n\teditTogglable: false, // boolean\n\teditable: false, // boolean\n\tignoredFields: \"\", // string\n\tflexEnabled: true, // boolean\n\ttooltip: \"\", // sap.ui.core.TooltipBase\n\tcustomData: [], // sap.ui.core.CustomData\n\tlayoutData: \"\", // sap.ui.core.LayoutData\n\tdependents: [], // sap.ui.core.Control, since 1.19\n\tgroups: [], // sap.ui.comp.smartform.Group\n\tcontent: \"\", // sap.ui.core.Control\n\tlayout: \"\", // sap.ui.comp.smartform.Layout\n\tsemanticObjectController: \"\", // sap.ui.comp.navpopover.SemanticObjectController\n\tcustomToolbar: \"\", // sap.m.Toolbar\n\ttoolbar: \"\", // sap.m.Toolbar\n\tvalidationSuccess: [function (oEvent) {\n\t\tvar control = oEvent.getSource();\n\t}, this],\n\tvalidationError: [function (oEvent) {\n\t\tvar control = oEvent.getSource();\n\t}, this],\n\tparseError: [function (oEvent) {\n\t\tvar control = oEvent.getSource();\n\t}, this],\n\tformatError: [function (oEvent) {\n\t\tvar control = oEvent.getSource();\n\t}, this],\n\tvalidateFieldGroup: [function (oEvent) {\n\t\tvar control = oEvent.getSource();\n\t}, this],\n\teditToggled: [function (oEvent) {\n\t\tvar control = oEvent.getSource();\n\t}, this],\n\tchecked: [function (oEvent) {\n\t\tvar control = oEvent.getSource();\n\t}, this]\n})\n","Deprecated":false,"helpDescription":"The SmartForm control renders a form (sap.ui.layout.form.Form) and supports key user personalization, such as adding/hiding fields and\n       groups, changing the order of fields and groups, and changing labels. When used with the SmartField control the label is taken from the\n       metadata annotation <code>sap:label<\/code> if not specified in the XML view.","description":"SmartForm in sap.ui.comp","Experimental":false,"prefix":"SmartForm","name":"sap.ui.comp.smartform.SmartForm"},{"template":"new sap.ui.comp.smartform.flexibility.DialogContent({\n\tid: \"${id}\", // sap.ui.core.ID\n\tbusy: false, // boolean\n\tbusyIndicatorDelay: 1000, // int\n\tvisible: true, // boolean\n\tfieldGroupIds: string[].[], // string[], since 1.31\n\ttooltip: \"\", // sap.ui.core.TooltipBase\n\tcustomData: [], // sap.ui.core.CustomData\n\tlayoutData: \"\", // sap.ui.core.LayoutData\n\tdependents: [], // sap.ui.core.Control, since 1.19\n\tcontent: \"\", // sap.ui.core.Control\n\tvalidationSuccess: [function (oEvent) {\n\t\tvar control = oEvent.getSource();\n\t}, this],\n\tvalidationError: [function (oEvent) {\n\t\tvar control = oEvent.getSource();\n\t}, this],\n\tparseError: [function (oEvent) {\n\t\tvar control = oEvent.getSource();\n\t}, this],\n\tformatError: [function (oEvent) {\n\t\tvar control = oEvent.getSource();\n\t}, this],\n\tvalidateFieldGroup: [function (oEvent) {\n\t\tvar control = oEvent.getSource();\n\t}, this]\n})\n","Deprecated":false,"helpDescription":"The content of the personalization dialog of the SmartForm","description":"DialogContent in sap.ui.comp","Experimental":false,"prefix":"DialogContent","name":"sap.ui.comp.smartform.flexibility.DialogContent"},{"template":"new sap.ui.comp.smartform.flexibility.FieldList({\n\tid: \"${id}\", // sap.ui.core.ID\n\tbusy: false, // boolean\n\tbusyIndicatorDelay: 1000, // int\n\tvisible: true, // boolean\n\tfieldGroupIds: string[].[], // string[], since 1.31\n\ttooltip: \"\", // sap.ui.core.TooltipBase\n\tcustomData: [], // sap.ui.core.CustomData\n\tlayoutData: \"\", // sap.ui.core.LayoutData\n\tdependents: [], // sap.ui.core.Control, since 1.19\n\tnodes: [], // sap.ui.comp.smartform.flexibility.FieldListNode\n\tvalidationSuccess: [function (oEvent) {\n\t\tvar control = oEvent.getSource();\n\t}, this],\n\tvalidationError: [function (oEvent) {\n\t\tvar control = oEvent.getSource();\n\t}, this],\n\tparseError: [function (oEvent) {\n\t\tvar control = oEvent.getSource();\n\t}, this],\n\tformatError: [function (oEvent) {\n\t\tvar control = oEvent.getSource();\n\t}, this],\n\tvalidateFieldGroup: [function (oEvent) {\n\t\tvar control = oEvent.getSource();\n\t}, this],\n\tselectionChanged: [function (oEvent) {\n\t\tvar control = oEvent.getSource();\n\t}, this],\n\tlabelChanged: [function (oEvent) {\n\t\tvar control = oEvent.getSource();\n\t}, this],\n\tnodeHidden: [function (oEvent) {\n\t\tvar control = oEvent.getSource();\n\t}, this]\n})\n","Deprecated":false,"helpDescription":"Contains list of forms, groups and fields which can could be modified by the SAPUI5 flexibility services","description":"FieldList in sap.ui.comp","Experimental":false,"prefix":"FieldList","name":"sap.ui.comp.smartform.flexibility.FieldList"},{"template":"new sap.ui.comp.smartform.flexibility.FieldListNode({\n\tid: \"${id}\", // sap.ui.core.ID\n\tbusy: false, // boolean\n\tbusyIndicatorDelay: 1000, // int\n\tvisible: true, // boolean\n\tfieldGroupIds: string[].[], // string[], since 1.31\n\tlabel: \"\", // string\n\tisVisible: \"\", // boolean\n\tisSelected: \"\", // boolean\n\ttooltip: \"\", // sap.ui.core.TooltipBase\n\tcustomData: [], // sap.ui.core.CustomData\n\tlayoutData: \"\", // sap.ui.core.LayoutData\n\tdependents: [], // sap.ui.core.Control, since 1.19\n\tnodes: [], // sap.ui.comp.smartform.flexibility.FieldListNode\n\tlayout: \"\", // sap.ui.core.Control\n\tvalidationSuccess: [function (oEvent) {\n\t\tvar control = oEvent.getSource();\n\t}, this],\n\tvalidationError: [function (oEvent) {\n\t\tvar control = oEvent.getSource();\n\t}, this],\n\tparseError: [function (oEvent) {\n\t\tvar control = oEvent.getSource();\n\t}, this],\n\tformatError: [function (oEvent) {\n\t\tvar control = oEvent.getSource();\n\t}, this],\n\tvalidateFieldGroup: [function (oEvent) {\n\t\tvar control = oEvent.getSource();\n\t}, this],\n\tselected: [function (oEvent) {\n\t\tvar control = oEvent.getSource();\n\t}, this],\n\tlabelChanged: [function (oEvent) {\n\t\tvar control = oEvent.getSource();\n\t}, this],\n\tnodeHidden: [function (oEvent) {\n\t\tvar control = oEvent.getSource();\n\t}, this]\n})\n","Deprecated":false,"helpDescription":"A node within the field list control","description":"FieldListNode in sap.ui.comp","Experimental":false,"prefix":"FieldListNode","name":"sap.ui.comp.smartform.flexibility.FieldListNode"},{"template":"new sap.ui.comp.smartform.flexibility.Input({\n\tid: \"${id}\", // sap.ui.core.ID\n\tbusy: false, // boolean\n\tbusyIndicatorDelay: 1000, // int\n\tvisible: true, // boolean\n\tfieldGroupIds: string[].[], // string[], since 1.31\n\tvalue: \"\", // string\n\twidth: \"\", // sap.ui.core.CSSSize\n\tenabled: true, // boolean\n\tvalueState: sap.ui.core.ValueState.None, // sap.ui.core.ValueState\n\tname: \"\", // string\n\tplaceholder: \"\", // string\n\teditable: true, // boolean, since 1.12.0\n\tvalueStateText: \"\", // string, since 1.26.0\n\tshowValueStateMessage: true, // boolean, since 1.26.0\n\ttextAlign: sap.ui.core.TextAlign.Initial, // sap.ui.core.TextAlign, since 1.26.0\n\ttextDirection: sap.ui.core.TextDirection.Inherit, // sap.ui.core.TextDirection, since 1.28.0\n\ttype: sap.m.InputType.Text, // sap.m.InputType\n\tmaxLength: 0, // int\n\tdateFormat: YYYY-MM-dd, // string\n\tshowValueHelp: false, // boolean, since 1.16\n\tshowSuggestion: false, // boolean, since 1.16.1\n\tvalueHelpOnly: false, // boolean, since 1.21.0\n\tfilterSuggests: true, // boolean\n\tmaxSuggestionWidth: \"\", // sap.ui.core.CSSSize, since 1.21.1\n\tstartSuggestion: 1, // int, since 1.21.2\n\tshowTableSuggestionValueHelp: true, // boolean, since 1.22.1\n\tdescription: \"\", // string\n\tfieldWidth: \"50%\", // sap.ui.core.CSSSize\n\tvalueLiveUpdate: false, // boolean, since 1.24\n\ttooltip: \"\", // sap.ui.core.TooltipBase\n\tcustomData: [], // sap.ui.core.CustomData\n\tlayoutData: \"\", // sap.ui.core.LayoutData\n\tdependents: [], // sap.ui.core.Control, since 1.19\n\tsuggestionItems: [], // sap.ui.core.Item, since 1.16.1\n\tsuggestionColumns: [], // sap.m.Column, since 1.21.1\n\tsuggestionRows: [], // sap.m.ColumnListItem, since 1.21.1\n\tariaLabelledBy: [], // sap.ui.core.Control, since 1.27.0\n\tvalidationSuccess: [function (oEvent) {\n\t\tvar control = oEvent.getSource();\n\t}, this],\n\tvalidationError: [function (oEvent) {\n\t\tvar control = oEvent.getSource();\n\t}, this],\n\tparseError: [function (oEvent) {\n\t\tvar control = oEvent.getSource();\n\t}, this],\n\tformatError: [function (oEvent) {\n\t\tvar control = oEvent.getSource();\n\t}, this],\n\tvalidateFieldGroup: [function (oEvent) {\n\t\tvar control = oEvent.getSource();\n\t}, this],\n\tchange: [function (oEvent) {\n\t\tvar control = oEvent.getSource();\n\t}, this],\n\tliveChange: [function (oEvent) {\n\t\tvar control = oEvent.getSource();\n\t}, this],\n\tvalueHelpRequest: [function (oEvent) {\n\t\tvar control = oEvent.getSource();\n\t}, this], // since 1.16\n\tsuggest: [function (oEvent) {\n\t\tvar control = oEvent.getSource();\n\t}, this], // since 1.16.1\n\tsuggestionItemSelected: [function (oEvent) {\n\t\tvar control = oEvent.getSource();\n\t}, this], // since 1.16.3\n\tselectedByKeyboard: [function (oEvent) {\n\t\tvar control = oEvent.getSource();\n\t}, this]\n})\n","Deprecated":false,"helpDescription":"Input field with special focus handling","description":"Input in sap.ui.comp","Experimental":false,"prefix":"Input","name":"sap.ui.comp.smartform.flexibility.Input"},{"template":"new sap.ui.comp.smarttable.SmartTable({\n\tid: \"${id}\", // sap.ui.core.ID\n\tbusy: false, // boolean\n\tbusyIndicatorDelay: 1000, // int\n\tvisible: true, // boolean\n\tfieldGroupIds: string[].[], // string[], since 1.31\n\theight: \"\", // sap.ui.core.CSSSize, since 1.9.1\n\twidth: \"\", // sap.ui.core.CSSSize, since 1.9.1\n\tdisplayInline: false, // boolean\n\tdirection: sap.m.FlexDirection.Row, // sap.m.FlexDirection\n\tfitContainer: false, // boolean\n\trenderType: sap.m.FlexRendertype.Div, // sap.m.FlexRendertype\n\tjustifyContent: sap.m.FlexJustifyContent.Start, // sap.m.FlexJustifyContent\n\talignItems: sap.m.FlexAlignItems.Stretch, // sap.m.FlexAlignItems\n\tentitySet: \"\", // string, since 1.26.0\n\tsmartFilterId: \"\", // string, since 1.26.0\n\tignoredFields: \"\", // string, since 1.26.0\n\tinitiallyVisibleFields: \"\", // string, since 1.32.0\n\trequestAtLeastFields: \"\", // string, since 1.32.0\n\tignoreFromPersonalisation: \"\", // string, since 1.32.0\n\ttableType: \"\", // sap.ui.comp.smarttable.TableType, since 1.26.0\n\tuseVariantManagement: true, // boolean, since 1.26.0\n\tuseExportToExcel: true, // boolean, since 1.26.0\n\tuseTablePersonalisation: true, // boolean, since 1.26.0\n\tshowRowCount: true, // boolean, since 1.26.0\n\theader: \"\", // string, since 1.26.0\n\ttoolbarStyleClass: \"\", // string, since 1.26.0\n\tenableCustomFilter: true, // boolean, since 1.26.0\n\tpersistencyKey: \"\", // string, since 1.26.0\n\tuseOnlyOneSolidToolbar: false, // boolean, since 1.26.0\n\tcurrentVariantId: \"\", // string, since 1.28.0\n\teditable: false, // boolean, since 1.28.0\n\tenableAutoBinding: false, // boolean, since 1.28.0\n\ttableBindingPath: \"\", // string, since 1.28.0\n\teditTogglable: false, // boolean, since 1.28.0\n\tdemandPopin: false, // boolean, since 1.30.0\n\ttooltip: \"\", // sap.ui.core.TooltipBase\n\tcustomData: [], // sap.ui.core.CustomData\n\tlayoutData: \"\", // sap.ui.core.LayoutData\n\tdependents: [], // sap.ui.core.Control, since 1.19\n\titems: [], // sap.ui.core.Control\n\tcustomToolbar: \"\", // sap.m.Toolbar, since 1.26.0\n\tsemanticObjectController: \"\", // sap.ui.comp.navpopover.SemanticObjectController, since 1.28.0\n\tnoData: \"\", // sap.ui.core.Control, since 1.32.0\n\tvalidationSuccess: [function (oEvent) {\n\t\tvar control = oEvent.getSource();\n\t}, this],\n\tvalidationError: [function (oEvent) {\n\t\tvar control = oEvent.getSource();\n\t}, this],\n\tparseError: [function (oEvent) {\n\t\tvar control = oEvent.getSource();\n\t}, this],\n\tformatError: [function (oEvent) {\n\t\tvar control = oEvent.getSource();\n\t}, this],\n\tvalidateFieldGroup: [function (oEvent) {\n\t\tvar control = oEvent.getSource();\n\t}, this],\n\tinitialise: [function (oEvent) {\n\t\tvar control = oEvent.getSource();\n\t}, this], // since 1.26.0\n\tbeforeRebindTable: [function (oEvent) {\n\t\tvar control = oEvent.getSource();\n\t}, this], // since 1.26.0\n\teditToggled: [function (oEvent) {\n\t\tvar control = oEvent.getSource();\n\t}, this], // since 1.28.0\n\tdataReceived: [function (oEvent) {\n\t\tvar control = oEvent.getSource();\n\t}, this], // since 1.28.0\n\tafterVariantInitialise: [function (oEvent) {\n\t\tvar control = oEvent.getSource();\n\t}, this], // since 1.28.0\n\tafterVariantSave: [function (oEvent) {\n\t\tvar control = oEvent.getSource();\n\t}, this], // since 1.28.0\n\tafterVariantApply: [function (oEvent) {\n\t\tvar control = oEvent.getSource();\n\t}, this], // since 1.28.0\n\tshowOverlay: [function (oEvent) {\n\t\tvar control = oEvent.getSource();\n\t}, this] // since 1.32.0\n})\n","Deprecated":false,"helpDescription":"The SmartTable control creates a table based on OData metadata and the configuration specified. The entitySet attribute must be\n       specified to use the control. This attribute is used to fetch fields from OData metadata, from which columns will be generated; it can\n       also be used to fetch the actual table data.<br>\n       Based on the tableType property, this control will render a standard, analytical, or responsive table.<br>\n       <b><i>Note:<\/i><\/b><br>\n       Most of the attributes/properties are not dynamic and cannot be changed once the control has been initialized.","description":"SmartTable in sap.ui.comp","Experimental":false,"prefix":"SmartTable","name":"sap.ui.comp.smarttable.SmartTable"},{"template":"new sap.ui.comp.smartvariants.PersonalizableInfo({\n\tid: \"${id}\", // sap.ui.core.ID\n\ttype: \"\", // string\n\tdataSource: \"\", // string\n\tkeyName: \"\", // string\n\ttooltip: \"\", // sap.ui.core.TooltipBase\n\tcustomData: [], // sap.ui.core.CustomData\n\tlayoutData: \"\", // sap.ui.core.LayoutData\n\tdependents: [], // sap.ui.core.Control, since 1.19\n\tcontrol: \"\", // sap.ui.core.Control\n\tvalidationSuccess: [function (oEvent) {\n\t\tvar control = oEvent.getSource();\n\t}, this],\n\tvalidationError: [function (oEvent) {\n\t\tvar control = oEvent.getSource();\n\t}, this],\n\tparseError: [function (oEvent) {\n\t\tvar control = oEvent.getSource();\n\t}, this],\n\tformatError: [function (oEvent) {\n\t\tvar control = oEvent.getSource();\n\t}, this]\n})\n","Deprecated":false,"helpDescription":"The PersonalizableInfo class describes the personalizable control associated with the SmartVariantManagement control.","description":"PersonalizableInfo in sap.ui.comp","Experimental":false,"prefix":"PersonalizableInfo","name":"sap.ui.comp.smartvariants.PersonalizableInfo"},{"template":"new sap.ui.comp.smartvariants.SmartVariantManagement({\n\tid: \"${id}\", // sap.ui.core.ID\n\tbusy: false, // boolean\n\tbusyIndicatorDelay: 1000, // int\n\tvisible: true, // boolean\n\tfieldGroupIds: string[].[], // string[], since 1.31\n\tinitialSelectionKey: \"\", // string, since 1.22.0\n\tenabled: true, // boolean, since 1.22.0\n\tdefaultVariantKey: \"\", // string, since 1.22.0\n\tselectionKey: \"\", // string, since 1.24.0\n\tshowCreateTile: false, // boolean, since 1.26.0\n\tshowExecuteOnSelection: false, // boolean, since 1.26.0\n\tshowShare: false, // boolean, since 1.26.0\n\tlifecycleSupport: false, // boolean, since 1.26.0\n\tstandardItemText: \"\", // string, since 1.28.0\n\tindustrySolutionMode: false, // boolean, since 1.32.0\n\ttooltip: \"\", // sap.ui.core.TooltipBase\n\tcustomData: [], // sap.ui.core.CustomData\n\tlayoutData: \"\", // sap.ui.core.LayoutData\n\tdependents: [], // sap.ui.core.Control, since 1.19\n\titems: [], // sap.ui.core.Item, since 1.22.0\n\tvariantItems: [], // sap.ui.comp.variants.VariantItem, since 1.26.0\n\tpersonalizableControls: [], // sap.ui.comp.smartvariants.PersonalizableInfo\n\tvalidationSuccess: [function (oEvent) {\n\t\tvar control = oEvent.getSource();\n\t}, this],\n\tvalidationError: [function (oEvent) {\n\t\tvar control = oEvent.getSource();\n\t}, this],\n\tparseError: [function (oEvent) {\n\t\tvar control = oEvent.getSource();\n\t}, this],\n\tformatError: [function (oEvent) {\n\t\tvar control = oEvent.getSource();\n\t}, this],\n\tvalidateFieldGroup: [function (oEvent) {\n\t\tvar control = oEvent.getSource();\n\t}, this],\n\tsave: [function (oEvent) {\n\t\tvar control = oEvent.getSource();\n\t}, this], // since 1.22.0\n\tmanage: [function (oEvent) {\n\t\tvar control = oEvent.getSource();\n\t}, this], // since 1.22.0\n\tselect: [function (oEvent) {\n\t\tvar control = oEvent.getSource();\n\t}, this], // since 1.22.0\n\tinitialise: [function (oEvent) {\n\t\tvar control = oEvent.getSource();\n\t}, this],\n\tafterSave: [function (oEvent) {\n\t\tvar control = oEvent.getSource();\n\t}, this]\n})\n","Deprecated":false,"helpDescription":"The SmartVariantManagement control is a specialization of the {@link sap.ui.comp.variants.VariantManagement VariantManagement} control and communicates with the layer that offers SAPUI5 flexibility services to manage the variants.<br>\nFor more information about SAPUI5 flexibility, refer to the Developer Guide.","description":"SmartVariantManagement in sap.ui.comp","Experimental":false,"prefix":"SmartVariantManagement","name":"sap.ui.comp.smartvariants.SmartVariantManagement"},{"template":"new sap.ui.comp.smartvariants.SmartVariantManagementUi2({\n\tid: \"${id}\", // sap.ui.core.ID\n\tbusy: false, // boolean\n\tbusyIndicatorDelay: 1000, // int\n\tvisible: true, // boolean\n\tfieldGroupIds: string[].[], // string[], since 1.31\n\tinitialSelectionKey: \"\", // string, since 1.22.0\n\tenabled: true, // boolean, since 1.22.0\n\tdefaultVariantKey: \"\", // string, since 1.22.0\n\tselectionKey: \"\", // string, since 1.24.0\n\tshowCreateTile: false, // boolean, since 1.26.0\n\tshowExecuteOnSelection: false, // boolean, since 1.26.0\n\tshowShare: false, // boolean, since 1.26.0\n\tlifecycleSupport: false, // boolean, since 1.26.0\n\tstandardItemText: \"\", // string, since 1.28.0\n\tindustrySolutionMode: false, // boolean, since 1.32.0\n\ttooltip: \"\", // sap.ui.core.TooltipBase\n\tcustomData: [], // sap.ui.core.CustomData\n\tlayoutData: \"\", // sap.ui.core.LayoutData\n\tdependents: [], // sap.ui.core.Control, since 1.19\n\titems: [], // sap.ui.core.Item, since 1.22.0\n\tvariantItems: [], // sap.ui.comp.variants.VariantItem, since 1.26.0\n\tpersonalizableControl: \"\", // sap.ui.comp.smartvariants.PersonalizableInfo\n\tvalidationSuccess: [function (oEvent) {\n\t\tvar control = oEvent.getSource();\n\t}, this],\n\tvalidationError: [function (oEvent) {\n\t\tvar control = oEvent.getSource();\n\t}, this],\n\tparseError: [function (oEvent) {\n\t\tvar control = oEvent.getSource();\n\t}, this],\n\tformatError: [function (oEvent) {\n\t\tvar control = oEvent.getSource();\n\t}, this],\n\tvalidateFieldGroup: [function (oEvent) {\n\t\tvar control = oEvent.getSource();\n\t}, this],\n\tsave: [function (oEvent) {\n\t\tvar control = oEvent.getSource();\n\t}, this], // since 1.22.0\n\tmanage: [function (oEvent) {\n\t\tvar control = oEvent.getSource();\n\t}, this], // since 1.22.0\n\tselect: [function (oEvent) {\n\t\tvar control = oEvent.getSource();\n\t}, this], // since 1.22.0\n\tinitialise: [function (oEvent) {\n\t\tvar control = oEvent.getSource();\n\t}, this],\n\tafterSave: [function (oEvent) {\n\t\tvar control = oEvent.getSource();\n\t}, this]\n})\n","Deprecated":false,"helpDescription":"The SmartVariantManagementUi2 control is a specialization of the {@link \"sap.ui.comp.variants.VariantManagement VariantManagement} control and communicates with the Ui2 personalization layer to manage the variants.","description":"SmartVariantManagementUi2 in sap.ui.comp","Experimental":false,"prefix":"SmartVariantManagementUi2","name":"sap.ui.comp.smartvariants.SmartVariantManagementUi2"},{"template":"new sap.ui.comp.transport.TransportDialog({\n\tid: \"${id}\", // sap.ui.core.ID\n\tbusy: false, // boolean\n\tbusyIndicatorDelay: 1000, // int\n\tvisible: true, // boolean\n\tfieldGroupIds: string[].[], // string[], since 1.31\n\ticon: \"\", // sap.ui.core.URI\n\ttitle: \"\", // string\n\tshowHeader: true, // boolean, since 1.15.1\n\ttype: sap.m.DialogType.Standard, // sap.m.DialogType\n\tstate: sap.ui.core.ValueState.None, // sap.ui.core.ValueState, since 1.11.2\n\tstretchOnPhone: false, // boolean, since 1.11.2\n\tstretch: false, // boolean, since 1.13.1\n\tcontentWidth: \"\", // sap.ui.core.CSSSize, since 1.12.1\n\tcontentHeight: \"\", // sap.ui.core.CSSSize, since 1.12.1\n\thorizontalScrolling: true, // boolean, since 1.15.1\n\tverticalScrolling: true, // boolean, since 1.15.1\n\tresizable: false, // boolean, since 1.30\n\tdraggable: false, // boolean, since 1.30\n\tpkg: \"\", // string\n\ttransports: \"\", // any\n\tlrepObject: \"\", // any\n\thidePackage: \"\", // boolean\n\ttooltip: \"\", // sap.ui.core.TooltipBase\n\tcustomData: [], // sap.ui.core.CustomData\n\tlayoutData: \"\", // sap.ui.core.LayoutData\n\tdependents: [], // sap.ui.core.Control, since 1.19\n\tcontent: [], // sap.ui.core.Control\n\tsubHeader: \"\", // sap.m.IBar, since 1.12.2\n\tcustomHeader: \"\", // sap.m.IBar, since 1.15.1\n\tbeginButton: \"\", // sap.m.Button, since 1.15.1\n\tendButton: \"\", // sap.m.Button, since 1.15.1\n\tbuttons: [], // sap.m.Button, since 1.21.1\n\t_header: \"\", // sap.ui.core.Control\n\t_title: \"\", // sap.ui.core.Control\n\t_icon: \"\", // sap.ui.core.Control\n\t_toolbar: \"\", // sap.m.OverflowToolbar\n\tleftButton: \"\", // sap.m.Button\n\trightButton: \"\", // sap.m.Button\n\tinitialFocus: \"\", // sap.ui.core.Control, since 1.15.0\n\tariaDescribedBy: [], // sap.ui.core.Control\n\tvalidationSuccess: [function (oEvent) {\n\t\tvar control = oEvent.getSource();\n\t}, this],\n\tvalidationError: [function (oEvent) {\n\t\tvar control = oEvent.getSource();\n\t}, this],\n\tparseError: [function (oEvent) {\n\t\tvar control = oEvent.getSource();\n\t}, this],\n\tformatError: [function (oEvent) {\n\t\tvar control = oEvent.getSource();\n\t}, this],\n\tvalidateFieldGroup: [function (oEvent) {\n\t\tvar control = oEvent.getSource();\n\t}, this],\n\tbeforeOpen: [function (oEvent) {\n\t\tvar control = oEvent.getSource();\n\t}, this],\n\tafterOpen: [function (oEvent) {\n\t\tvar control = oEvent.getSource();\n\t}, this],\n\tbeforeClose: [function (oEvent) {\n\t\tvar control = oEvent.getSource();\n\t}, this],\n\tafterClose: [function (oEvent) {\n\t\tvar control = oEvent.getSource();\n\t}, this],\n\tok: [function (oEvent) {\n\t\tvar control = oEvent.getSource();\n\t}, this],\n\tcancel: [function (oEvent) {\n\t\tvar control = oEvent.getSource();\n\t}, this]\n})\n","Deprecated":false,"helpDescription":"The Transport Dialog Control can be used to implement a value help for selecting an ABAP package and transport request. It is not a generic utility, but part of the Variantmanament and therefore cannot be used in any other application.","description":"TransportDialog in sap.ui.comp","Experimental":false,"prefix":"TransportDialog","name":"sap.ui.comp.transport.TransportDialog"},{"template":"new sap.ui.comp.valuehelpdialog.ValueHelpDialog({\n\tid: \"${id}\", // sap.ui.core.ID\n\tbusy: false, // boolean\n\tbusyIndicatorDelay: 1000, // int\n\tvisible: true, // boolean\n\tfieldGroupIds: string[].[], // string[], since 1.31\n\ticon: \"\", // sap.ui.core.URI\n\ttitle: \"\", // string\n\tshowHeader: true, // boolean, since 1.15.1\n\ttype: sap.m.DialogType.Standard, // sap.m.DialogType\n\tstate: sap.ui.core.ValueState.None, // sap.ui.core.ValueState, since 1.11.2\n\tstretchOnPhone: false, // boolean, since 1.11.2\n\tstretch: false, // boolean, since 1.13.1\n\tcontentWidth: \"\", // sap.ui.core.CSSSize, since 1.12.1\n\tcontentHeight: \"\", // sap.ui.core.CSSSize, since 1.12.1\n\thorizontalScrolling: true, // boolean, since 1.15.1\n\tverticalScrolling: true, // boolean, since 1.15.1\n\tresizable: false, // boolean, since 1.30\n\tdraggable: false, // boolean, since 1.30\n\tbasicSearchText: \"\", // string, since 1.24\n\tsupportMultiselect: true, // boolean, since 1.24\n\tsupportRanges: false, // boolean, since 1.24\n\tsupportRangesOnly: false, // boolean, since 1.24\n\tkey: \"\", // string, since 1.24\n\tkeys: \"\", // string[], since 1.24\n\tdescriptionKey: \"\", // string, since 1.24\n\tmaxIncludeRanges: -1, // string, since 1.24\n\tmaxExcludeRanges: -1, // string, since 1.24\n\tdisplayFormat: \"\", // string, since 1.24\n\ttokenDisplayBehaviour: \"\", // string, since 1.24\n\tfilterMode: false, // boolean, since 1.24\n\ttooltip: \"\", // sap.ui.core.TooltipBase\n\tcustomData: [], // sap.ui.core.CustomData\n\tlayoutData: \"\", // sap.ui.core.LayoutData\n\tdependents: [], // sap.ui.core.Control, since 1.19\n\tcontent: [], // sap.ui.core.Control\n\tsubHeader: \"\", // sap.m.IBar, since 1.12.2\n\tcustomHeader: \"\", // sap.m.IBar, since 1.15.1\n\tbeginButton: \"\", // sap.m.Button, since 1.15.1\n\tendButton: \"\", // sap.m.Button, since 1.15.1\n\tbuttons: [], // sap.m.Button, since 1.21.1\n\t_header: \"\", // sap.ui.core.Control\n\t_title: \"\", // sap.ui.core.Control\n\t_icon: \"\", // sap.ui.core.Control\n\t_toolbar: \"\", // sap.m.OverflowToolbar\n\tfilterBar: \"\", // sap.ui.comp.filterbar.FilterBar\n\tleftButton: \"\", // sap.m.Button\n\trightButton: \"\", // sap.m.Button\n\tinitialFocus: \"\", // sap.ui.core.Control, since 1.15.0\n\tariaDescribedBy: [], // sap.ui.core.Control\n\tvalidationSuccess: [function (oEvent) {\n\t\tvar control = oEvent.getSource();\n\t}, this],\n\tvalidationError: [function (oEvent) {\n\t\tvar control = oEvent.getSource();\n\t}, this],\n\tparseError: [function (oEvent) {\n\t\tvar control = oEvent.getSource();\n\t}, this],\n\tformatError: [function (oEvent) {\n\t\tvar control = oEvent.getSource();\n\t}, this],\n\tvalidateFieldGroup: [function (oEvent) {\n\t\tvar control = oEvent.getSource();\n\t}, this],\n\tbeforeOpen: [function (oEvent) {\n\t\tvar control = oEvent.getSource();\n\t}, this],\n\tafterOpen: [function (oEvent) {\n\t\tvar control = oEvent.getSource();\n\t}, this],\n\tbeforeClose: [function (oEvent) {\n\t\tvar control = oEvent.getSource();\n\t}, this],\n\tafterClose: [function (oEvent) {\n\t\tvar control = oEvent.getSource();\n\t}, this],\n\tok: [function (oEvent) {\n\t\tvar control = oEvent.getSource();\n\t}, this], // since 1.24\n\tcancel: [function (oEvent) {\n\t\tvar control = oEvent.getSource();\n\t}, this], // since 1.24\n\tselectionChange: [function (oEvent) {\n\t\tvar control = oEvent.getSource();\n\t}, this], // since 1.32\n\ttokenRemove: [function (oEvent) {\n\t\tvar control = oEvent.getSource();\n\t}, this], // since 1.32\n\tupdateSelection: [function (oEvent) {\n\t\tvar control = oEvent.getSource();\n\t}, this] // since 1.32\n})\n","Deprecated":false,"helpDescription":"The ValueHelpDialog control can be used to implement a value help for an input field.","description":"ValueHelpDialog in sap.ui.comp","Experimental":false,"prefix":"ValueHelpDialog","name":"sap.ui.comp.valuehelpdialog.ValueHelpDialog"},{"template":"new sap.ui.comp.variants.EditableVariantItem({\n\tid: \"${id}\", // sap.ui.core.ID\n\tbusy: false, // boolean\n\tbusyIndicatorDelay: 1000, // int\n\tvisible: true, // boolean\n\tfieldGroupIds: string[].[], // string[], since 1.31\n\ttype: sap.m.ListType.Inactive, // sap.m.ListType\n\tvisible: true, // boolean\n\tunread: false, // boolean\n\tselected: false, // boolean\n\tcounter: \"\", // int\n\tvAlign: sap.ui.core.VerticalAlign.Inherit, // sap.ui.core.VerticalAlign, since 1.20\n\tkey: \"\", // string, since 1.22.0\n\tglobal: \"\", // boolean, since 1.26.0\n\tlifecyclePackage: \"\", // string, since 1.26.0\n\tlifecycleTransportId: \"\", // string, since 1.26.0\n\tnamespace: \"\", // string, since 1.26.0\n\treadOnly: false, // boolean, since 1.26.0\n\taccessOptions: \"\", // string, since 1.26.0\n\tlabelReadOnly: false, // boolean, since 1.28.0\n\ttooltip: \"\", // sap.ui.core.TooltipBase\n\tcustomData: [], // sap.ui.core.CustomData\n\tlayoutData: \"\", // sap.ui.core.LayoutData\n\tdependents: [], // sap.ui.core.Control, since 1.19\n\tcells: [], // sap.ui.core.Control\n\tariaLabelledBy: [], // sap.ui.core.Control, since 1.28.0\n\tvalidationSuccess: [function (oEvent) {\n\t\tvar control = oEvent.getSource();\n\t}, this],\n\tvalidationError: [function (oEvent) {\n\t\tvar control = oEvent.getSource();\n\t}, this],\n\tparseError: [function (oEvent) {\n\t\tvar control = oEvent.getSource();\n\t}, this],\n\tformatError: [function (oEvent) {\n\t\tvar control = oEvent.getSource();\n\t}, this],\n\tvalidateFieldGroup: [function (oEvent) {\n\t\tvar control = oEvent.getSource();\n\t}, this],\n\ttap: [function (oEvent) {\n\t\tvar control = oEvent.getSource();\n\t}, this],\n\tdetailTap: [function (oEvent) {\n\t\tvar control = oEvent.getSource();\n\t}, this],\n\tpress: [function (oEvent) {\n\t\tvar control = oEvent.getSource();\n\t}, this],\n\tdetailPress: [function (oEvent) {\n\t\tvar control = oEvent.getSource();\n\t}, this]\n})\n","Deprecated":false,"helpDescription":"The EditableVariantItem class describes an editable variant list item for the Manage Variants popup.","description":"EditableVariantItem in sap.ui.comp","Experimental":false,"prefix":"EditableVariantItem","name":"sap.ui.comp.variants.EditableVariantItem"},{"template":"new sap.ui.comp.variants.VariantItem({\n\tid: \"${id}\", // sap.ui.core.ID\n\ttext: \"\", // string\n\tenabled: true, // boolean\n\ttextDirection: sap.ui.core.TextDirection.Inherit, // sap.ui.core.TextDirection\n\tkey: \"\", // string\n\texecuteOnSelection: false, // boolean, since 1.26.0\n\treadOnly: false, // boolean, since 1.26.0\n\tlifecycleTransportId: \"\", // string, since 1.26.0\n\tglobal: \"\", // boolean, since 1.26.0\n\tlifecyclePackage: \"\", // string, since 1.26.0\n\tnamespace: \"\", // string, since 1.26.0\n\taccessOptions: \"\", // string, since 1.26.0\n\tlabelReadOnly: false, // boolean, since 1.26.0\n\ttooltip: \"\", // sap.ui.core.TooltipBase\n\tcustomData: [], // sap.ui.core.CustomData\n\tlayoutData: \"\", // sap.ui.core.LayoutData\n\tdependents: [], // sap.ui.core.Control, since 1.19\n\tvalidationSuccess: [function (oEvent) {\n\t\tvar control = oEvent.getSource();\n\t}, this],\n\tvalidationError: [function (oEvent) {\n\t\tvar control = oEvent.getSource();\n\t}, this],\n\tparseError: [function (oEvent) {\n\t\tvar control = oEvent.getSource();\n\t}, this],\n\tformatError: [function (oEvent) {\n\t\tvar control = oEvent.getSource();\n\t}, this]\n})\n","Deprecated":false,"helpDescription":"The VariantItem class describes a variant item.","description":"VariantItem in sap.ui.comp","Experimental":false,"prefix":"VariantItem","name":"sap.ui.comp.variants.VariantItem"},{"template":"new sap.ui.comp.variants.VariantManagement({\n\tid: \"${id}\", // sap.ui.core.ID\n\tbusy: false, // boolean\n\tbusyIndicatorDelay: 1000, // int\n\tvisible: true, // boolean\n\tfieldGroupIds: string[].[], // string[], since 1.31\n\tinitialSelectionKey: \"\", // string, since 1.22.0\n\tenabled: true, // boolean, since 1.22.0\n\tdefaultVariantKey: \"\", // string, since 1.22.0\n\tselectionKey: \"\", // string, since 1.24.0\n\tshowCreateTile: false, // boolean, since 1.26.0\n\tshowExecuteOnSelection: false, // boolean, since 1.26.0\n\tshowShare: false, // boolean, since 1.26.0\n\tlifecycleSupport: false, // boolean, since 1.26.0\n\tstandardItemText: \"\", // string, since 1.28.0\n\tindustrySolutionMode: false, // boolean, since 1.32.0\n\ttooltip: \"\", // sap.ui.core.TooltipBase\n\tcustomData: [], // sap.ui.core.CustomData\n\tlayoutData: \"\", // sap.ui.core.LayoutData\n\tdependents: [], // sap.ui.core.Control, since 1.19\n\titems: [], // sap.ui.core.Item, since 1.22.0\n\tvariantItems: [], // sap.ui.comp.variants.VariantItem, since 1.26.0\n\tvalidationSuccess: [function (oEvent) {\n\t\tvar control = oEvent.getSource();\n\t}, this],\n\tvalidationError: [function (oEvent) {\n\t\tvar control = oEvent.getSource();\n\t}, this],\n\tparseError: [function (oEvent) {\n\t\tvar control = oEvent.getSource();\n\t}, this],\n\tformatError: [function (oEvent) {\n\t\tvar control = oEvent.getSource();\n\t}, this],\n\tvalidateFieldGroup: [function (oEvent) {\n\t\tvar control = oEvent.getSource();\n\t}, this],\n\tsave: [function (oEvent) {\n\t\tvar control = oEvent.getSource();\n\t}, this], // since 1.22.0\n\tmanage: [function (oEvent) {\n\t\tvar control = oEvent.getSource();\n\t}, this], // since 1.22.0\n\tselect: [function (oEvent) {\n\t\tvar control = oEvent.getSource();\n\t}, this] // since 1.22.0\n})\n","Deprecated":false,"helpDescription":"The VariantManagement control can be used to manage variants, such as filter bar variants or table\n       variants.","description":"VariantManagement in sap.ui.comp","Experimental":false,"prefix":"VariantManagement","name":"sap.ui.comp.variants.VariantManagement"}]}