{"!name":"jQuery","!define":{"jQuery":{"!category":"static class","!description":"Provides base functionality of the SAP jQuery plugin as extension of the jQuery framework.<br/>\nSee also <a href=\"http://api.jquery.com/jQuery/\">jQuery</a> for details.<br/>\nAlthough these functions appear as static ones, they are meant to be used on jQuery instances.<br/>\nIf not stated differently, the functions follow the fluent interface paradigm and return the jQuery instance for chaining of statements.\n\nExample for usage of an instance method:\n<pre>\n  var oRect = jQuery(\"#myDiv\").rect();\n  alert(\"Top Position: \" + oRect.top);\n</pre>","sap":"jQuery.sap","support":"jQuery.support","cursorPos":{"!category":"function","!description":"Sets or gets the position of the cursor in an element that supports cursor positioning","!type":"fn(iPos: Number) -> Number | jQuery"},"selectText":{"!category":"function","!description":"Sets the text selection in the first element of the collection","!type":"fn(iStart: Number, iEnd: Number) -> jQuery"},"outerHTML":{"!category":"function","!description":"Returns the outer HTML of the given HTML element","!type":"fn() -> String"},"rect":{"!category":"function","!description":"Returns a rectangle describing the current visual positioning of the first DOM object in the collection\n(or null if no element was given)","!type":"fn() -> Object"},"rectContains":{"!category":"function","!description":"Returns whether a point described by X and Y is inside this Rectangle's boundaries","!type":"fn(iPosX: Number, iPosY: Number) -> Boolean"},"hasTabIndex":{"!category":"function","!description":"Returns true if the first element has a set tabindex","!type":"fn() -> Boolean"},"firstFocusableDomRef":{"!category":"function","!description":"Returns the first focusable domRef in a given container (the first element of the collection)","!type":"fn() -> Element"},"lastFocusableDomRef":{"!category":"function","!description":"Returns the last focusable domRef in a given container","!type":"fn() -> Element"},"scrollLeftRTL":{"!category":"function","!description":"Sets or returns the scrollLeft value of the first element in the given jQuery collection in right-to-left mode.\nPrecondition: The element is rendered in RTL mode.\n\nReason for this method is that the major browsers use three different values for the same scroll position when in RTL mode.\nThis method hides those differences and returns/applies the same value that would be returned in LTR mode: The distance in px\nhow far the given container is scrolled away from the leftmost scroll position.\n\nReturns \"undefined\" if no element and no iPos is given.","!type":"fn() -> jQuery | Number"},"scrollRightRTL":{"!category":"function","!description":"Returns the MIRRORED scrollLeft value of the first element in the given jQuery collection in right-to-left mode.\nPrecondition: The element is rendered in RTL mode.\n\nReason for this method is that the major browsers return three different values for the same scroll position when in RTL mode.\nThis method hides those differences and returns the value that would be returned in LTR mode if the UI would be mirrored horizontally:\nThe distance in px how far the given container is scrolled away from the rightmost scroll position.\n\nReturns \"undefined\" if no element is given.","!type":"fn() -> Number"},"parentByAttribute":{"!category":"function","!description":"Gets the next parent DOM element with a given attribute and attribute value starting above the first given element","!type":"fn(sAttibute: String, sValue: String) -> Element"},"Event":"jQuery.Event_obj","os":"jQuery.os","device":"jQuery.device","root":{"!category":"function","!description":"","!type":"fn()"},"uiarea":{"!category":"function","!description":"","!type":"fn()"},"control":{"!category":"function","!description":"Extension function to the jQuery.fn which identifies SAPUI5 controls in the given jQuery context.","!type":"fn(idx?: Number) -> [sap.ui.core.Control] | sap.ui.core.Control | undefined"}},"jQuery.sap":{"Version":"jQuery.sap.Version_obj","!category":"namespace","!description":"Root Namespace for the jQuery plug-in provided by SAP AG.","log":"jQuery.sap.log","assert":{"!category":"function","!description":"A simple assertion mechanism that logs a message when a given condition is not met.\n\n<b>Note:</b> Calls to this method might be removed when the JavaScript code\n             is optimized during build. Therefore, callers should not rely on any side effects\n             of this method.","!type":"fn()"},"factory":{"!category":"function","!description":"Returns a new constructor function that creates objects with\nthe given prototype.","!type":"fn()"},"newObject":{"!category":"function","!description":"Returns a new object which has the given oPrototype as its prototype.\n\nIf several objects with the same prototype are to be created,\n{@link jQuery.sap.factory} should be used instead.","!type":"fn()"},"getter":{"!category":"function","!description":"Returns a new function that returns the given <code>oValue</code> (using its closure).\n\nAvoids the need for a dedicated member for the value.\n\nAs closures don't come for free, this function should only be used when polluting\nthe enclosing object is an absolute \"must-not\" (as it is the case in public base classes).","!type":"fn()"},"getObject":{"!category":"function","!description":"Returns a JavaScript object which is identified by a sequence of names.\n\nA call to <code>getObject(\"a.b.C\")</code> has essentially the same effect\nas accessing <code>window.a.b.C</code> but with the difference that missing\nintermediate objects (a or b in the example above) don't lead to an exception.\n\nWhen the addressed object exists, it is simply returned. If it doesn't exists,\nthe behavior depends on the value of the second, optional parameter\n<code>iNoCreates</code> (assuming 'n' to be the number of names in the name sequence):\n<ul>\n<li>NaN: if iNoCreates is not a number and the addressed object doesn't exist,\n         then <code>getObject()</code> returns <code>undefined</code>.\n<li>0 &lt; iNoCreates &lt; n: any non-existing intermediate object is created, except\n         the <i>last</i> <code>iNoCreates</code> ones.\n</ul>\n\nExample:\n<pre>\n  getObject()            -- returns the context object (either param or window)\n  getObject(\"a.b.C\")     -- will only try to get a.b.C and return undefined if not found.\n  getObject(\"a.b.C\", 0)  -- will create a, b, and C in that order if they don't exists\n  getObject(\"a.b.c\", 1)  -- will create a and b, but not C.\n</pre>\n\nWhen a <code>oContext</code> is given, the search starts in that object.\nOtherwise it starts in the <code>window</code> object that this plugin\nhas been created in.\n\nNote: Although this method internally uses <code>object[\"key\"]</code> to address object\n      properties, it does not support all possible characters in a name.\n      Especially the dot ('.') is not supported in the individual name segments,\n      as it is always interpreted as a name separator.","!type":"fn(sName: String, iNoCreates?: Number, oContext?: Object)"},"setObject":{"!category":"function","!description":"Sets an object property to a given value, where the property is\nidentified by a sequence of names (path).\n\nWhen a <code>oContext</code> is given, the path starts in that object.\nOtherwise it starts in the <code>window</code> object that this plugin\nhas been created for.\n\nNote: Although this method internally uses <code>object[\"key\"]</code> to address object\n      properties, it does not support all possible characters in a name.\n      Especially the dot ('.') is not supported in the individual name segments,\n      as it is always interpreted as a name separator.","!type":"fn(sName: String, vValue: Object, oContext?: Object)"},"getModulePath":{"!category":"function","!description":"Constructs an URL to load the module with the given name and file type (suffix).\r\n\r\nSearches the longest prefix of the given module name for which a registration\r\nexists (see {@link jQuery.sap.registerModulePath}) and replaces that prefix\r\nby the registered URL prefix.\r\n\r\nThe remainder of the module name is appended to the URL, replacing any dot with a slash.\r\n\r\nFinally, the given suffix (typically a file name extension) is added (unconverted).\r\n\r\nThe returned name (without the suffix) doesn't end with a slash.","!type":"fn(sModuleName: String, sSuffix: String) -> String"},"registerModulePath":{"!category":"function","!description":"Registers an URL prefix for a module name prefix.\n\nBefore a module is loaded, the longest registered prefix of its module name\nis searched for and the associated URL prefix is used as a prefix for the request URL.\nThe remainder of the module name is attached to the request URL by replacing\ndots ('.') with slashes ('/').\n\nThe registration and search operates on full name segments only. So when a prefix\n\n   'sap.com'  ->  'http://www.sap.com/ui5/resources/'\n\nis registered, then it will match the name\n\n   'sap.com.Button'\n\nbut not\n\n   'sap.commons.Button'\n\nNote that the empty prefix ('') will always match and thus serves as a fallback for\nany search.","!type":"fn()"},"registerResourcePath":{"!category":"function","!description":"Registers an URL prefix for a resource name prefix.\n\nBefore a resource is loaded, the longest registered prefix of its module name\nis searched for and the associated URL prefix is used as a prefix for the request URL.\nThe remainder of the resource name is attached to the request URL 1:1.\n\nThe registration and search operates on full name segments only. So when a prefix\n\n   'sap/com'  ->  'http://www.sap.com/ui5/resources/'\n\nis registered, then it will match the name\n\n   'sap/com/Button'\n\nbut not\n\n   'sap/commons/Button'\n\nNote that the empty prefix ('') will always match and thus serves as a fallback for\nany search.","!type":"fn()"},"isDeclared":{"!category":"function","!description":"Check whether a given module has been loaded / declared already.\n\nReturns true as soon as a module has been required the first time, even when \nloading/executing it has not finished yet. So the main assertion of a  \nreturn value of <code>true</code> is that the necessary actions have been taken\nto make the module available in the near future. It does not mean, that \nthe content of the module is already available!\n\nThis fuzzy behavior is necessary to avoid multiple requests for the same module. \nAs a consequence of the assertion above, a <i>preloaded</i> module does not\ncount as <i>declared</i>. For preloaded modules, an explicit call to \n<code>jQuery.sap.require</code> is necessary to make them available.\n\nIf a caller wants to know whether a module needs to be loaded from the server, \nit can set <code>bIncludePreloaded</code> to true. Then, preloaded modules will \nbe reported as 'declared' as well by this method.","!type":"fn(sModuleName: String, bIncludePreloaded?: Boolean) -> Boolean"},"getAllDeclaredModules":{"!category":"function","!description":"Returns the names of all declared modules.","!type":"fn() -> [String]"},"declare":{"!category":"function","!description":"Declares a module as existing.\r\n\r\nBy default, this function assumes that the module will create a JavaScript object\r\nwith the same name as the module. As a convenience it ensures that the parent\r\nnamespace for that object exists (by calling jQuery.sap.getObject).\r\nIf such an object creation is not desired, <code>bCreateNamespace</code> must be set to false.","!type":"fn(sModuleName: String | Object, bCreateNamespace?: Boolean)"},"require":{"!category":"function","!description":"Ensures that the given module is loaded and executed before execution of the\r\ncurrent script continues.\r\n\r\nBy issuing a call to this method, the caller declares a dependency to the listed modules.\r\n\r\nAny required and not yet loaded script will be loaded and execute synchronously.\r\nAlready loaded modules will be skipped.","!type":"fn(sModuleName: String | [String] | Object)"},"includeScript":{"!category":"function","!description":"Includes the script (via &lt;script&gt;-tag) into the head for the\nspecified <code>sUrl</code> and optional <code>sId</code>.\n<br>\n<i>In case of IE8 only the load callback will work ignoring in case of success and error.</i>","!type":"fn(sUrl: String, sId?: String, fnLoadCallback?: fn(), fnErrorCallback?: fn())"},"includeStyleSheet":{"!category":"function","!description":"Includes the specified stylesheet via a &lt;link&gt;-tag in the head of the current document. If there is call to\n<code>includeStylesheet</code> providing the sId of an already included stylesheet, the existing element will be\nreplaced.","!type":"fn(sUrl: String, sId?: String, fnLoadCallback?: fn(), fnErrorCallback?: fn())"},"measure":"jQuery.sap.measure","globalEval":{"!category":"function","!description":"Executes an 'eval' for its arguments in the global context (without closure variables).\n\nThis is a synchronous replacement for <code>jQuery.globalEval</code> which in some\nbrowsers (e.g. FireFox) behaves asynchronously.","!type":"fn()"},"domById":{"!category":"function","!description":"Shortcut for document.getElementById(), including a bug fix for older IE versions.","!type":"fn(sId: String, oWindow?: Window) -> Element"},"byId":{"!category":"function","!description":"Shortcut for jQuery(\"#\" + id) with additionally the id being escaped properly.\nI.e.: returns the jQuery object for the DOM element with the given id\n\nUse this method instead of jQuery(...) if you know the argument is exactly one id and\nthe id is not known in advance because it is in a variable (as opposed to a string\nconstant with known content).","!type":"fn(sId: String, oContext: Element) -> Object"},"focus":{"!category":"function","!description":"Calls focus() on the given DOM element, but catches and ignores any errors that occur when doing so.\n(i.e. IE8 throws an error when the DOM element is invisible or disabled)","!type":"fn(oDomRef: Element) -> Boolean"},"containsOrEquals":{"!category":"function","!description":"Returns whether oDomRefChild is oDomRefContainer or is contained in oDomRefContainer.\n\nThis is a browser-independent version of the .contains method of Internet Explorer.\nFor compatibility reasons it returns true if oDomRefContainer and oDomRefChild are equal.\n\nThis method intentionally does not operate on the jQuery object, as the original jQuery.contains()\nmethod also does not do so.","!type":"fn(oDomRefContainer: Element, oDomRefChild: Element) -> Boolean"},"denormalizeScrollLeftRTL":{"!category":"function","!description":"For the given scrollLeft value this method returns the scrollLeft value as understood by the current browser in RTL mode.\nThis value is specific to the given DOM element, as the computation may involve its dimensions.\n\nSo when oDomRef should be scrolled 2px from the leftmost position, the number \"2\" must be given as iNormalizedScrollLeft\nand the result of this method (which may be a large or even negative number, depending on the browser) can then be set as\noDomRef.scrollLeft to achieve the desired (cross-browser-consistent) scrolling position.\n\nThis method does no scrolling on its own, it only calculates the value to set (so it can also be used for animations).","!type":"fn(iNormalizedScrollLeft: Number, oDomRef: Element) -> Number"},"ownerWindow":{"!category":"function","!description":"Returns the window reference for a DomRef","!type":"fn(oDomRef: Element) -> Window"},"scrollbarSize":{"!category":"function","!description":"Returns the size (width of the vertical / height of the horizontal) native browser scrollbars.\n\nThis function must only be used when the DOM is ready.","!type":"fn(sClasses?: String, bForce?: Boolean) -> Object"},"syncStyleClass":{"!category":"function","!description":"Search ancestors of the given source DOM element for the specified CSS class name.\nIf the class name is found, set it to the root DOM element of the target control.\nIf the class name is not found, it is also removed from the target DOM element.","!type":"fn(sStyleClass: String, vSource: jQuery | Control | String, vDestination: jQuery | Control) -> jQuery | Element"},"KeyCodes":"jQuery.sap.KeyCodes","disableTouchToMouseHandling":{"!category":"function","!description":"Disable touch to mouse handling","!type":"fn()"},"PseudoEvents":"jQuery.sap.PseudoEvents","bindAnyEvent":{"!category":"function","!description":"Binds all events for listening with the given callback function.","!type":"fn(fnCallback: fn())"},"unbindAnyEvent":{"!category":"function","!description":"Unbinds all events for listening with the given callback function.","!type":"fn(fnCallback: fn())"},"checkMouseEnterOrLeave":{"!category":"function","!description":"Checks a given mouseover or mouseout event whether it is\nequivalent to a mouseenter or mousleave event regarding the given DOM reference.","!type":"fn(oEvent: jQuery.Event, oDomRef: element)"},"initMobile":{"!category":"function","!description":"Does some basic modifications to the HTML page that make it more suitable for mobile apps.\nOnly the first call to this method is executed, subsequent calls are ignored. Note that this method is also called by the constructor of toplevel controls like sap.m.App, sap.m.SplitApp and sap.m.Shell.\nException: if no homeIcon was set, subsequent calls have the chance to set it.\n\nThe \"options\" parameter configures what exactly should be done.\n\nIt can have the following properties:\n<ul>\n<li>viewport: whether to set the viewport in a way that disables zooming (default: true)</li>\n<li>statusBar: the iOS status bar color, \"default\", \"black\" or \"black-translucent\" (default: \"default\")</li>\n<li>hideBrowser: whether the browser UI should be hidden as far as possible to make the app feel more native (default: true)</li>\n<li>preventScroll: whether native scrolling should be disabled in order to prevent the \"rubber-band\" effect where the whole window is moved (default: true)</li>\n<li>preventPhoneNumberDetection: whether Safari Mobile should be prevented from transforming any numbers that look like phone numbers into clickable links; this should be left as \"true\", otherwise it might break controls because Safari actually changes the DOM. This only affects all page content which is created after initMobile is called.</li>\n<li>rootId: the ID of the root element that should be made fullscreen; only used when hideBrowser is set (default: the document.body)</li>\n<li>useFullScreenHeight: a boolean that defines whether the height of the html root element should be set to 100%, which is required for other elements to cover the full height (default: true)</li>\n<li>homeIcon: deprecated since 1.12, use jQuery.sap.setIcons instead.\n</ul>","!type":"fn(options?: Object)"},"setIcons":{"!category":"function","!description":"Sets the bookmark icon for desktop browsers and the icon to be displayed on the home screen of iOS devices after the user does \"add to home screen\".\n\nOnly call this method once and call it early when the page is loading: browsers behave differently when the favicon is modified while the page is alive.\nSome update the displayed icon inside the browser but use an old icon for bookmarks.\nWhen a favicon is given, any other existing favicon in the document will be removed.\nWhen at least one home icon is given, all existing home icons will be removed and new home icon tags for all four resolutions will be created.\n\nThe home icons must be in PNG format and given in different sizes for iPad/iPhone with and without retina display.\nThe favicon is used in the browser and for desktop shortcuts and should optimally be in ICO format:\nPNG does not seem to be supported by Internet Explorer and ICO files can contain different image sizes for different usage locations. E.g. a 16x16px version\nis used inside browsers.\n\nAll icons are given in an an object holding icon URLs and other settings. The properties of this object are:\n<ul>\n<li>phone: a 57x57 pixel version for non-retina iPhones</li>\n<li>tablet: a 72x72 pixel version for non-retina iPads</li>\n<li>phone@2: a 114x114 pixel version for retina iPhones</li>\n<li>tablet@2: a 144x144 pixel version for retina iPads</li>\n<li>precomposed: whether the home icons already have some glare effect (otherwise iOS will add it) (default: false)</li>\n<li>favicon: the ICO file to be used inside the browser and for desktop shortcuts</li>\n</ul>\n\nOne example is:\n<pre>\n{\n   'phone':'phone-icon_57x57.png',\n   'phone@2':'phone-retina_117x117.png',\n   'tablet':'tablet-icon_72x72.png',\n   'tablet@2':'tablet-retina_144x144.png',\n   'precomposed':true,\n   'favicon':'desktop.ico'\n}\n</pre>\nIf one of the sizes is not given, the largest available alternative image will be used instead for this size.\nOn Android these icons may or may not be used by the device. Apparently chances can be improved by using icons with glare effect, so the \"precomposed\" property can be set to \"true\". Some Android devices may also use the favicon for bookmarks instead of the home icons.</li>","!type":"fn()"},"sjax":{"!category":"function","!description":"Convenience wrapper around <code>jQuery.ajax()</code> that avoids the need for callback functions when\nsynchronous calls are made. If the setting <code>complexResult</code> is true (default), then the return value\nis an object with the following properties\n<ul>\n<li><code>success</code> boolean whether the call succeeded or not\n<li><code>data</code> any the data returned by the call. For dataType 'text' this is a string,\n                      for JSON it is an object, for XML it is a document. When the call failed, then data is not defined\n<li><code>status</code> string a textual status ('success,', 'error', 'timeout',...)\n<li><code>statusCode</code> string the HTTP status code of the request\n<li><code>error</code> Error an error object (exception) in case an error occurred\n</ul>\n\nWhen <code>complexResult</code> is false, then in the case of success, only 'data' is returned, in case of an error the\n'fallback' setting is returned (defaults to undefined).\n\nNote that async=false is always enforced by this method.","!type":"fn(oOrigSettings: String) -> result"},"syncGet":{"!category":"function","!description":"Convenience wrapper for {@link jQuery.sap.sjax} that enforeces the Http method GET and defaults the\ndata type of the result to 'text'.","!type":"fn(sUrl: String, data: String | Object, sDataType?: String) -> result"},"syncPost":{"!category":"function","!description":"Convenience wrapper for {@link jQuery.sap.sjax} that enforces the Http method POST and defaults the\ndata type of the result to 'text'.","!type":"fn(sUrl: String, data: String | Object, sDataType?: String) -> result"},"syncGetText":{"!category":"function","!description":"Convenience wrapper for {@link jQuery.sap.sjax} that enforces the Http method GET and the data type 'text'.\nIf a fallback value is given, the function simply returns the response as a text or - if some error occurred -\nthe fallback value. This is useful for applications that don't require detailed error diagnostics.\n\nIf applications need to know about occurring errors, they can either call <code>sjax()</code> directly\nor they can omit the fallback value (providing only two parameters to syncGetText()).\nThey then receive the same complex result object as for the sjax() call.","!type":"fn(sUrl: String, data: String | Object, fallback?: String) -> result"},"syncGetJSON":{"!category":"function","!description":"Convenience wrapper for {@link jQuery.sap.sjax} that enforces the Http method GET and the data type 'json'.\nIf a fallback value is given, the function simply returns the response as an object or - if some error occurred -\nthe fallback value. This is useful for applications that don't require detailed error diagnostics.\n\nIf applications need to know about occurring errors, they can either call <code>sjax()</code> directly\nor they can omit the fallback value (providing only two parameters to syncGetJSON()).\nThey then receive the same complex result object as for the sjax() call.\n\nNote that providing \"undefined\" or \"null\" as a fallback is different from omitting the fallback (complex result).","!type":"fn(sUrl: String, data: String | Object, fallback?: Object) -> result"},"util":"jQuery.sap.util","properties":{"!category":"function","!description":"Creates and returns a new instance of {@link jQuery.sap.util.Properties}.\n\nIf option 'url' is passed, immediately a load request for the given target is triggered.\nA property file that is loaded can contain comments with a leading ! or #.\nThe loaded property list does not contain any comments.\n\n<b>Example for loading a property file:</b>\n<pre>\n jQuery.sap.properties({url : \"../myProperty.properties\"});\n</pre>\n\n<b>Example for creating an empty properties instance:</b>\n<pre>\n jQuery.sap.properties();\n</pre>\n\n<b>Examples for getting and setting properties:</b>\n<pre>\nvar oProperties = jQuery.sap.properties();\noProperties.setProperty(\"KEY_1\",\"Test Key\");\nvar sValue1 = oProperties.getProperty(\"KEY_1\");\nvar sValue2 = oProperties.getProperty(\"KEY_2\",\"Default\");\n</pre>","!type":"fn(mParams?: Object) -> jQuery.sap.util.Properties"},"endsWith":{"!category":"function","!description":"Checks whether a given sString ends with sEndString\nrespecting the case of the strings.","!type":"fn(sString: String, sEndString: String) -> True"},"endsWithIgnoreCase":{"!category":"function","!description":"Checks whether a given sString ends with sEndString\nignoring the case of the strings.","!type":"fn(sString: String, sEndString: String) -> true"},"startsWith":{"!category":"function","!description":"Checks whether a given sString starts with sStartString\nrespecting the case of the strings.","!type":"fn(sString: String, sStartString: String) -> True"},"startsWithIgnoreCase":{"!category":"function","!description":"Checks whether a given sString starts with sStartString\nignoring the case of the strings.","!type":"fn(sString: String, sStartString: String) -> True"},"charToUpperCase":{"!category":"function","!description":"Converts a character of the string to upper case.<br/>\nIf no pos is defined as second parameter or pos is negative or greater than sString the first character will be\nconverted into upper case. the first char position is 0.","!type":"fn(sString: String, iPos: Number) -> The"},"padLeft":{"!category":"function","!description":"Pads a string on the left side until is has the given length.<br/>","!type":"fn(sString: String, sPadChar: String, iLength: Number) -> The"},"padRight":{"!category":"function","!description":"Pads a string on the right side until is has the given length.<br/>","!type":"fn(sString: String, sPadChar: String, iLength: Number) -> The"},"camelCase":{"!category":"function","!description":"Transforms a hyphen separated string to an camel case string.","!type":"fn(sString: String) -> The"},"hyphen":{"!category":"function","!description":"Transforms a camel case string into a hyphen separated string.","!type":"fn(sString: String) -> The"},"escapeRegExp":{"!category":"function","!description":"This function escapes the reserved letters in Regular Expression","!type":"fn(sString: String) -> The"},"formatMessage":{"!category":"function","!description":"Creates a string from a pattern by replacing placeholders with concrete values.\n\nThe syntax of the pattern is inspired by (but not fully equivalent to) the \njava.util.MessageFormat.\n\nPlaceholders have the form <code>{ integer }</code>, where any occurrence of \n<code>{0}</code> is replaced by the value with index 0 in <code>aValues</code>,\n<code>{1}</code> y the value with index 1 in <code>aValues</code> etc.\n\nTo avoid interpretation of curly braces as placeholders, any non-placeholder fragment \nof the pattern can be enclosed in single quotes. The surrounding single quotes will be \nomitted from the result. Single quotes that are not meant to escape a fragment and \nthat should appear in the result, need to be doubled. In the result, only a single \nsingle quote will occur.\n\nExample Pattern Strings:\n<pre>\n  jQuery.sap.formatMessage(\"Say {0}\", [\"Hello\"]) -> \"Say Hello\"  // normal use case\n  jQuery.sap.formatMessage(\"Say '{0}'\", [\"Hello\"]) -> \"Say {0}\"  // escaped placeholder\n  jQuery.sap.formatMessage(\"Say ''{0}''\", [\"Hello\"]) -> \"Say 'Hello'\" // doubled single quote \n  jQuery.sap.formatMessage(\"Say '{0}'''\", [\"Hello\"]) -> \"Say {0}'\" // doubled single quote in quoted fragment\n</pre>\n\nIn contrast to java.util.MessageFormat, format types or format styles are not supported. \nEverything after the argument index and up to the first closing curly brace is ignored.\nNested placeholders (as supported by java.lang.MessageFormat for the format type choice)\nare not ignored but reported as a parse error. \n\nThis method throws an Error when the pattern syntax is not fulfilled (e.g. unbalanced curly \nbraces, nested placeholders or a non-numerical argument index).\n\nThis method can also be used as a formatter within a binding. The first part of a composite binding \nwill be used as pattern, the following parts as aValues. If there is only one value and this\nvalue is an array it will be handled like the default described above.","!type":"fn(sPattern: String, aValues?: [Object]) -> String"},"resources":{"!category":"function","!description":"Creates and returns a new instance of {@link jQuery.sap.util.ResourceBundle}\nusing the given URL and locale to determine what to load.","!type":"fn(mParams?: Object) -> jQuery.sap.util.ResourceBundle"},"uid":{"!category":"function","!description":"Creates and returns a pseudo-unique id.\n\nNo means for detection of overlap with already present or future UIDs.","!type":"fn() -> String"},"delayedCall":{"!category":"function","!description":"Calls a method after a given delay and returns an id for this timer","!type":"fn(iDelay: Number, oObject: Object, Method: String | Object, aParameters?: Array) -> String"},"clearDelayedCall":{"!category":"function","!description":"Stops the delayed call.\n\nThe function given when calling delayedCall is not called anymore.","!type":"fn(sDelayedCallId: String)"},"intervalCall":{"!category":"function","!description":"Calls a method after a given interval and returns an id for this interval.","!type":"fn(iInterval: Number, oObject: Object, Method: String | Object, aParameters?: Array) -> String"},"clearIntervalCall":{"!category":"function","!description":"Stops the interval call.\n\nThe function given when calling intervalCall is not called anymore.","!type":"fn(sIntervalCallId: String)"},"getUriParameters":{"!category":"function","!description":"Creates and returns a new instance of {@link jQuery.sap.util.UriParameters}.\n\nExample for reading a single URI parameter (or the value of the first\noccurrence of the URI parameter):\n<pre>\nvar sValue = jQuery.sap.getUriParameters().get(\"myUriParam\");\n</pre>\n\nExample for reading the values of the first of the URI parameter\n(with multiple occurrences):\n<pre>\nvar aValues = jQuery.sap.getUriParameters().get(\"myUriParam\", true);\nfor(i in aValues){\nvar sValue = aValues[i];\n}\n</pre>","!type":"fn() -> jQuery.sap.util.UriParameters"},"unique":{"!category":"function","!description":"Sorts the given array in-place and removes any duplicates (identified by \"===\").\n\nUse <code>jQuery.unique()</code> for arrays of DOMElements.","!type":"fn(a: Array) -> Array"},"equal":{"!category":"function","!description":"Compares the two given values for equality, especially takes care not to compare\narrays and objects by reference, but compares their content.\nNote: function does not work with comparing XML objects","!type":"fn(a: Object, b: Object, maxDepth?: Number, contains?: Boolean) -> Boolean"},"arrayDiff":{"!category":"function","!description":"Calculate delta of old list and new list\nThis implements the algorithm described in \"A Technique for Isolating Differences Between Files\"\n(Commun. ACM, April 1978, Volume 21, Number 4, Pages 264-268)","!type":"fn(aOld: Array, aNew: Array, fnCompare?: fn()) -> Array"},"encodeHTML":{"!category":"function","!description":"Encode the string for inclusion into HTML content/attribute","!type":"fn(sString: String) -> The"},"encodeXML":{"!category":"function","!description":"Encode the string for inclusion into XML content/attribute","!type":"fn(sString: String) -> The"},"escapeHTML":{"!category":"function","!description":"Encode the string for inclusion into HTML content/attribute.\nOld name \"escapeHTML\" kept for backward compatibility","!type":"fn(sString: String) -> The"},"encodeJS":{"!category":"function","!description":"Encode the string for inclusion into a JS string literal","!type":"fn(sString: String) -> The"},"escapeJS":{"!category":"function","!description":"Encode the string for inclusion into a JS string literal.\nOld name \"escapeJS\" kept for backward compatibility","!type":"fn(sString: String) -> The"},"encodeURL":{"!category":"function","!description":"Encode the string for inclusion into an URL parameter","!type":"fn(sString: String) -> The"},"encodeURLParameters":{"!category":"function","!description":"Encode a map of parameters into a combined URL parameter string","!type":"fn(mParams: Object) -> The"},"encodeCSS":{"!category":"function","!description":"Encode the string for inclusion into CSS string literals or identifiers","!type":"fn(sString: String) -> The"},"clearUrlWhitelist":{"!category":"function","!description":"clears the whitelist for URL valiadtion","!type":"fn()"},"addUrlWhitelist":{"!category":"function","!description":"Adds a whitelist entry for URL valiadtion","!type":"fn(protocol: String, host: String, port: String, path: String)"},"removeUrlWhitelist":{"!category":"function","!description":"Removes a whitelist entry for URL valiadtion","!type":"fn(iIndex: Number)"},"getUrlWhitelist":{"!category":"function","!description":"Gets the whitelist for URL valiadtion","!type":"fn() -> [String]"},"validateUrl":{"!category":"function","!description":"Validates an URL. Check if it's not a script or other security issue.","!type":"fn(sUrl: String) -> true"},"parseXML":{"!category":"function","!description":"Parses the specified XML formatted string text using native parsing\nfunction of the browser and returns a valid XML document. If an error\noccurred during parsing a parse error object is returned as property (parseError) of the\nreturned XML document object. The parse error object has the following error\ninformation parameters: errorCode, url, reason, srcText, line, linepos, filepos","!type":"fn(sXMLText: String) -> Object"},"serializeXML":{"!category":"function","!description":"Serializes the specified XML document into a string representation.","!type":"fn(oXMLDocument: String) -> Object"},"act":"jQuery.sap.act","history":"jQuery.sap.history_obj","storage":"jQuery.sap.storage"},"jQuery.sap.Version":{"!category":"class","!proto":"Object","!description":"Represents a version consisting of major, minor, patch version and suffix, e.g. '1.2.7-SNAPSHOT'.","toString":{"!category":"function","!description":"Returns a string representation of this version.","!type":"fn() -> String"},"getMajor":{"!category":"function","!description":"Returns the major version part of this version.","!type":"fn() -> Number"},"getMinor":{"!category":"function","!description":"Returns the minor version part of this version.","!type":"fn() -> Number"},"getPatch":{"!category":"function","!description":"Returns the patch (or micro) version part of this version.","!type":"fn() -> Number"},"getSuffix":{"!category":"function","!description":"Returns the version suffix of this version.","!type":"fn() -> String"},"compareTo":{"!category":"function","!description":"Compares this version with a given one.\n\nThe version with which this version should be compared can be given as\n<code>jQuery.sap.Version</code> instance, as a string (e.g. <code>v.compareto(\"1.4.5\")</code>)\nor major, minor, patch and suffix cab be given as separate parameters (e.g. <code>v.compareTo(1, 4, 5)</code>)\nor in an array (e.g. <code>v.compareTo([1, 4, 5])</code>).","!type":"fn() -> Number"},"inRange":{"!category":"function","!description":"Checks whether this version is in the range of the given versions (start included, end excluded).\n\nThe boundaries against which this version should be checked can be given as\n<code>jQuery.sap.Version</code> instances (e.g. <code>v.inRange(v1, v2)</code>), as strings (e.g. <code>v.inRange(\"1.4\", \"2.7\")</code>)\nor as arrays (e.g. <code>v.inRange([1,4], [2,7])</code>).","!type":"fn() -> Boolean"}},"jQuery.sap.Version_obj":{"prototype":"jQuery.sap.Version","!type":"fn(vMajor: Number | String | [Object] | jQuery.sap.Version, iMinor: Number, iPatch: Number, sSuffix: String) -> jQuery.sap.Version"},"jQuery.sap.log":{"Logger":"jQuery.sap.log.Logger_obj","!category":"namespace","!description":"A Logging API for JavaScript.\r\n\r\nProvides methods to manage a client-side log and to create entries in it. Each of the logging methods\r\n{@link jQuery.sap.log.#debug}, {@link jQuery.sap.log.#info}, {@link jQuery.sap.log.#warning},\r\n{@link jQuery.sap.log.#error} and {@link jQuery.sap.log.#fatal} creates and records a log entry,\r\ncontaining a timestamp, a log level, a message with details and a component info.\r\nThe log level will be one of {@link jQuery.sap.log.Level} and equals the name of the concrete logging method.\r\n\r\nBy using the {@link jQuery.sap.log#setLevel} method, consumers can determine the least important\r\nlog level which should be recorded. Less important entries will be filtered out. (Note that higher numeric\r\nvalues represent less important levels). The initially set level depends on the mode that UI5 is running in.\r\nWhen the optimized sources are executed, the default level will be {@link jQuery.sap.log.Level.ERROR}.\r\nFor normal (debug sources), the default level is {@link jQuery.sap.log.Level.DEBUG}.\r\n\r\nAll logging methods allow to specify a <b>component</b>. These components are simple strings and\r\ndon't have a special meaning to the UI5 framework. However they can be used to semantically group\r\nlog entries that belong to the same software component (or feature). There are two APIs that help\r\nto manage logging for such a component. With <code>{@link jQuery.sap.log.getLogger}(sComponent)</code>,\r\none can retrieve a logger that automatically adds the given <code>sComponent</code> as component\r\nparameter to each log entry, if no other component is specified. Typically, JavaScript code will\r\nretrieve such a logger once during startup and reuse it for the rest of its lifecycle.\r\nSecond, the {@link jQuery.sap.log.Logger#setLevel}(iLevel, sComponent) method allows to set the log level\r\nfor a specific component only. This allows a more fine granular control about the created logging entries.\r\n{@link jQuery.sap.log.Logger.getLevel} allows to retrieve the currently effective log level for a given\r\ncomponent.\r\n\r\n{@link jQuery.sap.log#getLog} returns an array of the currently collected log entries.\r\n\r\nFurthermore, a listener can be registered to the log. It will be notified whenever a new entry\r\nis added to the log. The listener can be used for displaying log entries in a separate page area,\r\nor for sending it to some external target (server).","Level":"jQuery.sap.log.Level","!proto":"jQuery.sap.log.Logger","getLogger":{"!category":"function","!description":"Returns a {@link jQuery.sap.log.Logger} for the given component.\r\n\r\nThe method might or might not return the same logger object across multiple calls.\r\nWhile loggers are assumed to be light weight objects, consumers should try to\r\navoid redundant calls and instead keep references to already retrieved loggers.\r\n\r\nThe optional second parameter <code>iDefaultLogLevel</code> allows to specify \r\na default log level for the component. It is only applied when no log level has been \r\ndefined so far for that component (ignoring inherited log levels). If this method is \r\ncalled multiple times for the same component but with different log levels, \r\nonly the first call one might be taken into account.","!type":"fn(sComponent: String, iDefaultLogLevel?: Number) -> jQuery.sap.log.Logger"},"getLogEntries":{"!category":"function","!description":"Returns the logged entries recorded so far as an array.\r\n\r\nLog entries are plain JavaScript objects with the following properties\r\n<ul>\r\n<li>timestamp {number} point in time when the entry was created\r\n<li>level {int} LogLevel level of the entry\r\n<li>message {string} message text of the entry\r\n</ul>","!type":"fn() -> [Object]"},"addLogListener":{"!category":"function","!description":"Allows to add a new LogListener that will be notified for new log entries.\r\nThe given object must provide method <code>onLogEntry</code> and can also be informed\r\nabout <code>onDetachFromLog</code> and <code>onAttachToLog</code>","!type":"fn(oListener: Object) -> jQuery.sap.log"},"removeLogListener":{"!category":"function","!description":"Allows to remove a registered LogListener.","!type":"fn(oListener: Object) -> jQuery.sap.log"}},"jQuery.sap.log.Logger":{"fatal":{"!category":"function","!description":"Creates a new fatal-level entry in the log with the given message, details and calling component.","!type":"fn(sMessage: String, sDetails?: String, sComponent?: String) -> jQuery.sap.log.Logger"},"error":{"!category":"function","!description":"Creates a new error-level entry in the log with the given message, details and calling component.","!type":"fn(sMessage: String, sDetails?: String, sComponent?: String) -> jQuery.sap.log.Logger"},"warning":{"!category":"function","!description":"Creates a new warning-level entry in the log with the given message, details and calling component.","!type":"fn(sMessage: String, sDetails?: String, sComponent?: String) -> jQuery.sap.log.Logger"},"info":{"!category":"function","!description":"Creates a new info-level entry in the log with the given message, details and calling component.","!type":"fn(sMessage: String, sDetails?: String, sComponent?: String) -> jQuery.sap.log.Logger"},"debug":{"!category":"function","!description":"Creates a new debug-level entry in the log with the given message, details and calling component.","!type":"fn(sMessage: String, sDetails?: String, sComponent?: String) -> jQuery.sap.log.Logger"},"trace":{"!category":"function","!description":"Creates a new trace-level entry in the log with the given message, details and calling component.","!type":"fn(sMessage: String, sDetails?: String, sComponent?: String) -> jQuery.sap.log.Logger"},"setLevel":{"!category":"function","!description":"Defines the maximum jQuery.sap.log.Level of log entries that will be recorded.\nLog entries with a higher (less important) log level will be omitted from the log.\nWhen a component name is given, the log level will be configured for that component\nonly, otherwise the log level for the default component of this logger is set.\nFor the global logger, the global default level is set.\n\n<b>Note</b>: Setting a global default log level has no impact on already defined\ncomponent log levels. They always override the global default log level.","!type":"fn(iLogLevel: jQuery.sap.log.Level, sComponent?: String) -> jQuery.sap.log"},"getLevel":{"!category":"function","!description":"Returns the log level currently effective for the given component.\nIf no component is given or when no level has been configured for a\ngiven component, the log level for the default component of this logger is returned.","!type":"fn(sComponent?: String) -> Number"},"isLoggable":{"!category":"function","!description":"Checks whether logging is enabled for the given log level, \ndepending on the currently effective log level for the given component.\n\nIf no component is given, the default component of this logger will be taken into account.","!type":"fn(iLevel?: Number, sComponent?: String) -> Boolean"},"!category":"class","!proto":"Object","!description":"A Logger class"},"jQuery.sap.log.Level":{"!category":"namespace","!description":"Enumeration of the configurable log levels that a Logger should persist to the log.\n\nOnly if the current LogLevel is higher than the level {@link jQuery.sap.log.Level} of the currently added log entry,\nthen this very entry is permanently added to the log. Otherwise it is ignored.","NONE":{"!category":"enum","!description":"Do not log anything","!type":"String"},"FATAL":{"!category":"enum","!description":"Fatal level. Use this for logging unrecoverable situations","!type":"String"},"ERROR":{"!category":"enum","!description":"Error level. Use this for logging of erroneous but still recoverable situations","!type":"String"},"WARNING":{"!category":"enum","!description":"Warning level. Use this for logging unwanted but foreseen situations","!type":"String"},"INFO":{"!category":"enum","!description":"Info level. Use this for logging information of purely informative nature","!type":"String"},"DEBUG":{"!category":"enum","!description":"Debug level. Use this for logging information necessary for debugging","!type":"String"},"TRACE":{"!category":"enum","!description":"Trace level. Use this for tracing the program flow.","!type":"String"},"getLogger":{"!category":"function","!description":"Returns a {@link jQuery.sap.log.Logger} for the given component.\n\nThe method might or might not return the same logger object across multiple calls.\nWhile loggers are assumed to be light weight objects, consumers should try to\navoid redundant calls and instead keep references to already retrieved loggers.\n\nThe optional second parameter <code>iDefaultLogLevel</code> allows to specify \na default log level for the component. It is only applied when no log level has been \ndefined so far for that component (ignoring inherited log levels). If this method is \ncalled multiple times for the same component but with different log levels, \nonly the first call one might be taken into account.","!type":"fn(sComponent: String, iDefaultLogLevel?: Number) -> jQuery.sap.log.Logger"},"getLogEntries":{"!category":"function","!description":"Returns the logged entries recorded so far as an array.\n\nLog entries are plain JavaScript objects with the following properties\n<ul>\n<li>timestamp {number} point in time when the entry was created\n<li>level {int} LogLevel level of the entry\n<li>message {string} message text of the entry\n</ul>","!type":"fn() -> [Object]"},"addLogListener":{"!category":"function","!description":"Allows to add a new LogListener that will be notified for new log entries.\nThe given object must provide method <code>onLogEntry</code> and can also be informed\nabout <code>onDetachFromLog</code> and <code>onAttachToLog</code>","!type":"fn(oListener: Object) -> jQuery.sap.log"},"removeLogListener":{"!category":"function","!description":"Allows to remove a registered LogListener.","!type":"fn(oListener: Object) -> jQuery.sap.log"}},"jQuery.support":{"!category":"namespace","!description":"Holds information about the browser's capabilities and quirks.\nThis object is provided and documented by jQuery. \nBut it is extended by SAPUI5 with detection for features not covered by jQuery. This documentation ONLY covers the detection properties added by UI5.\nFor the standard detection properties, please refer to the jQuery documentation.\n\nThese properties added by UI5 are only available temporarily until jQuery adds feature detection on their own.","cssTransforms":{"!category":"enum","!description":"Whether the current browser supports (2D) CSS transforms","!type":"Boolean"},"cssTransforms3d":{"!category":"enum","!description":"Whether the current browser supports 3D CSS transforms","!type":"Boolean"},"cssTransitions":{"!category":"enum","!description":"Whether the current browser supports CSS transitions","!type":"Boolean"},"cssAnimations":{"!category":"enum","!description":"Whether the current browser supports (named) CSS animations","!type":"Boolean"},"cssGradients":{"!category":"enum","!description":"Whether the current browser supports CSS gradients. Note that ANY support for CSS gradients leads to \"true\" here, no matter what the syntax is.","!type":"Boolean"},"flexBoxPrefixed":{"!category":"enum","!description":"Whether the current browser supports only prefixed flexible layout properties","!type":"Boolean"},"flexBoxLayout":{"!category":"enum","!description":"Whether the current browser supports the OLD CSS3 Flexible Box Layout directly or via vendor prefixes","!type":"Boolean"},"ie10FlexBoxLayout":{"!category":"enum","!description":"Whether the current browser supports the IE10 CSS3 Flexible Box Layout directly or via vendor prefixes","!type":"Boolean"},"newFlexBoxLayout":{"!category":"enum","!description":"Whether the current browser supports the NEW CSS3 Flexible Box Layout directly or via vendor prefixes","!type":"Boolean"},"hasFlexBoxSupport":{"!category":"enum","!description":"Whether the current browser supports any kind of Flexible Box Layout directly or via vendor prefixes","!type":"Boolean"}},"jQuery.sap.measure":{"getActive":{"!category":"function","!description":"Gets the current state of the perfomance measurement functionality","!type":"fn() -> Boolean"},"setActive":{"!category":"function","!description":"Activates or deactivates the performance measure functionality","!type":"fn(bOn: Boolean) -> Boolean"},"start":{"!category":"function","!description":"Starts a performance measure","!type":"fn(sId: String, sInfo: String) -> Object"},"pause":{"!category":"function","!description":"Pauses a performance measure","!type":"fn(sId: String) -> Object"},"resume":{"!category":"function","!description":"Resumes a performance measure","!type":"fn(sId: String) -> Object"},"end":{"!category":"function","!description":"Ends a performance measure","!type":"fn(sId: String) -> Object"},"getMeasurement":{"!category":"function","!description":"Gets a performance measure","!type":"fn(sId: String) -> Object"},"getAllMeasurements":{"!category":"function","!description":"Gets all performance measurements","!type":"fn() -> Object"},"add":{"!category":"function","!description":"Adds a performance measurement with all data \nThis is usefull to add external measurements (e.g. from a backend) to the common measurement UI","!type":"fn(sId: String, sInfo: String, iStart: Number, iEnd: Number, iTime: Number, iDuration: Number) -> Object"},"!category":"namespace","!description":"Namespace for the jQuery performance measurement plug-in provided by SAP AG."},"jQuery.sap.KeyCodes":{"!category":"namespace","!description":"Enumeration of key codes.","BACKSPACE":{"!category":"enum","!description":"","!type":"Number"},"TAB":{"!category":"enum","!description":"","!type":"Number"},"ENTER":{"!category":"enum","!description":"","!type":"Number"},"SHIFT":{"!category":"enum","!description":"","!type":"Number"},"CONTROL":{"!category":"enum","!description":"","!type":"Number"},"ALT":{"!category":"enum","!description":"","!type":"Number"},"BREAK":{"!category":"enum","!description":"","!type":"Number"},"CAPS_LOCK":{"!category":"enum","!description":"","!type":"Number"},"ESCAPE":{"!category":"enum","!description":"","!type":"Number"},"SPACE":{"!category":"enum","!description":"","!type":"Number"},"PAGE_UP":{"!category":"enum","!description":"","!type":"Number"},"PAGE_DOWN":{"!category":"enum","!description":"","!type":"Number"},"END":{"!category":"enum","!description":"","!type":"Number"},"HOME":{"!category":"enum","!description":"","!type":"Number"},"ARROW_LEFT":{"!category":"enum","!description":"","!type":"Number"},"ARROW_UP":{"!category":"enum","!description":"","!type":"Number"},"ARROW_RIGHT":{"!category":"enum","!description":"","!type":"Number"},"ARROW_DOWN":{"!category":"enum","!description":"","!type":"Number"},"PRINT":{"!category":"enum","!description":"","!type":"Number"},"INSERT":{"!category":"enum","!description":"","!type":"Number"},"DELETE":{"!category":"enum","!description":"","!type":"Number"},"DIGIT_0":{"!category":"enum","!description":"","!type":"Number"},"DIGIT_1":{"!category":"enum","!description":"","!type":"Number"},"DIGIT_2":{"!category":"enum","!description":"","!type":"Number"},"DIGIT_3":{"!category":"enum","!description":"","!type":"Number"},"DIGIT_4":{"!category":"enum","!description":"","!type":"Number"},"DIGIT_5":{"!category":"enum","!description":"","!type":"Number"},"DIGIT_6":{"!category":"enum","!description":"","!type":"Number"},"DIGIT_7":{"!category":"enum","!description":"","!type":"Number"},"DIGIT_8":{"!category":"enum","!description":"","!type":"Number"},"DIGIT_9":{"!category":"enum","!description":"","!type":"Number"},"A":{"!category":"enum","!description":"","!type":"Number"},"B":{"!category":"enum","!description":"","!type":"Number"},"C":{"!category":"enum","!description":"","!type":"Number"},"D":{"!category":"enum","!description":"","!type":"Number"},"E":{"!category":"enum","!description":"","!type":"Number"},"F":{"!category":"enum","!description":"","!type":"Number"},"G":{"!category":"enum","!description":"","!type":"Number"},"H":{"!category":"enum","!description":"","!type":"Number"},"I":{"!category":"enum","!description":"","!type":"Number"},"J":{"!category":"enum","!description":"","!type":"Number"},"K":{"!category":"enum","!description":"","!type":"Number"},"L":{"!category":"enum","!description":"","!type":"Number"},"M":{"!category":"enum","!description":"","!type":"Number"},"N":{"!category":"enum","!description":"","!type":"Number"},"O":{"!category":"enum","!description":"","!type":"Number"},"P":{"!category":"enum","!description":"","!type":"Number"},"Q":{"!category":"enum","!description":"","!type":"Number"},"R":{"!category":"enum","!description":"","!type":"Number"},"S":{"!category":"enum","!description":"","!type":"Number"},"T":{"!category":"enum","!description":"","!type":"Number"},"U":{"!category":"enum","!description":"","!type":"Number"},"V":{"!category":"enum","!description":"","!type":"Number"},"W":{"!category":"enum","!description":"","!type":"Number"},"X":{"!category":"enum","!description":"","!type":"Number"},"Y":{"!category":"enum","!description":"","!type":"Number"},"Z":{"!category":"enum","!description":"","!type":"Number"},"WINDOWS":{"!category":"enum","!description":"","!type":"Number"},"CONTEXT_MENU":{"!category":"enum","!description":"","!type":"Number"},"TURN_OFF":{"!category":"enum","!description":"","!type":"Number"},"SLEEP":{"!category":"enum","!description":"","!type":"Number"},"NUMPAD_0":{"!category":"enum","!description":"","!type":"Number"},"NUMPAD_1":{"!category":"enum","!description":"","!type":"Number"},"NUMPAD_2":{"!category":"enum","!description":"","!type":"Number"},"NUMPAD_3":{"!category":"enum","!description":"","!type":"Number"},"NUMPAD_4":{"!category":"enum","!description":"","!type":"Number"},"NUMPAD_5":{"!category":"enum","!description":"","!type":"Number"},"NUMPAD_6":{"!category":"enum","!description":"","!type":"Number"},"NUMPAD_7":{"!category":"enum","!description":"","!type":"Number"},"NUMPAD_8":{"!category":"enum","!description":"","!type":"Number"},"NUMPAD_9":{"!category":"enum","!description":"","!type":"Number"},"NUMPAD_ASTERISK":{"!category":"enum","!description":"","!type":"Number"},"NUMPAD_PLUS":{"!category":"enum","!description":"","!type":"Number"},"NUMPAD_MINUS":{"!category":"enum","!description":"","!type":"Number"},"NUMPAD_COMMA":{"!category":"enum","!description":"","!type":"Number"},"NUMPAD_SLASH":{"!category":"enum","!description":"","!type":"Number"},"F1":{"!category":"enum","!description":"","!type":"Number"},"F2":{"!category":"enum","!description":"","!type":"Number"},"F3":{"!category":"enum","!description":"","!type":"Number"},"F4":{"!category":"enum","!description":"","!type":"Number"},"F5":{"!category":"enum","!description":"","!type":"Number"},"F6":{"!category":"enum","!description":"","!type":"Number"},"F7":{"!category":"enum","!description":"","!type":"Number"},"F8":{"!category":"enum","!description":"","!type":"Number"},"F9":{"!category":"enum","!description":"","!type":"Number"},"F10":{"!category":"enum","!description":"","!type":"Number"},"F11":{"!category":"enum","!description":"","!type":"Number"},"F12":{"!category":"enum","!description":"","!type":"Number"},"NUM_LOCK":{"!category":"enum","!description":"","!type":"Number"},"SCROLL_LOCK":{"!category":"enum","!description":"","!type":"Number"},"OPEN_BRACKET":{"!category":"enum","!description":"","!type":"Number"},"PLUS":{"!category":"enum","!description":"","!type":"Number"},"COMMA":{"!category":"enum","!description":"","!type":"Number"},"SLASH":{"!category":"enum","!description":"","!type":"Number"},"DOT":{"!category":"enum","!description":"","!type":"Number"},"PIPE":{"!category":"enum","!description":"","!type":"Number"},"SEMICOLON":{"!category":"enum","!description":"","!type":"Number"},"MINUS":{"!category":"enum","!description":"","!type":"Number"},"GREAT_ACCENT":{"!category":"enum","!description":"","!type":"Number"},"EQUALS":{"!category":"enum","!description":"","!type":"Number"},"SINGLE_QUOTE":{"!category":"enum","!description":"","!type":"Number"},"BACKSLASH":{"!category":"enum","!description":"","!type":"Number"}},"jQuery.sap.PseudoEvents":{"!category":"namespace","!description":"Enumeration of all so called \"pseudo events\", a useful classification\nof standard browser events as implied by SAP product standards.\n\nWhenever a browser event is recognized as one or more pseudo events, then this\nclassification is attached to the original {@link jQuery.Event} object and thereby\ndelivered to any jQuery-style listeners registered for that browser event.\n\nPure JavaScript listeners can evaluate the classification information using\nthe {@link jQuery.Event#isPseudoType} method.\n\nInstead of using the procedure as described above, the SAPUI5 controls and elements\nshould simply implement an <code>on<i>pseudo-event</i>(oEvent)</code> method. It will\nbe invoked only when that specific pseudo event has been recognized. This simplifies event\ndispatching even further."},"jQuery.Event":{"getPseudoTypes":{"!category":"function","!description":"Returns an array of names (as strings) identifying {@link jQuery.sap.PseudoEvents} that are fulfilled by this very Event instance.","!type":"fn() -> [String]"},"isPseudoType":{"!category":"function","!description":"Checks whether this instance of {@link jQuery.Event} is of the given <code>sType</code> pseudo type.","!type":"fn(sType: String) -> Boolean"},"!category":"class","!proto":"Object","!description":"Check the jQuery.Event class documentation available under \"http://www.jquery.com\"<br/>\nand \"http://api.jquery.com/category/events/event-object/\" for details.","getOffsetX":{"!category":"function","!description":"Returns OffsetX of Event. In jQuery there is a bug. In IE the value is in offsetX, in FF in layerX","!type":"fn() -> Number"},"getOffsetY":{"!category":"function","!description":"Returns OffsetY of Event. In jQuery there is a bug. in IE the value is in offsetY, in FF in layerY.","!type":"fn() -> Number"}},"jQuery.Event_obj":{"prototype":"jQuery.Event","!type":"fn()"},"jQuery.os":{"!category":"namespace","!description":"Holds information about the current operating system","os":{"!category":"enum","!description":"The name of the operating system; currently supported are: \"ios\", \"android\", \"blackberry\"","!type":"String"},"version":{"!category":"enum","!description":"The version of the operating system as a string (including minor versions)","!type":"String"},"fVersion":{"!category":"enum","!description":"The version of the operating system parsed as a float (major and first minor version)","!type":"Number"},"android":{"!category":"enum","!description":"Whether the current operating system is Android","!type":"Boolean"},"blackberry":{"!category":"enum","!description":"Whether the current operating system is BlackBerry","!type":"Boolean"},"ios":{"!category":"enum","!description":"Whether the current operating system is Apple iOS","!type":"Boolean"},"winphone":{"!category":"enum","!description":"Whether the current operating system is Windows Phone","!type":"Boolean"},"retina":{"!category":"enum","!description":"Whether the device has a retina display (window.devicePixelRatio >= 2)","!type":"Boolean"}},"jQuery.device":{"!category":"namespace","!description":"","is":"jQuery.device.is"},"jQuery.device.is":{"!category":"namespace","!description":"Holds information about the current device and its state","standalone":{"!category":"enum","!description":"Whether the application runs in standalone mode without browser UI (launched from the iOS home screen)","!type":"Boolean"},"landscape":{"!category":"enum","!description":"Whether the device is in \"landscape\" orientation (also \"true\" when the device does not know about the orientation)","!type":"Boolean"},"portrait":{"!category":"enum","!description":"Whether the device is in portrait orientation","!type":"Boolean"},"iphone":{"!category":"enum","!description":"Whether the application runs on an iPhone","!type":"Boolean"},"ipad":{"!category":"enum","!description":"Whether the application runs on an iPad","!type":"Boolean"},"android_phone":{"!category":"enum","!description":"Whether the application runs on an Android phone - based not on screen size but user-agent (so this is not guaranteed to be equal to jQuery.device.is.phone on Android)\nhttps://developers.google.com/chrome/mobile/docs/user-agent\nSome device vendors however do not follow this rule","!type":"Boolean"},"android_tablet":{"!category":"enum","!description":"Whether the application runs on an Android tablet - based not on screen size but user-agent (so this is not guaranteed to be equal to jQuery.device.is.tablet on Android)\nhttps://developers.google.com/chrome/mobile/docs/user-agent\nSome device vendors however do not follow this rule","!type":"Boolean"},"tablet":{"!category":"enum","!description":"Whether the running device is a tablet.\nIf a desktop browser runs in mobile device simulation mode (with URL parameter sap-ui-xx-fakeOS or sap-ui-xx-test-mobile), \nthis property will also be set according to the simulated platform.\nThis property will be false when runs in desktop browser.","!type":"Boolean"},"phone":{"!category":"enum","!description":"Whether the running device is a phone.\nIf a desktop browser runs in mobile device simulation mode (with URL parameter sap-ui-xx-fakeOS or sap-ui-xx-test-mobile), \nthis property will also be set according to the simulated platform.\nThis property will be false when runs in desktop browser.","!type":"Boolean"},"desktop":{"!category":"enum","!description":"Whether the running device is a desktop browser.\nIf a desktop browser runs in mobile device simulation mode (with URL parameter sap-ui-xx-fakeOS or sap-ui-xx-test-mobile), \nthis property will be false.","!type":"Boolean"}},"jQuery.sap.util":{"Properties":"jQuery.sap.util.Properties","ResourceBundle":"jQuery.sap.util.ResourceBundle","UriParameters":"jQuery.sap.util.UriParameters","!category":"namespace"},"jQuery.sap.util.Properties":{"!category":"static class","!description":""},"jQuery.sap.util.ResourceBundle":{"!category":"static class","!description":"","getText":{"!category":"function","!description":"Returns a locale-specific string value for the given key sKey. \n\nThe text is searched in this resource bundle according to the fallback chain described in \n{@link jQuery.sap.util.ResourceBundle}. If no text could be found, the key itself is used as text.\n\nIf text parameters are given, then any occurrences of the pattern \"{<i>n</i>}\" with <i>n</i> being an integer \nare replaced by the parameter value with index <i>n</i>.  Note: This replacement is also applied if no text had been found (key).\nFor more details on this replacement mechanism refer also:","!type":"fn(sKey: String, aArgs?: [String]) -> String"}},"jQuery.sap.util.UriParameters":{"!category":"static class","!description":"","get":{"!category":"function","!description":"Returns the value(s) of the URI parameter with the given name sName.\r\n\r\nIf the boolean parameter bAll is <code>true</code>, an array of string values of all\r\noccurrences of the URI parameter with the given name is returned. This array is empty\r\nif the URI parameter is not contained in the windows URL.\r\n\r\nIf the boolean parameter bAll is <code>false</code> or is not specified, the value of the first\r\noccurrence of the URI parameter with the given name is returned. Might be <code>null</code>\r\nif the URI parameter is not contained in the windows URL.","!type":"fn(sName: String, bAll?: Boolean) -> String | Array"}},"jQuery.sap.act":{"!category":"namespace","!description":"","refresh":{"!category":"function","!description":"Reports an activity.","!type":"fn()"}},"jQuery.sap.history":{"!category":"class","!proto":"Object","!description":"Enables the back and forward buttons in browser to navigate back or forth through the browser history stack.<br/><br/>\n\nIt also supports adding virtual history which used only to mark some intermediate state in order to navigate back to the previous state. \nAnd this state will be skipped from the browser history stack immediately after a new history state is added to the history stack after this state <br/><br/>\n\nBy providing the hash saved from the return value of calling jQuery.sap.history.addHistory, jQuery.sap.history.backToHash will navigate back directly to the\nhistory state with the same hash. <br/><br/>\n\nPlease use jQuery.sap.history.back() to go one step back in the history stack instead of using window.history.back(), because it handles the empty history stack\nsituation and will call the defaultHandler for this case. <br/><br/>\n\n\nExample for the usage of history handling:\n<pre>\n//Initialization\njQuery.sap.history({\n\troutes: [], //please refer to the jQuery.sap.history function comment for the format. \n\tdefaultHandler: function(){\n\t\t//code here\n\t}\n});\n  \n//add history\nvar hash = jQuery.sap.history.addHistory(\"IDENTIFIER\", jsonData);\n  \n//add virtual history\njQuery.sap.history.addVirtualHistory();\n  \n//back to hash\njQuery.sap.history.backToHash(hash);\n  \n//back one step along the history stack\njQuery.sap.history.back();\n</pre>","addHistory":{"!category":"function","!description":"This function adds a history record. It will not trigger the related handler of the routes, the changes have to be done by the\ndeveloper. Normally, a history record should be added when changes are done already.","!type":"fn(sIdf: String, oStateData: Object, bBookmarkable: Boolean, bVirtual?: Boolean) -> String"},"addVirtualHistory":{"!category":"function","!description":"This function adds a virtual history record based on the current hash. A virtual record is only for marking the current state of the application, \nand when the back button clicked it will return to the previous state. It is used when the marked state shouldn't be seen by the user when user click\nthe back or forward button of the browser. For example, when showing a context menu a virtual history record should be added and this record will be skipped\nwhen user navigates back and it will return directly to the previous history record. If you avoid adding the virtual history record, it will return to one\nhistory record before the one your virtual record is based on. That's why virtual record is necessary.","!type":"fn()"},"addRoute":{"!category":"function","!description":"Adds a route to the history handling.","!type":"fn(sIdf: String, fn: fn(), oThis?: Object) -> Object"},"setDefaultHandler":{"!category":"function","!description":"Set the default handler which will be called when there's an empty hash in the url.","!type":"fn(fn: fn())"},"backToHash":{"!category":"function","!description":"This function calculate the number of back steps to the specific sHash passed as parameter,\nand then go back to the history state with this hash.","!type":"fn(sHash: String)"},"backThroughPath":{"!category":"function","!description":"This function will navigate back to the recent history state which has the sPath identifier. It is usually used to navigate back along one\nspecific route and jump over the intermediate history state if there are any.","!type":"fn(sPath: String)"},"back":{"!category":"function","!description":"This function navigates back through the history stack. The number of steps is set by the parameter iSteps. It also handles the situation when it's called while there's nothing in the history stack.\nNormally this happens when the application is restored from the bookmark. If there's nothing in the history stack, the default handler will be called with NavType jQuery.sap.history.NavType.Back.","!type":"fn(iSteps?: Number)"},"NavType":"jQuery.sap.history.NavType"},"jQuery.sap.history_obj":{"prototype":"jQuery.sap.history","!type":"fn(mSettings: Object)"},"jQuery.sap.history.NavType":{"!category":"namespace","!description":"","Back":{"!category":"enum","!description":"This indicates that the new hash is achieved by pressing the back button.","!type":"String"},"Forward":{"!category":"enum","!description":"This indicates that the new hash is achieved by pressing the forward button.","!type":"String"},"Bookmark":{"!category":"enum","!description":"This indicates that the new hash is restored from the bookmark.","!type":"String"},"Unknown":{"!category":"enum","!description":"This indicates that the new hash is achieved by some unknown direction.\nThis happens when the user navigates out of the application and then click on the forward button\nin the browser to navigate back to the application.","!type":"String"}},"jQuery.sap.storage":{"Storage":"jQuery.sap.storage.Storage","!category":"namespace","!description":"Returns a {@link jQuery.sap.storage.Storage Storage} object for a given HTML5 storage (type) and,\nas a convenience, provides static functions to access the default (session) storage.\n \nWhen called as a function, it returns an instance of {@link jQuery.sap.storage.Storage}, providing access \nto the storage of the given {@link jQuery.sap.storage.Type} or to the given HTML5 Storage object.\n\nThe default session storage can be easily accessed with methods {@link jQuery.sap.storage.get}, \n{@link jQuery.sap.storage.put}, {@link jQuery.sap.storage.remove}, {@link jQuery.sap.storage.clear},\n{@link jQuery.sap.storage.getType} and {@link jQuery.sap.storage.removeAll}","Type":"jQuery.sap.storage.Type"},"jQuery.sap.storage.Storage":{"!category":"static class","!description":""},"jQuery.sap.storage.Type":{"!category":"static class","!description":"Enumeration of the storage types supported by {@link jQuery.sap.storage.Storage}","local":{"!category":"enum","!description":"Indicates usage of the browser's localStorage feature","!type":"String"},"session":{"!category":"enum","!description":"Indicates usage of the browser's sessionStorage feature","!type":"String"},"global":{"!category":"enum","!description":"Indicates usage of the browser's globalStorage feature","!type":"String"}},"jQuery.sap.log.Logger_obj":{"prototype":"jQuery.sap.log.Logger","!type":"fn(sDefaultComponent: String)"}},"jQuery":"jQuery"}