{"!name":"sap.ca.scfld.md","!define":{"sap.ca.scfld.md":{"ApplicationFacade":"sap.ca.scfld.md.ApplicationFacade_obj","ComponentBase":"sap.ca.scfld.md.ComponentBase_obj","ConfigurationBase":"sap.ca.scfld.md.ConfigurationBase_obj","controller":"sap.ca.scfld.md.controller","!category":"namespace","!description":"SAP UI library: Scaffolding for Master Detail applications"},"sap.ca.scfld.md.ApplicationFacade":{"!category":"class","!proto":"sap.ui.base.Object","!description":"llll This class represents a Master Detail App. It provides access to generic services.\nNote that the App does not create an instance of this class on its own.\nThe App will get access to this instance in its implementation of &lt;identity&gt;.Configuration.getApplicationParameters(oApplicationFacade).\nIt is recommended that the app stores the reference to this instance in an appropriate variable .","getResourceBundle":{"!category":"function","!description":"Use this method to access the resource bundle of the App","!type":"fn() -> the"},"getODataModel":{"!category":"function","!description":"Return a specific ODataModel based on its name as defined in the configuration.</br>\nNote that there is a special logic in case the specified name is <i>i18n</i>. In this case the\nresource model for this App is returned.","!type":"fn(sName: String) -> sap.ui.model.Model"},"isMock":{"!category":"function","!description":"Utility function to determine if we are running the application against\nsome mock data","!type":"fn() -> Boolean"},"setApplicationModel":{"!category":"function","!description":"Store a sap.ui.model instance in a global hashmap for the application.\nThis is used to allow apps to share models between different views.\nThe models will not be assigned to the views automatically but can be retrieved and assigned manually.\nThis is mainly made to have dirty hacks like settings model on sap.ui.getCore() or reading data from the oSplitContainer","!type":"fn(sName: String, oModel: sap.ui.model.Model)"},"getApplicationModel":{"!category":"function","!description":"Retrieve a model stored in the global hashmap based on its name","!type":"fn(sName: String)"},"getUiLibResourceModel":{"!category":"function","!description":"returns the scaffolding language model","!type":"fn() -> Object"},"registerOnMasterListRefresh":{"!category":"function","!description":"Registers a function to be called directly after a refresh was performed on the Master List of a master-detail app.\nThe function will be called for all master list refreshes regardless if they were triggered manually by clicking\n\"refresh\" or automatically during a back end search","!type":"fn(fHandler: fn(), oListener: Object)"},"deRegisterOnMasterListRefresh":{"!category":"function","!description":"Deregisters a function that was previously registered with method \"registerOnMasterListRefresh\". The method\nparameters have to be the same as during the registration","!type":"fn(fHandler: fn(), oListener: Object)"}},"sap.ca.scfld.md.ApplicationFacade_obj":{"prototype":"sap.ca.scfld.md.ApplicationFacade","!type":"fn()"},"sap.ca.scfld.md.ComponentBase":{"!category":"class","!proto":"sap.ui.core.UIComponent","!description":"This is the base class for the Component.js class of Fiori apps. IT provides a simplified routing interface for inner app navigation","init":{"!category":"function","!description":"not yet documented","!type":"fn()"},"exit":{"!category":"function","!description":"not yet documented","!type":"fn()"},"setRouterSetCloseDialogs":{"!category":"function","!description":"This method defines if open dialogs shall automatically be closed by the inner app navigation.","!type":"fn(bCloseDialogs: Boolean)"},"createMetaData":{"!category":"function","!description":"Creates the metadata Object of the app","!type":"fn(sAppType: String, oAppMeta: Object)"}},"sap.ca.scfld.md.ComponentBase_obj":{"prototype":"sap.ca.scfld.md.ComponentBase","!type":"fn()"},"sap.ca.scfld.md.ConfigurationBase":{"!category":"class","!proto":"sap.ui.base.ManagedObject","!description":"","setApplicationFacade":{"!category":"function","!description":"Override this method when you want to store a reference to the <code>ApplicationFacade</code> in some place where you can\r\naccess it. Note that all controllers inheriting from the <code>ScfldMaster/BaseMaster/Detail/FullscreenController</code> automatically\r\npossess an attribute <code>oApplicationFacade</code>. </br>\r\nHowever, it may be useful to have access to the facade e.g. in a class providing formatters.","!type":"fn(oApplicationFacade: Object)"},"isMock":{"!category":"function","!description":"","!type":"fn() -> Boolean"},"getMasterKeyAttributes":{"!category":"function","!description":"Specifies the list of attributes that identify a list item\r\nNeeds to be overwritten by the app","!type":"fn() -> Array"},"getServiceList":{"!category":"function","!description":"Getter for the service list to be used as source for the Connection Manager\r\nNeeds to be overwritten by the app","!type":"fn() -> Object"},"getExcludedQueryStringParameters":{"!category":"function","!description":"Getter for the list of parameters to be excluded from appending to the URL for the Services\r\nNeeds to be overwritten by the app if parameters need to be excluded from the service call","!type":"fn() -> Array"},"getDetailTitleKey":{"!category":"function","!description":"returns the language key of the detail views title defined in the apps language model\r\nNeeds to be overwritten by the app in case the default key name doesn't match the apps title key","!type":"fn()"},"getDefaultEmptyMessageKey":{"!category":"function","!description":"returns the language key of the empty views default text to be shown in cases where empty view is implicitly\r\ndisplayed by the scaffolding","!type":"fn()"}},"sap.ca.scfld.md.ConfigurationBase_obj":{"prototype":"sap.ca.scfld.md.ConfigurationBase","!type":"fn()"},"sap.ca.scfld.md.controller":{"BaseDetailController":"sap.ca.scfld.md.controller.BaseDetailController_obj","BaseFullscreenController":"sap.ca.scfld.md.controller.BaseFullscreenController_obj","BaseMasterController":"sap.ca.scfld.md.controller.BaseMasterController_obj","ScfldMasterController":"sap.ca.scfld.md.controller.ScfldMasterController_obj","!category":"namespace"},"sap.ca.scfld.md.controller.BaseDetailController":{"!category":"class","!proto":"sap.ui.core.mvc.Controller","!description":"","setHeaderFooterOptions":{"!category":"function","!description":"sets the Details page header and footer.","!type":"fn(oOptions: Object)"},"setBtnEnabled":{"!category":"function","!description":"enables/disables the header/footer button based on the given id","!type":"fn(sId: String, bEnabled: Boolean)"},"setBtnText":{"!category":"function","!description":"updates the header/footer button text based on the given id","!type":"fn(sId: String, sText: String)"}},"sap.ca.scfld.md.controller.BaseDetailController_obj":{"prototype":"sap.ca.scfld.md.controller.BaseDetailController","!type":"fn()"},"sap.ca.scfld.md.controller.BaseFullscreenController":{"!category":"class","!proto":"sap.ui.core.mvc.Controller","!description":"","setHeaderFooterOptions":{"!category":"function","!description":"sets the Fullscreen page header and footer.","!type":"fn(oOptions: Object)"},"setBtnEnabled":{"!category":"function","!description":"enables/disables the header/footer button based on the given id","!type":"fn(sId: String, bEnabled: Boolean)"},"setBtnText":{"!category":"function","!description":"updates the header/footer button text based on the given id","!type":"fn(sId: String, sText: String)"}},"sap.ca.scfld.md.controller.BaseFullscreenController_obj":{"prototype":"sap.ca.scfld.md.controller.BaseFullscreenController","!type":"fn()"},"sap.ca.scfld.md.controller.BaseMasterController":{"!category":"class","!proto":"sap.ui.core.mvc.Controller","!description":"Deprecated, use ScfldMasterController.js instead"},"sap.ca.scfld.md.controller.BaseMasterController_obj":{"prototype":"sap.ca.scfld.md.controller.BaseMasterController","!type":"fn()"},"sap.ca.scfld.md.controller.ScfldMasterController":{"!category":"class","!proto":"sap.ui.core.mvc.Controller","!description":"This class shall be used as the base class for the master view controllers in master Detail scenarios","getPage":{"!category":"function","!description":"Override this method if you have not used the standard way to include the page in the view.","!type":"fn()"},"getList":{"!category":"function","!description":"Returns the list control of the master list","!type":"fn()"},"setListItem":{"!category":"function","!description":"Maybe overridden.\nSets the list item and navigates to the corresponding hash.","!type":"fn()"},"isDetailRoute":{"!category":"function","!description":"May be overwritten to determine if the route is a detail route","!type":"fn(oEvent: Object)"},"getDetailRouteName":{"!category":"function","!description":"Needs to be overwritten if the name of the route leading to the detail view differs from the default which is \"detail\"","!type":"fn() -> String"},"isMasterRoute":{"!category":"function","!description":"May be overwritten to determine if the route is a master route","!type":"fn(oEvent: Object) -> Boolean"},"getMasterRouteName":{"!category":"function","!description":"Needs to be overwritten if the name of the route leading to the master view differs from the default which is \"master\"","!type":"fn(oEvent: Object) -> String"},"noItemFoundForContext":{"!category":"function","!description":"may be overwritten by the app - react on the case when an item was not found in the list after navigating\ndefault implementation shows the empty view","!type":"fn()"},"getBindingContextPathFor":{"!category":"function","!description":"May be overwritten by the app: should create a Binding path from the arguments of the detail route, that matches a list item","!type":"fn()"},"selectFirstItem":{"!category":"function","!description":"Selects and navigates to the first item of the List","!type":"fn()"},"getDetailNavigationParameters":{"!category":"function","!description":"may be overwritten by the app: Should create the parameters necessary for injecting the values into the Detail route of the app.","!type":"fn()"},"getHeaderFooterOptions":{"!category":"function","!description":"This method is meant to be overridden by the app. It shall return an object describing the Master page header and\nfooter content. Return <code>null</code> if you want to define Master page header and footer on your own (default\nbehavior). Otherwise return an object with attributes determining the Master page header and footer. \nThe following attributes are supported:\n<p><b>Master Page Header part:</b></p>\n<ul>\n<li><b>sI18NMasterTitle</b> {string} The i18n-key for the title of the master page in the i18n-properties file of the App. \nNote that the corresponding text should possess a placeholder for the number of displayed items (e.g. <i>Purchase\nOrders ({0})</i>)</li>\n<li><b>sI18NSearchFieldPlaceholder</b> {string} The i18n-key for the placeholder text to be displayed in the search field.\nNote that this attribute should only be used if you want to display a more specific text then default (\"Search\"). E.g. \"Search for Purchase Order ...\". Normally, this will\nonly be sensible, if backend search is enabled or the application defines a very specific frontend search.</li>\n<li><b>onBack</b> {function} provides your own back function, if you want to overwrite the default history.back behavior. \nIf you want to suppress the Back-button in the master page, you can set the onBack attribute with value null.</li>\n</ul>\n<p><b>Master Page Footer part:</b> -- there are several pre-defined buttons which you can use on the Footer bar if you provide the necessary attributes; \nthere are also custom-defined buttons possible. In general, every button can have the following settings:</p>\n<ul>\n    <li><b>sId</b> -- an <i>optional</i> property to set an Id for the specific button. \n    This Id is meant to be used in the call of the setBtnEnables method.</li>\n    <li><b>bDisabled</b> -- an <i>optional</i> property to set the button initially enabled/disabled</li>\n    <li><b>sI18nBtnTxt</b> -- If the button doesn't have the fix predefined text, you can provide the key of the i18n text which is used as the text of the button</li>\n    <li><b>onBtnPressed</b> -- callback function of the specific button</li>\n</ul>\n\nHere are the buttons/attributes allowed on the Master Page Footer bar:\n<ul>\n<li><b>aAdditionalSettingButtons </b> {array} list of buttons which can be added to the TechnicalSettings-menu (e.g. About, Login Details and Logout). \nEvery button should have the above listed meta information.</li>\n<li>If you want to get the predefined add button, you can choose one of the following attributes:\n   <ul>\n       <li><b>onAddPress</b> {function} you can provide this callback function if you just want to get notified if the add button is pressed</li>\n       <li><b>oAddOptions</b> {object} you can provide all the default meta-information for the add button, so that you can change the status of the button in runtime.</li>\n   </ul>\n</li>\n<li>If you want to get the predefined edit button, you can choose one of the following attributes:\n   <ul>\n       <li><b>onEditPress</b> {function} you can provide this callback function if you just want to get notified if the edit button is pressed</li>\n       <li><b>oEditBtn</b> {object} you can provide all the default meta-information for the edit button, so that you can change the status of the button in runtime.</li>\n   </ul>\n</li>\n<li><b>oFilterOptions</b> {object} if you want to get the predefined filter button, besides above listed default button attributes, you can choose one of the following options:\n    <ul>\n       <li><b>onFilterPressed</b> {function} provide the callback function if you only want to get notified if the filter button is pressed.</li>\n       <li>In case of your filter criterion/item can be represented by simple text with key, you can provide the following settings:\n             <ul>\n                 <li><b>aFilterItems</b> -- an array includes the possible filter items with the following attributes:</li>\n                     <ul><li><b>text</b> -- the text to be shown to the user;</li>\n                     <li><b>key</b> -- the unique filter key value.</li></ul>\n                 <li><b>sSelectedItemKey</b> -- the key value of the default/current selected filter item.</li>\n                 <li><b>onFilterSelected</b> -- the callback function for the application, if a filter item is selected; \n                 the filter key will be provided.</li>\n             </ul>\n        </li>\n    </ul>\n</li>\n<li><b>oGroupOptions</b> {object} if you want to get the predefined group button, besides above listed default button attributes, you can choose one of the following options:\n    <ul>\n        <li><b>onGroupPressed</b> {function} provide the callback function if you only want to get notified if the group button is pressed.</li>\n        <li>In case of your group criterion/item can be represented by simple text with key, \n        you can provide the following settings:\n             <ul>\n                 <li><b>aGroupItems</b> -- an array includes the possible group items with the following attributes:</li>\n                     <ul><li><b>text</b> -- the text to be shown to the user;</li>\n                     <li><b>key</b> -- the unique group key value.</li></ul>\n                 <li><b>sSelectedItemKey</b> -- the key value of the default/current selected group item.</li>\n                 <li><b>onGroupSelected</b> -- the callback function for the application, if a group item is selected; \n                 the filter key will be provided.</li>\n              </ul>\n         </li>\n    </ul>\n</li>\n<li><b>oSortOptions</b> {object} if you want to get the predefined sort button, besides above listed default button attributes, you can choose one of the following options:\n   <ul>\n        <li><b>onSortPressed</b> {function} provide the callback function if you only want to get notified if the sort button is pressed.</li>\n        <li>In case of your sort criterion/item can be represented by simple text with key, \n        you can provide the following settings:\n            <ul>\n                <li><b>aSortItems</b> -- an array includes the possible sort items with the following attributes:</li>\n                    <ul><li><b>text</b> -- the text to be shown to the user;</li>\n                        <li><b>key</b> -- the unique sort key value.</li></ul>\n                <li><b>sSelectedItemKey</b> -- the key value of the default/current selected sort item.</li>\n                <li><b>onSortSelected</b> -- the callback function for the application, if a sort item is selected; \n                the filter key will be provided.</li>\n            </ul>\n        </li>\n   </ul>\n</li>\n<li><b>oPositiveAction</b> {object} can be used as the positive button e.g. for Approve action in an approval scenario</li>\n<li><b>oNegativeAction</b> {object} can be used as the negative button e.g. for Reject action in an approval scenario</li>\n<li><b>buttonList</b> {array} list of buttons which can be defined additionally</li>\n</ul>","!type":"fn() -> Object"},"setBtnEnabled":{"!category":"function","!description":"enables/disables the header/footer button based on the given id","!type":"fn(sId: String, bEnabled: Boolean)"},"setBtnText":{"!category":"function","!description":"updates the header/footer button text based on the given id","!type":"fn(sId: String, sText: String)"},"refreshHeaderFooterForEditToggle":{"!category":"function","!description":"triggers a re-computation to adjust the master footer bar","!type":"fn()"},"onDataLoaded":{"!category":"function","!description":"Can be overwritten by the app: where selection is not the default data load behavior","!type":"fn()"},"showEmptyView":{"!category":"function","!description":"displays the empty detail view with header and info text","!type":"fn(sViewTitle: String, sLanguageKey: String, sInfoText: String)"},"getSplitContainer":{"!category":"function","!description":"returns the split container, that contains the master view","!type":"fn()"},"getNoDataViewName":{"!category":"function","!description":"Not yet documented","!type":"fn()"},"navToEmptyView":{"!category":"function","!description":"Not yet documented - private?","!type":"fn()"},"applySearchPattern":{"!category":"function","!description":"Can be overwritten to define a App specific frontend search. Note that in most cases it is more sensible\nto override {@link applySearchPatternToListItem}","!type":"fn(sFilterPattern: String) -> the"},"applyBackendSearchPattern":{"!category":"function","!description":"This method needs to be overridden in case backend search is active (see {@link isBackendSearch}). It\nshould modify the list binding such that it reflects the filter entered in the search field. Sample\ncoding: var oFilter = new sap.ui.model.Filter(\"MyField\", sap.ui.model.FilterOperator.EQ, sFilterPattern);\nvar aFilters = [oFilter]; oBinding.filter(aFilters);","!type":"fn(sFilterPattern: String, oBinding: Object)"},"applyFilterFromContext":{"!category":"function","!description":"","!type":"fn(sContext: String)"},"applySearchPatternToListItem":{"!category":"function","!description":"Override this method when defining a custom frontend search. This method will be called for each list\nitem and decides whether it fulfills the search criteria.","!type":"fn(oItem: Object, sFilterPattern: String) -> Boolean"},"evaluateClientSearchResult":{"!category":"function","!description":"This function is called when a client side search was done. If the search returns 0 hits \nan empty list is shown on the master page displaying the \"noDataText\" of the master List.\nIf the search returns one or more hits the function makes sure that the master list is visible and\nthe empty list is hidden","!type":"fn(iSearchHitCount: Number, oMasterList: Object, oEmptyList: Object, sNoDataText: String)"},"isLiveSearch":{"!category":"function","!description":"determines whether search is triggered with each change of the search field content (or only when the\nuser explicitly starts the search). Default implementation triggers search immediately, exactly when\nbackend search is disabled (see {@link isBackendSearch}. Override this method if you want 'live' search\non backend or explicit search on frontend.","!type":"fn()"},"isBackendSearch":{"!category":"function","!description":"determines whether search (triggered by search field) is performed on backend or frontend (frontend being\ndefault behavior).","!type":"fn()"},"registerMasterListBind":{"!category":"function","!description":"when ever you bind a master list dynamically you have to call this method","!type":"fn()"}},"sap.ca.scfld.md.controller.ScfldMasterController_obj":{"prototype":"sap.ca.scfld.md.controller.ScfldMasterController","!type":"fn()"}}}