{
  "welcomeFile": "index.html",
  "routes": [
    {
      "path": "/test-resources",
      "target": {
        "type": "application",
        "name": "sapui5sdk",
        "entryPath": "/test-resources",
        "preferLocal": true
      },
      "description": "SAPUI5 Dist layer test resources"
    },
    {
      "path": "/resources",
      "target": {
        "type": "destination",
        "name": "ui5dist",
        "preferLocal": true
      },
      "description": "SAPUI5 Dist layer resources"
    },
    {
      "path": "/sap/public/bc/ui5_ui5/resources",
      "target": {
        "type": "application",
        "account": "sapui5",
        "name": "sapui5",
        "preferLocal": true
      },
      "description": "SAPUI5 HTML5 Application with path in ABAP"
    },
    {
      "path": "/sap/ui5/1/resources",
      "target": {
        "type": "application",
        "account": "sapui5",
        "name": "sapui5",
        "preferLocal": true
      },
      "description": "SAPUI5 HTML5 Application with path in XS"
    },
    {
      "path": "/orion",
      "target": {
        "type": "destination",
        "name": "orion"
      },
      "description": "Orion Backend"
    },
    {
      "path": "/sap/bc/adt/filestore",
      "target": {
        "type": "destination",
        "name": "gm6_abap_edit_ui5"
      },
      "description": "ADT REST Resource API Back-end"
    },
    {
      "path": "/sap/bc/ui5_ui5",
      "target": {
        "type": "destination",
        "name": "gm6_abap_execute_ui5"
      },
      "description": "Target Gateway system with UI5 apps"
    },
    {
      "path": "/sap/opu/odata",
      "target": {
        "type": "destination",
        "name": "gm6_abap_odata"
      },
      "description": "GM6 ABAP OData"
    }
  ]
}