{"enums":{"sap.ui.demokit.UI5EntityCueCardStyle":{"Standard":{"Deprecated":false,"helpDescription":"default style (no special styling).","description":"default style (no special styling).","Experimental":false,"value":"Standard"},"Demokit":{"Deprecated":false,"helpDescription":"Demokit style","description":"Demokit style","Experimental":false,"value":"Demokit"}}},"metadatas":{"sap.ui.demokit.TagCloud":{"Deprecated":false,"helpDescription":"A simple TagCloud representing a set of weighted tags","events":{"press":{"Deprecated":false,"helpDescription":"Fired when a Tag is clicked.","description":"Fired when a Tag is clicked.","Experimental":false,"method":"sap.ui.demokit.TagCloud#event:press","fullName":"sap.ui.demokit.TagCloud#press","type":"fnListenerFunction or [fnListenerFunction, oListenerObject] or [oData, fnListenerFunction, oListenerObject]"}},"extend":"sap.ui.core.Control","description":"A simple TagCloud representing a set of weighted tags","Experimental":false,"associations":{},"filetype":"class","aggregations":{"tags":{"Deprecated":false,"helpDescription":"The tags displayed in this tag cloud","description":"The tags displayed in this tag cloud","Experimental":false,"method":"#getTags","fullName":"sap.ui.demokit.TagCloud#tags","type":"sap.ui.demokit.Tag","multiple":"true"},"dependents":{"Deprecated":false,"helpDescription":"Dependents are not rendered, but their databinding context and lifecycle are bound to the aggregating Element.","description":"Dependents are not rendered, but their databinding context and lifecycle are bound to the aggregating Element.","Experimental":false,"method":"#getDependents","fullName":"sap.ui.demokit.TagCloud#dependents","type":"sap.ui.core.Control","multiple":"true"},"customData":{"Deprecated":false,"helpDescription":"Custom Data, a data structure like a map containing arbitrary key value pairs.","description":"Custom Data, a data structure like a map containing arbitrary key value pairs.","Experimental":false,"method":"#getCustomData","fullName":"sap.ui.demokit.TagCloud#customData","type":"sap.ui.core.CustomData","multiple":"true"},"layoutData":{"Deprecated":false,"helpDescription":"Defines the layout constraints for this control when it is used inside a Layout.\nLayoutData classes are typed classes and must match the embedding Layout.\nSee VariantLayoutData for aggregating multiple alternative LayoutData instances to a single Element.","description":"Defines the layout constraints for this control when it is used inside a Layout.\nLayoutData classes are typed classes and must match the embedding Layout.\nSee VariantLayoutData for aggregating multiple alternative LayoutData instances to a single Element.","Experimental":false,"method":"#getLayoutData","fullName":"sap.ui.demokit.TagCloud#layoutData","type":"sap.ui.core.LayoutData","multiple":"false"},"tooltip":{"Deprecated":false,"helpDescription":"The tooltip that should be shown for this Element.\n\nCan either be an instance of a TooltipBase subclass or a simple string.","description":"The tooltip that should be shown for this Element.\n\nCan either be an instance of a TooltipBase subclass or a simple string.","Experimental":false,"method":"#getTooltip","fullName":"sap.ui.demokit.TagCloud#tooltip","type":"sap.ui.core.TooltipBase","multiple":"false"}},"properties":{"visible":{"Deprecated":false,"helpDescription":"Whether the control should be visible on the screen. If set to false, a placeholder is rendered instead of the real control","description":"Whether the control should be visible on the screen. If set to false, a placeholder is rendered instead of the real control","Experimental":false,"method":"#getVisible","fullName":"sap.ui.demokit.TagCloud#visible","defaultValue":"true","type":"boolean","group":"Appearance"},"busy":{"Deprecated":false,"helpDescription":"Whether the control is currently in busy state.","description":"Whether the control is currently in busy state.","Experimental":false,"method":"#getBusy","fullName":"sap.ui.demokit.TagCloud#busy","defaultValue":"false","type":"boolean","group":"Misc"},"minFontSize":{"Deprecated":false,"helpDescription":"Minimum font size that must be used for a tag in this cloud","description":"Minimum font size that must be used for a tag in this cloud","Experimental":false,"method":"#getMinFontSize","fullName":"sap.ui.demokit.TagCloud#minFontSize","defaultValue":"10","type":"int","group":"Misc"},"fieldGroupIds":{"Deprecated":false,"helpDescription":"The IDs of a logical field group that this control belongs to. All fields in a logical field group should share the same <code>fieldGroupId<\/code>.\nOnce a logical field group is left, the validateFieldGroup event is raised.","description":"The IDs of a logical field group that this control belongs to. All fields in a logical field group should share the same <code>fieldGroupId<\/code>.\nOnce a logical field group is left, the validateFieldGroup event is raised.","Experimental":false,"method":"#getFieldGroupIds","fullName":"sap.ui.demokit.TagCloud#fieldGroupIds","defaultValue":"[]","type":"string[]","group":"Misc"},"busyIndicatorDelay":{"Deprecated":false,"helpDescription":"The delay in milliseconds, after which the busy indicator will show up for this control.","description":"The delay in milliseconds, after which the busy indicator will show up for this control.","Experimental":false,"method":"#getBusyIndicatorDelay","fullName":"sap.ui.demokit.TagCloud#busyIndicatorDelay","defaultValue":"1000","type":"int","group":"Misc"},"maxFontSize":{"Deprecated":false,"helpDescription":"Maximum font size that may be chosen for a tag in this cloud","description":"Maximum font size that may be chosen for a tag in this cloud","Experimental":false,"method":"#getMaxFontSize","fullName":"sap.ui.demokit.TagCloud#maxFontSize","defaultValue":"30","type":"int","group":"Misc"}}},"sap.ui.demokit":{"controls":["sap.ui.demokit.CodeSampleContainer","sap.ui.demokit.CodeViewer","sap.ui.demokit.FileUploadIntrospector","sap.ui.demokit.HexagonButton","sap.ui.demokit.HexagonButtonGroup","sap.ui.demokit.IndexLayout","sap.ui.demokit.TagCloud","sap.ui.demokit.UI5EntityCueCard"],"name":"sap.ui.demokit","filetype":"library","types":["sap.ui.demokit.UI5EntityCueCardStyle"],"elements":["sap.ui.demokit.Tag","sap.ui.demokit.UIAreaSubstitute"],"version":"1.32.4"},"sap.ui.demokit.IndexLayout":{"Deprecated":false,"helpDescription":"<strong style=\"color: red;\">Experimental! <\/strong>","events":{},"extend":"sap.ui.core.Control","description":"Layout which renders content items with equal width and height. The items are arranged in rows.","Experimental":true,"associations":{},"filetype":"class","aggregations":{"content":{"Deprecated":false,"helpDescription":"The content items","description":"The content items","Experimental":false,"method":"#getContent","fullName":"sap.ui.demokit.IndexLayout#content","type":"sap.ui.core.Control","multiple":"true"},"dependents":{"Deprecated":false,"helpDescription":"Dependents are not rendered, but their databinding context and lifecycle are bound to the aggregating Element.","description":"Dependents are not rendered, but their databinding context and lifecycle are bound to the aggregating Element.","Experimental":false,"method":"#getDependents","fullName":"sap.ui.demokit.IndexLayout#dependents","type":"sap.ui.core.Control","multiple":"true"},"customData":{"Deprecated":false,"helpDescription":"Custom Data, a data structure like a map containing arbitrary key value pairs.","description":"Custom Data, a data structure like a map containing arbitrary key value pairs.","Experimental":false,"method":"#getCustomData","fullName":"sap.ui.demokit.IndexLayout#customData","type":"sap.ui.core.CustomData","multiple":"true"},"layoutData":{"Deprecated":false,"helpDescription":"Defines the layout constraints for this control when it is used inside a Layout.\nLayoutData classes are typed classes and must match the embedding Layout.\nSee VariantLayoutData for aggregating multiple alternative LayoutData instances to a single Element.","description":"Defines the layout constraints for this control when it is used inside a Layout.\nLayoutData classes are typed classes and must match the embedding Layout.\nSee VariantLayoutData for aggregating multiple alternative LayoutData instances to a single Element.","Experimental":false,"method":"#getLayoutData","fullName":"sap.ui.demokit.IndexLayout#layoutData","type":"sap.ui.core.LayoutData","multiple":"false"},"tooltip":{"Deprecated":false,"helpDescription":"The tooltip that should be shown for this Element.\n\nCan either be an instance of a TooltipBase subclass or a simple string.","description":"The tooltip that should be shown for this Element.\n\nCan either be an instance of a TooltipBase subclass or a simple string.","Experimental":false,"method":"#getTooltip","fullName":"sap.ui.demokit.IndexLayout#tooltip","type":"sap.ui.core.TooltipBase","multiple":"false"}},"properties":{"visible":{"Deprecated":false,"helpDescription":"Whether the control should be visible on the screen. If set to false, a placeholder is rendered instead of the real control","description":"Whether the control should be visible on the screen. If set to false, a placeholder is rendered instead of the real control","Experimental":false,"method":"#getVisible","fullName":"sap.ui.demokit.IndexLayout#visible","defaultValue":"true","type":"boolean","group":"Appearance"},"busy":{"Deprecated":false,"helpDescription":"Whether the control is currently in busy state.","description":"Whether the control is currently in busy state.","Experimental":false,"method":"#getBusy","fullName":"sap.ui.demokit.IndexLayout#busy","defaultValue":"false","type":"boolean","group":"Misc"},"itemWidth":{"Deprecated":false,"helpDescription":"The width of a content item. Only px values are allowed.","description":"The width of a content item. Only px values are allowed.","Experimental":false,"method":"#getItemWidth","fullName":"sap.ui.demokit.IndexLayout#itemWidth","defaultValue":"200px","type":"sap.ui.core.CSSSize","group":"Appearance"},"fieldGroupIds":{"Deprecated":false,"helpDescription":"The IDs of a logical field group that this control belongs to. All fields in a logical field group should share the same <code>fieldGroupId<\/code>.\nOnce a logical field group is left, the validateFieldGroup event is raised.","description":"The IDs of a logical field group that this control belongs to. All fields in a logical field group should share the same <code>fieldGroupId<\/code>.\nOnce a logical field group is left, the validateFieldGroup event is raised.","Experimental":false,"method":"#getFieldGroupIds","fullName":"sap.ui.demokit.IndexLayout#fieldGroupIds","defaultValue":"[]","type":"string[]","group":"Misc"},"busyIndicatorDelay":{"Deprecated":false,"helpDescription":"The delay in milliseconds, after which the busy indicator will show up for this control.","description":"The delay in milliseconds, after which the busy indicator will show up for this control.","Experimental":false,"method":"#getBusyIndicatorDelay","fullName":"sap.ui.demokit.IndexLayout#busyIndicatorDelay","defaultValue":"1000","type":"int","group":"Misc"},"enableScaling":{"Deprecated":false,"helpDescription":"Whether the given item width/height should be scaled according to the screen size.","description":"Whether the given item width/height should be scaled according to the screen size.","Experimental":false,"method":"#getEnableScaling","fullName":"sap.ui.demokit.IndexLayout#enableScaling","defaultValue":"true","type":"boolean","group":"Appearance"},"itemHeight":{"Deprecated":false,"helpDescription":"The height of a content item. Only px values are allowed.","description":"The height of a content item. Only px values are allowed.","Experimental":false,"method":"#getItemHeight","fullName":"sap.ui.demokit.IndexLayout#itemHeight","defaultValue":"200px","type":"sap.ui.core.CSSSize","group":"Appearance"}}},"sap.ui.demokit.HexagonButton":{"Deprecated":false,"helpDescription":"A custom button with a 'hexagon' shape","events":{"press":{"Deprecated":false,"helpDescription":"Fired when the user clicks the hex button","description":"Fired when the user clicks the hex button","Experimental":false,"method":"sap.ui.demokit.HexagonButton#event:press","fullName":"sap.ui.demokit.HexagonButton#press","type":"fnListenerFunction or [fnListenerFunction, oListenerObject] or [oData, fnListenerFunction, oListenerObject]"}},"extend":"sap.ui.core.Control","description":"A custom button with a 'hexagon' shape","Experimental":false,"associations":{},"filetype":"class","aggregations":{"dependents":{"Deprecated":false,"helpDescription":"Dependents are not rendered, but their databinding context and lifecycle are bound to the aggregating Element.","description":"Dependents are not rendered, but their databinding context and lifecycle are bound to the aggregating Element.","Experimental":false,"method":"#getDependents","fullName":"sap.ui.demokit.HexagonButton#dependents","type":"sap.ui.core.Control","multiple":"true"},"customData":{"Deprecated":false,"helpDescription":"Custom Data, a data structure like a map containing arbitrary key value pairs.","description":"Custom Data, a data structure like a map containing arbitrary key value pairs.","Experimental":false,"method":"#getCustomData","fullName":"sap.ui.demokit.HexagonButton#customData","type":"sap.ui.core.CustomData","multiple":"true"},"layoutData":{"Deprecated":false,"helpDescription":"Defines the layout constraints for this control when it is used inside a Layout.\nLayoutData classes are typed classes and must match the embedding Layout.\nSee VariantLayoutData for aggregating multiple alternative LayoutData instances to a single Element.","description":"Defines the layout constraints for this control when it is used inside a Layout.\nLayoutData classes are typed classes and must match the embedding Layout.\nSee VariantLayoutData for aggregating multiple alternative LayoutData instances to a single Element.","Experimental":false,"method":"#getLayoutData","fullName":"sap.ui.demokit.HexagonButton#layoutData","type":"sap.ui.core.LayoutData","multiple":"false"},"tooltip":{"Deprecated":false,"helpDescription":"The tooltip that should be shown for this Element.\n\nCan either be an instance of a TooltipBase subclass or a simple string.","description":"The tooltip that should be shown for this Element.\n\nCan either be an instance of a TooltipBase subclass or a simple string.","Experimental":false,"method":"#getTooltip","fullName":"sap.ui.demokit.HexagonButton#tooltip","type":"sap.ui.core.TooltipBase","multiple":"false"}},"properties":{"position":{"Deprecated":false,"helpDescription":"The position. If set, the button is rendered with an absolute position.","description":"The position. If set, the button is rendered with an absolute position.","Experimental":false,"method":"#getPosition","fullName":"sap.ui.demokit.HexagonButton#position","type":"string","group":"Misc"},"enabled":{"Deprecated":false,"helpDescription":"Whether the button is enabled or not.","description":"Whether the button is enabled or not.","Experimental":false,"method":"#getEnabled","fullName":"sap.ui.demokit.HexagonButton#enabled","defaultValue":"true","type":"boolean","group":"Misc"},"icon":{"Deprecated":false,"helpDescription":"Icon to display","description":"Icon to display","Experimental":false,"method":"#getIcon","fullName":"sap.ui.demokit.HexagonButton#icon","type":"string","group":"Misc"},"visible":{"Deprecated":false,"helpDescription":"Whether the control should be visible on the screen. If set to false, a placeholder is rendered instead of the real control","description":"Whether the control should be visible on the screen. If set to false, a placeholder is rendered instead of the real control","Experimental":false,"method":"#getVisible","fullName":"sap.ui.demokit.HexagonButton#visible","defaultValue":"true","type":"boolean","group":"Appearance"},"color":{"Deprecated":false,"helpDescription":"The color of the hexagon","description":"The color of the hexagon","Experimental":false,"method":"#getColor","fullName":"sap.ui.demokit.HexagonButton#color","defaultValue":"blue","type":"string","group":"Misc"},"busy":{"Deprecated":false,"helpDescription":"Whether the control is currently in busy state.","description":"Whether the control is currently in busy state.","Experimental":false,"method":"#getBusy","fullName":"sap.ui.demokit.HexagonButton#busy","defaultValue":"false","type":"boolean","group":"Misc"},"fieldGroupIds":{"Deprecated":false,"helpDescription":"The IDs of a logical field group that this control belongs to. All fields in a logical field group should share the same <code>fieldGroupId<\/code>.\nOnce a logical field group is left, the validateFieldGroup event is raised.","description":"The IDs of a logical field group that this control belongs to. All fields in a logical field group should share the same <code>fieldGroupId<\/code>.\nOnce a logical field group is left, the validateFieldGroup event is raised.","Experimental":false,"method":"#getFieldGroupIds","fullName":"sap.ui.demokit.HexagonButton#fieldGroupIds","defaultValue":"[]","type":"string[]","group":"Misc"},"busyIndicatorDelay":{"Deprecated":false,"helpDescription":"The delay in milliseconds, after which the busy indicator will show up for this control.","description":"The delay in milliseconds, after which the busy indicator will show up for this control.","Experimental":false,"method":"#getBusyIndicatorDelay","fullName":"sap.ui.demokit.HexagonButton#busyIndicatorDelay","defaultValue":"1000","type":"int","group":"Misc"},"imagePosition":{"Deprecated":false,"helpDescription":"The position of the contained image. If not set the image is rendered with a fixed relative position.","description":"The position of the contained image. If not set the image is rendered with a fixed relative position.","Experimental":false,"method":"#getImagePosition","fullName":"sap.ui.demokit.HexagonButton#imagePosition","type":"string","group":"Misc"}}},"sap.ui.demokit.Tag":{"Deprecated":false,"helpDescription":"A Tag in a TagCloud","events":{},"extend":"sap.ui.core.Element","description":"A Tag in a TagCloud","Experimental":false,"associations":{},"filetype":"class","aggregations":{"dependents":{"Deprecated":false,"helpDescription":"Dependents are not rendered, but their databinding context and lifecycle are bound to the aggregating Element.","description":"Dependents are not rendered, but their databinding context and lifecycle are bound to the aggregating Element.","Experimental":false,"method":"#getDependents","fullName":"sap.ui.demokit.Tag#dependents","type":"sap.ui.core.Control","multiple":"true"},"customData":{"Deprecated":false,"helpDescription":"Custom Data, a data structure like a map containing arbitrary key value pairs.","description":"Custom Data, a data structure like a map containing arbitrary key value pairs.","Experimental":false,"method":"#getCustomData","fullName":"sap.ui.demokit.Tag#customData","type":"sap.ui.core.CustomData","multiple":"true"},"layoutData":{"Deprecated":false,"helpDescription":"Defines the layout constraints for this control when it is used inside a Layout.\nLayoutData classes are typed classes and must match the embedding Layout.\nSee VariantLayoutData for aggregating multiple alternative LayoutData instances to a single Element.","description":"Defines the layout constraints for this control when it is used inside a Layout.\nLayoutData classes are typed classes and must match the embedding Layout.\nSee VariantLayoutData for aggregating multiple alternative LayoutData instances to a single Element.","Experimental":false,"method":"#getLayoutData","fullName":"sap.ui.demokit.Tag#layoutData","type":"sap.ui.core.LayoutData","multiple":"false"},"tooltip":{"Deprecated":false,"helpDescription":"The tooltip that should be shown for this Element.\n\nCan either be an instance of a TooltipBase subclass or a simple string.","description":"The tooltip that should be shown for this Element.\n\nCan either be an instance of a TooltipBase subclass or a simple string.","Experimental":false,"method":"#getTooltip","fullName":"sap.ui.demokit.Tag#tooltip","type":"sap.ui.core.TooltipBase","multiple":"false"}},"properties":{"text":{"Deprecated":false,"helpDescription":"The text to be disaplyed for this tag.","description":"The text to be disaplyed for this tag.","Experimental":false,"method":"#getText","fullName":"sap.ui.demokit.Tag#text","type":"string","group":"Misc"},"weight":{"Deprecated":false,"helpDescription":"The weight for this tag. Can be any integer value.","description":"The weight for this tag. Can be any integer value.","Experimental":false,"method":"#getWeight","fullName":"sap.ui.demokit.Tag#weight","defaultValue":"1","type":"int","group":"Misc"}}},"sap":{"name":"sap","filetype":"library","types":["sap.ui"],"version":"1.32.4"},"sap.ui":{"name":"sap.ui","filetype":"library","types":["sap.ui.demokit"],"version":"1.32.4"},"sap.ui.demokit.HexagonButtonGroup":{"Deprecated":false,"helpDescription":"A group of HexagonButtons, aligned in a packed grid","events":{},"extend":"sap.ui.core.Control","description":"A group of HexagonButtons, aligned in a packed grid","Experimental":false,"associations":{},"filetype":"class","aggregations":{"dependents":{"Deprecated":false,"helpDescription":"Dependents are not rendered, but their databinding context and lifecycle are bound to the aggregating Element.","description":"Dependents are not rendered, but their databinding context and lifecycle are bound to the aggregating Element.","Experimental":false,"method":"#getDependents","fullName":"sap.ui.demokit.HexagonButtonGroup#dependents","type":"sap.ui.core.Control","multiple":"true"},"customData":{"Deprecated":false,"helpDescription":"Custom Data, a data structure like a map containing arbitrary key value pairs.","description":"Custom Data, a data structure like a map containing arbitrary key value pairs.","Experimental":false,"method":"#getCustomData","fullName":"sap.ui.demokit.HexagonButtonGroup#customData","type":"sap.ui.core.CustomData","multiple":"true"},"buttons":{"Deprecated":false,"helpDescription":"The buttons to layout in a grid","description":"The buttons to layout in a grid","Experimental":false,"method":"#getButtons","fullName":"sap.ui.demokit.HexagonButtonGroup#buttons","type":"sap.ui.demokit.HexagonButton","multiple":"true"},"layoutData":{"Deprecated":false,"helpDescription":"Defines the layout constraints for this control when it is used inside a Layout.\nLayoutData classes are typed classes and must match the embedding Layout.\nSee VariantLayoutData for aggregating multiple alternative LayoutData instances to a single Element.","description":"Defines the layout constraints for this control when it is used inside a Layout.\nLayoutData classes are typed classes and must match the embedding Layout.\nSee VariantLayoutData for aggregating multiple alternative LayoutData instances to a single Element.","Experimental":false,"method":"#getLayoutData","fullName":"sap.ui.demokit.HexagonButtonGroup#layoutData","type":"sap.ui.core.LayoutData","multiple":"false"},"tooltip":{"Deprecated":false,"helpDescription":"The tooltip that should be shown for this Element.\n\nCan either be an instance of a TooltipBase subclass or a simple string.","description":"The tooltip that should be shown for this Element.\n\nCan either be an instance of a TooltipBase subclass or a simple string.","Experimental":false,"method":"#getTooltip","fullName":"sap.ui.demokit.HexagonButtonGroup#tooltip","type":"sap.ui.core.TooltipBase","multiple":"false"}},"properties":{"colspan":{"Deprecated":false,"helpDescription":"How many buttons might be placed in the same row of the grid","description":"How many buttons might be placed in the same row of the grid","Experimental":false,"method":"#getColspan","fullName":"sap.ui.demokit.HexagonButtonGroup#colspan","defaultValue":"3","type":"int","group":"Misc"},"visible":{"Deprecated":false,"helpDescription":"Whether the control should be visible on the screen. If set to false, a placeholder is rendered instead of the real control","description":"Whether the control should be visible on the screen. If set to false, a placeholder is rendered instead of the real control","Experimental":false,"method":"#getVisible","fullName":"sap.ui.demokit.HexagonButtonGroup#visible","defaultValue":"true","type":"boolean","group":"Appearance"},"busy":{"Deprecated":false,"helpDescription":"Whether the control is currently in busy state.","description":"Whether the control is currently in busy state.","Experimental":false,"method":"#getBusy","fullName":"sap.ui.demokit.HexagonButtonGroup#busy","defaultValue":"false","type":"boolean","group":"Misc"},"fieldGroupIds":{"Deprecated":false,"helpDescription":"The IDs of a logical field group that this control belongs to. All fields in a logical field group should share the same <code>fieldGroupId<\/code>.\nOnce a logical field group is left, the validateFieldGroup event is raised.","description":"The IDs of a logical field group that this control belongs to. All fields in a logical field group should share the same <code>fieldGroupId<\/code>.\nOnce a logical field group is left, the validateFieldGroup event is raised.","Experimental":false,"method":"#getFieldGroupIds","fullName":"sap.ui.demokit.HexagonButtonGroup#fieldGroupIds","defaultValue":"[]","type":"string[]","group":"Misc"},"busyIndicatorDelay":{"Deprecated":false,"helpDescription":"The delay in milliseconds, after which the busy indicator will show up for this control.","description":"The delay in milliseconds, after which the busy indicator will show up for this control.","Experimental":false,"method":"#getBusyIndicatorDelay","fullName":"sap.ui.demokit.HexagonButtonGroup#busyIndicatorDelay","defaultValue":"1000","type":"int","group":"Misc"}}},"sap.ui.demokit.FileUploadIntrospector":{"Deprecated":false,"helpDescription":"Control that allows to monitor uploaded files in a demo scenario. This is not a general purpose monitor but only works with the demo fileupload service.","events":{},"extend":"sap.ui.core.Control","description":"Control that allows to monitor uploaded files in a demo scenario. This is not a general purpose monitor but only works with the demo fileupload service.","Experimental":false,"associations":{},"filetype":"class","aggregations":{"dependents":{"Deprecated":false,"helpDescription":"Dependents are not rendered, but their databinding context and lifecycle are bound to the aggregating Element.","description":"Dependents are not rendered, but their databinding context and lifecycle are bound to the aggregating Element.","Experimental":false,"method":"#getDependents","fullName":"sap.ui.demokit.FileUploadIntrospector#dependents","type":"sap.ui.core.Control","multiple":"true"},"customData":{"Deprecated":false,"helpDescription":"Custom Data, a data structure like a map containing arbitrary key value pairs.","description":"Custom Data, a data structure like a map containing arbitrary key value pairs.","Experimental":false,"method":"#getCustomData","fullName":"sap.ui.demokit.FileUploadIntrospector#customData","type":"sap.ui.core.CustomData","multiple":"true"},"layoutData":{"Deprecated":false,"helpDescription":"Defines the layout constraints for this control when it is used inside a Layout.\nLayoutData classes are typed classes and must match the embedding Layout.\nSee VariantLayoutData for aggregating multiple alternative LayoutData instances to a single Element.","description":"Defines the layout constraints for this control when it is used inside a Layout.\nLayoutData classes are typed classes and must match the embedding Layout.\nSee VariantLayoutData for aggregating multiple alternative LayoutData instances to a single Element.","Experimental":false,"method":"#getLayoutData","fullName":"sap.ui.demokit.FileUploadIntrospector#layoutData","type":"sap.ui.core.LayoutData","multiple":"false"},"tooltip":{"Deprecated":false,"helpDescription":"The tooltip that should be shown for this Element.\n\nCan either be an instance of a TooltipBase subclass or a simple string.","description":"The tooltip that should be shown for this Element.\n\nCan either be an instance of a TooltipBase subclass or a simple string.","Experimental":false,"method":"#getTooltip","fullName":"sap.ui.demokit.FileUploadIntrospector#tooltip","type":"sap.ui.core.TooltipBase","multiple":"false"}},"properties":{"uploadUrl":{"Deprecated":false,"helpDescription":"The URL to check the upload content with....","description":"The URL to check the upload content with....","Experimental":false,"method":"#getUploadUrl","fullName":"sap.ui.demokit.FileUploadIntrospector#uploadUrl","type":"string","group":"Misc"},"height":{"Deprecated":false,"helpDescription":"(CSS) Height of the control","description":"(CSS) Height of the control","Experimental":false,"method":"#getHeight","fullName":"sap.ui.demokit.FileUploadIntrospector#height","type":"sap.ui.core.CSSSize","group":"Misc"},"visible":{"Deprecated":false,"helpDescription":"Whether the control should be visible on the screen. If set to false, a placeholder is rendered instead of the real control","description":"Whether the control should be visible on the screen. If set to false, a placeholder is rendered instead of the real control","Experimental":false,"method":"#getVisible","fullName":"sap.ui.demokit.FileUploadIntrospector#visible","defaultValue":"true","type":"boolean","group":"Appearance"},"width":{"Deprecated":false,"helpDescription":"Width of the file list","description":"Width of the file list","Experimental":false,"method":"#getWidth","fullName":"sap.ui.demokit.FileUploadIntrospector#width","type":"sap.ui.core.CSSSize","group":"Misc"},"autoRefreshInterval":{"Deprecated":false,"helpDescription":"Interval in milliseconds after which the content is checked again. values lower or equal to 0 mean 'no automatic refresh'.","description":"Interval in milliseconds after which the content is checked again. values lower or equal to 0 mean 'no automatic refresh'.","Experimental":false,"method":"#getAutoRefreshInterval","fullName":"sap.ui.demokit.FileUploadIntrospector#autoRefreshInterval","defaultValue":"0","type":"string","group":"Misc"},"busy":{"Deprecated":false,"helpDescription":"Whether the control is currently in busy state.","description":"Whether the control is currently in busy state.","Experimental":false,"method":"#getBusy","fullName":"sap.ui.demokit.FileUploadIntrospector#busy","defaultValue":"false","type":"boolean","group":"Misc"},"fieldGroupIds":{"Deprecated":false,"helpDescription":"The IDs of a logical field group that this control belongs to. All fields in a logical field group should share the same <code>fieldGroupId<\/code>.\nOnce a logical field group is left, the validateFieldGroup event is raised.","description":"The IDs of a logical field group that this control belongs to. All fields in a logical field group should share the same <code>fieldGroupId<\/code>.\nOnce a logical field group is left, the validateFieldGroup event is raised.","Experimental":false,"method":"#getFieldGroupIds","fullName":"sap.ui.demokit.FileUploadIntrospector#fieldGroupIds","defaultValue":"[]","type":"string[]","group":"Misc"},"busyIndicatorDelay":{"Deprecated":false,"helpDescription":"The delay in milliseconds, after which the busy indicator will show up for this control.","description":"The delay in milliseconds, after which the busy indicator will show up for this control.","Experimental":false,"method":"#getBusyIndicatorDelay","fullName":"sap.ui.demokit.FileUploadIntrospector#busyIndicatorDelay","defaultValue":"1000","type":"int","group":"Misc"}}},"sap.ui.demokit.UI5EntityCueCard":{"Deprecated":false,"helpDescription":"Displays documentation for a UI5 entity (control or type).\n\nThe documentation will be read from a UI5 metamodel file that by default is loaded from the same resource location\nwhere the control or type would be loaded from (using the UI5 resource loading). This control displays all properties,\naggregations, associations, events and methods that are described in the metamodel. For each part, it lists the name,\ntype (where applicable) and documentation. If the navigable property is set to true, all types are shown as links\nand when pressed, the navigate event is fired. This allows consumers to react on a user click on such a type\n(and to e.g. navigate to the underlying type of a property or aggregation)","events":{"navigate":{"Deprecated":false,"helpDescription":"Fired when a link for a type is activated (clicked) by the user.\n\nWhen property \"navigable\" is set to true, type links are created for the types of properties, aggregations and associations, for the types of event or method parameters and for the return types of methods (if not void).\n\nThe default behavior for this event is to set the entityName property to the clicked entityName. Applications can prevent the default by calling the corresponding method on the event object.","description":"Fired when a link for a type is activated (clicked) by the user.\n\nWhen property \"navigable\" is set to true, type links are created for the types of properties, aggregations and associations, for the types of event or method parameters and for the return types of methods (if not void).\n\nThe default behavior for this event is to set the entityName property to the clicked entityName. Applications can prevent the default by calling the corresponding method on the event object.","Experimental":false,"method":"sap.ui.demokit.UI5EntityCueCard#event:navigate","fullName":"sap.ui.demokit.UI5EntityCueCard#navigate","type":"fnListenerFunction or [fnListenerFunction, oListenerObject] or [oData, fnListenerFunction, oListenerObject]"}},"extend":"sap.ui.core.Control","description":"Displays documentation for a UI5 entity (control or type).\n\nThe documentation will be read from a UI5 metamodel file that by default is loaded from the same resource location\nwhere the control or type would be loaded from (using the UI5 resource loading). This control displays all properties,\naggregations, associations, events and methods that are described in the metamodel. For each part, it lists the name,\ntype (where applicable) and documentation. If the navigable property is set to true, all types are shown as links\nand when pressed, the navigate event is fired. This allows consumers to react on a user click on such a type\n(and to e.g. navigate to the underlying type of a property or aggregation)","Experimental":false,"associations":{},"filetype":"class","aggregations":{"dependents":{"Deprecated":false,"helpDescription":"Dependents are not rendered, but their databinding context and lifecycle are bound to the aggregating Element.","description":"Dependents are not rendered, but their databinding context and lifecycle are bound to the aggregating Element.","Experimental":false,"method":"#getDependents","fullName":"sap.ui.demokit.UI5EntityCueCard#dependents","type":"sap.ui.core.Control","multiple":"true"},"customData":{"Deprecated":false,"helpDescription":"Custom Data, a data structure like a map containing arbitrary key value pairs.","description":"Custom Data, a data structure like a map containing arbitrary key value pairs.","Experimental":false,"method":"#getCustomData","fullName":"sap.ui.demokit.UI5EntityCueCard#customData","type":"sap.ui.core.CustomData","multiple":"true"},"layoutData":{"Deprecated":false,"helpDescription":"Defines the layout constraints for this control when it is used inside a Layout.\nLayoutData classes are typed classes and must match the embedding Layout.\nSee VariantLayoutData for aggregating multiple alternative LayoutData instances to a single Element.","description":"Defines the layout constraints for this control when it is used inside a Layout.\nLayoutData classes are typed classes and must match the embedding Layout.\nSee VariantLayoutData for aggregating multiple alternative LayoutData instances to a single Element.","Experimental":false,"method":"#getLayoutData","fullName":"sap.ui.demokit.UI5EntityCueCard#layoutData","type":"sap.ui.core.LayoutData","multiple":"false"},"tooltip":{"Deprecated":false,"helpDescription":"The tooltip that should be shown for this Element.\n\nCan either be an instance of a TooltipBase subclass or a simple string.","description":"The tooltip that should be shown for this Element.\n\nCan either be an instance of a TooltipBase subclass or a simple string.","Experimental":false,"method":"#getTooltip","fullName":"sap.ui.demokit.UI5EntityCueCard#tooltip","type":"sap.ui.core.TooltipBase","multiple":"false"}},"properties":{"style":{"Deprecated":false,"helpDescription":"Style of the cue card.","description":"Style of the cue card.","Experimental":false,"method":"#getStyle","fullName":"sap.ui.demokit.UI5EntityCueCard#style","type":"sap.ui.demokit.UI5EntityCueCardStyle","group":"Misc"},"visible":{"Deprecated":false,"helpDescription":"Whether the control should be visible on the screen. If set to false, a placeholder is rendered instead of the real control","description":"Whether the control should be visible on the screen. If set to false, a placeholder is rendered instead of the real control","Experimental":false,"method":"#getVisible","fullName":"sap.ui.demokit.UI5EntityCueCard#visible","defaultValue":"true","type":"boolean","group":"Appearance"},"collapsible":{"Deprecated":false,"helpDescription":"Whether the cue card can be collapsed at all. When set to true, the value of property expanded determines the current collapsed/expanded state. When false, the control is always expanded.","description":"Whether the cue card can be collapsed at all. When set to true, the value of property expanded determines the current collapsed/expanded state. When false, the control is always expanded.","Experimental":false,"method":"#getCollapsible","fullName":"sap.ui.demokit.UI5EntityCueCard#collapsible","defaultValue":"true","type":"boolean","group":"Misc"},"busy":{"Deprecated":false,"helpDescription":"Whether the control is currently in busy state.","description":"Whether the control is currently in busy state.","Experimental":false,"method":"#getBusy","fullName":"sap.ui.demokit.UI5EntityCueCard#busy","defaultValue":"false","type":"boolean","group":"Misc"},"fieldGroupIds":{"Deprecated":false,"helpDescription":"The IDs of a logical field group that this control belongs to. All fields in a logical field group should share the same <code>fieldGroupId<\/code>.\nOnce a logical field group is left, the validateFieldGroup event is raised.","description":"The IDs of a logical field group that this control belongs to. All fields in a logical field group should share the same <code>fieldGroupId<\/code>.\nOnce a logical field group is left, the validateFieldGroup event is raised.","Experimental":false,"method":"#getFieldGroupIds","fullName":"sap.ui.demokit.UI5EntityCueCard#fieldGroupIds","defaultValue":"[]","type":"string[]","group":"Misc"},"busyIndicatorDelay":{"Deprecated":false,"helpDescription":"The delay in milliseconds, after which the busy indicator will show up for this control.","description":"The delay in milliseconds, after which the busy indicator will show up for this control.","Experimental":false,"method":"#getBusyIndicatorDelay","fullName":"sap.ui.demokit.UI5EntityCueCard#busyIndicatorDelay","defaultValue":"1000","type":"int","group":"Misc"},"expanded":{"Deprecated":false,"helpDescription":"Whether the cue card is currently expanded.","description":"Whether the cue card is currently expanded.","Experimental":false,"method":"#getExpanded","fullName":"sap.ui.demokit.UI5EntityCueCard#expanded","defaultValue":"false","type":"boolean","group":"Misc"},"navigable":{"Deprecated":false,"helpDescription":"Whether type information is navigable. Also see event 'navigate'.","description":"Whether type information is navigable. Also see event 'navigate'.","Experimental":false,"method":"#getNavigable","fullName":"sap.ui.demokit.UI5EntityCueCard#navigable","defaultValue":"false","type":"boolean","group":"Misc"},"entityName":{"Deprecated":false,"helpDescription":"Qualified name of the control or type to show the documentation for. The name can be specified in the metamodel notation ('sap.ui.core/Control' or in the UI5 resource notation (sap.ui.core.Control).","description":"Qualified name of the control or type to show the documentation for. The name can be specified in the metamodel notation ('sap.ui.core/Control' or in the UI5 resource notation (sap.ui.core.Control).","Experimental":false,"method":"#getEntityName","fullName":"sap.ui.demokit.UI5EntityCueCard#entityName","type":"string","group":"Misc"}}},"sap.ui.demokit.CodeSampleContainer":{"Deprecated":false,"helpDescription":"A container for both the source and the runtime results of a CodeSample. By default, only the runtime results are shown. There are additional controls that allow the user to display the source, modify and run it.\n\nThe container provides a sub container that can be used in calls to sap.ui.setRoot() as if it would be a normal UIArea. So the sample code doesn't have to know that it runs in a CodeSample container.","events":{"apply":{"Deprecated":false,"helpDescription":"Fired when the user decides to apply his/her changes to the sample code","description":"Fired when the user decides to apply his/her changes to the sample code","Experimental":false,"method":"sap.ui.demokit.CodeSampleContainer#event:apply","fullName":"sap.ui.demokit.CodeSampleContainer#apply","type":"fnListenerFunction or [fnListenerFunction, oListenerObject] or [oData, fnListenerFunction, oListenerObject]"}},"extend":"sap.ui.core.Control","description":"A container for both the source and the runtime results of a CodeSample. By default, only the runtime results are shown. There are additional controls that allow the user to display the source, modify and run it.\n\nThe container provides a sub container that can be used in calls to sap.ui.setRoot() as if it would be a normal UIArea. So the sample code doesn't have to know that it runs in a CodeSample container.","Experimental":false,"associations":{},"filetype":"class","aggregations":{"dependents":{"Deprecated":false,"helpDescription":"Dependents are not rendered, but their databinding context and lifecycle are bound to the aggregating Element.","description":"Dependents are not rendered, but their databinding context and lifecycle are bound to the aggregating Element.","Experimental":false,"method":"#getDependents","fullName":"sap.ui.demokit.CodeSampleContainer#dependents","type":"sap.ui.core.Control","multiple":"true"},"_uiarea":{"Deprecated":false,"helpDescription":"The UIAreaSubstitute used by this code sample container","description":"The UIAreaSubstitute used by this code sample container","Experimental":false,"method":"#get_uiarea","fullName":"sap.ui.demokit.CodeSampleContainer#_uiarea","type":"sap.ui.demokit.UIAreaSubstitute","multiple":"false"},"customData":{"Deprecated":false,"helpDescription":"Custom Data, a data structure like a map containing arbitrary key value pairs.","description":"Custom Data, a data structure like a map containing arbitrary key value pairs.","Experimental":false,"method":"#getCustomData","fullName":"sap.ui.demokit.CodeSampleContainer#customData","type":"sap.ui.core.CustomData","multiple":"true"},"layoutData":{"Deprecated":false,"helpDescription":"Defines the layout constraints for this control when it is used inside a Layout.\nLayoutData classes are typed classes and must match the embedding Layout.\nSee VariantLayoutData for aggregating multiple alternative LayoutData instances to a single Element.","description":"Defines the layout constraints for this control when it is used inside a Layout.\nLayoutData classes are typed classes and must match the embedding Layout.\nSee VariantLayoutData for aggregating multiple alternative LayoutData instances to a single Element.","Experimental":false,"method":"#getLayoutData","fullName":"sap.ui.demokit.CodeSampleContainer#layoutData","type":"sap.ui.core.LayoutData","multiple":"false"},"tooltip":{"Deprecated":false,"helpDescription":"The tooltip that should be shown for this Element.\n\nCan either be an instance of a TooltipBase subclass or a simple string.","description":"The tooltip that should be shown for this Element.\n\nCan either be an instance of a TooltipBase subclass or a simple string.","Experimental":false,"method":"#getTooltip","fullName":"sap.ui.demokit.CodeSampleContainer#tooltip","type":"sap.ui.core.TooltipBase","multiple":"false"}},"properties":{"title":{"Deprecated":false,"helpDescription":"A title to be displayed above the code.","description":"A title to be displayed above the code.","Experimental":false,"method":"#getTitle","fullName":"sap.ui.demokit.CodeSampleContainer#title","type":"string","group":"Misc"},"visible":{"Deprecated":false,"helpDescription":"Whether the control should be visible on the screen. If set to false, a placeholder is rendered instead of the real control","description":"Whether the control should be visible on the screen. If set to false, a placeholder is rendered instead of the real control","Experimental":false,"method":"#getVisible","fullName":"sap.ui.demokit.CodeSampleContainer#visible","defaultValue":"true","type":"boolean","group":"Appearance"},"width":{"Deprecated":false,"helpDescription":"Width of the CodeSample container.","description":"Width of the CodeSample container.","Experimental":false,"method":"#getWidth","fullName":"sap.ui.demokit.CodeSampleContainer#width","defaultValue":"90%","type":"sap.ui.core.CSSSize","group":"Misc"},"sourceVisible":{"Deprecated":false,"helpDescription":"Whether the source code is visible or not.","description":"Whether the source code is visible or not.","Experimental":false,"method":"#getSourceVisible","fullName":"sap.ui.demokit.CodeSampleContainer#sourceVisible","defaultValue":"false","type":"boolean","group":"Misc"},"uiAreaId":{"Deprecated":false,"helpDescription":"Id of the container for the running code. This Id can be used in calls to sap.ui.setRoot as if it would be a normal UIArea. Internally, a container UIElement is created with that Id.","description":"Id of the container for the running code. This Id can be used in calls to sap.ui.setRoot as if it would be a normal UIArea. Internally, a container UIElement is created with that Id.","Experimental":false,"method":"#getUiAreaId","fullName":"sap.ui.demokit.CodeSampleContainer#uiAreaId","type":"string","group":"Misc"},"scriptElementId":{"Deprecated":false,"helpDescription":"Id of the script element that contains the initial sample code for this code sample.","description":"Id of the script element that contains the initial sample code for this code sample.","Experimental":false,"method":"#getScriptElementId","fullName":"sap.ui.demokit.CodeSampleContainer#scriptElementId","type":"string","group":"Misc"},"busy":{"Deprecated":false,"helpDescription":"Whether the control is currently in busy state.","description":"Whether the control is currently in busy state.","Experimental":false,"method":"#getBusy","fullName":"sap.ui.demokit.CodeSampleContainer#busy","defaultValue":"false","type":"boolean","group":"Misc"},"fieldGroupIds":{"Deprecated":false,"helpDescription":"The IDs of a logical field group that this control belongs to. All fields in a logical field group should share the same <code>fieldGroupId<\/code>.\nOnce a logical field group is left, the validateFieldGroup event is raised.","description":"The IDs of a logical field group that this control belongs to. All fields in a logical field group should share the same <code>fieldGroupId<\/code>.\nOnce a logical field group is left, the validateFieldGroup event is raised.","Experimental":false,"method":"#getFieldGroupIds","fullName":"sap.ui.demokit.CodeSampleContainer#fieldGroupIds","defaultValue":"[]","type":"string[]","group":"Misc"},"busyIndicatorDelay":{"Deprecated":false,"helpDescription":"The delay in milliseconds, after which the busy indicator will show up for this control.","description":"The delay in milliseconds, after which the busy indicator will show up for this control.","Experimental":false,"method":"#getBusyIndicatorDelay","fullName":"sap.ui.demokit.CodeSampleContainer#busyIndicatorDelay","defaultValue":"1000","type":"int","group":"Misc"}}},"sap.ui.demokit.CodeViewer":{"Deprecated":false,"helpDescription":"Shows a piece of (Javascript) code and allows to edit it","events":{"press":{"Deprecated":false,"helpDescription":"Called when the editor is active and should be saved","description":"Called when the editor is active and should be saved","Experimental":false,"method":"sap.ui.demokit.CodeViewer#event:save","fullName":"sap.ui.demokit.CodeViewer#save","type":"fnListenerFunction or [fnListenerFunction, oListenerObject] or [oData, fnListenerFunction, oListenerObject]"},"save":{"Deprecated":false,"helpDescription":"Called when the editor is active and should be saved","description":"Called when the editor is active and should be saved","Experimental":false,"method":"sap.ui.demokit.CodeViewer#event:save","fullName":"sap.ui.demokit.CodeViewer#save","type":"fnListenerFunction or [fnListenerFunction, oListenerObject] or [oData, fnListenerFunction, oListenerObject]"}},"extend":"sap.ui.core.Control","description":"Shows a piece of (Javascript) code and allows to edit it","Experimental":false,"associations":{},"filetype":"class","aggregations":{"dependents":{"Deprecated":false,"helpDescription":"Dependents are not rendered, but their databinding context and lifecycle are bound to the aggregating Element.","description":"Dependents are not rendered, but their databinding context and lifecycle are bound to the aggregating Element.","Experimental":false,"method":"#getDependents","fullName":"sap.ui.demokit.CodeViewer#dependents","type":"sap.ui.core.Control","multiple":"true"},"customData":{"Deprecated":false,"helpDescription":"Custom Data, a data structure like a map containing arbitrary key value pairs.","description":"Custom Data, a data structure like a map containing arbitrary key value pairs.","Experimental":false,"method":"#getCustomData","fullName":"sap.ui.demokit.CodeViewer#customData","type":"sap.ui.core.CustomData","multiple":"true"},"layoutData":{"Deprecated":false,"helpDescription":"Defines the layout constraints for this control when it is used inside a Layout.\nLayoutData classes are typed classes and must match the embedding Layout.\nSee VariantLayoutData for aggregating multiple alternative LayoutData instances to a single Element.","description":"Defines the layout constraints for this control when it is used inside a Layout.\nLayoutData classes are typed classes and must match the embedding Layout.\nSee VariantLayoutData for aggregating multiple alternative LayoutData instances to a single Element.","Experimental":false,"method":"#getLayoutData","fullName":"sap.ui.demokit.CodeViewer#layoutData","type":"sap.ui.core.LayoutData","multiple":"false"},"tooltip":{"Deprecated":false,"helpDescription":"The tooltip that should be shown for this Element.\n\nCan either be an instance of a TooltipBase subclass or a simple string.","description":"The tooltip that should be shown for this Element.\n\nCan either be an instance of a TooltipBase subclass or a simple string.","Experimental":false,"method":"#getTooltip","fullName":"sap.ui.demokit.CodeViewer#tooltip","type":"sap.ui.core.TooltipBase","multiple":"false"}},"properties":{"height":{"Deprecated":false,"helpDescription":"The CSS height property","description":"The CSS height property","Experimental":false,"method":"#getHeight","fullName":"sap.ui.demokit.CodeViewer#height","type":"sap.ui.core.CSSSize","group":"Misc"},"source":{"Deprecated":false,"helpDescription":"The source code to display.","description":"The source code to display.","Experimental":false,"method":"#getSource","fullName":"sap.ui.demokit.CodeViewer#source","type":"string","group":"Misc"},"visible":{"Deprecated":false,"helpDescription":"Whether the code viewer should be visible","description":"Whether the code viewer should be visible","Experimental":false,"method":"#getVisible","fullName":"sap.ui.demokit.CodeViewer#visible","defaultValue":"true","type":"boolean","group":"Misc"},"width":{"Deprecated":false,"helpDescription":"The CSS width property","description":"The CSS width property","Experimental":false,"method":"#getWidth","fullName":"sap.ui.demokit.CodeViewer#width","type":"sap.ui.core.CSSSize","group":"Misc"},"busy":{"Deprecated":false,"helpDescription":"Whether the control is currently in busy state.","description":"Whether the control is currently in busy state.","Experimental":false,"method":"#getBusy","fullName":"sap.ui.demokit.CodeViewer#busy","defaultValue":"false","type":"boolean","group":"Misc"},"fieldGroupIds":{"Deprecated":false,"helpDescription":"The IDs of a logical field group that this control belongs to. All fields in a logical field group should share the same <code>fieldGroupId<\/code>.\nOnce a logical field group is left, the validateFieldGroup event is raised.","description":"The IDs of a logical field group that this control belongs to. All fields in a logical field group should share the same <code>fieldGroupId<\/code>.\nOnce a logical field group is left, the validateFieldGroup event is raised.","Experimental":false,"method":"#getFieldGroupIds","fullName":"sap.ui.demokit.CodeViewer#fieldGroupIds","defaultValue":"[]","type":"string[]","group":"Misc"},"busyIndicatorDelay":{"Deprecated":false,"helpDescription":"The delay in milliseconds, after which the busy indicator will show up for this control.","description":"The delay in milliseconds, after which the busy indicator will show up for this control.","Experimental":false,"method":"#getBusyIndicatorDelay","fullName":"sap.ui.demokit.CodeViewer#busyIndicatorDelay","defaultValue":"1000","type":"int","group":"Misc"},"editable":{"Deprecated":false,"helpDescription":"Whether the code can be edited or not","description":"Whether the code can be edited or not","Experimental":false,"method":"#getEditable","fullName":"sap.ui.demokit.CodeViewer#editable","defaultValue":"false","type":"boolean","group":"Misc"}}},"sap.ui.demokit.UIAreaSubstitute":{"Deprecated":false,"helpDescription":"A substitute for an UIArea that can be embedded in the control tree.","events":{},"extend":"sap.ui.core.Element","description":"A substitute for an UIArea that can be embedded in the control tree.","Experimental":false,"associations":{},"filetype":"class","aggregations":{"content":{"Deprecated":false,"helpDescription":"Content Area used for the running sample code","description":"Content Area used for the running sample code","Experimental":false,"method":"#getContent","fullName":"sap.ui.demokit.UIAreaSubstitute#content","type":"sap.ui.core.Control","multiple":"true"},"dependents":{"Deprecated":false,"helpDescription":"Dependents are not rendered, but their databinding context and lifecycle are bound to the aggregating Element.","description":"Dependents are not rendered, but their databinding context and lifecycle are bound to the aggregating Element.","Experimental":false,"method":"#getDependents","fullName":"sap.ui.demokit.UIAreaSubstitute#dependents","type":"sap.ui.core.Control","multiple":"true"},"customData":{"Deprecated":false,"helpDescription":"Custom Data, a data structure like a map containing arbitrary key value pairs.","description":"Custom Data, a data structure like a map containing arbitrary key value pairs.","Experimental":false,"method":"#getCustomData","fullName":"sap.ui.demokit.UIAreaSubstitute#customData","type":"sap.ui.core.CustomData","multiple":"true"},"layoutData":{"Deprecated":false,"helpDescription":"Defines the layout constraints for this control when it is used inside a Layout.\nLayoutData classes are typed classes and must match the embedding Layout.\nSee VariantLayoutData for aggregating multiple alternative LayoutData instances to a single Element.","description":"Defines the layout constraints for this control when it is used inside a Layout.\nLayoutData classes are typed classes and must match the embedding Layout.\nSee VariantLayoutData for aggregating multiple alternative LayoutData instances to a single Element.","Experimental":false,"method":"#getLayoutData","fullName":"sap.ui.demokit.UIAreaSubstitute#layoutData","type":"sap.ui.core.LayoutData","multiple":"false"},"tooltip":{"Deprecated":false,"helpDescription":"The tooltip that should be shown for this Element.\n\nCan either be an instance of a TooltipBase subclass or a simple string.","description":"The tooltip that should be shown for this Element.\n\nCan either be an instance of a TooltipBase subclass or a simple string.","Experimental":false,"method":"#getTooltip","fullName":"sap.ui.demokit.UIAreaSubstitute#tooltip","type":"sap.ui.core.TooltipBase","multiple":"false"}},"properties":{}}}}