{"enums":{"sap.ui.richtexteditor.EditorType":{"TinyMCE4":{"Deprecated":false,"helpDescription":"Uses TinyMCE version 4 as editor","description":"Uses TinyMCE version 4 as editor","Experimental":false,"value":"TinyMCE4"},"TinyMCE":{"Deprecated":false,"helpDescription":"Uses TinyMCE version 3 as editor (default)","description":"Uses TinyMCE version 3 as editor (default)","Experimental":false,"value":"TinyMCE"}}},"metadatas":{"sap.ui.richtexteditor":{"controls":["sap.ui.richtexteditor.RichTextEditor"],"name":"sap.ui.richtexteditor","filetype":"library","types":["sap.ui.richtexteditor.EditorType"],"version":"1.32.4"},"sap":{"name":"sap","filetype":"library","types":["sap.ui"],"version":"1.32.4"},"sap.ui":{"name":"sap.ui","filetype":"library","types":["sap.ui.richtexteditor"],"version":"1.32.4"},"sap.ui.richtexteditor.RichTextEditor":{"Deprecated":false,"helpDescription":"The RichTextEditor-Control is used to enter formatted text.","events":{"beforeEditorInit":{"Deprecated":false,"helpDescription":"Fired when the used editor is loaded and ready (its HTML is also created).","description":"Fired when the used editor is loaded and ready (its HTML is also created).","Experimental":false,"method":"sap.ui.richtexteditor.RichTextEditor#event:ready","fullName":"sap.ui.richtexteditor.RichTextEditor#ready","type":"fnListenerFunction or [fnListenerFunction, oListenerObject] or [oData, fnListenerFunction, oListenerObject]"},"change":{"Deprecated":false,"helpDescription":"Fired when the used editor is loaded and ready (its HTML is also created).","description":"Fired when the used editor is loaded and ready (its HTML is also created).","Experimental":false,"method":"sap.ui.richtexteditor.RichTextEditor#event:ready","fullName":"sap.ui.richtexteditor.RichTextEditor#ready","type":"fnListenerFunction or [fnListenerFunction, oListenerObject] or [oData, fnListenerFunction, oListenerObject]"},"ready":{"Deprecated":false,"helpDescription":"Fired when the used editor is loaded and ready (its HTML is also created).","description":"Fired when the used editor is loaded and ready (its HTML is also created).","Experimental":false,"method":"sap.ui.richtexteditor.RichTextEditor#event:ready","fullName":"sap.ui.richtexteditor.RichTextEditor#ready","type":"fnListenerFunction or [fnListenerFunction, oListenerObject] or [oData, fnListenerFunction, oListenerObject]"}},"extend":"sap.ui.core.Control","description":"The RichTextEditor-Control is used to enter formatted text.","Experimental":false,"associations":{},"filetype":"class","aggregations":{"dependents":{"Deprecated":false,"helpDescription":"Dependents are not rendered, but their databinding context and lifecycle are bound to the aggregating Element.","description":"Dependents are not rendered, but their databinding context and lifecycle are bound to the aggregating Element.","Experimental":false,"method":"#getDependents","fullName":"sap.ui.richtexteditor.RichTextEditor#dependents","type":"sap.ui.core.Control","multiple":"true"},"customData":{"Deprecated":false,"helpDescription":"Custom Data, a data structure like a map containing arbitrary key value pairs.","description":"Custom Data, a data structure like a map containing arbitrary key value pairs.","Experimental":false,"method":"#getCustomData","fullName":"sap.ui.richtexteditor.RichTextEditor#customData","type":"sap.ui.core.CustomData","multiple":"true"},"layoutData":{"Deprecated":false,"helpDescription":"Defines the layout constraints for this control when it is used inside a Layout.\nLayoutData classes are typed classes and must match the embedding Layout.\nSee VariantLayoutData for aggregating multiple alternative LayoutData instances to a single Element.","description":"Defines the layout constraints for this control when it is used inside a Layout.\nLayoutData classes are typed classes and must match the embedding Layout.\nSee VariantLayoutData for aggregating multiple alternative LayoutData instances to a single Element.","Experimental":false,"method":"#getLayoutData","fullName":"sap.ui.richtexteditor.RichTextEditor#layoutData","type":"sap.ui.core.LayoutData","multiple":"false"},"tooltip":{"Deprecated":false,"helpDescription":"The tooltip that should be shown for this Element.\n\nCan either be an instance of a TooltipBase subclass or a simple string.","description":"The tooltip that should be shown for this Element.\n\nCan either be an instance of a TooltipBase subclass or a simple string.","Experimental":false,"method":"#getTooltip","fullName":"sap.ui.richtexteditor.RichTextEditor#tooltip","type":"sap.ui.core.TooltipBase","multiple":"false"}},"properties":{"editorLocation":{"Deprecated":true,"helpDescription":"<strong style=\"color: red;\">Deprecated! <\/strong>Since 1.25.0 The editorLocation is set implicitly when choosing the editorType.<br>Relative or absolute URL where the editor is available. Must be on the same server.\nAny attempts to set this property after the first rendering will not have any effect.","description":"<strong style=\"color: red;\">Deprecated! <\/strong>Since 1.25.0 The editorLocation is set implicitly when choosing the editorType.<br>Relative or absolute URL where the editor is available. Must be on the same server.\nAny attempts to set this property after the first rendering will not have any effect.","Experimental":false,"method":"#getEditorLocation","fullName":"sap.ui.richtexteditor.RichTextEditor#editorLocation","defaultValue":"js/tiny_mce/tiny_mce_src.js","type":"string","group":"Misc"},"sanitizeValue":{"Deprecated":false,"helpDescription":"Whether to run the HTML sanitizer once the value (HTML markup) is applied or not. To configure allowed URLs please use the whitelist API via jQuery.sap.addUrlWhitelist","description":"Whether to run the HTML sanitizer once the value (HTML markup) is applied or not. To configure allowed URLs please use the whitelist API via jQuery.sap.addUrlWhitelist","Experimental":false,"method":"#getSanitizeValue","fullName":"sap.ui.richtexteditor.RichTextEditor#sanitizeValue","defaultValue":"true","type":"boolean","group":"Misc"},"visible":{"Deprecated":false,"helpDescription":"Whether the control should be visible on the screen. If set to false, a placeholder is rendered instead of the real control","description":"Whether the control should be visible on the screen. If set to false, a placeholder is rendered instead of the real control","Experimental":false,"method":"#getVisible","fullName":"sap.ui.richtexteditor.RichTextEditor#visible","defaultValue":"true","type":"boolean","group":"Appearance"},"plugins":{"Deprecated":false,"helpDescription":"An array of plugin configuration objects with the obligatory property \"name\".\nEach object has to contain a property \"name\" which then contains the plugin name/ID.","description":"An array of plugin configuration objects with the obligatory property \"name\".\nEach object has to contain a property \"name\" which then contains the plugin name/ID.","Experimental":false,"method":"#getPlugins","fullName":"sap.ui.richtexteditor.RichTextEditor#plugins","defaultValue":"[]","type":"object[]","group":"Behavior"},"showGroupInsert":{"Deprecated":false,"helpDescription":"Whether the toolbar button group containing commands like Insert Image and Insert Smiley is available. Changing this after the initial rendering will result in some visible redrawing.","description":"Whether the toolbar button group containing commands like Insert Image and Insert Smiley is available. Changing this after the initial rendering will result in some visible redrawing.","Experimental":false,"method":"#getShowGroupInsert","fullName":"sap.ui.richtexteditor.RichTextEditor#showGroupInsert","defaultValue":"false","type":"boolean","group":"Misc"},"busy":{"Deprecated":false,"helpDescription":"Whether the control is currently in busy state.","description":"Whether the control is currently in busy state.","Experimental":false,"method":"#getBusy","fullName":"sap.ui.richtexteditor.RichTextEditor#busy","defaultValue":"false","type":"boolean","group":"Misc"},"editorType":{"Deprecated":false,"helpDescription":"The editor implementation to use.\nValid values are the ones found under sap.ui.richtexteditor.EditorType and any other editor identifier that may be introduced by other groups (hence this is not an enumeration).\nAny attempts to set this property after the first rendering will not have any effect.","description":"The editor implementation to use.\nValid values are the ones found under sap.ui.richtexteditor.EditorType and any other editor identifier that may be introduced by other groups (hence this is not an enumeration).\nAny attempts to set this property after the first rendering will not have any effect.","Experimental":false,"method":"#getEditorType","fullName":"sap.ui.richtexteditor.RichTextEditor#editorType","defaultValue":"TinyMCE","type":"string","group":"Misc"},"showGroupUndo":{"Deprecated":false,"helpDescription":"Whether the toolbar button group containing commands like Undo and Redo is available. Changing this after the initial rendering will result in some visible redrawing.","description":"Whether the toolbar button group containing commands like Undo and Redo is available. Changing this after the initial rendering will result in some visible redrawing.","Experimental":false,"method":"#getShowGroupUndo","fullName":"sap.ui.richtexteditor.RichTextEditor#showGroupUndo","defaultValue":"false","type":"boolean","group":"Misc"},"height":{"Deprecated":false,"helpDescription":"Height of RichTextEditor control in CSS units.","description":"Height of RichTextEditor control in CSS units.","Experimental":false,"method":"#getHeight","fullName":"sap.ui.richtexteditor.RichTextEditor#height","type":"sap.ui.core.CSSSize","group":"Dimension"},"useLegacyTheme":{"Deprecated":false,"helpDescription":"Whether or not to use the legacy theme for the toolbar buttons. If this is set to false, the default theme for the editor will be used (which might change slightly with every update). The legacy theme has the disadvantage that not all functionality has its own icon, so using non default buttons might lead to invisible buttons with the legacy theme - use the default editor theme in this case.","description":"Whether or not to use the legacy theme for the toolbar buttons. If this is set to false, the default theme for the editor will be used (which might change slightly with every update). The legacy theme has the disadvantage that not all functionality has its own icon, so using non default buttons might lead to invisible buttons with the legacy theme - use the default editor theme in this case.","Experimental":false,"method":"#getUseLegacyTheme","fullName":"sap.ui.richtexteditor.RichTextEditor#useLegacyTheme","defaultValue":"true","type":"boolean","group":"Appearance"},"value":{"Deprecated":false,"helpDescription":"An HTML string representing the editor content. Because this is HTML, the value cannot be generically escaped to prevent cross-site scripting, so the application is responsible for doing so.","description":"An HTML string representing the editor content. Because this is HTML, the value cannot be generically escaped to prevent cross-site scripting, so the application is responsible for doing so.","Experimental":false,"method":"#getValue","fullName":"sap.ui.richtexteditor.RichTextEditor#value","type":"string","group":"Data"},"busyIndicatorDelay":{"Deprecated":false,"helpDescription":"The delay in milliseconds, after which the busy indicator will show up for this control.","description":"The delay in milliseconds, after which the busy indicator will show up for this control.","Experimental":false,"method":"#getBusyIndicatorDelay","fullName":"sap.ui.richtexteditor.RichTextEditor#busyIndicatorDelay","defaultValue":"1000","type":"int","group":"Misc"},"showGroupFont":{"Deprecated":false,"helpDescription":"Whether the toolbar button group containing commands like Font, Font Size and Colors is available. Changing this after the initial rendering will result in some visible redrawing.","description":"Whether the toolbar button group containing commands like Font, Font Size and Colors is available. Changing this after the initial rendering will result in some visible redrawing.","Experimental":false,"method":"#getShowGroupFont","fullName":"sap.ui.richtexteditor.RichTextEditor#showGroupFont","defaultValue":"false","type":"boolean","group":"Misc"},"required":{"Deprecated":false,"helpDescription":"Whether a value is required.","description":"Whether a value is required.","Experimental":false,"method":"#getRequired","fullName":"sap.ui.richtexteditor.RichTextEditor#required","defaultValue":"false","type":"boolean","group":"Misc"},"width":{"Deprecated":false,"helpDescription":"Width of RichTextEditor control in CSS units.","description":"Width of RichTextEditor control in CSS units.","Experimental":false,"method":"#getWidth","fullName":"sap.ui.richtexteditor.RichTextEditor#width","type":"sap.ui.core.CSSSize","group":"Dimension"},"showGroupStructure":{"Deprecated":false,"helpDescription":"Whether the toolbar button group containing commands like Bullets and Indentation is available. Changing this after the initial rendering will result in some visible redrawing.","description":"Whether the toolbar button group containing commands like Bullets and Indentation is available. Changing this after the initial rendering will result in some visible redrawing.","Experimental":false,"method":"#getShowGroupStructure","fullName":"sap.ui.richtexteditor.RichTextEditor#showGroupStructure","defaultValue":"true","type":"boolean","group":"Misc"},"showGroupLink":{"Deprecated":false,"helpDescription":"Whether the toolbar button group containing commands like Create Link and Remove Link is available. Changing this after the initial rendering will result in some visible redrawing.","description":"Whether the toolbar button group containing commands like Create Link and Remove Link is available. Changing this after the initial rendering will result in some visible redrawing.","Experimental":false,"method":"#getShowGroupLink","fullName":"sap.ui.richtexteditor.RichTextEditor#showGroupLink","defaultValue":"false","type":"boolean","group":"Misc"},"editable":{"Deprecated":false,"helpDescription":"Whether the editor content can be modified by the user. When set to \"false\" there might not be any editor toolbar.","description":"Whether the editor content can be modified by the user. When set to \"false\" there might not be any editor toolbar.","Experimental":false,"method":"#getEditable","fullName":"sap.ui.richtexteditor.RichTextEditor#editable","defaultValue":"true","type":"boolean","group":"Misc"},"textDirection":{"Deprecated":false,"helpDescription":"The text direction","description":"The text direction","Experimental":false,"method":"#getTextDirection","fullName":"sap.ui.richtexteditor.RichTextEditor#textDirection","defaultValue":"Inherit","type":"sap.ui.core.TextDirection","group":"Appearance"},"showGroupFontStyle":{"Deprecated":false,"helpDescription":"Whether the toolbar button group containing commands like Bold, Italic, Underline and Strikethrough is available. Changing this after the initial rendering will result in some visible redrawing.","description":"Whether the toolbar button group containing commands like Bold, Italic, Underline and Strikethrough is available. Changing this after the initial rendering will result in some visible redrawing.","Experimental":false,"method":"#getShowGroupFontStyle","fullName":"sap.ui.richtexteditor.RichTextEditor#showGroupFontStyle","defaultValue":"true","type":"boolean","group":"Misc"},"showGroupClipboard":{"Deprecated":false,"helpDescription":"Whether the toolbar button group containing commands like Cut, Copy and Paste is available. Changing this after the initial rendering will result in some visible redrawing.","description":"Whether the toolbar button group containing commands like Cut, Copy and Paste is available. Changing this after the initial rendering will result in some visible redrawing.","Experimental":false,"method":"#getShowGroupClipboard","fullName":"sap.ui.richtexteditor.RichTextEditor#showGroupClipboard","defaultValue":"true","type":"boolean","group":"Misc"},"buttonGroups":{"Deprecated":false,"helpDescription":"An array of button configurations. These configurations contain the names of buttons as array in the property \"buttons\" and the name of the group in \"name\", they can also contain the \"row\" where the buttons should be placed, a \"priority\" and whether the buttons are \"visible\". See method addButtonGroup() for more details on the structure of the objects in this array.","description":"An array of button configurations. These configurations contain the names of buttons as array in the property \"buttons\" and the name of the group in \"name\", they can also contain the \"row\" where the buttons should be placed, a \"priority\" and whether the buttons are \"visible\". See method addButtonGroup() for more details on the structure of the objects in this array.","Experimental":false,"method":"#getButtonGroups","fullName":"sap.ui.richtexteditor.RichTextEditor#buttonGroups","defaultValue":"[]","type":"object[]","group":"Behavior"},"showGroupTextAlign":{"Deprecated":false,"helpDescription":"Whether the toolbar button group containing text alignment commands is available. Changing this after the initial rendering will result in some visible redrawing.","description":"Whether the toolbar button group containing text alignment commands is available. Changing this after the initial rendering will result in some visible redrawing.","Experimental":false,"method":"#getShowGroupTextAlign","fullName":"sap.ui.richtexteditor.RichTextEditor#showGroupTextAlign","defaultValue":"true","type":"boolean","group":"Misc"},"fieldGroupIds":{"Deprecated":false,"helpDescription":"The IDs of a logical field group that this control belongs to. All fields in a logical field group should share the same <code>fieldGroupId<\/code>.\nOnce a logical field group is left, the validateFieldGroup event is raised.","description":"The IDs of a logical field group that this control belongs to. All fields in a logical field group should share the same <code>fieldGroupId<\/code>.\nOnce a logical field group is left, the validateFieldGroup event is raised.","Experimental":false,"method":"#getFieldGroupIds","fullName":"sap.ui.richtexteditor.RichTextEditor#fieldGroupIds","defaultValue":"[]","type":"string[]","group":"Misc"},"wrapping":{"Deprecated":false,"helpDescription":"Whether the text in the editor is wrapped. This does not affect the editor's value, only the representation in the control.","description":"Whether the text in the editor is wrapped. This does not affect the editor's value, only the representation in the control.","Experimental":false,"method":"#getWrapping","fullName":"sap.ui.richtexteditor.RichTextEditor#wrapping","defaultValue":"true","type":"boolean","group":"Appearance"}}}}}