{"enums":{"sap.me.CalendarDesign":{"Action":{"Deprecated":false,"helpDescription":"Colors match calendar design for Action","description":"Colors match calendar design for Action","Experimental":false,"value":"Action"},"Approval":{"Deprecated":false,"helpDescription":"Colors match calendar design for Approval","description":"Colors match calendar design for Approval","Experimental":false,"value":"Approval"}},"sap.me.CalendarEventType":{"Type07":{"Deprecated":false,"helpDescription":"Type 07 (deletion requested / your action needed)","description":"Type 07 (deletion requested / your action needed)","Experimental":false,"value":"Type07"},"Type06":{"Deprecated":false,"helpDescription":"Type 06 (public holiday)","description":"Type 06 (public holiday)","Experimental":false,"value":"Type06"},"Type04":{"Deprecated":false,"helpDescription":"Type 04 (open request / manager action needed)","description":"Type 04 (open request / manager action needed)","Experimental":false,"value":"Type04"},"Type00":{"Deprecated":false,"helpDescription":"Type 00 (non-working day (e.g. weekend))","description":"Type 00 (non-working day (e.g. weekend))","Experimental":false,"value":"Type00"},"Type10":{"Deprecated":false,"helpDescription":"Type 10 (workday)","description":"Type 10 (workday)","Experimental":false,"value":"Type10"},"Type01":{"Deprecated":false,"helpDescription":"Type 01 (nonattendance / submitted day)","description":"Type 01 (nonattendance / submitted day)","Experimental":false,"value":"Type01"}},"sap.me.CalendarSelectionMode":{"RANGE":{"Deprecated":false,"helpDescription":"Can select a range of dates","description":"Can select a range of dates","Experimental":false,"value":"RANGE"},"SINGLE":{"Deprecated":false,"helpDescription":"Can only select one date","description":"Can only select one date","Experimental":false,"value":"SINGLE"},"MULTIPLE":{"Deprecated":false,"helpDescription":"Can select multiple dates and ranges","description":"Can select multiple dates and ranges","Experimental":false,"value":"MULTIPLE"}}},"metadatas":{"sap.me.ProgressIndicator":{"Deprecated":true,"helpDescription":"<strong style=\"color: red;\">Deprecated! <\/strong>Since 1.14 This control is replaced by sap.m.ProgressIndicator<br>Shows the progress of a process in a graphical way. The indicator can be displayed with or without numerical values.\nThe filling can be displayed in color only, or additionally with the percentage rate. The indicator status can be interactive.","events":{},"extend":"sap.ui.core.Control","description":"Shows the progress of a process in a graphical way. The indicator can be displayed with or without numerical values.\nThe filling can be displayed in color only, or additionally with the percentage rate. The indicator status can be interactive.","Experimental":false,"associations":{},"filetype":"class","aggregations":{"dependents":{"Deprecated":false,"helpDescription":"Dependents are not rendered, but their databinding context and lifecycle are bound to the aggregating Element.","description":"Dependents are not rendered, but their databinding context and lifecycle are bound to the aggregating Element.","Experimental":false,"method":"#getDependents","fullName":"sap.me.ProgressIndicator#dependents","type":"sap.ui.core.Control","multiple":"true"},"customData":{"Deprecated":false,"helpDescription":"Custom Data, a data structure like a map containing arbitrary key value pairs.","description":"Custom Data, a data structure like a map containing arbitrary key value pairs.","Experimental":false,"method":"#getCustomData","fullName":"sap.me.ProgressIndicator#customData","type":"sap.ui.core.CustomData","multiple":"true"},"layoutData":{"Deprecated":false,"helpDescription":"Defines the layout constraints for this control when it is used inside a Layout.\nLayoutData classes are typed classes and must match the embedding Layout.\nSee VariantLayoutData for aggregating multiple alternative LayoutData instances to a single Element.","description":"Defines the layout constraints for this control when it is used inside a Layout.\nLayoutData classes are typed classes and must match the embedding Layout.\nSee VariantLayoutData for aggregating multiple alternative LayoutData instances to a single Element.","Experimental":false,"method":"#getLayoutData","fullName":"sap.me.ProgressIndicator#layoutData","type":"sap.ui.core.LayoutData","multiple":"false"},"tooltip":{"Deprecated":false,"helpDescription":"The tooltip that should be shown for this Element.\n\nCan either be an instance of a TooltipBase subclass or a simple string.","description":"The tooltip that should be shown for this Element.\n\nCan either be an instance of a TooltipBase subclass or a simple string.","Experimental":false,"method":"#getTooltip","fullName":"sap.me.ProgressIndicator#tooltip","type":"sap.ui.core.TooltipBase","multiple":"false"}},"properties":{"enabled":{"Deprecated":false,"helpDescription":"Switches enabled state of the control. Disabled fields have different colors, and cannot be focused.","description":"Switches enabled state of the control. Disabled fields have different colors, and cannot be focused.","Experimental":false,"method":"#getEnabled","fullName":"sap.me.ProgressIndicator#enabled","defaultValue":"true","type":"boolean","group":"Behavior"},"showValue":{"Deprecated":false,"helpDescription":"Specifies whether the current value shall be rendered inside the bar.","description":"Specifies whether the current value shall be rendered inside the bar.","Experimental":false,"method":"#getShowValue","fullName":"sap.me.ProgressIndicator#showValue","defaultValue":"true","type":"boolean","group":"Appearance"},"visible":{"Deprecated":false,"helpDescription":"Invisible controls are not rendered","description":"Invisible controls are not rendered","Experimental":false,"method":"#getVisible","fullName":"sap.me.ProgressIndicator#visible","defaultValue":"true","type":"boolean","group":"Behavior"},"percentValue":{"Deprecated":false,"helpDescription":"The numerical value for the displayed length of the progress bar.","description":"The numerical value for the displayed length of the progress bar.","Experimental":false,"method":"#getPercentValue","fullName":"sap.me.ProgressIndicator#percentValue","defaultValue":"0","type":"int","group":"Data"},"width":{"Deprecated":false,"helpDescription":"The width of the control.","description":"The width of the control.","Experimental":false,"method":"#getWidth","fullName":"sap.me.ProgressIndicator#width","defaultValue":"100%","type":"sap.ui.core.CSSSize","group":"Dimension"},"barColor":{"Deprecated":false,"helpDescription":"The color of the bar. Enumeration sap.ui.core.BarColor provides CRITICAL (yellow), NEGATIVE (red), POSITIVE (green), NEUTRAL (blue) (default value).","description":"The color of the bar. Enumeration sap.ui.core.BarColor provides CRITICAL (yellow), NEGATIVE (red), POSITIVE (green), NEUTRAL (blue) (default value).","Experimental":false,"method":"#getBarColor","fullName":"sap.me.ProgressIndicator#barColor","defaultValue":"NEUTRAL","type":"sap.ui.core.BarColor","group":"Appearance"},"busy":{"Deprecated":false,"helpDescription":"Whether the control is currently in busy state.","description":"Whether the control is currently in busy state.","Experimental":false,"method":"#getBusy","fullName":"sap.me.ProgressIndicator#busy","defaultValue":"false","type":"boolean","group":"Misc"},"fieldGroupIds":{"Deprecated":false,"helpDescription":"The IDs of a logical field group that this control belongs to. All fields in a logical field group should share the same <code>fieldGroupId<\/code>.\nOnce a logical field group is left, the validateFieldGroup event is raised.","description":"The IDs of a logical field group that this control belongs to. All fields in a logical field group should share the same <code>fieldGroupId<\/code>.\nOnce a logical field group is left, the validateFieldGroup event is raised.","Experimental":false,"method":"#getFieldGroupIds","fullName":"sap.me.ProgressIndicator#fieldGroupIds","defaultValue":"[]","type":"string[]","group":"Misc"},"busyIndicatorDelay":{"Deprecated":false,"helpDescription":"The delay in milliseconds, after which the busy indicator will show up for this control.","description":"The delay in milliseconds, after which the busy indicator will show up for this control.","Experimental":false,"method":"#getBusyIndicatorDelay","fullName":"sap.me.ProgressIndicator#busyIndicatorDelay","defaultValue":"1000","type":"int","group":"Misc"},"displayValue":{"Deprecated":false,"helpDescription":"The text value to be displayed in the bar.","description":"The text value to be displayed in the bar.","Experimental":false,"method":"#getDisplayValue","fullName":"sap.me.ProgressIndicator#displayValue","defaultValue":"0%","type":"string","group":"Appearance"}}},"sap":{"name":"sap","filetype":"library","types":["sap.me"],"version":"1.32.4"},"sap.me.CalendarLegend":{"Deprecated":false,"helpDescription":"<strong style=\"color: red;\">Experimental! <\/strong>","events":{},"extend":"sap.ui.core.Control","description":"Legend for the calendar control","Experimental":true,"associations":{},"filetype":"class","aggregations":{"icon":{"Deprecated":false,"helpDescription":"Expand / collapse icon","description":"Expand / collapse icon","Experimental":false,"method":"#getIcon","fullName":"sap.me.CalendarLegend#icon","type":"sap.ui.core.Icon","multiple":"false"},"dependents":{"Deprecated":false,"helpDescription":"Dependents are not rendered, but their databinding context and lifecycle are bound to the aggregating Element.","description":"Dependents are not rendered, but their databinding context and lifecycle are bound to the aggregating Element.","Experimental":false,"method":"#getDependents","fullName":"sap.me.CalendarLegend#dependents","type":"sap.ui.core.Control","multiple":"true"},"colors":{"Deprecated":false,"helpDescription":"colors aggregation","description":"colors aggregation","Experimental":false,"method":"#getColors","fullName":"sap.me.CalendarLegend#colors","type":"sap.ui.core.Control","multiple":"true"},"labels":{"Deprecated":false,"helpDescription":"label aggregation","description":"label aggregation","Experimental":false,"method":"#getLabels","fullName":"sap.me.CalendarLegend#labels","type":"sap.m.Label","multiple":"true"},"customData":{"Deprecated":false,"helpDescription":"Custom Data, a data structure like a map containing arbitrary key value pairs.","description":"Custom Data, a data structure like a map containing arbitrary key value pairs.","Experimental":false,"method":"#getCustomData","fullName":"sap.me.CalendarLegend#customData","type":"sap.ui.core.CustomData","multiple":"true"},"layoutData":{"Deprecated":false,"helpDescription":"Defines the layout constraints for this control when it is used inside a Layout.\nLayoutData classes are typed classes and must match the embedding Layout.\nSee VariantLayoutData for aggregating multiple alternative LayoutData instances to a single Element.","description":"Defines the layout constraints for this control when it is used inside a Layout.\nLayoutData classes are typed classes and must match the embedding Layout.\nSee VariantLayoutData for aggregating multiple alternative LayoutData instances to a single Element.","Experimental":false,"method":"#getLayoutData","fullName":"sap.me.CalendarLegend#layoutData","type":"sap.ui.core.LayoutData","multiple":"false"},"tooltip":{"Deprecated":false,"helpDescription":"The tooltip that should be shown for this Element.\n\nCan either be an instance of a TooltipBase subclass or a simple string.","description":"The tooltip that should be shown for this Element.\n\nCan either be an instance of a TooltipBase subclass or a simple string.","Experimental":false,"method":"#getTooltip","fullName":"sap.me.CalendarLegend#tooltip","type":"sap.ui.core.TooltipBase","multiple":"false"}},"properties":{"visible":{"Deprecated":false,"helpDescription":"Indicates if the legend is visible","description":"Indicates if the legend is visible","Experimental":false,"method":"#getVisible","fullName":"sap.me.CalendarLegend#visible","defaultValue":"true","type":"boolean","group":"Appearance"},"legendForType01":{"Deprecated":false,"helpDescription":"legend for type 01","description":"legend for type 01","Experimental":false,"method":"#getLegendForType01","fullName":"sap.me.CalendarLegend#legendForType01","type":"string","group":"Misc"},"width":{"Deprecated":false,"helpDescription":"Indicates the whole component width","description":"Indicates the whole component width","Experimental":false,"method":"#getWidth","fullName":"sap.me.CalendarLegend#width","defaultValue":"auto","type":"sap.ui.core.CSSSize","group":"Dimension"},"legendForType00":{"Deprecated":false,"helpDescription":"legend for type 00","description":"legend for type 00","Experimental":false,"method":"#getLegendForType00","fullName":"sap.me.CalendarLegend#legendForType00","type":"string","group":"Misc"},"legendForSelected":{"Deprecated":false,"helpDescription":"legend for selected","description":"legend for selected","Experimental":false,"method":"#getLegendForSelected","fullName":"sap.me.CalendarLegend#legendForSelected","type":"string","group":"Misc"},"legendWidth":{"Deprecated":false,"helpDescription":"Indicates the legend items width","description":"Indicates the legend items width","Experimental":false,"method":"#getLegendWidth","fullName":"sap.me.CalendarLegend#legendWidth","defaultValue":"12.5rem","type":"sap.ui.core.CSSSize","group":"Dimension"},"busy":{"Deprecated":false,"helpDescription":"Whether the control is currently in busy state.","description":"Whether the control is currently in busy state.","Experimental":false,"method":"#getBusy","fullName":"sap.me.CalendarLegend#busy","defaultValue":"false","type":"boolean","group":"Misc"},"legendForType04":{"Deprecated":false,"helpDescription":"legend for type 04","description":"legend for type 04","Experimental":false,"method":"#getLegendForType04","fullName":"sap.me.CalendarLegend#legendForType04","type":"string","group":"Misc"},"expanded":{"Deprecated":false,"helpDescription":"Indicates if the legend is expanded or not","description":"Indicates if the legend is expanded or not","Experimental":false,"method":"#getExpanded","fullName":"sap.me.CalendarLegend#expanded","defaultValue":"true","type":"boolean","group":"Misc"},"legendForType07":{"Deprecated":false,"helpDescription":"legend for type 07","description":"legend for type 07","Experimental":false,"method":"#getLegendForType07","fullName":"sap.me.CalendarLegend#legendForType07","type":"string","group":"Misc"},"legendForType06":{"Deprecated":false,"helpDescription":"legend for type 06","description":"legend for type 06","Experimental":false,"method":"#getLegendForType06","fullName":"sap.me.CalendarLegend#legendForType06","type":"string","group":"Misc"},"legendForToday":{"Deprecated":false,"helpDescription":"legend for today","description":"legend for today","Experimental":false,"method":"#getLegendForToday","fullName":"sap.me.CalendarLegend#legendForToday","type":"string","group":"Misc"},"legendForNormal":{"Deprecated":false,"helpDescription":"legend for normal","description":"legend for normal","Experimental":false,"method":"#getLegendForNormal","fullName":"sap.me.CalendarLegend#legendForNormal","type":"string","group":"Misc"},"legendForSelected00":{"Deprecated":false,"helpDescription":"legend for selected 00","description":"legend for selected 00","Experimental":false,"method":"#getLegendForSelected00","fullName":"sap.me.CalendarLegend#legendForSelected00","type":"string","group":"Misc"},"busyIndicatorDelay":{"Deprecated":false,"helpDescription":"The delay in milliseconds, after which the busy indicator will show up for this control.","description":"The delay in milliseconds, after which the busy indicator will show up for this control.","Experimental":false,"method":"#getBusyIndicatorDelay","fullName":"sap.me.CalendarLegend#busyIndicatorDelay","defaultValue":"1000","type":"int","group":"Misc"},"fieldGroupIds":{"Deprecated":false,"helpDescription":"The IDs of a logical field group that this control belongs to. All fields in a logical field group should share the same <code>fieldGroupId<\/code>.\nOnce a logical field group is left, the validateFieldGroup event is raised.","description":"The IDs of a logical field group that this control belongs to. All fields in a logical field group should share the same <code>fieldGroupId<\/code>.\nOnce a logical field group is left, the validateFieldGroup event is raised.","Experimental":false,"method":"#getFieldGroupIds","fullName":"sap.me.CalendarLegend#fieldGroupIds","defaultValue":"[]","type":"string[]","group":"Misc"},"design":{"Deprecated":false,"helpDescription":"design name for the legend","description":"design name for the legend","Experimental":false,"method":"#getDesign","fullName":"sap.me.CalendarLegend#design","defaultValue":"Approval","type":"sap.me.CalendarDesign","group":"Appearance"},"expandable":{"Deprecated":false,"helpDescription":"Indicates if the legend can be collapsed and expanded","description":"Indicates if the legend can be collapsed and expanded","Experimental":false,"method":"#getExpandable","fullName":"sap.me.CalendarLegend#expandable","defaultValue":"true","type":"boolean","group":"Misc"}}},"sap.me.TabContainer":{"Deprecated":true,"helpDescription":"<strong style=\"color: red;\">Deprecated! <\/strong>Since 1.15.0 The functionality of this control is merged with the sap.m.IconTabBar.\nPlease use the sap.m.IconTabBar instead!\nThis control will not be supported anymore.<br>The TabContainer allow to stack 1 to 4 contents in a\nview with corresponding icons","events":{"select":{"Deprecated":false,"helpDescription":"Indicates that the selected tab has changed","description":"Indicates that the selected tab has changed","Experimental":false,"method":"sap.me.TabContainer#event:select","fullName":"sap.me.TabContainer#select","type":"fnListenerFunction or [fnListenerFunction, oListenerObject] or [oData, fnListenerFunction, oListenerObject]"},"expand":{"Deprecated":false,"helpDescription":"Indicates that the selected tab has changed","description":"Indicates that the selected tab has changed","Experimental":false,"method":"sap.me.TabContainer#event:select","fullName":"sap.me.TabContainer#select","type":"fnListenerFunction or [fnListenerFunction, oListenerObject] or [oData, fnListenerFunction, oListenerObject]"},"collapse":{"Deprecated":false,"helpDescription":"Indicates that the selected tab has changed","description":"Indicates that the selected tab has changed","Experimental":false,"method":"sap.me.TabContainer#event:select","fullName":"sap.me.TabContainer#select","type":"fnListenerFunction or [fnListenerFunction, oListenerObject] or [oData, fnListenerFunction, oListenerObject]"}},"extend":"sap.ui.core.Control","description":"The TabContainer allow to stack 1 to 4 contents in a\nview with corresponding icons","Experimental":false,"associations":{},"filetype":"class","aggregations":{"badges":{"Deprecated":false,"Experimental":false,"method":"#getBadges","fullName":"sap.me.TabContainer#badges","type":"sap.ui.core.Control","multiple":"true"},"contentInfo":{"Deprecated":false,"helpDescription":"The info tab","description":"The info tab","Experimental":false,"method":"#getContentInfo","fullName":"sap.me.TabContainer#contentInfo","type":"sap.ui.core.Control","multiple":"false"},"dependents":{"Deprecated":false,"helpDescription":"Dependents are not rendered, but their databinding context and lifecycle are bound to the aggregating Element.","description":"Dependents are not rendered, but their databinding context and lifecycle are bound to the aggregating Element.","Experimental":false,"method":"#getDependents","fullName":"sap.me.TabContainer#dependents","type":"sap.ui.core.Control","multiple":"true"},"contentNotes":{"Deprecated":false,"helpDescription":"The notes tab","description":"The notes tab","Experimental":false,"method":"#getContentNotes","fullName":"sap.me.TabContainer#contentNotes","type":"sap.ui.core.Control","multiple":"false"},"customData":{"Deprecated":false,"helpDescription":"Custom Data, a data structure like a map containing arbitrary key value pairs.","description":"Custom Data, a data structure like a map containing arbitrary key value pairs.","Experimental":false,"method":"#getCustomData","fullName":"sap.me.TabContainer#customData","type":"sap.ui.core.CustomData","multiple":"true"},"contentPeople":{"Deprecated":false,"helpDescription":"The people tab","description":"The people tab","Experimental":false,"method":"#getContentPeople","fullName":"sap.me.TabContainer#contentPeople","type":"sap.ui.core.Control","multiple":"false"},"contentAttachments":{"Deprecated":false,"helpDescription":"The attachments tab","description":"The attachments tab","Experimental":false,"method":"#getContentAttachments","fullName":"sap.me.TabContainer#contentAttachments","type":"sap.ui.core.Control","multiple":"false"},"tabs":{"Deprecated":false,"helpDescription":"The tab icons in order","description":"The tab icons in order","Experimental":false,"method":"#getTabs","fullName":"sap.me.TabContainer#tabs","type":"sap.ui.core.Icon","multiple":"true"},"layoutData":{"Deprecated":false,"helpDescription":"Defines the layout constraints for this control when it is used inside a Layout.\nLayoutData classes are typed classes and must match the embedding Layout.\nSee VariantLayoutData for aggregating multiple alternative LayoutData instances to a single Element.","description":"Defines the layout constraints for this control when it is used inside a Layout.\nLayoutData classes are typed classes and must match the embedding Layout.\nSee VariantLayoutData for aggregating multiple alternative LayoutData instances to a single Element.","Experimental":false,"method":"#getLayoutData","fullName":"sap.me.TabContainer#layoutData","type":"sap.ui.core.LayoutData","multiple":"false"},"tooltip":{"Deprecated":false,"helpDescription":"The tooltip that should be shown for this Element.\n\nCan either be an instance of a TooltipBase subclass or a simple string.","description":"The tooltip that should be shown for this Element.\n\nCan either be an instance of a TooltipBase subclass or a simple string.","Experimental":false,"method":"#getTooltip","fullName":"sap.me.TabContainer#tooltip","type":"sap.ui.core.TooltipBase","multiple":"false"}},"properties":{"badgeNotes":{"Deprecated":false,"helpDescription":"The number to display in the badge for the notes tab","description":"The number to display in the badge for the notes tab","Experimental":false,"method":"#getBadgeNotes","fullName":"sap.me.TabContainer#badgeNotes","type":"int","group":"Data"},"badgeAttachments":{"Deprecated":false,"helpDescription":"The number to display in the badge for the attachments tab","description":"The number to display in the badge for the attachments tab","Experimental":false,"method":"#getBadgeAttachments","fullName":"sap.me.TabContainer#badgeAttachments","type":"int","group":"Data"},"visible":{"Deprecated":false,"helpDescription":"setter for visible property","description":"setter for visible property","Experimental":false,"method":"#getVisible","fullName":"sap.me.TabContainer#visible","defaultValue":"true","type":"boolean","group":"Misc"},"selectedTab":{"Deprecated":false,"helpDescription":"Return the index of the selected tab","description":"Return the index of the selected tab","Experimental":false,"method":"#getSelectedTab","fullName":"sap.me.TabContainer#selectedTab","type":"int","group":"Data"},"busy":{"Deprecated":false,"helpDescription":"Whether the control is currently in busy state.","description":"Whether the control is currently in busy state.","Experimental":false,"method":"#getBusy","fullName":"sap.me.TabContainer#busy","defaultValue":"false","type":"boolean","group":"Misc"},"badgePeople":{"Deprecated":false,"helpDescription":"The number to display in the badge for the people tab","description":"The number to display in the badge for the people tab","Experimental":false,"method":"#getBadgePeople","fullName":"sap.me.TabContainer#badgePeople","type":"int","group":"Data"},"fieldGroupIds":{"Deprecated":false,"helpDescription":"The IDs of a logical field group that this control belongs to. All fields in a logical field group should share the same <code>fieldGroupId<\/code>.\nOnce a logical field group is left, the validateFieldGroup event is raised.","description":"The IDs of a logical field group that this control belongs to. All fields in a logical field group should share the same <code>fieldGroupId<\/code>.\nOnce a logical field group is left, the validateFieldGroup event is raised.","Experimental":false,"method":"#getFieldGroupIds","fullName":"sap.me.TabContainer#fieldGroupIds","defaultValue":"[]","type":"string[]","group":"Misc"},"busyIndicatorDelay":{"Deprecated":false,"helpDescription":"The delay in milliseconds, after which the busy indicator will show up for this control.","description":"The delay in milliseconds, after which the busy indicator will show up for this control.","Experimental":false,"method":"#getBusyIndicatorDelay","fullName":"sap.me.TabContainer#busyIndicatorDelay","defaultValue":"1000","type":"int","group":"Misc"},"expanded":{"Deprecated":false,"helpDescription":"Indicates if the actual tab is expanded or not","description":"Indicates if the actual tab is expanded or not","Experimental":false,"method":"#getExpanded","fullName":"sap.me.TabContainer#expanded","defaultValue":"true","type":"boolean","group":"Misc"},"badgeInfo":{"Deprecated":false,"helpDescription":"The number to display in the badge for the info tab","description":"The number to display in the badge for the info tab","Experimental":false,"method":"#getBadgeInfo","fullName":"sap.me.TabContainer#badgeInfo","type":"int","group":"Data"},"expandable":{"Deprecated":false,"helpDescription":"Indicates if the tab can be collapsed and expanded","description":"Indicates if the tab can be collapsed and expanded","Experimental":false,"method":"#getExpandable","fullName":"sap.me.TabContainer#expandable","defaultValue":"true","type":"boolean","group":"Misc"}}},"sap.me.Calendar":{"Deprecated":true,"helpDescription":"<strong style=\"color: red;\">Deprecated! <\/strong>Since 1.26.0 This control was experimental since 1.12. Please use the sap.ui.unified.Calendar instead!<br>This is the Calendar control","events":{"changeCurrentDate":{"Deprecated":false,"helpDescription":"event fired when a date is tapped","description":"event fired when a date is tapped","Experimental":false,"method":"sap.me.Calendar#event:tapOnDate","fullName":"sap.me.Calendar#tapOnDate","type":"fnListenerFunction or [fnListenerFunction, oListenerObject] or [oData, fnListenerFunction, oListenerObject]"},"tapOnDate":{"Deprecated":false,"helpDescription":"event fired when a date is tapped","description":"event fired when a date is tapped","Experimental":false,"method":"sap.me.Calendar#event:tapOnDate","fullName":"sap.me.Calendar#tapOnDate","type":"fnListenerFunction or [fnListenerFunction, oListenerObject] or [oData, fnListenerFunction, oListenerObject]"},"changeRange":{"Deprecated":false,"helpDescription":"event fired when a date is tapped","description":"event fired when a date is tapped","Experimental":false,"method":"sap.me.Calendar#event:tapOnDate","fullName":"sap.me.Calendar#tapOnDate","type":"fnListenerFunction or [fnListenerFunction, oListenerObject] or [oData, fnListenerFunction, oListenerObject]"}},"extend":"sap.ui.core.Control","description":"This is the Calendar control","Experimental":false,"associations":{},"filetype":"class","aggregations":{"dependents":{"Deprecated":false,"helpDescription":"Dependents are not rendered, but their databinding context and lifecycle are bound to the aggregating Element.","description":"Dependents are not rendered, but their databinding context and lifecycle are bound to the aggregating Element.","Experimental":false,"method":"#getDependents","fullName":"sap.me.Calendar#dependents","type":"sap.ui.core.Control","multiple":"true"},"customData":{"Deprecated":false,"helpDescription":"Custom Data, a data structure like a map containing arbitrary key value pairs.","description":"Custom Data, a data structure like a map containing arbitrary key value pairs.","Experimental":false,"method":"#getCustomData","fullName":"sap.me.Calendar#customData","type":"sap.ui.core.CustomData","multiple":"true"},"layoutData":{"Deprecated":false,"helpDescription":"Defines the layout constraints for this control when it is used inside a Layout.\nLayoutData classes are typed classes and must match the embedding Layout.\nSee VariantLayoutData for aggregating multiple alternative LayoutData instances to a single Element.","description":"Defines the layout constraints for this control when it is used inside a Layout.\nLayoutData classes are typed classes and must match the embedding Layout.\nSee VariantLayoutData for aggregating multiple alternative LayoutData instances to a single Element.","Experimental":false,"method":"#getLayoutData","fullName":"sap.me.Calendar#layoutData","type":"sap.ui.core.LayoutData","multiple":"false"},"tooltip":{"Deprecated":false,"helpDescription":"The tooltip that should be shown for this Element.\n\nCan either be an instance of a TooltipBase subclass or a simple string.","description":"The tooltip that should be shown for this Element.\n\nCan either be an instance of a TooltipBase subclass or a simple string.","Experimental":false,"method":"#getTooltip","fullName":"sap.me.Calendar#tooltip","type":"sap.ui.core.TooltipBase","multiple":"false"}},"properties":{"singleRow":{"Deprecated":false,"helpDescription":"boolean that sets the view to week mode or month mode","description":"boolean that sets the view to week mode or month mode","Experimental":false,"method":"#getSingleRow","fullName":"sap.me.Calendar#singleRow","type":"boolean","group":"Misc"},"dayHeight":{"Deprecated":false,"helpDescription":"the height of a day","description":"the height of a day","Experimental":false,"method":"#getDayHeight","fullName":"sap.me.Calendar#dayHeight","defaultValue":"50","type":"int","group":"Misc"},"visible":{"Deprecated":false,"helpDescription":"visibility of the control","description":"visibility of the control","Experimental":false,"method":"#getVisible","fullName":"sap.me.Calendar#visible","defaultValue":"true","type":"boolean","group":"Misc"},"hideNavControls":{"Deprecated":false,"helpDescription":"hides the area of navigation controls","description":"hides the area of navigation controls","Experimental":false,"method":"#getHideNavControls","fullName":"sap.me.Calendar#hideNavControls","defaultValue":"false","type":"boolean","group":"Misc"},"width":{"Deprecated":false,"helpDescription":"The width of the calendar","description":"The width of the calendar","Experimental":false,"method":"#getWidth","fullName":"sap.me.Calendar#width","defaultValue":"100%","type":"sap.ui.core.CSSSize","group":"Dimension"},"monthsToDisplay":{"Deprecated":false,"helpDescription":"number of months in a row.","description":"number of months in a row.","Experimental":false,"method":"#getMonthsToDisplay","fullName":"sap.me.Calendar#monthsToDisplay","defaultValue":"1","type":"int","group":"Misc"},"disabledWeekDays":{"Deprecated":false,"helpDescription":"Array of weekDays (as integers where 0=Sunday, 1=Monday etc) to be disabled. Interaction will be disabled for these week days.","description":"Array of weekDays (as integers where 0=Sunday, 1=Monday etc) to be disabled. Interaction will be disabled for these week days.","Experimental":false,"method":"#getDisabledWeekDays","fullName":"sap.me.Calendar#disabledWeekDays","type":"any","group":"Misc"},"busy":{"Deprecated":false,"helpDescription":"Whether the control is currently in busy state.","description":"Whether the control is currently in busy state.","Experimental":false,"method":"#getBusy","fullName":"sap.me.Calendar#busy","defaultValue":"false","type":"boolean","group":"Misc"},"firstDayOffset":{"Deprecated":false,"helpDescription":"to offset the first day of the week (0 = sunday)","description":"to offset the first day of the week (0 = sunday)","Experimental":false,"method":"#getFirstDayOffset","fullName":"sap.me.Calendar#firstDayOffset","defaultValue":"0","type":"int","group":"Misc"},"months":{"Deprecated":false,"helpDescription":"Array of month names, default value is sap.m.getLocaleData().getMonths(\"abbreviated\")\nCheck sap.ui.core.LocaleData documentation for more info.","description":"Array of month names, default value is sap.m.getLocaleData().getMonths(\"abbreviated\")\nCheck sap.ui.core.LocaleData documentation for more info.","Experimental":false,"method":"#getMonths","fullName":"sap.me.Calendar#months","type":"any","group":"Appearance"},"days":{"Deprecated":false,"helpDescription":"Array of day names, default value is sap.m.getLocaleData().getDays(\"abbreviated\")\nCheck sap.ui.core.LocaleData documentation for more info.","description":"Array of day names, default value is sap.m.getLocaleData().getDays(\"abbreviated\")\nCheck sap.ui.core.LocaleData documentation for more info.","Experimental":false,"method":"#getDays","fullName":"sap.me.Calendar#days","type":"any","group":"Appearance"},"selectionMode":{"Deprecated":false,"helpDescription":"Indicates the design of the calendar (mainly colors)","description":"Indicates the design of the calendar (mainly colors)","Experimental":false,"method":"#getSelectionMode","fullName":"sap.me.Calendar#selectionMode","defaultValue":"SINGLE","type":"sap.me.CalendarSelectionMode","group":"Behavior"},"monthsPerRow":{"Deprecated":false,"helpDescription":"months to display in a row. This sets the width of the whole control in order to contain the desired number of months per row","description":"months to display in a row. This sets the width of the whole control in order to contain the desired number of months per row","Experimental":false,"method":"#getMonthsPerRow","fullName":"sap.me.Calendar#monthsPerRow","defaultValue":"1","type":"int","group":"Misc"},"currentDate":{"Deprecated":false,"helpDescription":"the center date where the month/week will be built around","description":"the center date where the month/week will be built around","Experimental":false,"method":"#getCurrentDate","fullName":"sap.me.Calendar#currentDate","type":"string","group":"Misc"},"enableMultiselection":{"Deprecated":false,"helpDescription":"to enable multiselection feature","description":"to enable multiselection feature","Experimental":false,"method":"#getEnableMultiselection","fullName":"sap.me.Calendar#enableMultiselection","defaultValue":"false","type":"boolean","group":"Misc"},"weeksPerRow":{"Deprecated":false,"helpDescription":"weeks to display in a row","description":"weeks to display in a row","Experimental":false,"method":"#getWeeksPerRow","fullName":"sap.me.Calendar#weeksPerRow","defaultValue":"1","type":"int","group":"Misc"},"dayWidth":{"Deprecated":false,"helpDescription":"the width of a day","description":"the width of a day","Experimental":false,"method":"#getDayWidth","fullName":"sap.me.Calendar#dayWidth","defaultValue":"45","type":"int","group":"Misc"},"swipeToNavigate":{"Deprecated":false,"helpDescription":"When enabled, swipe gestures will navigate and not select","description":"When enabled, swipe gestures will navigate and not select","Experimental":false,"method":"#getSwipeToNavigate","fullName":"sap.me.Calendar#swipeToNavigate","defaultValue":"false","type":"boolean","group":"Misc"},"busyIndicatorDelay":{"Deprecated":false,"helpDescription":"The delay in milliseconds, after which the busy indicator will show up for this control.","description":"The delay in milliseconds, after which the busy indicator will show up for this control.","Experimental":false,"method":"#getBusyIndicatorDelay","fullName":"sap.me.Calendar#busyIndicatorDelay","defaultValue":"1000","type":"int","group":"Misc"},"fieldGroupIds":{"Deprecated":false,"helpDescription":"The IDs of a logical field group that this control belongs to. All fields in a logical field group should share the same <code>fieldGroupId<\/code>.\nOnce a logical field group is left, the validateFieldGroup event is raised.","description":"The IDs of a logical field group that this control belongs to. All fields in a logical field group should share the same <code>fieldGroupId<\/code>.\nOnce a logical field group is left, the validateFieldGroup event is raised.","Experimental":false,"method":"#getFieldGroupIds","fullName":"sap.me.Calendar#fieldGroupIds","defaultValue":"[]","type":"string[]","group":"Misc"},"design":{"Deprecated":false,"helpDescription":"Indicates the design of the calendar (mainly colors)","description":"Indicates the design of the calendar (mainly colors)","Experimental":false,"method":"#getDesign","fullName":"sap.me.Calendar#design","defaultValue":"Approval","type":"sap.me.CalendarDesign","group":"Appearance"},"disabledDates":{"Deprecated":false,"helpDescription":"Array of specific dates (strings or Date objects) that will be disabled/non interactive","description":"Array of specific dates (strings or Date objects) that will be disabled/non interactive","Experimental":false,"method":"#getDisabledDates","fullName":"sap.me.Calendar#disabledDates","type":"any","group":"Misc"},"hideMonthTitles":{"Deprecated":false,"helpDescription":"hides the area of month titles","description":"hides the area of month titles","Experimental":false,"method":"#getHideMonthTitles","fullName":"sap.me.Calendar#hideMonthTitles","defaultValue":"false","type":"boolean","group":"Misc"}}},"sap.me.OverlapCalendarEvent":{"Deprecated":false,"helpDescription":"<strong style=\"color: red;\">Experimental! <\/strong>","events":{},"extend":"sap.ui.core.Element","description":"Represent the data of an event for the overlap calendar","Experimental":true,"associations":{},"filetype":"class","aggregations":{"dependents":{"Deprecated":false,"helpDescription":"Dependents are not rendered, but their databinding context and lifecycle are bound to the aggregating Element.","description":"Dependents are not rendered, but their databinding context and lifecycle are bound to the aggregating Element.","Experimental":false,"method":"#getDependents","fullName":"sap.me.OverlapCalendarEvent#dependents","type":"sap.ui.core.Control","multiple":"true"},"customData":{"Deprecated":false,"helpDescription":"Custom Data, a data structure like a map containing arbitrary key value pairs.","description":"Custom Data, a data structure like a map containing arbitrary key value pairs.","Experimental":false,"method":"#getCustomData","fullName":"sap.me.OverlapCalendarEvent#customData","type":"sap.ui.core.CustomData","multiple":"true"},"layoutData":{"Deprecated":false,"helpDescription":"Defines the layout constraints for this control when it is used inside a Layout.\nLayoutData classes are typed classes and must match the embedding Layout.\nSee VariantLayoutData for aggregating multiple alternative LayoutData instances to a single Element.","description":"Defines the layout constraints for this control when it is used inside a Layout.\nLayoutData classes are typed classes and must match the embedding Layout.\nSee VariantLayoutData for aggregating multiple alternative LayoutData instances to a single Element.","Experimental":false,"method":"#getLayoutData","fullName":"sap.me.OverlapCalendarEvent#layoutData","type":"sap.ui.core.LayoutData","multiple":"false"},"tooltip":{"Deprecated":false,"helpDescription":"The tooltip that should be shown for this Element.\n\nCan either be an instance of a TooltipBase subclass or a simple string.","description":"The tooltip that should be shown for this Element.\n\nCan either be an instance of a TooltipBase subclass or a simple string.","Experimental":false,"method":"#getTooltip","fullName":"sap.me.OverlapCalendarEvent#tooltip","type":"sap.ui.core.TooltipBase","multiple":"false"}},"properties":{"typeName":{"Deprecated":false,"helpDescription":"The CSS class to use","description":"The CSS class to use","Experimental":false,"method":"#getTypeName","fullName":"sap.me.OverlapCalendarEvent#typeName","type":"string","group":"Appearance"},"endDay":{"Deprecated":false,"helpDescription":"Last day of the event","description":"Last day of the event","Experimental":false,"method":"#getEndDay","fullName":"sap.me.OverlapCalendarEvent#endDay","type":"string","group":"Data"},"startDay":{"Deprecated":false,"helpDescription":"The first day of the event","description":"The first day of the event","Experimental":false,"method":"#getStartDay","fullName":"sap.me.OverlapCalendarEvent#startDay","type":"string","group":"Data"},"name":{"Deprecated":false,"helpDescription":"Name of the row","description":"Name of the row","Experimental":false,"method":"#getName","fullName":"sap.me.OverlapCalendarEvent#name","type":"string","group":"Misc"},"halfDay":{"Deprecated":false,"helpDescription":"Is this half a day","description":"Is this half a day","Experimental":false,"method":"#getHalfDay","fullName":"sap.me.OverlapCalendarEvent#halfDay","defaultValue":"false","type":"boolean","group":"Data"},"type":{"Deprecated":false,"helpDescription":"Type of the event. Display in the second label (no overlap)","description":"Type of the event. Display in the second label (no overlap)","Experimental":false,"method":"#getType","fullName":"sap.me.OverlapCalendarEvent#type","type":"string","group":"Data"},"relevant":{"Deprecated":false,"helpDescription":"Indicates if this elements is relevant to be consider in the overlap","description":"Indicates if this elements is relevant to be consider in the overlap","Experimental":false,"method":"#getRelevant","fullName":"sap.me.OverlapCalendarEvent#relevant","type":"boolean","group":"Misc"},"row":{"Deprecated":false,"helpDescription":"Id of the row on which to place this event","description":"Id of the row on which to place this event","Experimental":false,"method":"#getRow","fullName":"sap.me.OverlapCalendarEvent#row","defaultValue":"-1","type":"int","group":"Data"}}},"sap.me":{"controls":["sap.me.Calendar","sap.me.CalendarLegend","sap.me.OverlapCalendar","sap.me.ProgressIndicator","sap.me.TabContainer"],"name":"sap.me","filetype":"library","types":["sap.me.CalendarDesign","sap.me.CalendarEventType","sap.me.CalendarSelectionMode"],"elements":["sap.me.OverlapCalendarEvent"],"version":"1.32.4"},"sap.me.OverlapCalendar":{"Deprecated":false,"helpDescription":"<strong style=\"color: red;\">Experimental! <\/strong>","events":{"endOfData":{"Deprecated":false,"helpDescription":"Indicates that we have reach the last week with data","description":"Indicates that we have reach the last week with data","Experimental":false,"method":"sap.me.OverlapCalendar#event:endOfData","fullName":"sap.me.OverlapCalendar#endOfData","type":"fnListenerFunction or [fnListenerFunction, oListenerObject] or [oData, fnListenerFunction, oListenerObject]"},"changeDate":{"Deprecated":false,"helpDescription":"Indicates that we have reach the last week with data","description":"Indicates that we have reach the last week with data","Experimental":false,"method":"sap.me.OverlapCalendar#event:endOfData","fullName":"sap.me.OverlapCalendar#endOfData","type":"fnListenerFunction or [fnListenerFunction, oListenerObject] or [oData, fnListenerFunction, oListenerObject]"}},"extend":"sap.ui.core.Control","description":"A calendar that allows to display events in a grid and show the overlapped events","Experimental":true,"associations":{},"filetype":"class","aggregations":{"dependents":{"Deprecated":false,"helpDescription":"Dependents are not rendered, but their databinding context and lifecycle are bound to the aggregating Element.","description":"Dependents are not rendered, but their databinding context and lifecycle are bound to the aggregating Element.","Experimental":false,"method":"#getDependents","fullName":"sap.me.OverlapCalendar#dependents","type":"sap.ui.core.Control","multiple":"true"},"calendarEvents":{"Deprecated":false,"helpDescription":"The list of events to display in the calendar grid","description":"The list of events to display in the calendar grid","Experimental":false,"method":"#getCalendarEvents","fullName":"sap.me.OverlapCalendar#calendarEvents","type":"sap.me.OverlapCalendarEvent","multiple":"true"},"customData":{"Deprecated":false,"helpDescription":"Custom Data, a data structure like a map containing arbitrary key value pairs.","description":"Custom Data, a data structure like a map containing arbitrary key value pairs.","Experimental":false,"method":"#getCustomData","fullName":"sap.me.OverlapCalendar#customData","type":"sap.ui.core.CustomData","multiple":"true"},"nameLabels":{"Deprecated":false,"helpDescription":"Hidden aggregation for the name label","description":"Hidden aggregation for the name label","Experimental":false,"method":"#getNameLabels","fullName":"sap.me.OverlapCalendar#nameLabels","type":"sap.m.Label","multiple":"true"},"typeLabels":{"Deprecated":false,"helpDescription":"Hidden aggregation of the label for event type","description":"Hidden aggregation of the label for event type","Experimental":false,"method":"#getTypeLabels","fullName":"sap.me.OverlapCalendar#typeLabels","type":"sap.m.Label","multiple":"true"},"calendar":{"Deprecated":false,"helpDescription":"Calendar instance","description":"Calendar instance","Experimental":false,"method":"#getCalendar","fullName":"sap.me.OverlapCalendar#calendar","type":"sap.me.Calendar","multiple":"false"},"layoutData":{"Deprecated":false,"helpDescription":"Defines the layout constraints for this control when it is used inside a Layout.\nLayoutData classes are typed classes and must match the embedding Layout.\nSee VariantLayoutData for aggregating multiple alternative LayoutData instances to a single Element.","description":"Defines the layout constraints for this control when it is used inside a Layout.\nLayoutData classes are typed classes and must match the embedding Layout.\nSee VariantLayoutData for aggregating multiple alternative LayoutData instances to a single Element.","Experimental":false,"method":"#getLayoutData","fullName":"sap.me.OverlapCalendar#layoutData","type":"sap.ui.core.LayoutData","multiple":"false"},"tooltip":{"Deprecated":false,"helpDescription":"The tooltip that should be shown for this Element.\n\nCan either be an instance of a TooltipBase subclass or a simple string.","description":"The tooltip that should be shown for this Element.\n\nCan either be an instance of a TooltipBase subclass or a simple string.","Experimental":false,"method":"#getTooltip","fullName":"sap.me.OverlapCalendar#tooltip","type":"sap.ui.core.TooltipBase","multiple":"false"}},"properties":{"showOverlapIndicator":{"Deprecated":false,"helpDescription":"Do we want to display the overlap indicator","description":"Do we want to display the overlap indicator","Experimental":false,"method":"#getShowOverlapIndicator","fullName":"sap.me.OverlapCalendar#showOverlapIndicator","defaultValue":"false","type":"boolean","group":"Appearance"},"startDate":{"Deprecated":false,"helpDescription":"The first date to display for the calendar","description":"The first date to display for the calendar","Experimental":false,"method":"#getStartDate","fullName":"sap.me.OverlapCalendar#startDate","type":"string","group":"Data"},"visible":{"Deprecated":false,"helpDescription":"Indicates if we should render this component","description":"Indicates if we should render this component","Experimental":false,"method":"#getVisible","fullName":"sap.me.OverlapCalendar#visible","defaultValue":"true","type":"boolean","group":"Appearance"},"width":{"Deprecated":false,"helpDescription":"The width of the calendar","description":"The width of the calendar","Experimental":false,"method":"#getWidth","fullName":"sap.me.OverlapCalendar#width","defaultValue":"100%","type":"sap.ui.core.CSSSize","group":"Dimension"},"weeksPerRow":{"Deprecated":false,"helpDescription":"Number of weeks","description":"Number of weeks","Experimental":false,"method":"#getWeeksPerRow","fullName":"sap.me.OverlapCalendar#weeksPerRow","defaultValue":"2","type":"int","group":"Appearance"},"busy":{"Deprecated":false,"helpDescription":"Whether the control is currently in busy state.","description":"Whether the control is currently in busy state.","Experimental":false,"method":"#getBusy","fullName":"sap.me.OverlapCalendar#busy","defaultValue":"false","type":"boolean","group":"Misc"},"swipeToNavigate":{"Deprecated":false,"helpDescription":"Use swipe gesture to navigate","description":"Use swipe gesture to navigate","Experimental":false,"method":"#getSwipeToNavigate","fullName":"sap.me.OverlapCalendar#swipeToNavigate","defaultValue":"true","type":"boolean","group":"Behavior"},"fieldGroupIds":{"Deprecated":false,"helpDescription":"The IDs of a logical field group that this control belongs to. All fields in a logical field group should share the same <code>fieldGroupId<\/code>.\nOnce a logical field group is left, the validateFieldGroup event is raised.","description":"The IDs of a logical field group that this control belongs to. All fields in a logical field group should share the same <code>fieldGroupId<\/code>.\nOnce a logical field group is left, the validateFieldGroup event is raised.","Experimental":false,"method":"#getFieldGroupIds","fullName":"sap.me.OverlapCalendar#fieldGroupIds","defaultValue":"[]","type":"string[]","group":"Misc"},"busyIndicatorDelay":{"Deprecated":false,"helpDescription":"The delay in milliseconds, after which the busy indicator will show up for this control.","description":"The delay in milliseconds, after which the busy indicator will show up for this control.","Experimental":false,"method":"#getBusyIndicatorDelay","fullName":"sap.me.OverlapCalendar#busyIndicatorDelay","defaultValue":"1000","type":"int","group":"Misc"},"firstDayOffset":{"Deprecated":false,"helpDescription":"Indicate how to offset the first day in regards to a Sunday (by default)","description":"Indicate how to offset the first day in regards to a Sunday (by default)","Experimental":false,"method":"#getFirstDayOffset","fullName":"sap.me.OverlapCalendar#firstDayOffset","defaultValue":"0","type":"int","group":"Appearance"}}}}}