{"enums":[],"metadatas":{"sap.ushell.ui.launchpad.LoadingDialog":{"Deprecated":false,"helpDescription":"Displays a loading dialog with an indicator that an app is loading","events":{},"extend":"sap.ui.core.Control","description":"Displays a loading dialog with an indicator that an app is loading","Experimental":false,"associations":{},"filetype":"class","aggregations":{"dependents":{"Deprecated":false,"helpDescription":"Dependents are not rendered, but their databinding context and lifecycle are bound to the aggregating Element.","description":"Dependents are not rendered, but their databinding context and lifecycle are bound to the aggregating Element.","Experimental":false,"method":"#getDependents","fullName":"sap.ushell.ui.launchpad.LoadingDialog#dependents","type":"sap.ui.core.Control","multiple":"true"},"customData":{"Deprecated":false,"helpDescription":"Custom Data, a data structure like a map containing arbitrary key value pairs.","description":"Custom Data, a data structure like a map containing arbitrary key value pairs.","Experimental":false,"method":"#getCustomData","fullName":"sap.ushell.ui.launchpad.LoadingDialog#customData","type":"sap.ui.core.CustomData","multiple":"true"},"layoutData":{"Deprecated":false,"helpDescription":"Defines the layout constraints for this control when it is used inside a Layout.\nLayoutData classes are typed classes and must match the embedding Layout.\nSee VariantLayoutData for aggregating multiple alternative LayoutData instances to a single Element.","description":"Defines the layout constraints for this control when it is used inside a Layout.\nLayoutData classes are typed classes and must match the embedding Layout.\nSee VariantLayoutData for aggregating multiple alternative LayoutData instances to a single Element.","Experimental":false,"method":"#getLayoutData","fullName":"sap.ushell.ui.launchpad.LoadingDialog#layoutData","type":"sap.ui.core.LayoutData","multiple":"false"},"tooltip":{"Deprecated":false,"helpDescription":"The tooltip that should be shown for this Element.\n\nCan either be an instance of a TooltipBase subclass or a simple string.","description":"The tooltip that should be shown for this Element.\n\nCan either be an instance of a TooltipBase subclass or a simple string.","Experimental":false,"method":"#getTooltip","fullName":"sap.ushell.ui.launchpad.LoadingDialog#tooltip","type":"sap.ui.core.TooltipBase","multiple":"false"}},"properties":{"text":{"Deprecated":false,"Experimental":false,"method":"#getText","fullName":"sap.ushell.ui.launchpad.LoadingDialog#text","type":"sap.ui.core.URI","group":"Appearance"},"iconUri":{"Deprecated":false,"Experimental":false,"method":"#getIconUri","fullName":"sap.ushell.ui.launchpad.LoadingDialog#iconUri","type":"sap.ui.core.URI","group":"Appearance"},"visible":{"Deprecated":false,"helpDescription":"Whether the control should be visible on the screen. If set to false, a placeholder is rendered instead of the real control","description":"Whether the control should be visible on the screen. If set to false, a placeholder is rendered instead of the real control","Experimental":false,"method":"#getVisible","fullName":"sap.ushell.ui.launchpad.LoadingDialog#visible","defaultValue":"true","type":"boolean","group":"Appearance"},"busy":{"Deprecated":false,"helpDescription":"Whether the control is currently in busy state.","description":"Whether the control is currently in busy state.","Experimental":false,"method":"#getBusy","fullName":"sap.ushell.ui.launchpad.LoadingDialog#busy","defaultValue":"false","type":"boolean","group":"Misc"},"fieldGroupIds":{"Deprecated":false,"helpDescription":"The IDs of a logical field group that this control belongs to. All fields in a logical field group should share the same <code>fieldGroupId<\/code>.\nOnce a logical field group is left, the validateFieldGroup event is raised.","description":"The IDs of a logical field group that this control belongs to. All fields in a logical field group should share the same <code>fieldGroupId<\/code>.\nOnce a logical field group is left, the validateFieldGroup event is raised.","Experimental":false,"method":"#getFieldGroupIds","fullName":"sap.ushell.ui.launchpad.LoadingDialog#fieldGroupIds","defaultValue":"[]","type":"string[]","group":"Misc"},"busyIndicatorDelay":{"Deprecated":false,"helpDescription":"The delay in milliseconds, after which the busy indicator will show up for this control.","description":"The delay in milliseconds, after which the busy indicator will show up for this control.","Experimental":false,"method":"#getBusyIndicatorDelay","fullName":"sap.ushell.ui.launchpad.LoadingDialog#busyIndicatorDelay","defaultValue":"1000","type":"int","group":"Misc"}}},"sap.ushell.services.SupportTicket":{"Deprecated":false,"helpDescription":"The Unified Shell's Support Ticket service","events":{},"description":"The Unified Shell's Support Ticket service","Experimental":false,"associations":{},"filetype":"class","aggregations":{},"properties":{}},"sap.ushell.services.EndUserFeedback":{"Deprecated":false,"helpDescription":"The Unified Shell's end user feedback service","events":{},"description":"The Unified Shell's end user feedback service","Experimental":false,"associations":{},"filetype":"class","aggregations":{},"properties":{}},"sap.ushell.components.factsheet.controls.PictureViewerItem":{"Deprecated":true,"helpDescription":"<strong style=\"color: red;\">Deprecated! <\/strong>Since 1.22 \nPictureViewerItem is used in PictureViewer control and is not meant to be consumed outside of PictureViewer usage.\nPictureViewer was replacing the Carousel as it wasn't supporting some versions of MS Internet Explorer. Now, the\nsap.m.Carousel is fully functional, please use sap.m.Carousel instead. This control will not be supported anymore.<br>Picture viewer control relying on the TileContainer control","events":{},"extend":"sap.ui.core.Control","description":"Picture viewer control relying on the TileContainer control","Experimental":false,"associations":{},"filetype":"class","aggregations":{"dependents":{"Deprecated":false,"helpDescription":"Dependents are not rendered, but their databinding context and lifecycle are bound to the aggregating Element.","description":"Dependents are not rendered, but their databinding context and lifecycle are bound to the aggregating Element.","Experimental":false,"method":"#getDependents","fullName":"sap.ushell.components.factsheet.controls.PictureViewerItem#dependents","type":"sap.ui.core.Control","multiple":"true"},"customData":{"Deprecated":false,"helpDescription":"Custom Data, a data structure like a map containing arbitrary key value pairs.","description":"Custom Data, a data structure like a map containing arbitrary key value pairs.","Experimental":false,"method":"#getCustomData","fullName":"sap.ushell.components.factsheet.controls.PictureViewerItem#customData","type":"sap.ui.core.CustomData","multiple":"true"},"image":{"Deprecated":false,"Experimental":false,"method":"#getImage","fullName":"sap.ushell.components.factsheet.controls.PictureViewerItem#image","type":"sap.m.Image","multiple":"false"},"layoutData":{"Deprecated":false,"helpDescription":"Defines the layout constraints for this control when it is used inside a Layout.\nLayoutData classes are typed classes and must match the embedding Layout.\nSee VariantLayoutData for aggregating multiple alternative LayoutData instances to a single Element.","description":"Defines the layout constraints for this control when it is used inside a Layout.\nLayoutData classes are typed classes and must match the embedding Layout.\nSee VariantLayoutData for aggregating multiple alternative LayoutData instances to a single Element.","Experimental":false,"method":"#getLayoutData","fullName":"sap.ushell.components.factsheet.controls.PictureViewerItem#layoutData","type":"sap.ui.core.LayoutData","multiple":"false"},"tooltip":{"Deprecated":false,"helpDescription":"The tooltip that should be shown for this Element.\n\nCan either be an instance of a TooltipBase subclass or a simple string.","description":"The tooltip that should be shown for this Element.\n\nCan either be an instance of a TooltipBase subclass or a simple string.","Experimental":false,"method":"#getTooltip","fullName":"sap.ushell.components.factsheet.controls.PictureViewerItem#tooltip","type":"sap.ui.core.TooltipBase","multiple":"false"}},"properties":{"visible":{"Deprecated":false,"helpDescription":"Whether the control should be visible on the screen. If set to false, a placeholder is rendered instead of the real control","description":"Whether the control should be visible on the screen. If set to false, a placeholder is rendered instead of the real control","Experimental":false,"method":"#getVisible","fullName":"sap.ushell.components.factsheet.controls.PictureViewerItem#visible","defaultValue":"true","type":"boolean","group":"Appearance"},"busy":{"Deprecated":false,"helpDescription":"Whether the control is currently in busy state.","description":"Whether the control is currently in busy state.","Experimental":false,"method":"#getBusy","fullName":"sap.ushell.components.factsheet.controls.PictureViewerItem#busy","defaultValue":"false","type":"boolean","group":"Misc"},"fieldGroupIds":{"Deprecated":false,"helpDescription":"The IDs of a logical field group that this control belongs to. All fields in a logical field group should share the same <code>fieldGroupId<\/code>.\nOnce a logical field group is left, the validateFieldGroup event is raised.","description":"The IDs of a logical field group that this control belongs to. All fields in a logical field group should share the same <code>fieldGroupId<\/code>.\nOnce a logical field group is left, the validateFieldGroup event is raised.","Experimental":false,"method":"#getFieldGroupIds","fullName":"sap.ushell.components.factsheet.controls.PictureViewerItem#fieldGroupIds","defaultValue":"[]","type":"string[]","group":"Misc"},"busyIndicatorDelay":{"Deprecated":false,"helpDescription":"The delay in milliseconds, after which the busy indicator will show up for this control.","description":"The delay in milliseconds, after which the busy indicator will show up for this control.","Experimental":false,"method":"#getBusyIndicatorDelay","fullName":"sap.ushell.components.factsheet.controls.PictureViewerItem#busyIndicatorDelay","defaultValue":"1000","type":"int","group":"Misc"},"src":{"Deprecated":false,"Experimental":false,"method":"#getSrc","fullName":"sap.ushell.components.factsheet.controls.PictureViewerItem#src","type":"string","group":"Misc"}}},"sap.ushell.services.Container":{"Deprecated":false,"helpDescription":"The Unified Shell's container which manages renderers, services, and adapters.","events":{},"description":"The Unified Shell's container which manages renderers, services, and adapters.","Experimental":false,"associations":{},"filetype":"class","aggregations":{},"properties":{}},"sap.ushell.services.Bookmark":{"Deprecated":false,"helpDescription":"The unified shell's bookmark service, which allows you to create shortcuts on the\nuser's home page.","events":{},"description":"The unified shell's bookmark service, which allows you to create shortcuts on the\nuser's home page.","Experimental":false,"associations":{},"filetype":"class","aggregations":{},"properties":{}},"sap.ushell.services.PersonalizationContainerVariantSet":{"Deprecated":false,"helpDescription":"The personalization variant set contains variants of personalization data.\n       It is used in the personalization container mode.","events":{},"description":"The personalization variant set contains variants of personalization data.\n       It is used in the personalization container mode.","Experimental":false,"associations":{},"filetype":"class","aggregations":{},"properties":{}},"sap.ushell.components.factsheet.controls.PictureTile":{"Deprecated":true,"helpDescription":"<strong style=\"color: red;\">Deprecated! <\/strong>Since 1.22 \nPictureTile is used in PictureViewer control and is not meant to be consumed outside of PictureViewer usage.\nPictureViewer was replacing the sap.m.Carousel as it wasn't supporting some versions of MS Internet Explorer.\nNow, the sap.m.Carousel is fully functional, please use sap.m.Carousel instead. This control will not be supported anymore.<br>Tile control embedding an image and allowing custom sizing","events":{"pictureDelete":{"Deprecated":false,"helpDescription":"Fired when the user deletes a picture","description":"Fired when the user deletes a picture","Experimental":false,"method":"sap.ushell.components.factsheet.controls.PictureTile#event:pictureDelete","fullName":"sap.ushell.components.factsheet.controls.PictureTile#pictureDelete","type":"fnListenerFunction or [fnListenerFunction, oListenerObject] or [oData, fnListenerFunction, oListenerObject]"}},"extend":"sap.m.CustomTile","description":"Tile control embedding an image and allowing custom sizing","Experimental":false,"associations":{"tileContent":{"Deprecated":false,"Experimental":false,"method":"#getTileContent","fullName":"sap.ushell.components.factsheet.controls.PictureTile#tileContent","type":"sap.ushell.components.factsheet.controls.PictureViewerItem","multiple":"false"}},"filetype":"class","aggregations":{"content":{"Deprecated":false,"helpDescription":"Defines the content of the CustomTile.","description":"Defines the content of the CustomTile.","Experimental":false,"method":"#getContent","fullName":"sap.ushell.components.factsheet.controls.PictureTile#content","type":"sap.ui.core.Control","multiple":"false"},"dependents":{"Deprecated":false,"helpDescription":"Dependents are not rendered, but their databinding context and lifecycle are bound to the aggregating Element.","description":"Dependents are not rendered, but their databinding context and lifecycle are bound to the aggregating Element.","Experimental":false,"method":"#getDependents","fullName":"sap.ushell.components.factsheet.controls.PictureTile#dependents","type":"sap.ui.core.Control","multiple":"true"},"customData":{"Deprecated":false,"helpDescription":"Custom Data, a data structure like a map containing arbitrary key value pairs.","description":"Custom Data, a data structure like a map containing arbitrary key value pairs.","Experimental":false,"method":"#getCustomData","fullName":"sap.ushell.components.factsheet.controls.PictureTile#customData","type":"sap.ui.core.CustomData","multiple":"true"},"layoutData":{"Deprecated":false,"helpDescription":"Defines the layout constraints for this control when it is used inside a Layout.\nLayoutData classes are typed classes and must match the embedding Layout.\nSee VariantLayoutData for aggregating multiple alternative LayoutData instances to a single Element.","description":"Defines the layout constraints for this control when it is used inside a Layout.\nLayoutData classes are typed classes and must match the embedding Layout.\nSee VariantLayoutData for aggregating multiple alternative LayoutData instances to a single Element.","Experimental":false,"method":"#getLayoutData","fullName":"sap.ushell.components.factsheet.controls.PictureTile#layoutData","type":"sap.ui.core.LayoutData","multiple":"false"},"tooltip":{"Deprecated":false,"helpDescription":"The tooltip that should be shown for this Element.\n\nCan either be an instance of a TooltipBase subclass or a simple string.","description":"The tooltip that should be shown for this Element.\n\nCan either be an instance of a TooltipBase subclass or a simple string.","Experimental":false,"method":"#getTooltip","fullName":"sap.ushell.components.factsheet.controls.PictureTile#tooltip","type":"sap.ui.core.TooltipBase","multiple":"false"}},"properties":{"height":{"Deprecated":false,"Experimental":false,"method":"#getHeight","fullName":"sap.ushell.components.factsheet.controls.PictureTile#height","defaultValue":"32px","type":"sap.ui.core.CSSSize","group":"Dimension"},"visible":{"Deprecated":false,"helpDescription":"Whether the control should be visible on the screen. If set to false, a placeholder is rendered instead of the real control","description":"Whether the control should be visible on the screen. If set to false, a placeholder is rendered instead of the real control","Experimental":false,"method":"#getVisible","fullName":"sap.ushell.components.factsheet.controls.PictureTile#visible","defaultValue":"true","type":"boolean","group":"Appearance"},"width":{"Deprecated":false,"Experimental":false,"method":"#getWidth","fullName":"sap.ushell.components.factsheet.controls.PictureTile#width","defaultValue":"32px","type":"sap.ui.core.CSSSize","group":"Dimension"},"removable":{"Deprecated":false,"helpDescription":"Determines whether the tile is movable within the surrounding tile container. The remove event is fired by the tile container.","description":"Determines whether the tile is movable within the surrounding tile container. The remove event is fired by the tile container.","Experimental":false,"method":"#getRemovable","fullName":"sap.ushell.components.factsheet.controls.PictureTile#removable","defaultValue":"true","type":"boolean","group":"Misc"},"busy":{"Deprecated":false,"helpDescription":"Whether the control is currently in busy state.","description":"Whether the control is currently in busy state.","Experimental":false,"method":"#getBusy","fullName":"sap.ushell.components.factsheet.controls.PictureTile#busy","defaultValue":"false","type":"boolean","group":"Misc"},"fieldGroupIds":{"Deprecated":false,"helpDescription":"The IDs of a logical field group that this control belongs to. All fields in a logical field group should share the same <code>fieldGroupId<\/code>.\nOnce a logical field group is left, the validateFieldGroup event is raised.","description":"The IDs of a logical field group that this control belongs to. All fields in a logical field group should share the same <code>fieldGroupId<\/code>.\nOnce a logical field group is left, the validateFieldGroup event is raised.","Experimental":false,"method":"#getFieldGroupIds","fullName":"sap.ushell.components.factsheet.controls.PictureTile#fieldGroupIds","defaultValue":"[]","type":"string[]","group":"Misc"},"busyIndicatorDelay":{"Deprecated":false,"helpDescription":"The delay in milliseconds, after which the busy indicator will show up for this control.","description":"The delay in milliseconds, after which the busy indicator will show up for this control.","Experimental":false,"method":"#getBusyIndicatorDelay","fullName":"sap.ushell.components.factsheet.controls.PictureTile#busyIndicatorDelay","defaultValue":"1000","type":"int","group":"Misc"}}},"sap.ushell.ui.launchpad":{"controls":["sap.ushell.ui.launchpad.LoadingDialog"],"name":"sap.ushell.ui.launchpad","filetype":"library","version":"1.32.4"},"sap.ushell.components":{"name":"sap.ushell.components","filetype":"library","types":["sap.ushell.components.factsheet","sap.ushell.components.tiles"],"version":"1.32.4"},"sap.ushell.services.CrossApplicationNavigation":{"Deprecated":false,"events":{},"Experimental":false,"associations":{},"filetype":"class","aggregations":{},"properties":{}},"sap.ushell.components.tiles.indicatorTileUtils":{"name":"sap.ushell.components.tiles.indicatorTileUtils","filetype":"library","types":["sap.ushell.components.tiles.indicatorTileUtils.odata4analytics"],"version":"1.32.4"},"sap.ushell.services.Personalization.Variant":{"Deprecated":false,"helpDescription":"The personalization variant contains personalization data.\n       It is used in the personalization container mode.","events":{},"description":"The personalization variant contains personalization data.\n       It is used in the personalization container mode.","Experimental":false,"associations":{},"filetype":"class","aggregations":{},"properties":{}},"sap.ushell.services.UserInfo":{"Deprecated":false,"helpDescription":"The Unified Shell's user information service, which allows you to retrieve\n    information about the logged-in user.","events":{},"description":"The Unified Shell's user information service, which allows you to retrieve\n    information about the logged-in user.","Experimental":false,"associations":{},"filetype":"class","aggregations":{},"properties":{}},"sap.ushell.components.factsheet":{"name":"sap.ushell.components.factsheet","filetype":"library","types":["sap.ushell.components.factsheet.controls"],"version":"1.32.4"},"sap.ushell.services.Personalization.VariantSet":{"Deprecated":false,"helpDescription":"The personalization variant set contains variants of personalization data.\n       It is used in the personalization container mode.","events":{},"description":"The personalization variant set contains variants of personalization data.\n       It is used in the personalization container mode.","Experimental":false,"associations":{},"filetype":"class","aggregations":{},"properties":{}},"sap.ushell.services.PersonalizationContainerVariant":{"Deprecated":false,"helpDescription":"The personalization variant contains personalization data.\n       It is used in the personalization container mode.","events":{},"description":"The personalization variant contains personalization data.\n       It is used in the personalization container mode.","Experimental":false,"associations":{},"filetype":"class","aggregations":{},"properties":{}},"sap.ushell.ui.footerbar.AddBookmarkButton":{"Deprecated":false,"helpDescription":"A button to be displayed in the application footer. Clicking the button opens a dialog box allowing the user to save the app state, so that the app can be launched in this state directly from the launchpad.","events":{},"extend":"sap.m.Button","description":"A button to be displayed in the application footer. Clicking the button opens a dialog box allowing the user to save the app state, so that the app can be launched in this state directly from the launchpad.","Experimental":false,"associations":{"ariaDescribedBy":{"Deprecated":false,"helpDescription":"Association to controls / ids which describe this control (see WAI-ARIA attribute aria-describedby).","description":"Association to controls / ids which describe this control (see WAI-ARIA attribute aria-describedby).","Experimental":false,"method":"#getAriaDescribedBy","fullName":"sap.ushell.ui.footerbar.AddBookmarkButton#ariaDescribedBy","type":"sap.ui.core.Control","multiple":"true"},"ariaLabelledBy":{"Deprecated":false,"helpDescription":"Association to controls / ids which label this control (see WAI-ARIA attribute aria-labelledby).","description":"Association to controls / ids which label this control (see WAI-ARIA attribute aria-labelledby).","Experimental":false,"method":"#getAriaLabelledBy","fullName":"sap.ushell.ui.footerbar.AddBookmarkButton#ariaLabelledBy","type":"sap.ui.core.Control","multiple":"true"}},"filetype":"class","aggregations":{"dependents":{"Deprecated":false,"helpDescription":"Dependents are not rendered, but their databinding context and lifecycle are bound to the aggregating Element.","description":"Dependents are not rendered, but their databinding context and lifecycle are bound to the aggregating Element.","Experimental":false,"method":"#getDependents","fullName":"sap.ushell.ui.footerbar.AddBookmarkButton#dependents","type":"sap.ui.core.Control","multiple":"true"},"customData":{"Deprecated":false,"helpDescription":"Custom Data, a data structure like a map containing arbitrary key value pairs.","description":"Custom Data, a data structure like a map containing arbitrary key value pairs.","Experimental":false,"method":"#getCustomData","fullName":"sap.ushell.ui.footerbar.AddBookmarkButton#customData","type":"sap.ui.core.CustomData","multiple":"true"},"layoutData":{"Deprecated":false,"helpDescription":"Defines the layout constraints for this control when it is used inside a Layout.\nLayoutData classes are typed classes and must match the embedding Layout.\nSee VariantLayoutData for aggregating multiple alternative LayoutData instances to a single Element.","description":"Defines the layout constraints for this control when it is used inside a Layout.\nLayoutData classes are typed classes and must match the embedding Layout.\nSee VariantLayoutData for aggregating multiple alternative LayoutData instances to a single Element.","Experimental":false,"method":"#getLayoutData","fullName":"sap.ushell.ui.footerbar.AddBookmarkButton#layoutData","type":"sap.ui.core.LayoutData","multiple":"false"},"tooltip":{"Deprecated":false,"helpDescription":"The tooltip that should be shown for this Element.\n\nCan either be an instance of a TooltipBase subclass or a simple string.","description":"The tooltip that should be shown for this Element.\n\nCan either be an instance of a TooltipBase subclass or a simple string.","Experimental":false,"method":"#getTooltip","fullName":"sap.ushell.ui.footerbar.AddBookmarkButton#tooltip","type":"sap.ui.core.TooltipBase","multiple":"false"}},"properties":{"activeIcon":{"Deprecated":false,"helpDescription":"The source property of an alternative icon for the active (depressed) state of the button.\nBoth active and default icon properties should be defined and have the same type: image or icon font.\nIf the <code>icon<\/code> property is not set or has a different type, the active icon is not displayed.","description":"The source property of an alternative icon for the active (depressed) state of the button.\nBoth active and default icon properties should be defined and have the same type: image or icon font.\nIf the <code>icon<\/code> property is not set or has a different type, the active icon is not displayed.","Experimental":false,"method":"#getActiveIcon","fullName":"sap.ushell.ui.footerbar.AddBookmarkButton#activeIcon","type":"sap.ui.core.URI","group":"Misc"},"beforePressHandler":{"Deprecated":false,"Experimental":false,"method":"#getBeforePressHandler","fullName":"sap.ushell.ui.footerbar.AddBookmarkButton#beforePressHandler","type":"any","group":"Misc"},"visible":{"Deprecated":false,"helpDescription":"Whether the control should be visible on the screen. If set to false, a placeholder is rendered instead of the real control","description":"Whether the control should be visible on the screen. If set to false, a placeholder is rendered instead of the real control","Experimental":false,"method":"#getVisible","fullName":"sap.ushell.ui.footerbar.AddBookmarkButton#visible","defaultValue":"true","type":"boolean","group":"Appearance"},"busy":{"Deprecated":false,"helpDescription":"Whether the control is currently in busy state.","description":"Whether the control is currently in busy state.","Experimental":false,"method":"#getBusy","fullName":"sap.ushell.ui.footerbar.AddBookmarkButton#busy","defaultValue":"false","type":"boolean","group":"Misc"},"type":{"Deprecated":false,"helpDescription":"Type of a button (e.g. Default, Accept, Reject, Back, etc.)","description":"Type of a button (e.g. Default, Accept, Reject, Back, etc.)","Experimental":false,"method":"#getType","fullName":"sap.ushell.ui.footerbar.AddBookmarkButton#type","defaultValue":"Default","type":"sap.m.ButtonType","group":"Appearance"},"tileIcon":{"Deprecated":false,"Experimental":false,"method":"#getTileIcon","fullName":"sap.ushell.ui.footerbar.AddBookmarkButton#tileIcon","type":"string","group":"Misc"},"info":{"Deprecated":false,"Experimental":false,"method":"#getInfo","fullName":"sap.ushell.ui.footerbar.AddBookmarkButton#info","type":"string","group":"Misc"},"title":{"Deprecated":false,"Experimental":false,"method":"#getTitle","fullName":"sap.ushell.ui.footerbar.AddBookmarkButton#title","type":"string","group":"Misc"},"appData":{"Deprecated":false,"Experimental":false,"method":"#getAppData","fullName":"sap.ushell.ui.footerbar.AddBookmarkButton#appData","type":"object","group":"Misc"},"busyIndicatorDelay":{"Deprecated":false,"helpDescription":"The delay in milliseconds, after which the busy indicator will show up for this control.","description":"The delay in milliseconds, after which the busy indicator will show up for this control.","Experimental":false,"method":"#getBusyIndicatorDelay","fullName":"sap.ushell.ui.footerbar.AddBookmarkButton#busyIndicatorDelay","defaultValue":"1000","type":"int","group":"Misc"},"numberUnit":{"Deprecated":false,"Experimental":false,"method":"#getNumberUnit","fullName":"sap.ushell.ui.footerbar.AddBookmarkButton#numberUnit","type":"string","group":"Misc"},"iconFirst":{"Deprecated":false,"helpDescription":"If set to true (default), the display sequence is 1. icon 2. control text","description":"If set to true (default), the display sequence is 1. icon 2. control text","Experimental":false,"method":"#getIconFirst","fullName":"sap.ushell.ui.footerbar.AddBookmarkButton#iconFirst","defaultValue":"true","type":"boolean","group":"Appearance"},"icon":{"Deprecated":false,"helpDescription":"Icon to be displayed as graphical element within the button. This can be an image or an icon from the icon font.","description":"Icon to be displayed as graphical element within the button. This can be an image or an icon from the icon font.","Experimental":false,"method":"#getIcon","fullName":"sap.ushell.ui.footerbar.AddBookmarkButton#icon","type":"sap.ui.core.URI","group":"Appearance"},"enabled":{"Deprecated":false,"helpDescription":"Boolean property to enable the control (default is true). Buttons that are disabled have other colors than enabled ones, depending on custom settings","description":"Boolean property to enable the control (default is true). Buttons that are disabled have other colors than enabled ones, depending on custom settings","Experimental":false,"method":"#getEnabled","fullName":"sap.ushell.ui.footerbar.AddBookmarkButton#enabled","defaultValue":"true","type":"boolean","group":"Behavior"},"text":{"Deprecated":false,"helpDescription":"Button text","description":"Button text","Experimental":false,"method":"#getText","fullName":"sap.ushell.ui.footerbar.AddBookmarkButton#text","type":"string","group":"Misc"},"keywords":{"Deprecated":false,"Experimental":false,"method":"#getKeywords","fullName":"sap.ushell.ui.footerbar.AddBookmarkButton#keywords","type":"string","group":"Misc"},"iconDensityAware":{"Deprecated":false,"helpDescription":"By default, this is set to true but then one or more requests are sent trying to get the density perfect version of image if this version of image doesn't exist on the server.\n\nIf only one version of image is provided, set this value to false to avoid the attempt of fetching density perfect image.","description":"By default, this is set to true but then one or more requests are sent trying to get the density perfect version of image if this version of image doesn't exist on the server.\n\nIf only one version of image is provided, set this value to false to avoid the attempt of fetching density perfect image.","Experimental":false,"method":"#getIconDensityAware","fullName":"sap.ushell.ui.footerbar.AddBookmarkButton#iconDensityAware","defaultValue":"true","type":"boolean","group":"Misc"},"width":{"Deprecated":false,"helpDescription":"Defines the width of the button.","description":"Defines the width of the button.","Experimental":false,"method":"#getWidth","fullName":"sap.ushell.ui.footerbar.AddBookmarkButton#width","type":"sap.ui.core.CSSSize","group":"Misc"},"serviceUrl":{"Deprecated":false,"Experimental":false,"method":"#getServiceUrl","fullName":"sap.ushell.ui.footerbar.AddBookmarkButton#serviceUrl","type":"any","group":"Misc"},"textDirection":{"Deprecated":false,"helpDescription":"This property specifies the element's text directionality with enumerated options. By default, the control inherits text direction from the DOM.","description":"This property specifies the element's text directionality with enumerated options. By default, the control inherits text direction from the DOM.","Experimental":false,"method":"#getTextDirection","fullName":"sap.ushell.ui.footerbar.AddBookmarkButton#textDirection","defaultValue":"Inherit","type":"sap.ui.core.TextDirection","group":"Appearance"},"subtitle":{"Deprecated":false,"Experimental":false,"method":"#getSubtitle","fullName":"sap.ushell.ui.footerbar.AddBookmarkButton#subtitle","type":"string","group":"Misc"},"fieldGroupIds":{"Deprecated":false,"helpDescription":"The IDs of a logical field group that this control belongs to. All fields in a logical field group should share the same <code>fieldGroupId<\/code>.\nOnce a logical field group is left, the validateFieldGroup event is raised.","description":"The IDs of a logical field group that this control belongs to. All fields in a logical field group should share the same <code>fieldGroupId<\/code>.\nOnce a logical field group is left, the validateFieldGroup event is raised.","Experimental":false,"method":"#getFieldGroupIds","fullName":"sap.ushell.ui.footerbar.AddBookmarkButton#fieldGroupIds","defaultValue":"[]","type":"string[]","group":"Misc"},"customUrl":{"Deprecated":false,"Experimental":false,"method":"#getCustomUrl","fullName":"sap.ushell.ui.footerbar.AddBookmarkButton#customUrl","type":"any","group":"Misc"},"showGroupSelection":{"Deprecated":false,"Experimental":false,"method":"#getShowGroupSelection","fullName":"sap.ushell.ui.footerbar.AddBookmarkButton#showGroupSelection","defaultValue":"true","type":"boolean","group":"Misc"},"serviceRefreshInterval":{"Deprecated":false,"Experimental":false,"method":"#getServiceRefreshInterval","fullName":"sap.ushell.ui.footerbar.AddBookmarkButton#serviceRefreshInterval","type":"string","group":"Misc"},"afterPressHandler":{"Deprecated":false,"Experimental":false,"method":"#getAfterPressHandler","fullName":"sap.ushell.ui.footerbar.AddBookmarkButton#afterPressHandler","type":"any","group":"Misc"}}},"sap.ushell.components.factsheet.controls":{"controls":["sap.ushell.components.factsheet.controls.PictureViewerItem"],"name":"sap.ushell.components.factsheet.controls","filetype":"library","version":"1.32.4"},"sap.ushell.services.TransientPersonalizer":{"Deprecated":false,"helpDescription":"The transient personalizer shall be used\n       in container mode for table personalization.","events":{},"description":"The transient personalizer shall be used\n       in container mode for table personalization.","Experimental":false,"associations":{},"filetype":"class","aggregations":{},"properties":{}},"sap.ushell.components.tiles":{"name":"sap.ushell.components.tiles","filetype":"library","types":["sap.ushell.components.tiles.indicatorTileUtils"],"version":"1.32.4"},"sap.ushell.components.tiles.indicatorTileUtils.odata4analytics":{"name":"sap.ushell.components.tiles.indicatorTileUtils.odata4analytics","filetype":"library","types":["sap.ushell.components.tiles.indicatorTileUtils.odata4analytics.SortOrder"],"version":"1.32.4"},"sap.ushell.services.Message":{"Deprecated":false,"events":{},"Experimental":false,"associations":{},"filetype":"class","aggregations":{},"properties":{}},"sap.ushell.services.Personalizer":{"Deprecated":false,"helpDescription":"The Unified Shell personalizer providing set get delete\n       methods to access the persisted personalization data in direct mode.","events":{},"description":"The Unified Shell personalizer providing set get delete\n       methods to access the persisted personalization data in direct mode.","Experimental":false,"associations":{},"filetype":"class","aggregations":{},"properties":{}},"sap.ushell.System":{"Deprecated":false,"helpDescription":"A representation of a system","events":{},"description":"A representation of a system","Experimental":false,"associations":{},"filetype":"class","aggregations":{},"properties":{}},"sap.ushell.ui":{"name":"sap.ushell.ui","filetype":"library","types":["sap.ushell.ui.footerbar","sap.ushell.ui.launchpad","sap.ushell.ui.shell"],"version":"1.32.4"},"sap.ushell.components.factsheet.controls.PictureViewer":{"Deprecated":true,"helpDescription":"<strong style=\"color: red;\">Deprecated! <\/strong>Since 1.22 PictureViewer was replacing the Carousel as it wasn't supporting some versions of MS Internet Explorer.\nNow, the sap.m.Carousel is fully functional, please use sap.m.Carousel instead.\nThis control will not be supported anymore.<br>Picture viewer control relying on the TileContainer control","events":{"pictureDeleted":{"Deprecated":false,"helpDescription":"Thrown when user delete an image","description":"Thrown when user delete an image","Experimental":false,"method":"sap.ushell.components.factsheet.controls.PictureViewer#event:pictureDeleted","fullName":"sap.ushell.components.factsheet.controls.PictureViewer#pictureDeleted","type":"fnListenerFunction or [fnListenerFunction, oListenerObject] or [oData, fnListenerFunction, oListenerObject]"}},"extend":"sap.m.TileContainer","description":"Picture viewer control relying on the TileContainer control","Experimental":false,"associations":{},"filetype":"class","aggregations":{"dependents":{"Deprecated":false,"helpDescription":"Dependents are not rendered, but their databinding context and lifecycle are bound to the aggregating Element.","description":"Dependents are not rendered, but their databinding context and lifecycle are bound to the aggregating Element.","Experimental":false,"method":"#getDependents","fullName":"sap.ushell.components.factsheet.controls.PictureViewer#dependents","type":"sap.ui.core.Control","multiple":"true"},"tiles":{"Deprecated":false,"helpDescription":"The Tiles to be displayed by the TileContainer.","description":"The Tiles to be displayed by the TileContainer.","Experimental":false,"method":"#getTiles","fullName":"sap.ushell.components.factsheet.controls.PictureViewer#tiles","type":"sap.m.Tile","multiple":"true"},"items":{"Deprecated":false,"Experimental":false,"method":"#getItems","fullName":"sap.ushell.components.factsheet.controls.PictureViewer#items","type":"sap.ushell.components.factsheet.controls.PictureViewerItem","multiple":"true"},"customData":{"Deprecated":false,"helpDescription":"Custom Data, a data structure like a map containing arbitrary key value pairs.","description":"Custom Data, a data structure like a map containing arbitrary key value pairs.","Experimental":false,"method":"#getCustomData","fullName":"sap.ushell.components.factsheet.controls.PictureViewer#customData","type":"sap.ui.core.CustomData","multiple":"true"},"layoutData":{"Deprecated":false,"helpDescription":"Defines the layout constraints for this control when it is used inside a Layout.\nLayoutData classes are typed classes and must match the embedding Layout.\nSee VariantLayoutData for aggregating multiple alternative LayoutData instances to a single Element.","description":"Defines the layout constraints for this control when it is used inside a Layout.\nLayoutData classes are typed classes and must match the embedding Layout.\nSee VariantLayoutData for aggregating multiple alternative LayoutData instances to a single Element.","Experimental":false,"method":"#getLayoutData","fullName":"sap.ushell.components.factsheet.controls.PictureViewer#layoutData","type":"sap.ui.core.LayoutData","multiple":"false"},"tooltip":{"Deprecated":false,"helpDescription":"The tooltip that should be shown for this Element.\n\nCan either be an instance of a TooltipBase subclass or a simple string.","description":"The tooltip that should be shown for this Element.\n\nCan either be an instance of a TooltipBase subclass or a simple string.","Experimental":false,"method":"#getTooltip","fullName":"sap.ushell.components.factsheet.controls.PictureViewer#tooltip","type":"sap.ui.core.TooltipBase","multiple":"false"}},"properties":{"allowAdd":{"Deprecated":false,"helpDescription":"Determines whether the user is allowed to add Tiles in Edit mode (editable = true).","description":"Determines whether the user is allowed to add Tiles in Edit mode (editable = true).","Experimental":false,"method":"#getAllowAdd","fullName":"sap.ushell.components.factsheet.controls.PictureViewer#allowAdd","type":"boolean","group":"Misc"},"height":{"Deprecated":false,"helpDescription":"Defines the height of the TileContainer in px.","description":"Defines the height of the TileContainer in px.","Experimental":false,"method":"#getHeight","fullName":"sap.ushell.components.factsheet.controls.PictureViewer#height","defaultValue":"100%","type":"sap.ui.core.CSSSize","group":"Dimension"},"visible":{"Deprecated":false,"helpDescription":"Whether the control should be visible on the screen. If set to false, a placeholder is rendered instead of the real control","description":"Whether the control should be visible on the screen. If set to false, a placeholder is rendered instead of the real control","Experimental":false,"method":"#getVisible","fullName":"sap.ushell.components.factsheet.controls.PictureViewer#visible","defaultValue":"true","type":"boolean","group":"Appearance"},"removable":{"Deprecated":false,"Experimental":false,"method":"#getRemovable","fullName":"sap.ushell.components.factsheet.controls.PictureViewer#removable","defaultValue":"false","type":"boolean","group":"Misc"},"tileScaling":{"Deprecated":false,"Experimental":false,"method":"#getTileScaling","fullName":"sap.ushell.components.factsheet.controls.PictureViewer#tileScaling","defaultValue":"0.95","type":"float","group":"Misc"},"width":{"Deprecated":false,"helpDescription":"Defines the width of the TileContainer in px.","description":"Defines the width of the TileContainer in px.","Experimental":false,"method":"#getWidth","fullName":"sap.ushell.components.factsheet.controls.PictureViewer#width","defaultValue":"100%","type":"sap.ui.core.CSSSize","group":"Dimension"},"busy":{"Deprecated":false,"helpDescription":"Whether the control is currently in busy state.","description":"Whether the control is currently in busy state.","Experimental":false,"method":"#getBusy","fullName":"sap.ushell.components.factsheet.controls.PictureViewer#busy","defaultValue":"false","type":"boolean","group":"Misc"},"fieldGroupIds":{"Deprecated":false,"helpDescription":"The IDs of a logical field group that this control belongs to. All fields in a logical field group should share the same <code>fieldGroupId<\/code>.\nOnce a logical field group is left, the validateFieldGroup event is raised.","description":"The IDs of a logical field group that this control belongs to. All fields in a logical field group should share the same <code>fieldGroupId<\/code>.\nOnce a logical field group is left, the validateFieldGroup event is raised.","Experimental":false,"method":"#getFieldGroupIds","fullName":"sap.ushell.components.factsheet.controls.PictureViewer#fieldGroupIds","defaultValue":"[]","type":"string[]","group":"Misc"},"busyIndicatorDelay":{"Deprecated":false,"helpDescription":"The delay in milliseconds, after which the busy indicator will show up for this control.","description":"The delay in milliseconds, after which the busy indicator will show up for this control.","Experimental":false,"method":"#getBusyIndicatorDelay","fullName":"sap.ushell.components.factsheet.controls.PictureViewer#busyIndicatorDelay","defaultValue":"1000","type":"int","group":"Misc"},"editable":{"Deprecated":false,"helpDescription":"Determines whether the TileContainer is editable so you can move, delete or add tiles.","description":"Determines whether the TileContainer is editable so you can move, delete or add tiles.","Experimental":false,"method":"#getEditable","fullName":"sap.ushell.components.factsheet.controls.PictureViewer#editable","type":"boolean","group":"Misc"}}},"sap":{"name":"sap","filetype":"library","types":["sap.ushell"],"version":"1.32.4"},"sap.ushell.services.LaunchPage":{"Deprecated":false,"helpDescription":"The Unified Shell's page builder service.","events":{},"description":"The Unified Shell's page builder service.","Experimental":false,"associations":{},"filetype":"class","aggregations":{},"properties":{}},"sap.ushell.renderers":{"name":"sap.ushell.renderers","filetype":"library","types":["sap.ushell.renderers.fiori2"],"version":"1.32.4"},"sap.ushell.services.PersonalizationContainer":{"Deprecated":false,"helpDescription":"The personalization container is the anchor object of the unified shell\n       personalization in container mode.","events":{},"description":"The personalization container is the anchor object of the unified shell\n       personalization in container mode.","Experimental":false,"associations":{},"filetype":"class","aggregations":{},"properties":{}},"sap.ushell":{"name":"sap.ushell","filetype":"library","types":["sap.ushell.adapters","sap.ushell.renderers","sap.ushell.services","sap.ushell.ui","sap.ushell.components"],"version":"1.32.4"},"sap.ushell.services.UsageAnalytics":{"Deprecated":false,"helpDescription":"A UShell service for tracking business flows and user actions.\n\nThe UsageAnalytics service exposes API for logging custom events and setting custom field values in the logged events.<br>\nThe data is sent via http and recorded on a server, whose URL is defined by the <code>baseUrl<\/code> service configuration property.<br>\nThe service configuration must also include the site ID from the <code>pubToken<\/code> attribute.<br>\nYou can find the pubToken in the code snippet provided in the WARP when creating a new site.\n\nEach tracked event is represented by a table entry on the server database.<br>\nThe administrator can produce reports based on the the recorded data.\n\nTwo types of events can be logged:<br>\n- Automatic events: Click or pageLoad are predefined events, logged by the base tracking library.<br>\n You can disable these events in the service configuration.<br>\n- Custom events: You can use the service API to log an event with custom data using the function logCustomEvent<br>\n\nEach tracked event (either automatic or custom) is represented by a database row, that includes 10 custom attributes named custom1...custom10.<br>\n Some of these values can be set using UsageAnalytics service API.<br>","events":{},"description":"A UShell service for tracking business flows and user actions.\n\nThe UsageAnalytics service exposes API for logging custom events and setting custom field values in the logged events.<br>\nThe data is sent via http and recorded on a server, whose URL is defined by the <code>baseUrl<\/code> service configuration property.<br>\nThe service configuration must also include the site ID from the <code>pubToken<\/code> attribute.<br>\nYou can find the pubToken in the code snippet provided in the WARP when creating a new site.\n\nEach tracked event is represented by a table entry on the server database.<br>\nThe administrator can produce reports based on the the recorded data.\n\nTwo types of events can be logged:<br>\n- Automatic events: Click or pageLoad are predefined events, logged by the base tracking library.<br>\n You can disable these events in the service configuration.<br>\n- Custom events: You can use the service API to log an event with custom data using the function logCustomEvent<br>\n\nEach tracked event (either automatic or custom) is represented by a database row, that includes 10 custom attributes named custom1...custom10.<br>\n Some of these values can be set using UsageAnalytics service API.<br>","Experimental":false,"associations":{},"filetype":"class","aggregations":{},"properties":{}},"sap.ushell.ui.shell":{"controls":["sap.ushell.ui.shell.ToolAreaItem"],"name":"sap.ushell.ui.shell","filetype":"library","version":"1.32.4"},"sap.ushell.services.URLParsing":{"Deprecated":false,"events":{},"Experimental":false,"associations":{},"filetype":"class","aggregations":{},"properties":{}},"sap.ushell.ui.shell.ToolAreaItem":{"Deprecated":false,"helpDescription":"A control to be placed in the tool area","events":{"press":{"Deprecated":false,"helpDescription":"Event is fired when the user presses the item.","description":"Event is fired when the user presses the item.","Experimental":false,"method":"sap.ushell.ui.shell.ToolAreaItem#event:press","fullName":"sap.ushell.ui.shell.ToolAreaItem#press","type":"fnListenerFunction or [fnListenerFunction, oListenerObject] or [oData, fnListenerFunction, oListenerObject]"},"expand":{"Deprecated":false,"helpDescription":"Event is fired when the user presses the item.","description":"Event is fired when the user presses the item.","Experimental":false,"method":"sap.ushell.ui.shell.ToolAreaItem#event:press","fullName":"sap.ushell.ui.shell.ToolAreaItem#press","type":"fnListenerFunction or [fnListenerFunction, oListenerObject] or [oData, fnListenerFunction, oListenerObject]"}},"extend":"sap.ui.core.Control","description":"A control to be placed in the tool area","Experimental":false,"associations":{},"filetype":"class","aggregations":{"dependents":{"Deprecated":false,"helpDescription":"Dependents are not rendered, but their databinding context and lifecycle are bound to the aggregating Element.","description":"Dependents are not rendered, but their databinding context and lifecycle are bound to the aggregating Element.","Experimental":false,"method":"#getDependents","fullName":"sap.ushell.ui.shell.ToolAreaItem#dependents","type":"sap.ui.core.Control","multiple":"true"},"customData":{"Deprecated":false,"helpDescription":"Custom Data, a data structure like a map containing arbitrary key value pairs.","description":"Custom Data, a data structure like a map containing arbitrary key value pairs.","Experimental":false,"method":"#getCustomData","fullName":"sap.ushell.ui.shell.ToolAreaItem#customData","type":"sap.ui.core.CustomData","multiple":"true"},"layoutData":{"Deprecated":false,"helpDescription":"Defines the layout constraints for this control when it is used inside a Layout.\nLayoutData classes are typed classes and must match the embedding Layout.\nSee VariantLayoutData for aggregating multiple alternative LayoutData instances to a single Element.","description":"Defines the layout constraints for this control when it is used inside a Layout.\nLayoutData classes are typed classes and must match the embedding Layout.\nSee VariantLayoutData for aggregating multiple alternative LayoutData instances to a single Element.","Experimental":false,"method":"#getLayoutData","fullName":"sap.ushell.ui.shell.ToolAreaItem#layoutData","type":"sap.ui.core.LayoutData","multiple":"false"},"tooltip":{"Deprecated":false,"helpDescription":"The tooltip that should be shown for this Element.\n\nCan either be an instance of a TooltipBase subclass or a simple string.","description":"The tooltip that should be shown for this Element.\n\nCan either be an instance of a TooltipBase subclass or a simple string.","Experimental":false,"method":"#getTooltip","fullName":"sap.ushell.ui.shell.ToolAreaItem#tooltip","type":"sap.ui.core.TooltipBase","multiple":"false"}},"properties":{"icon":{"Deprecated":false,"helpDescription":"Icon that is displayed in the item.","description":"Icon that is displayed in the item.","Experimental":false,"method":"#getIcon","fullName":"sap.ushell.ui.shell.ToolAreaItem#icon","type":"sap.ui.core.URI","group":"Appearance"},"text":{"Deprecated":false,"Experimental":false,"method":"#getText","fullName":"sap.ushell.ui.shell.ToolAreaItem#text","type":"string","group":"Appearance"},"selected":{"Deprecated":false,"helpDescription":"Defines whether to mark the control as selected","description":"Defines whether to mark the control as selected","Experimental":false,"method":"#getSelected","fullName":"sap.ushell.ui.shell.ToolAreaItem#selected","defaultValue":"false","type":"boolean","group":"Appearance"},"visible":{"Deprecated":false,"helpDescription":"Defines whether to display the control","description":"Defines whether to display the control","Experimental":false,"method":"#getVisible","fullName":"sap.ushell.ui.shell.ToolAreaItem#visible","defaultValue":"true","type":"boolean","group":"Appearance"},"busy":{"Deprecated":false,"helpDescription":"Whether the control is currently in busy state.","description":"Whether the control is currently in busy state.","Experimental":false,"method":"#getBusy","fullName":"sap.ushell.ui.shell.ToolAreaItem#busy","defaultValue":"false","type":"boolean","group":"Misc"},"fieldGroupIds":{"Deprecated":false,"helpDescription":"The IDs of a logical field group that this control belongs to. All fields in a logical field group should share the same <code>fieldGroupId<\/code>.\nOnce a logical field group is left, the validateFieldGroup event is raised.","description":"The IDs of a logical field group that this control belongs to. All fields in a logical field group should share the same <code>fieldGroupId<\/code>.\nOnce a logical field group is left, the validateFieldGroup event is raised.","Experimental":false,"method":"#getFieldGroupIds","fullName":"sap.ushell.ui.shell.ToolAreaItem#fieldGroupIds","defaultValue":"[]","type":"string[]","group":"Misc"},"busyIndicatorDelay":{"Deprecated":false,"helpDescription":"The delay in milliseconds, after which the busy indicator will show up for this control.","description":"The delay in milliseconds, after which the busy indicator will show up for this control.","Experimental":false,"method":"#getBusyIndicatorDelay","fullName":"sap.ushell.ui.shell.ToolAreaItem#busyIndicatorDelay","defaultValue":"1000","type":"int","group":"Misc"},"ariaLabel":{"Deprecated":false,"helpDescription":"Text  which will be read by screenreader.","description":"Text  which will be read by screenreader.","Experimental":false,"method":"#getAriaLabel","fullName":"sap.ushell.ui.shell.ToolAreaItem#ariaLabel","type":"string","group":"Appearance"},"expandable":{"Deprecated":false,"helpDescription":"Defines whether the control will have the \"expand\" functionality","description":"Defines whether the control will have the \"expand\" functionality","Experimental":false,"method":"#getExpandable","fullName":"sap.ushell.ui.shell.ToolAreaItem#expandable","defaultValue":"false","type":"boolean","group":"Appearance"}}},"sap.ushell.services.Personalization.ContextContainer":{"Deprecated":false,"helpDescription":"The container is the anchor object of the unified shell\n       personalization in container mode.","events":{},"description":"The container is the anchor object of the unified shell\n       personalization in container mode.","Experimental":false,"associations":{},"filetype":"class","aggregations":{},"properties":{}},"sap.ushell.services.Personalization.VariantSetAdapter":{"Deprecated":false,"helpDescription":"Wrapper object to expose a variant interface on a\n       ContextContainer object obtained from the Peronalization service:\n       <code>\n       getContainer(...).done( function(oContainer) {\n          that.oVariantSetContainer = new sap.ushell.services.Personalization.VariantSetAdapater(oContainer);\n          });\n       <\/code>","events":{},"description":"Wrapper object to expose a variant interface on a\n       ContextContainer object obtained from the Peronalization service:\n       <code>\n       getContainer(...).done( function(oContainer) {\n          that.oVariantSetContainer = new sap.ushell.services.Personalization.VariantSetAdapater(oContainer);\n          });\n       <\/code>","Experimental":false,"associations":{},"filetype":"class","aggregations":{},"properties":{}},"sap.ushell.services.NavTargetResolution":{"Deprecated":false,"helpDescription":"The Unified Shell's internal navigation target resolution service\n\nMethods in this class deal with *internal* representations of the shell hash.\n\nconfigurations:\n<code>config : { allowTestUrlComponentConfig  : true }<\/code>\nallow to redefine the Test-url, Test-local1, Test-local2 applications via url parameters\n(sap-ushell-test-local1-url=  / sap-ushell-test-local1-additionalInformation=  ... )","events":{},"description":"The Unified Shell's internal navigation target resolution service\n\nMethods in this class deal with *internal* representations of the shell hash.\n\nconfigurations:\n<code>config : { allowTestUrlComponentConfig  : true }<\/code>\nallow to redefine the Test-url, Test-local1, Test-local2 applications via url parameters\n(sap-ushell-test-local1-url=  / sap-ushell-test-local1-additionalInformation=  ... )","Experimental":false,"associations":{},"filetype":"class","aggregations":{},"properties":{}},"sap.ushell.renderers.fiori2.Renderer":{"Deprecated":false,"helpDescription":"The SAPUI5 component of SAP Fiori Launchpad renderer for the Unified Shell.","events":{},"extend":"sap.ui.core.UIComponent","description":"The SAPUI5 component of SAP Fiori Launchpad renderer for the Unified Shell.","Experimental":false,"associations":{},"filetype":"class","aggregations":{},"properties":{}},"sap.ushell.services.Personalization":{"Deprecated":false,"helpDescription":"The Unified Shell's personalization service, which provides a\n       personalizer object that handles all personalization operations.","events":{},"description":"The Unified Shell's personalization service, which provides a\n       personalizer object that handles all personalization operations.","Experimental":false,"associations":{},"filetype":"class","aggregations":{},"properties":{}},"sap.ushell.services.ContainerInterface":{"Deprecated":false,"helpDescription":"This is a virtual type for the callback interface passed by\r{@link sap.ui.Container.getService()} to any newly created service.","events":{},"description":"This is a virtual type for the callback interface passed by\r{@link sap.ui.Container.getService()} to any newly created service.","Experimental":false,"associations":{},"filetype":"class","aggregations":{},"properties":{}}}}