{"enums":{"sap.ui.dt.SelectionMode":{"Multi":{"Deprecated":false,"helpDescription":"Select multiple overlays at a time.","description":"Select multiple overlays at a time.","Experimental":false,"value":"Multi"},"Single":{"Deprecated":false,"helpDescription":"Select one overlay at a time.","description":"Select one overlay at a time.","Experimental":false,"value":"Single"}}},"metadatas":{"sap":{"name":"sap","filetype":"library","types":["sap.ui"],"version":"1.32.4"},"sap.ui":{"name":"sap.ui","filetype":"library","types":["sap.ui.dt"],"version":"1.32.4"},"sap.ui.dt":{"name":"sap.ui.dt","filetype":"library","types":["sap.ui.dt.SelectionMode"],"version":"1.32.4"}}}