{"enums":[],"metadatas":{"sap":{"name":"sap","filetype":"library","types":["sap.ndc"],"version":"1.32.4"},"sap.ndc":{"controls":["sap.ndc.BarcodeScannerButton"],"name":"sap.ndc","filetype":"library","types":["sap.ndc.BarcodeScanner"],"version":"1.32.4"},"sap.ndc.BarcodeScannerButton":{"Deprecated":false,"helpDescription":"A button control (displaying a bar code icon) to start the bar code scanning process. If the native scanning feature is\nnot available, the button is either hidden or it provides a fallback by opening a dialog with an input field where the bar code can\nbe entered manually.","events":{"inputLiveUpdate":{"Deprecated":false,"helpDescription":"Event is fired when the scanning is finished or cancelled","description":"Event is fired when the scanning is finished or cancelled","Experimental":false,"method":"sap.ndc.BarcodeScannerButton#event:scanSuccess","fullName":"sap.ndc.BarcodeScannerButton#scanSuccess","type":"fnListenerFunction or [fnListenerFunction, oListenerObject] or [oData, fnListenerFunction, oListenerObject]"},"scanFail":{"Deprecated":false,"helpDescription":"Event is fired when the scanning is finished or cancelled","description":"Event is fired when the scanning is finished or cancelled","Experimental":false,"method":"sap.ndc.BarcodeScannerButton#event:scanSuccess","fullName":"sap.ndc.BarcodeScannerButton#scanSuccess","type":"fnListenerFunction or [fnListenerFunction, oListenerObject] or [oData, fnListenerFunction, oListenerObject]"},"scanSuccess":{"Deprecated":false,"helpDescription":"Event is fired when the scanning is finished or cancelled","description":"Event is fired when the scanning is finished or cancelled","Experimental":false,"method":"sap.ndc.BarcodeScannerButton#event:scanSuccess","fullName":"sap.ndc.BarcodeScannerButton#scanSuccess","type":"fnListenerFunction or [fnListenerFunction, oListenerObject] or [oData, fnListenerFunction, oListenerObject]"}},"extend":"sap.ui.core.Control","description":"A button control (displaying a bar code icon) to start the bar code scanning process. If the native scanning feature is\nnot available, the button is either hidden or it provides a fallback by opening a dialog with an input field where the bar code can\nbe entered manually.","Experimental":false,"associations":{},"filetype":"class","aggregations":{"dependents":{"Deprecated":false,"helpDescription":"Dependents are not rendered, but their databinding context and lifecycle are bound to the aggregating Element.","description":"Dependents are not rendered, but their databinding context and lifecycle are bound to the aggregating Element.","Experimental":false,"method":"#getDependents","fullName":"sap.ndc.BarcodeScannerButton#dependents","type":"sap.ui.core.Control","multiple":"true"},"customData":{"Deprecated":false,"helpDescription":"Custom Data, a data structure like a map containing arbitrary key value pairs.","description":"Custom Data, a data structure like a map containing arbitrary key value pairs.","Experimental":false,"method":"#getCustomData","fullName":"sap.ndc.BarcodeScannerButton#customData","type":"sap.ui.core.CustomData","multiple":"true"},"_btn":{"Deprecated":false,"helpDescription":"Internal aggregation to hold the inner Button.","description":"Internal aggregation to hold the inner Button.","Experimental":false,"method":"#get_btn","fullName":"sap.ndc.BarcodeScannerButton#_btn","type":"sap.m.Button","multiple":"false"},"layoutData":{"Deprecated":false,"helpDescription":"Defines the layout constraints for this control when it is used inside a Layout.\nLayoutData classes are typed classes and must match the embedding Layout.\nSee VariantLayoutData for aggregating multiple alternative LayoutData instances to a single Element.","description":"Defines the layout constraints for this control when it is used inside a Layout.\nLayoutData classes are typed classes and must match the embedding Layout.\nSee VariantLayoutData for aggregating multiple alternative LayoutData instances to a single Element.","Experimental":false,"method":"#getLayoutData","fullName":"sap.ndc.BarcodeScannerButton#layoutData","type":"sap.ui.core.LayoutData","multiple":"false"},"tooltip":{"Deprecated":false,"helpDescription":"The tooltip that should be shown for this Element.\n\nCan either be an instance of a TooltipBase subclass or a simple string.","description":"The tooltip that should be shown for this Element.\n\nCan either be an instance of a TooltipBase subclass or a simple string.","Experimental":false,"method":"#getTooltip","fullName":"sap.ndc.BarcodeScannerButton#tooltip","type":"sap.ui.core.TooltipBase","multiple":"false"}},"properties":{"visible":{"Deprecated":false,"helpDescription":"The invisible bar code scanner button is not rendered regardless of the availability of the native scan feature.","description":"The invisible bar code scanner button is not rendered regardless of the availability of the native scan feature.","Experimental":false,"method":"#getVisible","fullName":"sap.ndc.BarcodeScannerButton#visible","defaultValue":"true","type":"boolean","group":"Misc"},"provideFallback":{"Deprecated":false,"helpDescription":"If set to true, the button remains visible if the scanner is not available and triggers a dialog to enter bar code.","description":"If set to true, the button remains visible if the scanner is not available and triggers a dialog to enter bar code.","Experimental":false,"method":"#getProvideFallback","fullName":"sap.ndc.BarcodeScannerButton#provideFallback","defaultValue":"true","type":"boolean","group":"Misc"},"width":{"Deprecated":false,"helpDescription":"Defines the width of the scanner button.","description":"Defines the width of the scanner button.","Experimental":false,"method":"#getWidth","fullName":"sap.ndc.BarcodeScannerButton#width","type":"sap.ui.core.CSSSize","group":"Misc"},"busy":{"Deprecated":false,"helpDescription":"Whether the control is currently in busy state.","description":"Whether the control is currently in busy state.","Experimental":false,"method":"#getBusy","fullName":"sap.ndc.BarcodeScannerButton#busy","defaultValue":"false","type":"boolean","group":"Misc"},"fieldGroupIds":{"Deprecated":false,"helpDescription":"The IDs of a logical field group that this control belongs to. All fields in a logical field group should share the same <code>fieldGroupId<\/code>.\nOnce a logical field group is left, the validateFieldGroup event is raised.","description":"The IDs of a logical field group that this control belongs to. All fields in a logical field group should share the same <code>fieldGroupId<\/code>.\nOnce a logical field group is left, the validateFieldGroup event is raised.","Experimental":false,"method":"#getFieldGroupIds","fullName":"sap.ndc.BarcodeScannerButton#fieldGroupIds","defaultValue":"[]","type":"string[]","group":"Misc"},"busyIndicatorDelay":{"Deprecated":false,"helpDescription":"The delay in milliseconds, after which the busy indicator will show up for this control.","description":"The delay in milliseconds, after which the busy indicator will show up for this control.","Experimental":false,"method":"#getBusyIndicatorDelay","fullName":"sap.ndc.BarcodeScannerButton#busyIndicatorDelay","defaultValue":"1000","type":"int","group":"Misc"}}}}}