{"enums":[],"metadatas":{"sap.ui.generic.app.navigation.NavigationController":{"Deprecated":false,"helpDescription":"The NavigationController class creates and initializes a new navigation controller with the given\n       {@link sap.ui.generic.app.AppComponent AppComponent}.","events":{},"extend":"sap.ui.base.Object","description":"The NavigationController class creates and initializes a new navigation controller with the given\n       {@link sap.ui.generic.app.AppComponent AppComponent}.","Experimental":false,"associations":{},"filetype":"class","aggregations":{},"properties":{}},"sap":{"name":"sap","filetype":"library","types":["sap.ui"],"version":"1.32.4"},"sap.ui":{"name":"sap.ui","filetype":"library","types":["sap.ui.generic"],"version":"1.32.4"},"sap.ui.generic.app.transaction.DraftController":{"Deprecated":false,"helpDescription":"Gives access to runtime draft handling for applications. Assuming state-less communication, each single data modification request (or\n       change set in an OData $batch request) is a \"mini-transaction\", which saves data to the database. The class implements the transactional\n       interaction patterns specified for OData services that support draft documents and provides methods for draft-specific actions, for\n       example validate, prepare, activate. \n\n       Additionally, it handles transactional request processing, ensures concurrency control and correct\n       ETag handling. It provides access to the simple interaction patterns of runtime handling for drafts according to the draft\n       specification. These can be combined as required by client applications. Additionally, error handling is provided to notify client\n       implementations of error situations. The event <code>fatalError<\/code> is thrown, if fatal errors occur during execution of OData\n       requests.","events":{},"description":"Gives access to runtime draft handling for applications. Assuming state-less communication, each single data modification request (or\n       change set in an OData $batch request) is a \"mini-transaction\", which saves data to the database. The class implements the transactional\n       interaction patterns specified for OData services that support draft documents and provides methods for draft-specific actions, for\n       example validate, prepare, activate. \n\n       Additionally, it handles transactional request processing, ensures concurrency control and correct\n       ETag handling. It provides access to the simple interaction patterns of runtime handling for drafts according to the draft\n       specification. These can be combined as required by client applications. Additionally, error handling is provided to notify client\n       implementations of error situations. The event <code>fatalError<\/code> is thrown, if fatal errors occur during execution of OData\n       requests.","Experimental":false,"associations":{},"filetype":"class","aggregations":{},"properties":{}},"sap.ui.generic":{"name":"sap.ui.generic","filetype":"library","types":["sap.ui.generic.app"],"version":"1.32.4"},"sap.ui.generic.app":{"name":"sap.ui.generic.app","filetype":"library","types":["sap.ui.generic.app.navigation","sap.ui.generic.app.transaction"],"version":"1.32.4"},"sap.ui.generic.app.transaction.TransactionController":{"Deprecated":false,"helpDescription":"Assuming state-less communication, each single data modification request (or change set in an OData $batch request) is a\n       \"mini-transaction\", which saves data to the database. The class allows you to submit changes, invoke actions, OData CRUD operations in general,\n       and trigger client-side validations. It ensures concurrency control and correct ETag handling.\n\n       The class gives access to runtime draft handling for applications. Additionally error handling capabilities are provided to notify client \n       implementations of error situations. The event <code>fatalError<\/code> is thrown, if fatal errors occur during execution of OData requests.","events":{},"description":"Assuming state-less communication, each single data modification request (or change set in an OData $batch request) is a\n       \"mini-transaction\", which saves data to the database. The class allows you to submit changes, invoke actions, OData CRUD operations in general,\n       and trigger client-side validations. It ensures concurrency control and correct ETag handling.\n\n       The class gives access to runtime draft handling for applications. Additionally error handling capabilities are provided to notify client \n       implementations of error situations. The event <code>fatalError<\/code> is thrown, if fatal errors occur during execution of OData requests.","Experimental":false,"associations":{},"filetype":"class","aggregations":{},"properties":{}},"sap.ui.generic.app.transaction.DraftContext":{"Deprecated":false,"helpDescription":"The class provides access to information on draft handling that is available in the\n       OData service's metadata as it interprets draft-specific annotations.","events":{},"description":"The class provides access to information on draft handling that is available in the\n       OData service's metadata as it interprets draft-specific annotations.","Experimental":false,"associations":{},"filetype":"class","aggregations":{},"properties":{}},"sap.ui.generic.app.AppComponent":{"Deprecated":false,"helpDescription":"The AppComponent class creates and initializes a new application component. It boots up the SmartTemplate application, creates the\n       {@link sap.ui.generic.app.navigation.NavigationController NavigationController}, {@link sap.ui.generic.app.transaction.TransactionController TransactionController} and\n       {@link sap.m.NavContainer NavContainer}, which embeds Smart Template components defined in the app descriptor.","events":{},"extend":"sap.ui.core.UIComponent","description":"The AppComponent class creates and initializes a new application component. It boots up the SmartTemplate application, creates the\n       {@link sap.ui.generic.app.navigation.NavigationController NavigationController}, {@link sap.ui.generic.app.transaction.TransactionController TransactionController} and\n       {@link sap.m.NavContainer NavContainer}, which embeds Smart Template components defined in the app descriptor.","Experimental":false,"associations":{},"filetype":"class","aggregations":{},"properties":{}}}}