{"enums":[],"metadatas":{"sap":{"name":"sap","filetype":"library","types":["sap.ui"],"version":"1.32.4"},"sap.ui":{"name":"sap.ui","filetype":"library","types":["sap.ui.rta"],"version":"1.32.4"},"sap.ui.rta.RuntimeAuthoring":{"Deprecated":false,"helpDescription":"<strong style=\"color: red;\">Experimental! <\/strong>","events":{"stop":{"Deprecated":false,"helpDescription":"Fired when the runtime authoring is stopped","description":"Fired when the runtime authoring is stopped","Experimental":false,"method":"sap.ui.rta.RuntimeAuthoring#event:stop","fullName":"sap.ui.rta.RuntimeAuthoring#stop","type":"fnListenerFunction or [fnListenerFunction, oListenerObject] or [oData, fnListenerFunction, oListenerObject]"},"start":{"Deprecated":false,"helpDescription":"Fired when the runtime authoring is stopped","description":"Fired when the runtime authoring is stopped","Experimental":false,"method":"sap.ui.rta.RuntimeAuthoring#event:stop","fullName":"sap.ui.rta.RuntimeAuthoring#stop","type":"fnListenerFunction or [fnListenerFunction, oListenerObject] or [oData, fnListenerFunction, oListenerObject]"}},"extend":"sap.ui.core.ManagedObject","description":"The runtime authoring allows to adapt the fields of a running application.","Experimental":true,"associations":{"rootControl":{"Deprecated":false,"helpDescription":"The root control which the runtime authoring should handle","description":"The root control which the runtime authoring should handle","Experimental":false,"method":"#getRootControl","fullName":"sap.ui.rta.RuntimeAuthoring#rootControl","type":"sap.ui.core.Control","multiple":"false"}},"filetype":"class","aggregations":{},"properties":{"showCreateCustomField":{"Deprecated":false,"helpDescription":"Whether the create custom field button should be shown","description":"Whether the create custom field button should be shown","Experimental":false,"method":"#getShowCreateCustomField","fullName":"sap.ui.rta.RuntimeAuthoring#showCreateCustomField","type":"boolean"},"customFieldUrl":{"Deprecated":false,"helpDescription":"The URL which is called when the custom field dialog is opened","description":"The URL which is called when the custom field dialog is opened","Experimental":false,"method":"#getCustomFieldUrl","fullName":"sap.ui.rta.RuntimeAuthoring#customFieldUrl","type":"string"}}}}}