{"enums":{"sap.ui.suite.TaskCircleColor":{"Red":{"Deprecated":false,"helpDescription":"Red","description":"Red","Experimental":false,"value":"Red"},"Green":{"Deprecated":false,"helpDescription":"Green","description":"Green","Experimental":false,"value":"Green"},"Yellow":{"Deprecated":false,"helpDescription":"Yellow","description":"Yellow","Experimental":false,"value":"Yellow"},"Gray":{"Deprecated":false,"helpDescription":"Default value","description":"Default value","Experimental":false,"value":"Gray"}}},"metadatas":{"sap":{"name":"sap","filetype":"library","types":["sap.ui"],"version":"1.32.4"},"sap.ui":{"name":"sap.ui","filetype":"library","types":["sap.ui.suite"],"version":"1.32.4"},"sap.ui.suite":{"controls":["sap.ui.suite.TaskCircle","sap.ui.suite.VerticalProgressIndicator"],"name":"sap.ui.suite","filetype":"library","types":["sap.ui.suite.TaskCircleColor"],"version":"1.32.4"},"sap.ui.suite.VerticalProgressIndicator":{"Deprecated":false,"helpDescription":"<strong style=\"color: red;\">Experimental! <\/strong>","events":{"press":{"Deprecated":false,"helpDescription":"Event is fired when the user clicks the control.","description":"Event is fired when the user clicks the control.","Experimental":false,"method":"sap.ui.suite.VerticalProgressIndicator#event:press","fullName":"sap.ui.suite.VerticalProgressIndicator#press","type":"fnListenerFunction or [fnListenerFunction, oListenerObject] or [oData, fnListenerFunction, oListenerObject]"}},"extend":"sap.ui.core.Control","description":"This control shows a vertical progress bar in dependency of the given percentage. Only values between 0 and 100 are valid.","Experimental":true,"associations":{"ariaDescribedBy":{"Deprecated":false,"helpDescription":"Association to controls / ids which describe this control (see WAI-ARIA attribute aria-describedby).","description":"Association to controls / ids which describe this control (see WAI-ARIA attribute aria-describedby).","Experimental":false,"method":"#getAriaDescribedBy","fullName":"sap.ui.suite.VerticalProgressIndicator#ariaDescribedBy","type":"sap.ui.core.Control","multiple":"true"},"ariaLabelledBy":{"Deprecated":false,"helpDescription":"Association to controls / ids which label this control (see WAI-ARIA attribute aria-labelledby).","description":"Association to controls / ids which label this control (see WAI-ARIA attribute aria-labelledby).","Experimental":false,"method":"#getAriaLabelledBy","fullName":"sap.ui.suite.VerticalProgressIndicator#ariaLabelledBy","type":"sap.ui.core.Control","multiple":"true"}},"filetype":"class","aggregations":{"dependents":{"Deprecated":false,"helpDescription":"Dependents are not rendered, but their databinding context and lifecycle are bound to the aggregating Element.","description":"Dependents are not rendered, but their databinding context and lifecycle are bound to the aggregating Element.","Experimental":false,"method":"#getDependents","fullName":"sap.ui.suite.VerticalProgressIndicator#dependents","type":"sap.ui.core.Control","multiple":"true"},"customData":{"Deprecated":false,"helpDescription":"Custom Data, a data structure like a map containing arbitrary key value pairs.","description":"Custom Data, a data structure like a map containing arbitrary key value pairs.","Experimental":false,"method":"#getCustomData","fullName":"sap.ui.suite.VerticalProgressIndicator#customData","type":"sap.ui.core.CustomData","multiple":"true"},"layoutData":{"Deprecated":false,"helpDescription":"Defines the layout constraints for this control when it is used inside a Layout.\nLayoutData classes are typed classes and must match the embedding Layout.\nSee VariantLayoutData for aggregating multiple alternative LayoutData instances to a single Element.","description":"Defines the layout constraints for this control when it is used inside a Layout.\nLayoutData classes are typed classes and must match the embedding Layout.\nSee VariantLayoutData for aggregating multiple alternative LayoutData instances to a single Element.","Experimental":false,"method":"#getLayoutData","fullName":"sap.ui.suite.VerticalProgressIndicator#layoutData","type":"sap.ui.core.LayoutData","multiple":"false"},"tooltip":{"Deprecated":false,"helpDescription":"The tooltip that should be shown for this Element.\n\nCan either be an instance of a TooltipBase subclass or a simple string.","description":"The tooltip that should be shown for this Element.\n\nCan either be an instance of a TooltipBase subclass or a simple string.","Experimental":false,"method":"#getTooltip","fullName":"sap.ui.suite.VerticalProgressIndicator#tooltip","type":"sap.ui.core.TooltipBase","multiple":"false"}},"properties":{"visible":{"Deprecated":false,"helpDescription":"Whether the control should be visible on the screen. If set to false, a placeholder is rendered instead of the real control","description":"Whether the control should be visible on the screen. If set to false, a placeholder is rendered instead of the real control","Experimental":false,"method":"#getVisible","fullName":"sap.ui.suite.VerticalProgressIndicator#visible","defaultValue":"true","type":"boolean","group":"Appearance"},"percentage":{"Deprecated":false,"helpDescription":"The numerical value between 0 and 100 which determines the height of the vertical bar. Values higher than 100 will be displayed as 100%, values lower than zero will be displayed as 0%.","description":"The numerical value between 0 and 100 which determines the height of the vertical bar. Values higher than 100 will be displayed as 100%, values lower than zero will be displayed as 0%.","Experimental":false,"method":"#getPercentage","fullName":"sap.ui.suite.VerticalProgressIndicator#percentage","type":"int","group":"Misc"},"busy":{"Deprecated":false,"helpDescription":"Whether the control is currently in busy state.","description":"Whether the control is currently in busy state.","Experimental":false,"method":"#getBusy","fullName":"sap.ui.suite.VerticalProgressIndicator#busy","defaultValue":"false","type":"boolean","group":"Misc"},"fieldGroupIds":{"Deprecated":false,"helpDescription":"The IDs of a logical field group that this control belongs to. All fields in a logical field group should share the same <code>fieldGroupId<\/code>.\nOnce a logical field group is left, the validateFieldGroup event is raised.","description":"The IDs of a logical field group that this control belongs to. All fields in a logical field group should share the same <code>fieldGroupId<\/code>.\nOnce a logical field group is left, the validateFieldGroup event is raised.","Experimental":false,"method":"#getFieldGroupIds","fullName":"sap.ui.suite.VerticalProgressIndicator#fieldGroupIds","defaultValue":"[]","type":"string[]","group":"Misc"},"busyIndicatorDelay":{"Deprecated":false,"helpDescription":"The delay in milliseconds, after which the busy indicator will show up for this control.","description":"The delay in milliseconds, after which the busy indicator will show up for this control.","Experimental":false,"method":"#getBusyIndicatorDelay","fullName":"sap.ui.suite.VerticalProgressIndicator#busyIndicatorDelay","defaultValue":"1000","type":"int","group":"Misc"}}},"sap.ui.suite.TaskCircle":{"Deprecated":false,"helpDescription":"<strong style=\"color: red;\">Experimental! <\/strong>","events":{"press":{"Deprecated":false,"helpDescription":"Event is fired when the user clicks the control.","description":"Event is fired when the user clicks the control.","Experimental":false,"method":"sap.ui.suite.TaskCircle#event:press","fullName":"sap.ui.suite.TaskCircle#press","type":"fnListenerFunction or [fnListenerFunction, oListenerObject] or [oData, fnListenerFunction, oListenerObject]"}},"extend":"sap.ui.core.Control","description":"This control shows a circle which radius and color depends on the given parameters","Experimental":true,"associations":{"ariaDescribedBy":{"Deprecated":false,"helpDescription":"Association to controls / ids which describe this control (see WAI-ARIA attribute aria-describedby).","description":"Association to controls / ids which describe this control (see WAI-ARIA attribute aria-describedby).","Experimental":false,"method":"#getAriaDescribedBy","fullName":"sap.ui.suite.TaskCircle#ariaDescribedBy","type":"sap.ui.core.Control","multiple":"true"},"ariaLabelledBy":{"Deprecated":false,"helpDescription":"Association to controls / ids which label this control (see WAI-ARIA attribute aria-labelledby).","description":"Association to controls / ids which label this control (see WAI-ARIA attribute aria-labelledby).","Experimental":false,"method":"#getAriaLabelledBy","fullName":"sap.ui.suite.TaskCircle#ariaLabelledBy","type":"sap.ui.core.Control","multiple":"true"}},"filetype":"class","aggregations":{"dependents":{"Deprecated":false,"helpDescription":"Dependents are not rendered, but their databinding context and lifecycle are bound to the aggregating Element.","description":"Dependents are not rendered, but their databinding context and lifecycle are bound to the aggregating Element.","Experimental":false,"method":"#getDependents","fullName":"sap.ui.suite.TaskCircle#dependents","type":"sap.ui.core.Control","multiple":"true"},"customData":{"Deprecated":false,"helpDescription":"Custom Data, a data structure like a map containing arbitrary key value pairs.","description":"Custom Data, a data structure like a map containing arbitrary key value pairs.","Experimental":false,"method":"#getCustomData","fullName":"sap.ui.suite.TaskCircle#customData","type":"sap.ui.core.CustomData","multiple":"true"},"layoutData":{"Deprecated":false,"helpDescription":"Defines the layout constraints for this control when it is used inside a Layout.\nLayoutData classes are typed classes and must match the embedding Layout.\nSee VariantLayoutData for aggregating multiple alternative LayoutData instances to a single Element.","description":"Defines the layout constraints for this control when it is used inside a Layout.\nLayoutData classes are typed classes and must match the embedding Layout.\nSee VariantLayoutData for aggregating multiple alternative LayoutData instances to a single Element.","Experimental":false,"method":"#getLayoutData","fullName":"sap.ui.suite.TaskCircle#layoutData","type":"sap.ui.core.LayoutData","multiple":"false"},"tooltip":{"Deprecated":false,"helpDescription":"The tooltip that should be shown for this Element.\n\nCan either be an instance of a TooltipBase subclass or a simple string.","description":"The tooltip that should be shown for this Element.\n\nCan either be an instance of a TooltipBase subclass or a simple string.","Experimental":false,"method":"#getTooltip","fullName":"sap.ui.suite.TaskCircle#tooltip","type":"sap.ui.core.TooltipBase","multiple":"false"}},"properties":{"visible":{"Deprecated":false,"helpDescription":"Whether the control should be visible on the screen. If set to false, a placeholder is rendered instead of the real control","description":"Whether the control should be visible on the screen. If set to false, a placeholder is rendered instead of the real control","Experimental":false,"method":"#getVisible","fullName":"sap.ui.suite.TaskCircle#visible","defaultValue":"true","type":"boolean","group":"Appearance"},"color":{"Deprecated":false,"helpDescription":"Color of the circle. The default color is red.","description":"Color of the circle. The default color is red.","Experimental":false,"method":"#getColor","fullName":"sap.ui.suite.TaskCircle#color","defaultValue":"Gray","type":"sap.ui.suite.TaskCircleColor","group":"Misc"},"minValue":{"Deprecated":false,"helpDescription":"Lower limit of the displayed values. Default is 0.","description":"Lower limit of the displayed values. Default is 0.","Experimental":false,"method":"#getMinValue","fullName":"sap.ui.suite.TaskCircle#minValue","defaultValue":"0","type":"int","group":"Misc"},"value":{"Deprecated":false,"helpDescription":"Current value of the task circle to be displayed. In dependency of the parameters maxValue and minValue it controls the size of the circle.","description":"Current value of the task circle to be displayed. In dependency of the parameters maxValue and minValue it controls the size of the circle.","Experimental":false,"method":"#getValue","fullName":"sap.ui.suite.TaskCircle#value","defaultValue":"0","type":"int","group":"Misc"},"busy":{"Deprecated":false,"helpDescription":"Whether the control is currently in busy state.","description":"Whether the control is currently in busy state.","Experimental":false,"method":"#getBusy","fullName":"sap.ui.suite.TaskCircle#busy","defaultValue":"false","type":"boolean","group":"Misc"},"fieldGroupIds":{"Deprecated":false,"helpDescription":"The IDs of a logical field group that this control belongs to. All fields in a logical field group should share the same <code>fieldGroupId<\/code>.\nOnce a logical field group is left, the validateFieldGroup event is raised.","description":"The IDs of a logical field group that this control belongs to. All fields in a logical field group should share the same <code>fieldGroupId<\/code>.\nOnce a logical field group is left, the validateFieldGroup event is raised.","Experimental":false,"method":"#getFieldGroupIds","fullName":"sap.ui.suite.TaskCircle#fieldGroupIds","defaultValue":"[]","type":"string[]","group":"Misc"},"busyIndicatorDelay":{"Deprecated":false,"helpDescription":"The delay in milliseconds, after which the busy indicator will show up for this control.","description":"The delay in milliseconds, after which the busy indicator will show up for this control.","Experimental":false,"method":"#getBusyIndicatorDelay","fullName":"sap.ui.suite.TaskCircle#busyIndicatorDelay","defaultValue":"1000","type":"int","group":"Misc"},"maxValue":{"Deprecated":false,"helpDescription":"Upper limit of the displayed values. Default is 100.","description":"Upper limit of the displayed values. Default is 100.","Experimental":false,"method":"#getMaxValue","fullName":"sap.ui.suite.TaskCircle#maxValue","defaultValue":"100","type":"int","group":"Misc"}}}}}