{"enums":[],"metadatas":{"sap":{"name":"sap","filetype":"library","types":["sap.ui"],"version":"1.32.4"},"sap.ui.generic.template.BaseViewController":{"Deprecated":false,"helpDescription":"The BaseViewController controller provides a generic API for integration with the view controller and other re-use functions required in\n       the controllers for smart templates. The BaseViewController is enabled for handling non-draft as well as draft documents. The provided\n       generic API is based on OData model entities.","events":{},"extend":"sap.ui.core.mvc.Controller","description":"The BaseViewController controller provides a generic API for integration with the view controller and other re-use functions required in\n       the controllers for smart templates. The BaseViewController is enabled for handling non-draft as well as draft documents. The provided\n       generic API is based on OData model entities.","Experimental":false,"associations":{},"filetype":"class","aggregations":{},"properties":{}},"sap.ui":{"name":"sap.ui","filetype":"library","types":["sap.ui.generic"],"version":"1.32.4"},"sap.ui.generic":{"name":"sap.ui.generic","filetype":"library","types":["sap.ui.generic.template"],"version":"1.32.4"},"sap.ui.generic.template.TemplateComponent":{"Deprecated":false,"helpDescription":"Creates and initializes a new Smart Template component with the given <code>sId<\/code> and settings.","events":{},"extend":"sap.ui.core.UIComponent","description":"Creates and initializes a new Smart Template component with the given <code>sId<\/code> and settings.","Experimental":false,"associations":{},"filetype":"class","aggregations":{"rootControl":{"Deprecated":false,"helpDescription":"The root Control of the UIComponent.\n\nThe root control should be created inside the function {@link sap.ui.core.UIComponent#createContent}.","description":"The root Control of the UIComponent.\n\nThe root control should be created inside the function {@link sap.ui.core.UIComponent#createContent}.","Experimental":false,"method":"#getRootControl","fullName":"sap.ui.generic.template.TemplateComponent#rootControl","type":"sap.ui.core.Control","multiple":"false"}},"properties":{"isRefreshRequired":{"Deprecated":false,"helpDescription":"Refresh required when the component is activated","description":"Refresh required when the component is activated","Experimental":false,"method":"#getIsRefreshRequired","fullName":"sap.ui.generic.template.TemplateComponent#isRefreshRequired","defaultValue":"false","type":"boolean","group":"Misc"},"navigationProperty":{"Deprecated":false,"helpDescription":"Navigation property of the current component","description":"Navigation property of the current component","Experimental":false,"method":"#getNavigationProperty","fullName":"sap.ui.generic.template.TemplateComponent#navigationProperty","type":"string","group":"Misc"},"entitySet":{"Deprecated":false,"helpDescription":"Entity Set","description":"Entity Set","Experimental":false,"method":"#getEntitySet","fullName":"sap.ui.generic.template.TemplateComponent#entitySet","type":"string","group":"Misc"},"preventBinding":{"Deprecated":false,"helpDescription":"Prevent binding done in the navigation controller when the component is activated/created.","description":"Prevent binding done in the navigation controller when the component is activated/created.","Experimental":false,"method":"#getPreventBinding","fullName":"sap.ui.generic.template.TemplateComponent#preventBinding","defaultValue":"false","type":"boolean","group":"Misc"},"appComponent":{"Deprecated":false,"helpDescription":"Instance of AppComponent","description":"Instance of AppComponent","Experimental":false,"method":"#getAppComponent","fullName":"sap.ui.generic.template.TemplateComponent#appComponent","type":"object","group":"Misc"},"templateName":{"Deprecated":false,"helpDescription":"Name of template","description":"Name of template","Experimental":false,"method":"#getTemplateName","fullName":"sap.ui.generic.template.TemplateComponent#templateName","type":"string","group":"Misc"}}}}}