{"!name":"sap.ui.generic.app","!define":{"sap.ui.generic.app":{"!category":"namespace","!description":"SAPUI5 library with ...","transaction":"sap.ui.generic.app.transaction","util":"sap.ui.generic.app.util"},"sap.ui.generic.app.transaction.BaseController_obj":{"!type":"fn(oModel: sap.ui.model.odata.ODataModel)","extend":{"!category":"function","!description":"Creates a new subclass of class sap.ui.generic.app.transaction.BaseController with name <code>sClassName</code>\nand enriches it with the information contained in <code>oClassInfo</code>.\n\n<code>oClassInfo</code> might contain the same kind of information as described in {@link sap.ui.base.Object.extend Object.extend}.","!type":"fn(sClassName: String, oClassInfo?: Object, FNMetaImpl?: fn())"},"prototype":"sap.ui.generic.app.transaction.BaseController"},"sap.ui.generic.app.transaction.BaseController":{"!category":"class","!description":"<strong style=\"color: red;\">Experimental! </strong>","!proto":"sap.ui.base.Object","attachFatalError":{"!category":"function","!description":"Attach event handler <code>fnFunction</code> to the <code>fatalError</code> event.","!type":"fn(fnFunction: fn(), oListener?: Object)"},"destroy":{"!category":"function","!description":"Frees all resources claimed during the life-time of this instance.","!type":"fn()"},"detachFatalError":{"!category":"function","!description":"Detach event handler <code>fnFunction</code> from the <code>fatalError</code> event.","!type":"fn(fnFunction: fn(), oListener?: Object)"},"getMetadata":{"!category":"function","!description":"Returns a metadata object for class sap.ui.generic.app.transaction.BaseController.","!type":"fn() -> sap.ui.base.Metadata"},"hasClientMessages":{"!category":"function","!description":"Checks for client messages.","!type":"fn() -> Promise"},"triggerSubmitChanges":{"!category":"function","!description":"Triggers submitting the currently tracked changes to the back-end.","!type":"fn(mParameters: map) -> Promise"}},"sap.ui.generic.app.transaction.DraftContext_obj":{"!type":"fn(oModel: sap.ui.model.odata.ODataModel)","extend":{"!category":"function","!description":"Creates a new subclass of class sap.ui.generic.app.transaction.DraftContext with name <code>sClassName</code>\nand enriches it with the information contained in <code>oClassInfo</code>.\n\n<code>oClassInfo</code> might contain the same kind of information as described in {@link sap.ui.base.Object.extend Object.extend}.","!type":"fn(sClassName: String, oClassInfo?: Object, FNMetaImpl?: fn())"},"prototype":"sap.ui.generic.app.transaction.DraftContext"},"sap.ui.generic.app.transaction.DraftContext":{"!category":"class","!description":"<strong style=\"color: red;\">Experimental! </strong>","!proto":"sap.ui.base.Object","checkUpdateOnChange":{"!category":"function","!description":"Checks whether an OData property is annotated with \"UpdateOnChange\". The method is used in context of a validation success event.","!type":"fn(sEntitySet: String, sProperty: String) -> Boolean"},"destroy":{"!category":"function","!description":"Frees all resources claimed during the life-time of this instance.","!type":"fn()"},"getMetadata":{"!category":"function","!description":"Returns a metadata object for class sap.ui.generic.app.transaction.DraftContext.","!type":"fn() -> sap.ui.base.Metadata"},"getODataDraftFunctionImportName":{"!category":"function","!description":"Returns the name of the function import to use.","!type":"fn(oContext: sap.ui.model.Context, sDraftFunctionImport: String) -> String"},"getSemanticKey":{"!category":"function","!description":"Returns the semantic keys for a given entity set.","!type":"fn(sEntitySet: String) -> Array"},"hasDraft":{"!category":"function","!description":"Checks whether an entity set is draft enabled. The entity set name is deduced from the given binding context.","!type":"fn(oContext: sap.ui.model.Context) -> Boolean"},"hasDraftAdministrativeData":{"!category":"function","!description":"Checks whether administrative data for a given draft are available.","!type":"fn(sEntitySet: String) -> Boolean"},"hasDraftPreparationAction":{"!category":"function","!description":"Checks whether an entity set has a draft preparation action. The entity set name is deduced from the given binding context.","!type":"fn(oContext: sap.ui.model.Context) -> Boolean"},"hasDraftRoot":{"!category":"function","!description":"Checks whether an entity set is draft root. The entity set name is deduced from the given binding context.","!type":"fn(oContext: sap.ui.model.Context) -> Boolean"},"hasDraftValidationFunction":{"!category":"function","!description":"Checks whether an entity set has a draft validation function. The entity set name is deduced from the given binding context.","!type":"fn(oContext: sap.ui.model.Context) -> Boolean"},"isDraftEnabled":{"!category":"function","!description":"Checks whether a given entity set is draft enabled.","!type":"fn(sEntitySet: String) -> Boolean"},"isDraftRoot":{"!category":"function","!description":"Checks whether a given entity set is draft root.","!type":"fn(sEntitySet: String) -> Boolean"},"isSemanticKey":{"!category":"function","!description":"Checks whether a given key is a semantic key.","!type":"fn(sEntitySet: String, oKeys: oKeys) -> Boolean"},"isTechnicalKey":{"!category":"function","!description":"Checks whether a given key is a technical key.","!type":"fn(sEntitySet: String, oKeys: oKeys) -> Boolean"}},"sap.ui.generic.app.transaction.DraftController_obj":{"!type":"fn(oModel: sap.ui.model.odata.ODataModel)","extend":{"!category":"function","!description":"Creates a new subclass of class sap.ui.generic.app.transaction.DraftController with name <code>sClassName</code>\nand enriches it with the information contained in <code>oClassInfo</code>.\n\n<code>oClassInfo</code> might contain the same kind of information as described in {@link sap.ui.base.Object.extend Object.extend}.","!type":"fn(sClassName: String, oClassInfo?: Object, FNMetaImpl?: fn())"},"prototype":"sap.ui.generic.app.transaction.DraftController"},"sap.ui.generic.app.transaction.DraftController":{"!category":"class","!description":"<strong style=\"color: red;\">Experimental! </strong>","!proto":"sap.ui.base.Object","activateDraft":{"!category":"function","!description":"Activates a draft in the back-end.","!type":"fn(oContext: sap.ui.model.Context, mParameters: map) -> Promise"},"activateDraftEntity":{"!category":"function","!description":"Submits changes to the back-end and activates a draft entity in the back-end.","!type":"fn(oContext: sap.ui.model.Context) -> Promise"},"createDraft":{"!category":"function","!description":"Creates a new draft instance.","!type":"fn(sEntitySet: String, sPath: String, mParameters: map) -> Promise"},"createEditDraftEntity":{"!category":"function","!description":"Creates an edit draft in the back-end. Additionally possible changes that have been collected on the client are sent to the back-end.","!type":"fn(oContext: sap.ui.model.Context) -> Promise"},"createNewDraftEntity":{"!category":"function","!description":"Creates a new edit draft on the client and sends it to the back-end. Additionally possible changes that have been collected on the client are sent to the back-end.","!type":"fn(sEntitySet: String, sPath: String) -> Promise"},"destroy":{"!category":"function","!description":"Frees all resources claimed during the life-time of this instance.","!type":"fn()"},"discardDraft":{"!category":"function","!description":"Removes a draft in the back-end.","!type":"fn(oContext: sap.ui.model.Context, mParameters: map) -> Promise"},"editDraft":{"!category":"function","!description":"Creates an \"edit\" draft in the back-end.","!type":"fn(oContext: sap.ui.model.Context, mParameters: map) -> Promise"},"getDraftContext":{"!category":"function","!description":"Returns the current draft context instance.","!type":"fn() -> sap.ui.generic.app.transaction.DraftContext"},"getMetadata":{"!category":"function","!description":"Returns a metadata object for class sap.ui.generic.app.transaction.DraftController.","!type":"fn() -> sap.ui.base.Metadata"},"prepareDraft":{"!category":"function","!description":"Prepares a draft in the back-end.","!type":"fn(oContext: sap.ui.model.Context, mParameters: map) -> Promise"},"prepareDraftEntity":{"!category":"function","!description":"Submits changes to the back-end and prepares an existing draft entity in the back-end for later activation by invoking the <code>PreparationAction</code>.","!type":"fn(oContext: sap.ui.model.Context) -> Promise"},"saveAndPrepareDraftEntity":{"!category":"function","!description":"Submits changes to the back-end and prepares a draft entity in the back-end for later activation by invoking the <code>PreparationAction</code>s.","!type":"fn(oContext: sap.ui.model.Context, mParameters: map) -> Promise"},"validateDraft":{"!category":"function","!description":"Validates a draft in the back-end.","!type":"fn(oContext: sap.ui.model.Context, mParameters: map) -> Promise"},"validateDraftEntity":{"!category":"function","!description":"Submits changes to the back-end and prepares an existing draft entity in the back-end for later activation by invoking the <code>ValidationAction</code>.","!type":"fn(oContext: sap.ui.model.Context) -> Object"}},"sap.ui.generic.app.transaction.TransactionController_obj":{"!type":"fn(oModel: sap.ui.model.odata.ODataModel)","extend":{"!category":"function","!description":"Creates a new subclass of class sap.ui.generic.app.transaction.TransactionController with name <code>sClassName</code>\nand enriches it with the information contained in <code>oClassInfo</code>.\n\n<code>oClassInfo</code> might contain the same kind of information as described in {@link sap.ui.base.Object.extend Object.extend}.","!type":"fn(sClassName: String, oClassInfo?: Object, FNMetaImpl?: fn())"},"prototype":"sap.ui.generic.app.transaction.TransactionController"},"sap.ui.generic.app.transaction.TransactionController":{"!category":"class","!description":"<strong style=\"color: red;\">Experimental! </strong>","!proto":"sap.ui.base.Object","deleteEntity":{"!category":"function","!description":"Submits changes to the back-end and deletes an entity in the back-end. This entity can be either a draft entity or an active entity.","!type":"fn(oContext: sap.ui.model.Context, mParameters: map) -> Promise"},"destroy":{"!category":"function","!description":"Frees all resources claimed during the life-time of this instance.","!type":"fn()"},"editEntity":{"!category":"function","!description":"Prepares an entity for editing; so if the entity is active and draft enabled, a new draft document is created, otherwise the control is\nautomatically returned to the caller of the method by returning a resolved promise.","!type":"fn(oContext: sap.ui.model.Context) -> Promise"},"getDraftController":{"!category":"function","!description":"Returns the current draft controller instance.","!type":"fn() -> sap.ui.generic.app.transaction.DraftController"},"getMetadata":{"!category":"function","!description":"Returns a metadata object for class sap.ui.generic.app.transaction.TransactionController.","!type":"fn() -> sap.ui.base.Metadata"},"invokeAction":{"!category":"function","!description":"Invokes an action with the given name and submits changes to the back-end.","!type":"fn(sFunctionName: String, oContext: sap.ui.model.Context, mParameters: map) -> Promise"},"propertyChanged":{"!category":"function","!description":"Notifies the transaction controller of a change of a property.","!type":"fn(sEntitySet: String, sProperty: String, oBinding: Object) -> Promise"},"setBatchStrategy":{"!category":"function","!description":"Sets the strategy for batch handling. Currently by definition all batch operations are sent in one batch group, but alternatively one can\ntrigger sending all operations in their own batch group.","!type":"fn(bSingle: Boolean)"}},"sap.ui.generic.app.transaction":{"BaseController":"sap.ui.generic.app.transaction.BaseController_obj","DraftContext":"sap.ui.generic.app.transaction.DraftContext_obj","DraftController":"sap.ui.generic.app.transaction.DraftController_obj","TransactionController":"sap.ui.generic.app.transaction.TransactionController_obj","!category":"namespace"},"sap.ui.generic.app.util.ModelUtil_obj":{"!type":"fn(oModel: sap.ui.model.odata.ODataModel)","prototype":"sap.ui.generic.app.util.ModelUtil"},"sap.ui.generic.app.util.ModelUtil":{"!category":"class","!description":"Generic utility for model access.","!proto":"sap.ui.base.Object","destroy":{"!category":"function","!description":"Frees all resources claimed during the life-time of this instance.","!type":"fn()"},"getContextFromResponse":{"!category":"function","!description":"Converts response data into a binding context.","!type":"fn(oResponseData: Object) -> Object"},"getEntitySetFromContext":{"!category":"function","!description":"Calculates the name of an OData entity set from the given binding context.","!type":"fn(oContext: Object) -> String"},"hasClientMessages":{"!category":"function","!description":"Checks for client-side messages, e.g. validation errors.","!type":"fn() -> Boolean"}},"sap.ui.generic.app.util":{"ModelUtil":"sap.ui.generic.app.util.ModelUtil_obj","!category":"namespace","Queue":{"!category":"enum","!description":"<strong style=\"color: red;\">Experimental! </strong>","!type":"String"}},"sap.ui.generic":{"app":"sap.ui.generic.app","!category":"namespace"},"sap.ui":{"generic":"sap.ui.generic","!category":"namespace"},"sap":{"ui":"sap.ui","!category":"namespace","sap":"sap"}}}