{"!name":"sap.ui.richtexteditor","!define":{"sap.ui.richtexteditor":{"!category":"namespace","!description":"A rich text editor (RTE) control. Requires installation of an additional rich text editor library.","RichTextEditor":"sap.ui.richtexteditor.RichTextEditor_obj","EditorType":"sap.ui.richtexteditor.EditorType","value":{"!category":"enum","!description":"An HTML string representing the editor content. Because this is HTML, the value cannot be generically escaped to prevent cross-site scripting, so the application is responsible for doing so.","!type":"String"},"textDirection":{"!category":"enum","!description":"The text direction","!type":"sap.ui.core.TextDirection"},"width":{"!category":"enum","!description":"Width of RichTextEditor control in CSS units.","!type":"sap.ui.core.CSSSize"},"height":{"!category":"enum","!description":"Height of RichTextEditor control in CSS units.","!type":"sap.ui.core.CSSSize"},"editorType":{"!category":"enum","!description":"The editor implementation to use.\nValid values are the ones found under sap.ui.richtexteditor.EditorType and any other editor identifier that may be introduced by other groups (hence this is not an enumeration).\nAny attempts to set this property after the first rendering will not have any effect.","!type":"String"},"editorLocation":{"!category":"enum","!description":"<strong style=\"color: red;\">Deprecated! </strong>Since 1.25.0 The editorLocation is set implicitly when choosing the editorType.<br>Relative or absolute URL where the editor is available. Must be on the same server.\nAny attempts to set this property after the first rendering will not have any effect.","!type":"String"},"editable":{"!category":"enum","!description":"Whether the editor content can be modified by the user. When set to \"false\" there might not be any editor toolbar.","!type":"Boolean"},"showGroupFontStyle":{"!category":"enum","!description":"Whether the toolbar button group containing commands like Bold, Italic, Underline and Strikethrough is available. Changing this after the initial rendering will result in some visible redrawing.","!type":"Boolean"},"showGroupTextAlign":{"!category":"enum","!description":"Whether the toolbar button group containing text alignment commands is available. Changing this after the initial rendering will result in some visible redrawing.","!type":"Boolean"},"showGroupStructure":{"!category":"enum","!description":"Whether the toolbar button group containing commands like Bullets and Indentation is available. Changing this after the initial rendering will result in some visible redrawing.","!type":"Boolean"},"showGroupFont":{"!category":"enum","!description":"Whether the toolbar button group containing commands like Font, Font Size and Colors is available. Changing this after the initial rendering will result in some visible redrawing.","!type":"Boolean"},"showGroupClipboard":{"!category":"enum","!description":"Whether the toolbar button group containing commands like Cut, Copy and Paste is available. Changing this after the initial rendering will result in some visible redrawing.","!type":"Boolean"},"showGroupInsert":{"!category":"enum","!description":"Whether the toolbar button group containing commands like Insert Image and Insert Smiley is available. Changing this after the initial rendering will result in some visible redrawing.","!type":"Boolean"},"showGroupLink":{"!category":"enum","!description":"Whether the toolbar button group containing commands like Create Link and Remove Link is available. Changing this after the initial rendering will result in some visible redrawing.","!type":"Boolean"},"showGroupUndo":{"!category":"enum","!description":"Whether the toolbar button group containing commands like Undo and Redo is available. Changing this after the initial rendering will result in some visible redrawing.","!type":"Boolean"},"wrapping":{"!category":"enum","!description":"Whether the text in the editor is wrapped. This does not affect the editor's value, only the representation in the control.","!type":"Boolean"},"required":{"!category":"enum","!description":"Whether a value is required.","!type":"Boolean"},"sanitizeValue":{"!category":"enum","!description":"Whether to run the HTML sanitizer once the value (HTML markup) is applied or not. To configure allowed URLs please use the whitelist API via jQuery.sap.addUrlWhitelist","!type":"Boolean"},"plugins":{"!category":"enum","!description":"An array of plugin configuration objects with the obligatory property \"name\".\nEach object has to contain a property \"name\" which then contains the plugin name/ID.","!type":"[Object]"},"useLegacyTheme":{"!category":"enum","!description":"Whether or not to use the legacy theme for the toolbar buttons. If this is set to false, the default theme for the editor will be used (which might change slightly with every update). The legacy theme has the disadvantage that not all functionality has its own icon, so using non default buttons might lead to invisible buttons with the legacy theme - use the default editor theme in this case.","!type":"Boolean"},"buttonGroups":{"!category":"enum","!description":"An array of button configurations. These configurations contain the names of buttons as array in the property \"buttons\" and the name of the group in \"name\", they can also contain the \"row\" where the buttons should be placed, a \"priority\" and whether the buttons are \"visible\". See method addButtonGroup() for more details on the structure of the objects in this array.","!type":"[Object]"}},"sap.ui.richtexteditor.RichTextEditor_obj":{"!type":"fn(sId: String, mSettings: Object)","extend":{"!category":"function","!description":"Creates a new subclass of class sap.ui.richtexteditor.RichTextEditor with name <code>sClassName</code>\nand enriches it with the information contained in <code>oClassInfo</code>.\n\n<code>oClassInfo</code> might contain the same kind of information as described in {@link sap.ui.core.Control.extend}.","!type":"fn(sClassName: String, oClassInfo?: Object, FNMetaImpl?: fn())"},"prototype":"sap.ui.richtexteditor.RichTextEditor"},"sap.ui.richtexteditor.RichTextEditor":{"!category":"class","!description":"The RichTextEditor-Control is used to enter formatted text.","!proto":"sap.ui.core.Control","addButtonGroup":{"!category":"function","!description":"Adds a button group to the editor.","!type":"fn(mGroup?: map | String) -> Object"},"addPlugin":{"!category":"function","!description":"Allows to add plugins (that must already be installed on the server) to the\nRichtextEditor.","!type":"fn(mPlugin?: map | String) -> Object"},"attachBeforeEditorInit":{"!category":"function","!description":"Attach event handler <code>fnFunction</code> to the 'beforeEditorInit' event of this <code>sap.ui.richtexteditor.RichTextEditor</code>.\n\nWhen called, the context of the event handler (its <code>this</code>) will be bound to <code>oListener</code> if specified\notherwise to this <code>sap.ui.richtexteditor.RichTextEditor</code> itself.\n\nThis event is fired right before the TinyMCE instance is created and can be used to change the settings object that will be given to TinyMCE. The parameter \"configuration\" is the javascript oject that will be given to TinyMCE upon first instantiation. The configuration parameter contains a map that can be changed in the case of TinyMCE.","!type":"fn(oData?: Object, fnFunction: fn(), oListener?: Object) -> sap.ui.richtexteditor.RichTextEditor"},"attachChange":{"!category":"function","!description":"Attach event handler <code>fnFunction</code> to the 'change' event of this <code>sap.ui.richtexteditor.RichTextEditor</code>.\n\nWhen called, the context of the event handler (its <code>this</code>) will be bound to <code>oListener</code> if specified\notherwise to this <code>sap.ui.richtexteditor.RichTextEditor</code> itself.\n\nEvent is fired when the text in the field has changed AND the focus leaves the editor or when the Enter key is pressed.","!type":"fn(oData?: Object, fnFunction: fn(), oListener?: Object) -> sap.ui.richtexteditor.RichTextEditor"},"attachReady":{"!category":"function","!description":"Attach event handler <code>fnFunction</code> to the 'ready' event of this <code>sap.ui.richtexteditor.RichTextEditor</code>.\n\nWhen called, the context of the event handler (its <code>this</code>) will be bound to <code>oListener</code> if specified\notherwise to this <code>sap.ui.richtexteditor.RichTextEditor</code> itself.\n\nFired when the used editor is loaded and ready (its HTML is also created).","!type":"fn(oData?: Object, fnFunction: fn(), oListener?: Object) -> sap.ui.richtexteditor.RichTextEditor"},"detachBeforeEditorInit":{"!category":"function","!description":"Detach event handler <code>fnFunction</code> from the 'beforeEditorInit' event of this <code>sap.ui.richtexteditor.RichTextEditor</code>.\n\nThe passed function and listener object must match the ones used for event registration.","!type":"fn(fnFunction: fn(), oListener: Object) -> sap.ui.richtexteditor.RichTextEditor"},"detachChange":{"!category":"function","!description":"Detach event handler <code>fnFunction</code> from the 'change' event of this <code>sap.ui.richtexteditor.RichTextEditor</code>.\n\nThe passed function and listener object must match the ones used for event registration.","!type":"fn(fnFunction: fn(), oListener: Object) -> sap.ui.richtexteditor.RichTextEditor"},"detachReady":{"!category":"function","!description":"Detach event handler <code>fnFunction</code> from the 'ready' event of this <code>sap.ui.richtexteditor.RichTextEditor</code>.\n\nThe passed function and listener object must match the ones used for event registration.","!type":"fn(fnFunction: fn(), oListener: Object) -> sap.ui.richtexteditor.RichTextEditor"},"fireBeforeEditorInit":{"!category":"function","!description":"Fire event beforeEditorInit to attached listeners.","!type":"fn(mArguments?: Map) -> sap.ui.richtexteditor.RichTextEditor"},"fireChange":{"!category":"function","!description":"Fire event change to attached listeners.\n\nExpects following event parameters:\n<ul>\n<li>'newValue' of type <code>string</code>The new control value.</li>\n</ul>","!type":"fn(mArguments?: Map) -> sap.ui.richtexteditor.RichTextEditor"},"fireReady":{"!category":"function","!description":"Fire event ready to attached listeners.","!type":"fn(mArguments?: Map) -> sap.ui.richtexteditor.RichTextEditor"},"getButtonGroups":{"!category":"function","!description":"Getter for property <code>buttonGroups</code>.\n\nAn array of button configurations. These configurations contain the names of buttons as array in the property \"buttons\" and the name of the group in \"name\", they can also contain the \"row\" where the buttons should be placed, a \"priority\" and whether the buttons are \"visible\". See method addButtonGroup() for more details on the structure of the objects in this array.\n\nDefault value is <code>[]</code>.","!type":"fn() -> [Object]"},"getEditable":{"!category":"function","!description":"Getter for property <code>editable</code>.\n\nWhether the editor content can be modified by the user. When set to \"false\" there might not be any editor toolbar.\n\nDefault value is <code>true</code>.","!type":"fn() -> Boolean"},"getEditorLocation":{"!category":"function","!description":"<strong style=\"color: red;\">Deprecated! </strong>Since 1.25.0 The editorLocation is set implicitly when choosing the editorType.<br>Getter for property <code>editorLocation</code>.\n\nRelative or absolute URL where the editor is available. Must be on the same server.\nAny attempts to set this property after the first rendering will not have any effect.\n\nDefault value is <code>js/tiny_mce/tiny_mce_src.js</code>.","!type":"fn() -> String"},"getEditorType":{"!category":"function","!description":"Getter for property <code>editorType</code>.\n\nThe editor implementation to use.\nValid values are the ones found under sap.ui.richtexteditor.EditorType and any other editor identifier that may be introduced by other groups (hence this is not an enumeration).\nAny attempts to set this property after the first rendering will not have any effect.\n\nDefault value is <code>TinyMCE</code>.","!type":"fn() -> String"},"getHeight":{"!category":"function","!description":"Getter for property <code>height</code>.\n\nHeight of RichTextEditor control in CSS units.","!type":"fn() -> sap.ui.core.CSSSize"},"getMetadata":{"!category":"function","!description":"Returns a metadata object for class sap.ui.richtexteditor.RichTextEditor.","!type":"fn() -> sap.ui.base.Metadata"},"getNativeApi":{"!category":"function","!description":"Returns the current editor's instance.\nCAUTION: using the native editor introduces a dependency to that editor and breaks the wrapping character of the RichTextEditor control, so it should only be done in justified cases.","!type":"fn() -> Object"},"getPlugins":{"!category":"function","!description":"Getter for property <code>plugins</code>.\n\nAn array of plugin configuration objects with the obligatory property \"name\".\nEach object has to contain a property \"name\" which then contains the plugin name/ID.\n\nDefault value is <code>[]</code>.","!type":"fn() -> [Object]"},"getRequired":{"!category":"function","!description":"Getter for property <code>required</code>.\n\nWhether a value is required.\n\nDefault value is <code>false</code>.","!type":"fn() -> Boolean"},"getSanitizeValue":{"!category":"function","!description":"Getter for property <code>sanitizeValue</code>.\n\nWhether to run the HTML sanitizer once the value (HTML markup) is applied or not. To configure allowed URLs please use the whitelist API via jQuery.sap.addUrlWhitelist\n\nDefault value is <code>true</code>.","!type":"fn() -> Boolean"},"getShowGroupClipboard":{"!category":"function","!description":"Getter for property <code>showGroupClipboard</code>.\n\nWhether the toolbar button group containing commands like Cut, Copy and Paste is available. Changing this after the initial rendering will result in some visible redrawing.\n\nDefault value is <code>true</code>.","!type":"fn() -> Boolean"},"getShowGroupFont":{"!category":"function","!description":"Getter for property <code>showGroupFont</code>.\n\nWhether the toolbar button group containing commands like Font, Font Size and Colors is available. Changing this after the initial rendering will result in some visible redrawing.\n\nDefault value is <code>false</code>.","!type":"fn() -> Boolean"},"getShowGroupFontStyle":{"!category":"function","!description":"Getter for property <code>showGroupFontStyle</code>.\n\nWhether the toolbar button group containing commands like Bold, Italic, Underline and Strikethrough is available. Changing this after the initial rendering will result in some visible redrawing.\n\nDefault value is <code>true</code>.","!type":"fn() -> Boolean"},"getShowGroupInsert":{"!category":"function","!description":"Getter for property <code>showGroupInsert</code>.\n\nWhether the toolbar button group containing commands like Insert Image and Insert Smiley is available. Changing this after the initial rendering will result in some visible redrawing.\n\nDefault value is <code>false</code>.","!type":"fn() -> Boolean"},"getShowGroupLink":{"!category":"function","!description":"Getter for property <code>showGroupLink</code>.\n\nWhether the toolbar button group containing commands like Create Link and Remove Link is available. Changing this after the initial rendering will result in some visible redrawing.\n\nDefault value is <code>false</code>.","!type":"fn() -> Boolean"},"getShowGroupStructure":{"!category":"function","!description":"Getter for property <code>showGroupStructure</code>.\n\nWhether the toolbar button group containing commands like Bullets and Indentation is available. Changing this after the initial rendering will result in some visible redrawing.\n\nDefault value is <code>true</code>.","!type":"fn() -> Boolean"},"getShowGroupTextAlign":{"!category":"function","!description":"Getter for property <code>showGroupTextAlign</code>.\n\nWhether the toolbar button group containing text alignment commands is available. Changing this after the initial rendering will result in some visible redrawing.\n\nDefault value is <code>true</code>.","!type":"fn() -> Boolean"},"getShowGroupUndo":{"!category":"function","!description":"Getter for property <code>showGroupUndo</code>.\n\nWhether the toolbar button group containing commands like Undo and Redo is available. Changing this after the initial rendering will result in some visible redrawing.\n\nDefault value is <code>false</code>.","!type":"fn() -> Boolean"},"getTextDirection":{"!category":"function","!description":"Getter for property <code>textDirection</code>.\n\nThe text direction\n\nDefault value is <code>Inherit</code>.","!type":"fn() -> sap.ui.core.TextDirection"},"getUseLegacyTheme":{"!category":"function","!description":"Getter for property <code>useLegacyTheme</code>.\n\nWhether or not to use the legacy theme for the toolbar buttons. If this is set to false, the default theme for the editor will be used (which might change slightly with every update). The legacy theme has the disadvantage that not all functionality has its own icon, so using non default buttons might lead to invisible buttons with the legacy theme - use the default editor theme in this case.\n\nDefault value is <code>true</code>.","!type":"fn() -> Boolean"},"getValue":{"!category":"function","!description":"Getter for property <code>value</code>.\n\nAn HTML string representing the editor content. Because this is HTML, the value cannot be generically escaped to prevent cross-site scripting, so the application is responsible for doing so.\n\nDefault value is <code></code>.","!type":"fn() -> String"},"getWidth":{"!category":"function","!description":"Getter for property <code>width</code>.\n\nWidth of RichTextEditor control in CSS units.","!type":"fn() -> sap.ui.core.CSSSize"},"getWrapping":{"!category":"function","!description":"Getter for property <code>wrapping</code>.\n\nWhether the text in the editor is wrapped. This does not affect the editor's value, only the representation in the control.\n\nDefault value is <code>true</code>.","!type":"fn() -> Boolean"},"setButtonGroups":{"!category":"function","!description":"Setter for property <code>buttonGroups</code>.\n\nDefault value is <code>[]</code>.","!type":"fn(sButtonGroups: [Object]) -> sap.ui.richtexteditor.RichTextEditor"},"setEditable":{"!category":"function","!description":"Setter for property <code>editable</code>.\n\nDefault value is <code>true</code>.","!type":"fn(bEditable: Boolean) -> sap.ui.richtexteditor.RichTextEditor"},"setEditorLocation":{"!category":"function","!description":"<strong style=\"color: red;\">Deprecated! </strong>Since 1.25.0 The editorLocation is set implicitly when choosing the editorType.<br>Setter for property <code>editorLocation</code>.\n\nDefault value is <code>js/tiny_mce/tiny_mce_src.js</code>.","!type":"fn(sEditorLocation: String) -> sap.ui.richtexteditor.RichTextEditor"},"setEditorType":{"!category":"function","!description":"Switches the editor type and sets the default settings for the editor.\nAll plugins and button groups should be set after this has been invoked","!type":"fn(sEditorType?: String) -> Object"},"setHeight":{"!category":"function","!description":"Setter for property <code>height</code>.","!type":"fn(sHeight: sap.ui.core.CSSSize) -> sap.ui.richtexteditor.RichTextEditor"},"setPlugins":{"!category":"function","!description":"Setter for property <code>plugins</code>.\n\nDefault value is <code>[]</code>.","!type":"fn(sPlugins: [Object]) -> sap.ui.richtexteditor.RichTextEditor"},"setRequired":{"!category":"function","!description":"Setter for property <code>required</code>.\n\nDefault value is <code>false</code>.","!type":"fn(bRequired: Boolean) -> sap.ui.richtexteditor.RichTextEditor"},"setSanitizeValue":{"!category":"function","!description":"Setter for property <code>sanitizeValue</code>.\n\nDefault value is <code>true</code>.","!type":"fn(bSanitizeValue: Boolean) -> sap.ui.richtexteditor.RichTextEditor"},"setShowGroupClipboard":{"!category":"function","!description":"Setter for property <code>showGroupClipboard</code>.\n\nDefault value is <code>true</code>.","!type":"fn(bShowGroupClipboard: Boolean) -> sap.ui.richtexteditor.RichTextEditor"},"setShowGroupFont":{"!category":"function","!description":"Setter for property <code>showGroupFont</code>.\n\nDefault value is <code>false</code>.","!type":"fn(bShowGroupFont: Boolean) -> sap.ui.richtexteditor.RichTextEditor"},"setShowGroupFontStyle":{"!category":"function","!description":"Setter for property <code>showGroupFontStyle</code>.\n\nDefault value is <code>true</code>.","!type":"fn(bShowGroupFontStyle: Boolean) -> sap.ui.richtexteditor.RichTextEditor"},"setShowGroupInsert":{"!category":"function","!description":"Setter for property <code>showGroupInsert</code>.\n\nDefault value is <code>false</code>.","!type":"fn(bShowGroupInsert: Boolean) -> sap.ui.richtexteditor.RichTextEditor"},"setShowGroupLink":{"!category":"function","!description":"Setter for property <code>showGroupLink</code>.\n\nDefault value is <code>false</code>.","!type":"fn(bShowGroupLink: Boolean) -> sap.ui.richtexteditor.RichTextEditor"},"setShowGroupStructure":{"!category":"function","!description":"Setter for property <code>showGroupStructure</code>.\n\nDefault value is <code>true</code>.","!type":"fn(bShowGroupStructure: Boolean) -> sap.ui.richtexteditor.RichTextEditor"},"setShowGroupTextAlign":{"!category":"function","!description":"Setter for property <code>showGroupTextAlign</code>.\n\nDefault value is <code>true</code>.","!type":"fn(bShowGroupTextAlign: Boolean) -> sap.ui.richtexteditor.RichTextEditor"},"setShowGroupUndo":{"!category":"function","!description":"Setter for property <code>showGroupUndo</code>.\n\nDefault value is <code>false</code>.","!type":"fn(bShowGroupUndo: Boolean) -> sap.ui.richtexteditor.RichTextEditor"},"setTextDirection":{"!category":"function","!description":"Setter for property <code>textDirection</code>.\n\nDefault value is <code>Inherit</code>.","!type":"fn(sTextDirection: sap.ui.core.TextDirection) -> sap.ui.richtexteditor.RichTextEditor"},"setUseLegacyTheme":{"!category":"function","!description":"Allows to opt out of the legacy theme that is applied to keep the old button look. In case\nbutons are used that are not in the legacy theme, this can be disabled in order to show\nthe button correctly.","!type":"fn(bUseLegacyTheme?: Boolean) -> Object"},"setValue":{"!category":"function","!description":"Setter for property <code>value</code>.\n\nDefault value is <code></code>.","!type":"fn(sValue: String) -> sap.ui.richtexteditor.RichTextEditor"},"setWidth":{"!category":"function","!description":"Setter for property <code>width</code>.","!type":"fn(sWidth: sap.ui.core.CSSSize) -> sap.ui.richtexteditor.RichTextEditor"},"setWrapping":{"!category":"function","!description":"Setter for property <code>wrapping</code>.\n\nDefault value is <code>true</code>.","!type":"fn(bWrapping: Boolean) -> sap.ui.richtexteditor.RichTextEditor"}},"sap.ui.richtexteditor.EditorType":{"!category":"static class","!description":"Determines which editor component should be used for editing the text.","TinyMCE":{"!category":"enum","!description":"Uses TinyMCE version 3 as editor (default)","!type":"String"},"TinyMCE4":{"!category":"enum","!description":"Uses TinyMCE version 4 as editor","!type":"String"}},"sap.ui":{"richtexteditor":"sap.ui.richtexteditor","!category":"namespace"},"sap":{"ui":"sap.ui","!category":"namespace","sap":"sap"}}}