{"!name":"sap.ndc","!define":{"sap.ndc":{"!category":"namespace","!description":"SAPUI5 library with controls with native device capabilities.","BarcodeScanner":"sap.ndc.BarcodeScanner","BarcodeScannerButton":"sap.ndc.BarcodeScannerButton_obj","provideFallback":{"!category":"enum","!description":"If set to true, the button remains visible if the scanner is not available and triggers a dialog to enter bar code.","!type":"Boolean"},"visible":{"!category":"enum","!description":"The invisible bar code scanner button is not rendered regardless of the availability of the native scan feature.","!type":"Boolean"}},"sap.ndc.BarcodeScanner":{"!category":"namespace","!description":"TODO: description\n\nAs <code>BarcodeScanner</code> is a static class, a <code>jQuery.sap.require(\"sap.ndc.BarcodeScanner\");</code>\nstatement must be explicitly executed before the class can be used. Example:\t *\n<pre>\njQuery.sap.require(\"sap.ndc.BarcodeScanner\");\nsap.ndc.BarcodeScanner.scan(\n    function (oResult) { / * process scan result * / },\n    function (oError) { / * handle scan error * / },\n    function (oResult) { / * handle input dialog change * / }\n);\n</pre>","closeScanDialog":{"!category":"function","!description":"Closes the bar code input dialog. It can be used to close the dialog before the user presses the OK or the Cancel button\n(e.g. in the fnLiveUpdate callback function of the {@link sap.ndc.BarcodeScanner.scan} method.)","!type":"fn()"},"getStatusModel":{"!category":"function","!description":"Returns the status model of the BarcodeScanner. It is a JSON model which contains a single boolean property\n'<code>available</code>' indicating whether or not the bar code scanner feature is available. It can be used\nto bind to the <code>visible</code> property of UI controls which have to be hidden in case the feature is unavailable.","!type":"fn() -> sap.ui.model.json.JSONModel"},"scan":{"!category":"function","!description":"Starts the bar code scanning process either showing the live input from the camera or displaying a dialog\nto enter the value directly if the bar code scanning feature is not available.\n\n<pre>\nsap.ndc.BarcodeScanner.scan(fnSuccess, fnFail, fnLiveUpdate)\n</pre>\n\nThe bar code scanning is done asynchronously. When it is triggered, this function returns without waiting for\nthe scanning process to finish. The applications have to provide callback functions to react to the events of\na successful scanning, an error during scanning, and the live input on the dialog.\n\n<code>fnSuccess</code> is passed an object with text, format and cancelled properties. Text is the text representation\nof the bar code data, format is the type of the bar code detected, and cancelled is whether or not the user cancelled\nthe scan. <code>fnError</code> is given the error, <code>fnLiveUpdate</code> is passed the new value entered in the\ndialog's input field. An example:\n\n<pre>\nsap.ndc.BarcodeScanner.scan(\n   function (mResult) {\n      alert(\"We got a bar code\\n\" + \n            \"Result: \" + mResult.text + \"\\n\" +\n            \"Format: \" + mResult.format + \"\\n\" +\n            \"Cancelled: \" + mResult.cancelled);\n   },\n   function (Error) {\n      alert(\"Scanning failed: \" + Error);\n   },\n   function (mParams) {\n      alert(\"Value entered: \" + mParams.newValue);\n   }\n);\n</pre>","!type":"fn(fnSuccess?: fn(), fnFail?: fn(), fnLiveUpdate?: fn())"}},"sap.ndc.BarcodeScannerButton_obj":{"!type":"fn(sId: String, mSettings: Object)","extend":{"!category":"function","!description":"Creates a new subclass of class sap.ndc.BarcodeScannerButton with name <code>sClassName</code>\nand enriches it with the information contained in <code>oClassInfo</code>.\n\n<code>oClassInfo</code> might contain the same kind of information as described in {@link sap.ui.core.Control.extend}.","!type":"fn(sClassName: String, oClassInfo?: Object, FNMetaImpl?: fn())"},"prototype":"sap.ndc.BarcodeScannerButton"},"sap.ndc.BarcodeScannerButton":{"!category":"class","!description":"A button control (displaying a bar code icon) to start the bar code scanning process. If the native scanning feature is\nnot available, the button is either hidden or it provides a fallback by opening a dialog with an input field where the bar code can\nbe entered manually.","!proto":"sap.ui.core.Control","attachInputLiveUpdate":{"!category":"function","!description":"Attach event handler <code>fnFunction</code> to the 'inputLiveUpdate' event of this <code>sap.ndc.BarcodeScannerButton</code>.\n\nWhen called, the context of the event handler (its <code>this</code>) will be bound to <code>oListener</code> if specified\notherwise to this <code>sap.ndc.BarcodeScannerButton</code> itself.\n\nEvent is fired when the text in the dialog's input field is changed.","!type":"fn(oData?: Object, fnFunction: fn(), oListener?: Object) -> sap.ndc.BarcodeScannerButton"},"attachScanFail":{"!category":"function","!description":"Attach event handler <code>fnFunction</code> to the 'scanFail' event of this <code>sap.ndc.BarcodeScannerButton</code>.\n\nWhen called, the context of the event handler (its <code>this</code>) will be bound to <code>oListener</code> if specified\notherwise to this <code>sap.ndc.BarcodeScannerButton</code> itself.\n\nEvent is fired when the native scanning process is failed.","!type":"fn(oData?: Object, fnFunction: fn(), oListener?: Object) -> sap.ndc.BarcodeScannerButton"},"attachScanSuccess":{"!category":"function","!description":"Attach event handler <code>fnFunction</code> to the 'scanSuccess' event of this <code>sap.ndc.BarcodeScannerButton</code>.\n\nWhen called, the context of the event handler (its <code>this</code>) will be bound to <code>oListener</code> if specified\notherwise to this <code>sap.ndc.BarcodeScannerButton</code> itself.\n\nEvent is fired when the scanning is finished or cancelled","!type":"fn(oData?: Object, fnFunction: fn(), oListener?: Object) -> sap.ndc.BarcodeScannerButton"},"detachInputLiveUpdate":{"!category":"function","!description":"Detach event handler <code>fnFunction</code> from the 'inputLiveUpdate' event of this <code>sap.ndc.BarcodeScannerButton</code>.\n\nThe passed function and listener object must match the ones used for event registration.","!type":"fn(fnFunction: fn(), oListener: Object) -> sap.ndc.BarcodeScannerButton"},"detachScanFail":{"!category":"function","!description":"Detach event handler <code>fnFunction</code> from the 'scanFail' event of this <code>sap.ndc.BarcodeScannerButton</code>.\n\nThe passed function and listener object must match the ones used for event registration.","!type":"fn(fnFunction: fn(), oListener: Object) -> sap.ndc.BarcodeScannerButton"},"detachScanSuccess":{"!category":"function","!description":"Detach event handler <code>fnFunction</code> from the 'scanSuccess' event of this <code>sap.ndc.BarcodeScannerButton</code>.\n\nThe passed function and listener object must match the ones used for event registration.","!type":"fn(fnFunction: fn(), oListener: Object) -> sap.ndc.BarcodeScannerButton"},"fireInputLiveUpdate":{"!category":"function","!description":"Fire event inputLiveUpdate to attached listeners.\n\nExpects following event parameters:\n<ul>\n<li>'newValue' of type <code>string</code>The new value of the input field.</li>\n</ul>","!type":"fn(mArguments?: Map) -> sap.ndc.BarcodeScannerButton"},"fireScanFail":{"!category":"function","!description":"Fire event scanFail to attached listeners.","!type":"fn(mArguments?: Map) -> sap.ndc.BarcodeScannerButton"},"fireScanSuccess":{"!category":"function","!description":"Fire event scanSuccess to attached listeners.\n\nExpects following event parameters:\n<ul>\n<li>'text' of type <code>string</code>The the text representation of the bar code data.</li>\n<li>'format' of type <code>string</code>The type of the bar code detected.</li>\n<li>'cancelled' of type <code>boolean</code>Indicates whether or not the user cancelled the scan.</li>\n</ul>","!type":"fn(mArguments?: Map) -> sap.ndc.BarcodeScannerButton"},"getMetadata":{"!category":"function","!description":"Returns a metadata object for class sap.ndc.BarcodeScannerButton.","!type":"fn() -> sap.ui.base.Metadata"},"getProvideFallback":{"!category":"function","!description":"Getter for property <code>provideFallback</code>.\n\nIf set to true, the button remains visible if the scanner is not available and triggers a dialog to enter bar code.\n\nDefault value is <code>true</code>.","!type":"fn() -> Boolean"},"getVisible":{"!category":"function","!description":"Getter for property <code>visible</code>.\n\nThe invisible bar code scanner button is not rendered regardless of the availability of the native scan feature.\n\nDefault value is <code>true</code>.","!type":"fn() -> Boolean"},"setProvideFallback":{"!category":"function","!description":"Setter for property <code>provideFallback</code>.\n\nDefault value is <code>true</code>.","!type":"fn(bProvideFallback: Boolean) -> sap.ndc.BarcodeScannerButton"},"setVisible":{"!category":"function","!description":"Setter for property <code>visible</code>.\n\nDefault value is <code>true</code>.","!type":"fn(bVisible: Boolean) -> sap.ndc.BarcodeScannerButton"}},"sap":{"ndc":"sap.ndc","!category":"namespace","sap":"sap"}}}