{"!name":"sap.ui.fl","!define":{"sap.ui.fl":{"!category":"namespace","Preprocessor":"sap.ui.fl.Preprocessor_obj","PreprocessorImpl":"sap.ui.fl.PreprocessorImpl_obj"},"sap.ui.fl.Preprocessor_obj":{"!type":"fn()","extend":{"!category":"function","!description":"Creates a new subclass of class sap.ui.fl.Preprocessor with name <code>sClassName</code>\nand enriches it with the information contained in <code>oClassInfo</code>.\n\n<code>oClassInfo</code> might contain the same kind of information as described in {@link sap.ui.base.Object.extend Object.extend}.","!type":"fn(sClassName: String, oClassInfo?: Object, FNMetaImpl?: fn())"},"prototype":"sap.ui.fl.Preprocessor"},"sap.ui.fl.Preprocessor":{"!category":"class","!proto":"sap.ui.base.Object","getMetadata":{"!category":"function","!description":"Returns a metadata object for class sap.ui.fl.Preprocessor.","!type":"fn() -> sap.ui.base.Metadata"}},"sap.ui.fl.PreprocessorImpl_obj":{"!type":"fn()","prototype":"sap.ui.fl.PreprocessorImpl"},"sap.ui.fl.PreprocessorImpl":{"!category":"class","!proto":"sap.ui.base.Object"},"sap.ui":{"fl":"sap.ui.fl","!category":"namespace"},"sap":{"ui":"sap.ui","!category":"namespace","sap":"sap"}}}