{"!name":"sap.ui.rta","!define":{"sap.ui.rta":{"!category":"namespace","!description":"SAPUI5 library with RTA controls.","ContextMenu":"sap.ui.rta.ContextMenu_obj","FieldRepository":"sap.ui.rta.FieldRepository_obj","RuntimeAuthoring":"sap.ui.rta.RuntimeAuthoring_obj","ToolsMenu":"sap.ui.rta.ToolsMenu_obj","customFieldUrl":{"!category":"enum","!type":"String"},"showCCF":{"!category":"enum","!type":"Boolean"}},"sap.ui.rta.ContextMenu_obj":{"!type":"fn()","extend":{"!category":"function","!description":"Creates a new subclass of class sap.ui.rta.ContextMenu with name <code>sClassName</code>\nand enriches it with the information contained in <code>oClassInfo</code>.\n\n<code>oClassInfo</code> might contain the same kind of information as described in {@link sap.ui.core.Control.extend}.","!type":"fn(sClassName: String, oClassInfo?: Object, FNMetaImpl?: fn())"},"prototype":"sap.ui.rta.ContextMenu"},"sap.ui.rta.ContextMenu":{"!category":"class","!description":"<strong style=\"color: red;\">Experimental! </strong>","!proto":"sap.ui.core.Control","getMetadata":{"!category":"function","!description":"Returns a metadata object for class sap.ui.rta.ContextMenu.","!type":"fn() -> sap.ui.base.Metadata"}},"sap.ui.rta.FieldRepository_obj":{"!type":"fn()","extend":{"!category":"function","!description":"Creates a new subclass of class sap.ui.rta.FieldRepository with name <code>sClassName</code>\nand enriches it with the information contained in <code>oClassInfo</code>.\n\n<code>oClassInfo</code> might contain the same kind of information as described in {@link sap.ui.core.Control.extend}.","!type":"fn(sClassName: String, oClassInfo?: Object, FNMetaImpl?: fn())"},"prototype":"sap.ui.rta.FieldRepository"},"sap.ui.rta.FieldRepository":{"!category":"class","!description":"<strong style=\"color: red;\">Experimental! </strong>","!proto":"sap.ui.core.Control","attachClosed":{"!category":"function","!description":"Attach event handler <code>fnFunction</code> to the 'closed' event of this <code>sap.ui.rta.FieldRepository</code>.\n\nWhen called, the context of the event handler (its <code>this</code>) will be bound to <code>oListener</code> if specified\notherwise to this <code>sap.ui.rta.FieldRepository</code> itself.","!type":"fn(oData?: Object, fnFunction: fn(), oListener?: Object) -> sap.ui.rta.FieldRepository"},"attachOpenCCF":{"!category":"function","!description":"Attach event handler <code>fnFunction</code> to the 'openCCF' event of this <code>sap.ui.rta.FieldRepository</code>.\n\nWhen called, the context of the event handler (its <code>this</code>) will be bound to <code>oListener</code> if specified\notherwise to this <code>sap.ui.rta.FieldRepository</code> itself.","!type":"fn(oData?: Object, fnFunction: fn(), oListener?: Object) -> sap.ui.rta.FieldRepository"},"attachOpened":{"!category":"function","!description":"Attach event handler <code>fnFunction</code> to the 'opened' event of this <code>sap.ui.rta.FieldRepository</code>.\n\nWhen called, the context of the event handler (its <code>this</code>) will be bound to <code>oListener</code> if specified\notherwise to this <code>sap.ui.rta.FieldRepository</code> itself.","!type":"fn(oData?: Object, fnFunction: fn(), oListener?: Object) -> sap.ui.rta.FieldRepository"},"detachClosed":{"!category":"function","!description":"Detach event handler <code>fnFunction</code> from the 'closed' event of this <code>sap.ui.rta.FieldRepository</code>.\n\nThe passed function and listener object must match the ones used for event registration.","!type":"fn(fnFunction: fn(), oListener: Object) -> sap.ui.rta.FieldRepository"},"detachOpenCCF":{"!category":"function","!description":"Detach event handler <code>fnFunction</code> from the 'openCCF' event of this <code>sap.ui.rta.FieldRepository</code>.\n\nThe passed function and listener object must match the ones used for event registration.","!type":"fn(fnFunction: fn(), oListener: Object) -> sap.ui.rta.FieldRepository"},"detachOpened":{"!category":"function","!description":"Detach event handler <code>fnFunction</code> from the 'opened' event of this <code>sap.ui.rta.FieldRepository</code>.\n\nThe passed function and listener object must match the ones used for event registration.","!type":"fn(fnFunction: fn(), oListener: Object) -> sap.ui.rta.FieldRepository"},"fireClosed":{"!category":"function","!description":"Fire event closed to attached listeners.","!type":"fn(mArguments?: Map) -> sap.ui.rta.FieldRepository"},"fireOpenCCF":{"!category":"function","!description":"Fire event openCCF to attached listeners.","!type":"fn(mArguments?: Map) -> sap.ui.rta.FieldRepository"},"fireOpened":{"!category":"function","!description":"Fire event opened to attached listeners.","!type":"fn(mArguments?: Map) -> sap.ui.rta.FieldRepository"},"getMetadata":{"!category":"function","!description":"Returns a metadata object for class sap.ui.rta.FieldRepository.","!type":"fn() -> sap.ui.base.Metadata"}},"sap.ui.rta.RuntimeAuthoring_obj":{"!type":"fn()","extend":{"!category":"function","!description":"Creates a new subclass of class sap.ui.rta.RuntimeAuthoring with name <code>sClassName</code>\nand enriches it with the information contained in <code>oClassInfo</code>.\n\n<code>oClassInfo</code> might contain the same kind of information as described in {@link sap.ui.core.BaseObject.extend}.","!type":"fn(sClassName: String, oClassInfo?: Object, FNMetaImpl?: fn())"},"prototype":"sap.ui.rta.RuntimeAuthoring"},"sap.ui.rta.RuntimeAuthoring":{"!category":"class","!description":"<strong style=\"color: red;\">Experimental! </strong>","!proto":"sap.ui.core.BaseObject","attachStart":{"!category":"function","!description":"Attach event handler <code>fnFunction</code> to the 'start' event of this <code>sap.ui.rta.RuntimeAuthoring</code>.\n\nWhen called, the context of the event handler (its <code>this</code>) will be bound to <code>oListener</code> if specified\notherwise to this <code>sap.ui.rta.RuntimeAuthoring</code> itself.","!type":"fn(oData?: Object, fnFunction: fn(), oListener?: Object) -> sap.ui.rta.RuntimeAuthoring"},"attachStop":{"!category":"function","!description":"Attach event handler <code>fnFunction</code> to the 'stop' event of this <code>sap.ui.rta.RuntimeAuthoring</code>.\n\nWhen called, the context of the event handler (its <code>this</code>) will be bound to <code>oListener</code> if specified\notherwise to this <code>sap.ui.rta.RuntimeAuthoring</code> itself.","!type":"fn(oData?: Object, fnFunction: fn(), oListener?: Object) -> sap.ui.rta.RuntimeAuthoring"},"detachStart":{"!category":"function","!description":"Detach event handler <code>fnFunction</code> from the 'start' event of this <code>sap.ui.rta.RuntimeAuthoring</code>.\n\nThe passed function and listener object must match the ones used for event registration.","!type":"fn(fnFunction: fn(), oListener: Object) -> sap.ui.rta.RuntimeAuthoring"},"detachStop":{"!category":"function","!description":"Detach event handler <code>fnFunction</code> from the 'stop' event of this <code>sap.ui.rta.RuntimeAuthoring</code>.\n\nThe passed function and listener object must match the ones used for event registration.","!type":"fn(fnFunction: fn(), oListener: Object) -> sap.ui.rta.RuntimeAuthoring"},"fireStart":{"!category":"function","!description":"Fire event start to attached listeners.","!type":"fn(mArguments?: Map) -> sap.ui.rta.RuntimeAuthoring"},"fireStop":{"!category":"function","!description":"Fire event stop to attached listeners.","!type":"fn(mArguments?: Map) -> sap.ui.rta.RuntimeAuthoring"},"getCustomFieldUrl":{"!category":"function","!description":"Getter for property <code>customFieldUrl</code>.","!type":"fn() -> String"},"getMetadata":{"!category":"function","!description":"Returns a metadata object for class sap.ui.rta.RuntimeAuthoring.","!type":"fn() -> sap.ui.base.Metadata"},"getRootControl":{"!category":"function","!description":"Id of the element which is the current target of the <code>rootControl</code> association, or null.","!type":"fn() -> sap.ui.core.Control"},"getShowCCF":{"!category":"function","!description":"Getter for property <code>showCCF</code>.","!type":"fn() -> Boolean"},"setCustomFieldUrl":{"!category":"function","!description":"Setter for property <code>customFieldUrl</code>.","!type":"fn(sCustomFieldUrl: String) -> sap.ui.rta.RuntimeAuthoring"},"setRootControl":{"!category":"function","!description":"Setter for the associated <code>rootControl</code>.","!type":"fn(oRootControl: sap.ui.core.Control) -> sap.ui.rta.RuntimeAuthoring"},"setShowCCF":{"!category":"function","!description":"Setter for property <code>showCCF</code>.","!type":"fn(bShowCCF: Boolean) -> sap.ui.rta.RuntimeAuthoring"}},"sap.ui.rta.ToolsMenu_obj":{"!type":"fn()","extend":{"!category":"function","!description":"Creates a new subclass of class sap.ui.rta.ToolsMenu with name <code>sClassName</code>\nand enriches it with the information contained in <code>oClassInfo</code>.\n\n<code>oClassInfo</code> might contain the same kind of information as described in {@link sap.ui.core.Control.extend}.","!type":"fn(sClassName: String, oClassInfo?: Object, FNMetaImpl?: fn())"},"prototype":"sap.ui.rta.ToolsMenu"},"sap.ui.rta.ToolsMenu":{"!category":"class","!description":"<strong style=\"color: red;\">Experimental! </strong>","!proto":"sap.ui.core.Control","addToolbar":{"!category":"function","!description":"Adds some toolbar into the aggregation named <code>toolbars</code>.","!type":"fn(oToolbar: sap.m.Toolbar) -> sap.ui.rta.ToolsMenu"},"attachClose":{"!category":"function","!description":"Attach event handler <code>fnFunction</code> to the 'close' event of this <code>sap.ui.rta.ToolsMenu</code>.\n\nWhen called, the context of the event handler (its <code>this</code>) will be bound to <code>oListener</code> if specified\notherwise to this <code>sap.ui.rta.ToolsMenu</code> itself.","!type":"fn(oData?: Object, fnFunction: fn(), oListener?: Object) -> sap.ui.rta.ToolsMenu"},"attachSelectedTool":{"!category":"function","!description":"Attach event handler <code>fnFunction</code> to the 'selectedTool' event of this <code>sap.ui.rta.ToolsMenu</code>.\n\nWhen called, the context of the event handler (its <code>this</code>) will be bound to <code>oListener</code> if specified\notherwise to this <code>sap.ui.rta.ToolsMenu</code> itself.","!type":"fn(oData?: Object, fnFunction: fn(), oListener?: Object) -> sap.ui.rta.ToolsMenu"},"destroyToolbars":{"!category":"function","!description":"Destroys all the toolbars in the aggregation\nnamed <code>toolbars</code>.","!type":"fn() -> sap.ui.rta.ToolsMenu"},"detachClose":{"!category":"function","!description":"Detach event handler <code>fnFunction</code> from the 'close' event of this <code>sap.ui.rta.ToolsMenu</code>.\n\nThe passed function and listener object must match the ones used for event registration.","!type":"fn(fnFunction: fn(), oListener: Object) -> sap.ui.rta.ToolsMenu"},"detachSelectedTool":{"!category":"function","!description":"Detach event handler <code>fnFunction</code> from the 'selectedTool' event of this <code>sap.ui.rta.ToolsMenu</code>.\n\nThe passed function and listener object must match the ones used for event registration.","!type":"fn(fnFunction: fn(), oListener: Object) -> sap.ui.rta.ToolsMenu"},"fireClose":{"!category":"function","!description":"Fire event close to attached listeners.","!type":"fn(mArguments?: Map) -> sap.ui.rta.ToolsMenu"},"fireSelectedTool":{"!category":"function","!description":"Fire event selectedTool to attached listeners.\n\nExpects following event parameters:\n<ul>\n<li>'eventOrigin' of type <code>sap.m.Button</code></li>\n</ul>","!type":"fn(mArguments?: Map) -> sap.ui.rta.ToolsMenu"},"getMetadata":{"!category":"function","!description":"Returns a metadata object for class sap.ui.rta.ToolsMenu.","!type":"fn() -> sap.ui.base.Metadata"},"getToolbars":{"!category":"function","!description":"Getter for aggregation <code>toolbars</code>.","!type":"fn() -> [sap.m.Toolbar]"},"indexOfToolbar":{"!category":"function","!description":"Checks for the provided <code>sap.m.Toolbar</code> in the aggregation named <code>toolbars</code>.\nand returns its index if found or -1 otherwise.","!type":"fn(oToolbar: sap.m.Toolbar) -> Number"},"insertToolbar":{"!category":"function","!description":"Inserts a toolbar into the aggregation named <code>toolbars</code>.","!type":"fn(oToolbar: sap.m.Toolbar, iIndex: Number) -> sap.ui.rta.ToolsMenu"},"removeAllToolbars":{"!category":"function","!description":"Removes all the controls in the aggregation named <code>toolbars</code>.\n\nAdditionally unregisters them from the hosting UIArea.","!type":"fn() -> [sap.m.Toolbar]"},"removeToolbar":{"!category":"function","!description":"Removes a toolbar from the aggregation named <code>toolbars</code>.","!type":"fn(vToolbar: Number | String | sap.m.Toolbar) -> sap.m.Toolbar"}},"sap.ui":{"rta":"sap.ui.rta","!category":"namespace"},"sap":{"ui":"sap.ui","!category":"namespace","sap":"sap"}}}