{"!name":"sap.ui.suite","!define":{"sap.ui.suite":{"!category":"namespace","!description":"Suite controls library.","TaskCircle":"sap.ui.suite.TaskCircle_obj","VerticalProgressIndicator":"sap.ui.suite.VerticalProgressIndicator_obj","TaskCircleColor":"sap.ui.suite.TaskCircleColor","value":{"!category":"enum","!description":"Current value of the task circle to be displayed. In dependency of the parameters maxValue and minValue it controls the size of the circle.","!type":"Number"},"maxValue":{"!category":"enum","!description":"Upper limit of the displayed values. Default is 100.","!type":"Number"},"minValue":{"!category":"enum","!description":"Lower limit of the displayed values. Default is 0.","!type":"Number"},"color":{"!category":"enum","!description":"Color of the circle. The default color is red.","!type":"sap.ui.suite.TaskCircleColor"},"percentage":{"!category":"enum","!description":"The numerical value between 0 and 100 which determines the height of the vertical bar. Values higher than 100 will be displayed as 100%, values lower than zero will be displayed as 0%.","!type":"Number"}},"sap.ui.suite.TaskCircle_obj":{"!type":"fn(sId: String, mSettings: Object)","extend":{"!category":"function","!description":"Creates a new subclass of class sap.ui.suite.TaskCircle with name <code>sClassName</code>\nand enriches it with the information contained in <code>oClassInfo</code>.\n\n<code>oClassInfo</code> might contain the same kind of information as described in {@link sap.ui.core.Control.extend}.","!type":"fn(sClassName: String, oClassInfo?: Object, FNMetaImpl?: fn())"},"prototype":"sap.ui.suite.TaskCircle"},"sap.ui.suite.TaskCircle":{"!category":"class","!description":"<strong style=\"color: red;\">Experimental! </strong>","!proto":"sap.ui.core.Control","addAriaDescribedBy":{"!category":"function","!description":"Adds some ariaDescribedBy into the association named <code>ariaDescribedBy</code>.","!type":"fn(vAriaDescribedBy: String | sap.ui.core.Control) -> sap.ui.suite.TaskCircle"},"addAriaLabelledBy":{"!category":"function","!description":"Adds some ariaLabelledBy into the association named <code>ariaLabelledBy</code>.","!type":"fn(vAriaLabelledBy: String | sap.ui.core.Control) -> sap.ui.suite.TaskCircle"},"attachPress":{"!category":"function","!description":"Attach event handler <code>fnFunction</code> to the 'press' event of this <code>sap.ui.suite.TaskCircle</code>.\n\nWhen called, the context of the event handler (its <code>this</code>) will be bound to <code>oListener</code> if specified\notherwise to this <code>sap.ui.suite.TaskCircle</code> itself.\n\nEvent is fired when the user clicks the control.","!type":"fn(oData?: Object, fnFunction: fn(), oListener?: Object) -> sap.ui.suite.TaskCircle"},"detachPress":{"!category":"function","!description":"Detach event handler <code>fnFunction</code> from the 'press' event of this <code>sap.ui.suite.TaskCircle</code>.\n\nThe passed function and listener object must match the ones used for event registration.","!type":"fn(fnFunction: fn(), oListener: Object) -> sap.ui.suite.TaskCircle"},"firePress":{"!category":"function","!description":"Fire event press to attached listeners.","!type":"fn(mArguments?: Map) -> sap.ui.suite.TaskCircle"},"focus":{"!category":"function","!description":"Puts the focus to the control.","!type":"fn()"},"getAriaDescribedBy":{"!category":"function","!description":"Array of Ids of the elements which are the current targets of the <code>ariaDescribedBy</code> association.\n\nAssociation to controls / ids which describe this control (see WAI-ARIA attribute aria-describedby).","!type":"fn() -> [sap.ui.core.Control]"},"getAriaLabelledBy":{"!category":"function","!description":"Array of Ids of the elements which are the current targets of the <code>ariaLabelledBy</code> association.\n\nAssociation to controls / ids which label this control (see WAI-ARIA attribute aria-labelledby).","!type":"fn() -> [sap.ui.core.Control]"},"getColor":{"!category":"function","!description":"Getter for property <code>color</code>.\n\nColor of the circle. The default color is red.\n\nDefault value is <code>Gray</code>.","!type":"fn() -> sap.ui.suite.TaskCircleColor"},"getMaxValue":{"!category":"function","!description":"Getter for property <code>maxValue</code>.\n\nUpper limit of the displayed values. Default is 100.\n\nDefault value is <code>100</code>.","!type":"fn() -> Number"},"getMetadata":{"!category":"function","!description":"Returns a metadata object for class sap.ui.suite.TaskCircle.","!type":"fn() -> sap.ui.base.Metadata"},"getMinValue":{"!category":"function","!description":"Getter for property <code>minValue</code>.\n\nLower limit of the displayed values. Default is 0.\n\nDefault value is <code>0</code>.","!type":"fn() -> Number"},"getValue":{"!category":"function","!description":"Getter for property <code>value</code>.\n\nCurrent value of the task circle to be displayed. In dependency of the parameters maxValue and minValue it controls the size of the circle.\n\nDefault value is <code>0</code>.","!type":"fn() -> Number"},"removeAllAriaDescribedBy":{"!category":"function","!description":"Removes all the controls in the association named <code>ariaDescribedBy</code>.","!type":"fn() -> [sap.ui.core.Control]"},"removeAllAriaLabelledBy":{"!category":"function","!description":"Removes all the controls in the association named <code>ariaLabelledBy</code>.","!type":"fn() -> [sap.ui.core.Control]"},"removeAriaDescribedBy":{"!category":"function","!description":"Removes an ariaDescribedBy from the association named <code>ariaDescribedBy</code>.","!type":"fn(vAriaDescribedBy: Number | String | sap.ui.core.Control) -> sap.ui.core.Control"},"removeAriaLabelledBy":{"!category":"function","!description":"Removes an ariaLabelledBy from the association named <code>ariaLabelledBy</code>.","!type":"fn(vAriaLabelledBy: Number | String | sap.ui.core.Control) -> sap.ui.core.Control"},"setColor":{"!category":"function","!description":"Setter for property <code>color</code>.\n\nDefault value is <code>Gray</code>.","!type":"fn(sColor: sap.ui.suite.TaskCircleColor) -> sap.ui.suite.TaskCircle"},"setMaxValue":{"!category":"function","!description":"Setter for property <code>maxValue</code>.\n\nDefault value is <code>100</code>.","!type":"fn(iMaxValue: Number) -> sap.ui.suite.TaskCircle"},"setMinValue":{"!category":"function","!description":"Setter for property <code>minValue</code>.\n\nDefault value is <code>0</code>.","!type":"fn(iMinValue: Number) -> sap.ui.suite.TaskCircle"},"setValue":{"!category":"function","!description":"Setter for property <code>value</code>.\n\nDefault value is <code>0</code>.","!type":"fn(iValue: Number) -> sap.ui.suite.TaskCircle"}},"sap.ui.suite.VerticalProgressIndicator_obj":{"!type":"fn(sId: String, mSettings: Object)","extend":{"!category":"function","!description":"Creates a new subclass of class sap.ui.suite.VerticalProgressIndicator with name <code>sClassName</code>\nand enriches it with the information contained in <code>oClassInfo</code>.\n\n<code>oClassInfo</code> might contain the same kind of information as described in {@link sap.ui.core.Control.extend}.","!type":"fn(sClassName: String, oClassInfo?: Object, FNMetaImpl?: fn())"},"prototype":"sap.ui.suite.VerticalProgressIndicator"},"sap.ui.suite.VerticalProgressIndicator":{"!category":"class","!description":"<strong style=\"color: red;\">Experimental! </strong>","!proto":"sap.ui.core.Control","addAriaDescribedBy":{"!category":"function","!description":"Adds some ariaDescribedBy into the association named <code>ariaDescribedBy</code>.","!type":"fn(vAriaDescribedBy: String | sap.ui.core.Control) -> sap.ui.suite.VerticalProgressIndicator"},"addAriaLabelledBy":{"!category":"function","!description":"Adds some ariaLabelledBy into the association named <code>ariaLabelledBy</code>.","!type":"fn(vAriaLabelledBy: String | sap.ui.core.Control) -> sap.ui.suite.VerticalProgressIndicator"},"attachPress":{"!category":"function","!description":"Attach event handler <code>fnFunction</code> to the 'press' event of this <code>sap.ui.suite.VerticalProgressIndicator</code>.\n\nWhen called, the context of the event handler (its <code>this</code>) will be bound to <code>oListener</code> if specified\notherwise to this <code>sap.ui.suite.VerticalProgressIndicator</code> itself.\n\nEvent is fired when the user clicks the control.","!type":"fn(oData?: Object, fnFunction: fn(), oListener?: Object) -> sap.ui.suite.VerticalProgressIndicator"},"detachPress":{"!category":"function","!description":"Detach event handler <code>fnFunction</code> from the 'press' event of this <code>sap.ui.suite.VerticalProgressIndicator</code>.\n\nThe passed function and listener object must match the ones used for event registration.","!type":"fn(fnFunction: fn(), oListener: Object) -> sap.ui.suite.VerticalProgressIndicator"},"firePress":{"!category":"function","!description":"Fire event press to attached listeners.","!type":"fn(mArguments?: Map) -> sap.ui.suite.VerticalProgressIndicator"},"focus":{"!category":"function","!description":"Puts the focus to the control.","!type":"fn()"},"getAriaDescribedBy":{"!category":"function","!description":"Array of Ids of the elements which are the current targets of the <code>ariaDescribedBy</code> association.\n\nAssociation to controls / ids which describe this control (see WAI-ARIA attribute aria-describedby).","!type":"fn() -> [sap.ui.core.Control]"},"getAriaLabelledBy":{"!category":"function","!description":"Array of Ids of the elements which are the current targets of the <code>ariaLabelledBy</code> association.\n\nAssociation to controls / ids which label this control (see WAI-ARIA attribute aria-labelledby).","!type":"fn() -> [sap.ui.core.Control]"},"getMetadata":{"!category":"function","!description":"Returns a metadata object for class sap.ui.suite.VerticalProgressIndicator.","!type":"fn() -> sap.ui.base.Metadata"},"getPercentage":{"!category":"function","!description":"Getter for property <code>percentage</code>.\n\nThe numerical value between 0 and 100 which determines the height of the vertical bar. Values higher than 100 will be displayed as 100%, values lower than zero will be displayed as 0%.","!type":"fn() -> Number"},"removeAllAriaDescribedBy":{"!category":"function","!description":"Removes all the controls in the association named <code>ariaDescribedBy</code>.","!type":"fn() -> [sap.ui.core.Control]"},"removeAllAriaLabelledBy":{"!category":"function","!description":"Removes all the controls in the association named <code>ariaLabelledBy</code>.","!type":"fn() -> [sap.ui.core.Control]"},"removeAriaDescribedBy":{"!category":"function","!description":"Removes an ariaDescribedBy from the association named <code>ariaDescribedBy</code>.","!type":"fn(vAriaDescribedBy: Number | String | sap.ui.core.Control) -> sap.ui.core.Control"},"removeAriaLabelledBy":{"!category":"function","!description":"Removes an ariaLabelledBy from the association named <code>ariaLabelledBy</code>.","!type":"fn(vAriaLabelledBy: Number | String | sap.ui.core.Control) -> sap.ui.core.Control"},"setPercentage":{"!category":"function","!description":"Property setter for the Percentage, which determines the height of the vertical bar.\nValues higher than 100 will be displayed as 100%, values lower than zero will be displayed as 0%. \nA new rendering is not necessary, only the bar will be moved","!type":"fn(iPercentage: Number) -> sap.ui.suite.VerticalProgressIndicator"}},"sap.ui.suite.TaskCircleColor":{"!category":"static class","!description":"Defined color values for the Task Circle Control","Gray":{"!category":"enum","!description":"Default value","!type":"String"},"Green":{"!category":"enum","!description":"Green","!type":"String"},"Red":{"!category":"enum","!description":"Red","!type":"String"},"Yellow":{"!category":"enum","!description":"Yellow","!type":"String"}},"sap.ui":{"suite":"sap.ui.suite","!category":"namespace"},"sap":{"ui":"sap.ui","!category":"namespace","sap":"sap"}}}