{"!name":"sap.ui.demokit","!define":{"sap.ui.demokit":{"!category":"namespace","!description":"SAPUI5 library with non-public controls, used in the UI5 demokit (SDK)","CodeSampleContainer":"sap.ui.demokit.CodeSampleContainer_obj","CodeViewer":"sap.ui.demokit.CodeViewer_obj","FileUploadIntrospector":"sap.ui.demokit.FileUploadIntrospector_obj","HexagonButton":"sap.ui.demokit.HexagonButton_obj","HexagonButtonGroup":"sap.ui.demokit.HexagonButtonGroup_obj","IndexLayout":"sap.ui.demokit.IndexLayout_obj","Tag":"sap.ui.demokit.Tag_obj","TagCloud":"sap.ui.demokit.TagCloud_obj","UI5EntityCueCard":"sap.ui.demokit.UI5EntityCueCard_obj","UIAreaSubstitute":"sap.ui.demokit.UIAreaSubstitute_obj","UI5EntityCueCardStyle":"sap.ui.demokit.UI5EntityCueCardStyle","scriptElementId":{"!category":"enum","!description":"Id of the script element that contains the initial sample code for this code sample.","!type":"String"},"uiAreaId":{"!category":"enum","!description":"Id of the container for the running code. This Id can be used in calls to sap.ui.setRoot as if it would be a normal UIArea. Internally, a container UIElement is created with that Id.","!type":"String"},"title":{"!category":"enum","!description":"A title to be displayed above the code.","!type":"String"},"sourceVisible":{"!category":"enum","!description":"Whether the source code is visible or not.","!type":"Boolean"},"width":{"!category":"enum","!description":"Width of the file list","!type":"sap.ui.core.CSSSize"},"source":{"!category":"enum","!description":"The source code to display.","!type":"String"},"height":{"!category":"enum","!description":"(CSS) Height of the control","!type":"sap.ui.core.CSSSize"},"editable":{"!category":"enum","!description":"Whether the code can be edited or not","!type":"Boolean"},"visible":{"!category":"enum","!description":"Whether the code viewer should be visible","!type":"Boolean"},"uploadUrl":{"!category":"enum","!description":"The URL to check the upload content with....","!type":"String"},"autoRefreshInterval":{"!category":"enum","!description":"Interval in milliseconds after which the content is checked again. values lower or equal to 0 mean 'no automatic refresh'.","!type":"String"},"icon":{"!category":"enum","!description":"Icon to display","!type":"String"},"color":{"!category":"enum","!description":"The color of the hexagon","!type":"String"},"position":{"!category":"enum","!description":"The position. If set, the button is rendered with an absolute position.","!type":"String"},"enabled":{"!category":"enum","!description":"Whether the button is enabled or not.","!type":"Boolean"},"imagePosition":{"!category":"enum","!description":"The position of the contained image. If not set the image is rendered with a fixed relative position.","!type":"String"},"colspan":{"!category":"enum","!description":"How many buttons might be placed in the same row of the grid","!type":"Number"},"itemWidth":{"!category":"enum","!description":"The width of a content item. Only px values are allowed.","!type":"sap.ui.core.CSSSize"},"itemHeight":{"!category":"enum","!description":"The height of a content item. Only px values are allowed.","!type":"sap.ui.core.CSSSize"},"enableScaling":{"!category":"enum","!description":"Whether the given item width/height should be scaled according to the screen size.","!type":"Boolean"},"text":{"!category":"enum","!description":"The text to be disaplyed for this tag.","!type":"String"},"weight":{"!category":"enum","!description":"The weight for this tag. Can be any integer value.","!type":"Number"},"maxFontSize":{"!category":"enum","!description":"Maximum font size that may be chosen for a tag in this cloud","!type":"Number"},"minFontSize":{"!category":"enum","!description":"Minimum font size that must be used for a tag in this cloud","!type":"Number"},"collapsible":{"!category":"enum","!description":"Whether the cue card can be collapsed at all. When set to true, the value of property expanded determines the current collapsed/expanded state. When false, the control is always expanded.","!type":"Boolean"},"expanded":{"!category":"enum","!description":"Whether the cue card is currently expanded.","!type":"Boolean"},"navigable":{"!category":"enum","!description":"Whether type information is navigable. Also see event 'navigate'.","!type":"Boolean"},"entityName":{"!category":"enum","!description":"Qualified name of the control or type to show the documentation for. The name can be specified in the metamodel notation ('sap.ui.core/Control' or in the UI5 resource notation (sap.ui.core.Control).","!type":"String"},"style":{"!category":"enum","!description":"Style of the cue card.","!type":"sap.ui.demokit.UI5EntityCueCardStyle"}},"sap.ui.demokit.CodeSampleContainer_obj":{"!type":"fn(sId: String, mSettings: Object)","extend":{"!category":"function","!description":"Creates a new subclass of class sap.ui.demokit.CodeSampleContainer with name <code>sClassName</code>\nand enriches it with the information contained in <code>oClassInfo</code>.\n\n<code>oClassInfo</code> might contain the same kind of information as described in {@link sap.ui.core.Control.extend}.","!type":"fn(sClassName: String, oClassInfo?: Object, FNMetaImpl?: fn())"},"prototype":"sap.ui.demokit.CodeSampleContainer"},"sap.ui.demokit.CodeSampleContainer":{"!category":"class","!description":"A container for both the source and the runtime results of a CodeSample. By default, only the runtime results are shown. There are additional controls that allow the user to display the source, modify and run it.\n\nThe container provides a sub container that can be used in calls to sap.ui.setRoot() as if it would be a normal UIArea. So the sample code doesn't have to know that it runs in a CodeSample container.","!proto":"sap.ui.core.Control","attachApply":{"!category":"function","!description":"Attach event handler <code>fnFunction</code> to the 'apply' event of this <code>sap.ui.demokit.CodeSampleContainer</code>.\n\nWhen called, the context of the event handler (its <code>this</code>) will be bound to <code>oListener</code> if specified\notherwise to this <code>sap.ui.demokit.CodeSampleContainer</code> itself.\n\nFired when the user decides to apply his/her changes to the sample code","!type":"fn(oData?: Object, fnFunction: fn(), oListener?: Object) -> sap.ui.demokit.CodeSampleContainer"},"detachApply":{"!category":"function","!description":"Detach event handler <code>fnFunction</code> from the 'apply' event of this <code>sap.ui.demokit.CodeSampleContainer</code>.\n\nThe passed function and listener object must match the ones used for event registration.","!type":"fn(fnFunction: fn(), oListener: Object) -> sap.ui.demokit.CodeSampleContainer"},"fireApply":{"!category":"function","!description":"Fire event apply to attached listeners.\n\nExpects following event parameters:\n<ul>\n<li>'code' of type <code>string</code>the current code that will be applied</li>\n</ul>","!type":"fn(mArguments?: Map) -> sap.ui.demokit.CodeSampleContainer"},"getMetadata":{"!category":"function","!description":"Returns a metadata object for class sap.ui.demokit.CodeSampleContainer.","!type":"fn() -> sap.ui.base.Metadata"},"getScriptElementId":{"!category":"function","!description":"Getter for property <code>scriptElementId</code>.\n\nId of the script element that contains the initial sample code for this code sample.","!type":"fn() -> String"},"getSourceVisible":{"!category":"function","!description":"Getter for property <code>sourceVisible</code>.\n\nWhether the source code is visible or not.\n\nDefault value is <code>false</code>.","!type":"fn() -> Boolean"},"getTitle":{"!category":"function","!description":"Getter for property <code>title</code>.\n\nA title to be displayed above the code.","!type":"fn() -> String"},"getUiAreaId":{"!category":"function","!description":"Getter for property <code>uiAreaId</code>.\n\nId of the container for the running code. This Id can be used in calls to sap.ui.setRoot as if it would be a normal UIArea. Internally, a container UIElement is created with that Id.","!type":"fn() -> String"},"getWidth":{"!category":"function","!description":"Getter for property <code>width</code>.\n\nWidth of the CodeSample container.\n\nDefault value is <code>90%</code>.","!type":"fn() -> sap.ui.core.CSSSize"},"setScriptElementId":{"!category":"function","!description":"Setter for property <code>scriptElementId</code>.","!type":"fn(sScriptElementId: String) -> sap.ui.demokit.CodeSampleContainer"},"setSourceVisible":{"!category":"function","!description":"Setter for property <code>sourceVisible</code>.\n\nDefault value is <code>false</code>.","!type":"fn(bSourceVisible: Boolean) -> sap.ui.demokit.CodeSampleContainer"},"setTitle":{"!category":"function","!description":"Setter for property <code>title</code>.","!type":"fn(sTitle: String) -> sap.ui.demokit.CodeSampleContainer"},"setUiAreaId":{"!category":"function","!description":"Setter for property <code>uiAreaId</code>.","!type":"fn(sUiAreaId: String) -> sap.ui.demokit.CodeSampleContainer"},"setWidth":{"!category":"function","!description":"Setter for property <code>width</code>.\n\nDefault value is <code>90%</code>.","!type":"fn(sWidth: sap.ui.core.CSSSize) -> sap.ui.demokit.CodeSampleContainer"}},"sap.ui.demokit.CodeViewer_obj":{"!type":"fn(sId: String, mSettings: Object)","extend":{"!category":"function","!description":"Creates a new subclass of class sap.ui.demokit.CodeViewer with name <code>sClassName</code>\nand enriches it with the information contained in <code>oClassInfo</code>.\n\n<code>oClassInfo</code> might contain the same kind of information as described in {@link sap.ui.core.Control.extend}.","!type":"fn(sClassName: String, oClassInfo?: Object, FNMetaImpl?: fn())"},"prototype":"sap.ui.demokit.CodeViewer"},"sap.ui.demokit.CodeViewer":{"!category":"class","!description":"Shows a piece of (Javascript) code and allows to edit it","!proto":"sap.ui.core.Control","attachPress":{"!category":"function","!description":"Attach event handler <code>fnFunction</code> to the 'press' event of this <code>sap.ui.demokit.CodeViewer</code>.\n\nWhen called, the context of the event handler (its <code>this</code>) will be bound to <code>oListener</code> if specified\notherwise to this <code>sap.ui.demokit.CodeViewer</code> itself.\n\nCalled when the mouse button is clicked over the non-editable(!) control","!type":"fn(oData?: Object, fnFunction: fn(), oListener?: Object) -> sap.ui.demokit.CodeViewer"},"attachSave":{"!category":"function","!description":"Attach event handler <code>fnFunction</code> to the 'save' event of this <code>sap.ui.demokit.CodeViewer</code>.\n\nWhen called, the context of the event handler (its <code>this</code>) will be bound to <code>oListener</code> if specified\notherwise to this <code>sap.ui.demokit.CodeViewer</code> itself.\n\nCalled when the editor is active and should be saved","!type":"fn(oData?: Object, fnFunction: fn(), oListener?: Object) -> sap.ui.demokit.CodeViewer"},"detachPress":{"!category":"function","!description":"Detach event handler <code>fnFunction</code> from the 'press' event of this <code>sap.ui.demokit.CodeViewer</code>.\n\nThe passed function and listener object must match the ones used for event registration.","!type":"fn(fnFunction: fn(), oListener: Object) -> sap.ui.demokit.CodeViewer"},"detachSave":{"!category":"function","!description":"Detach event handler <code>fnFunction</code> from the 'save' event of this <code>sap.ui.demokit.CodeViewer</code>.\n\nThe passed function and listener object must match the ones used for event registration.","!type":"fn(fnFunction: fn(), oListener: Object) -> sap.ui.demokit.CodeViewer"},"firePress":{"!category":"function","!description":"Fire event press to attached listeners.","!type":"fn(mArguments?: Map) -> sap.ui.demokit.CodeViewer"},"fireSave":{"!category":"function","!description":"Fire event save to attached listeners.","!type":"fn(mArguments?: Map) -> sap.ui.demokit.CodeViewer"},"getEditable":{"!category":"function","!description":"Getter for property <code>editable</code>.\n\nWhether the code can be edited or not\n\nDefault value is <code>false</code>.","!type":"fn() -> Boolean"},"getHeight":{"!category":"function","!description":"Getter for property <code>height</code>.\n\nThe CSS height property","!type":"fn() -> sap.ui.core.CSSSize"},"getMetadata":{"!category":"function","!description":"Returns a metadata object for class sap.ui.demokit.CodeViewer.","!type":"fn() -> sap.ui.base.Metadata"},"getSource":{"!category":"function","!description":"Getter for property <code>source</code>.\n\nThe source code to display.","!type":"fn() -> String"},"getVisible":{"!category":"function","!description":"Getter for property <code>visible</code>.\n\nWhether the code viewer should be visible\n\nDefault value is <code>true</code>.","!type":"fn() -> Boolean"},"getWidth":{"!category":"function","!description":"Getter for property <code>width</code>.\n\nThe CSS width property","!type":"fn() -> sap.ui.core.CSSSize"},"setEditable":{"!category":"function","!description":"Setter for property <code>editable</code>.\n\nDefault value is <code>false</code>.","!type":"fn(bEditable: Boolean) -> sap.ui.demokit.CodeViewer"},"setHeight":{"!category":"function","!description":"Setter for property <code>height</code>.","!type":"fn(sHeight: sap.ui.core.CSSSize) -> sap.ui.demokit.CodeViewer"},"setSource":{"!category":"function","!description":"Setter for property <code>source</code>.","!type":"fn(sSource: String) -> sap.ui.demokit.CodeViewer"},"setVisible":{"!category":"function","!description":"Setter for property <code>visible</code>.\n\nDefault value is <code>true</code>.","!type":"fn(bVisible: Boolean) -> sap.ui.demokit.CodeViewer"},"setWidth":{"!category":"function","!description":"Setter for property <code>width</code>.","!type":"fn(sWidth: sap.ui.core.CSSSize) -> sap.ui.demokit.CodeViewer"}},"sap.ui.demokit.FileUploadIntrospector_obj":{"!type":"fn(sId: String, mSettings: Object)","extend":{"!category":"function","!description":"Creates a new subclass of class sap.ui.demokit.FileUploadIntrospector with name <code>sClassName</code>\nand enriches it with the information contained in <code>oClassInfo</code>.\n\n<code>oClassInfo</code> might contain the same kind of information as described in {@link sap.ui.core.Control.extend}.","!type":"fn(sClassName: String, oClassInfo?: Object, FNMetaImpl?: fn())"},"prototype":"sap.ui.demokit.FileUploadIntrospector"},"sap.ui.demokit.FileUploadIntrospector":{"!category":"class","!description":"Control that allows to monitor uploaded files in a demo scenario. This is not a general purpose monitor but only works with the demo fileupload service.","!proto":"sap.ui.core.Control","getAutoRefreshInterval":{"!category":"function","!description":"Getter for property <code>autoRefreshInterval</code>.\n\nInterval in milliseconds after which the content is checked again. values lower or equal to 0 mean 'no automatic refresh'.\n\nDefault value is <code>0</code>.","!type":"fn() -> String"},"getHeight":{"!category":"function","!description":"Getter for property <code>height</code>.\n\n(CSS) Height of the control","!type":"fn() -> sap.ui.core.CSSSize"},"getMetadata":{"!category":"function","!description":"Returns a metadata object for class sap.ui.demokit.FileUploadIntrospector.","!type":"fn() -> sap.ui.base.Metadata"},"getUploadUrl":{"!category":"function","!description":"Getter for property <code>uploadUrl</code>.\n\nThe URL to check the upload content with....","!type":"fn() -> String"},"getWidth":{"!category":"function","!description":"Getter for property <code>width</code>.\n\nWidth of the file list","!type":"fn() -> sap.ui.core.CSSSize"},"setAutoRefreshInterval":{"!category":"function","!description":"Setter for property <code>autoRefreshInterval</code>.\n\nDefault value is <code>0</code>.","!type":"fn(sAutoRefreshInterval: String) -> sap.ui.demokit.FileUploadIntrospector"},"setHeight":{"!category":"function","!description":"Setter for property <code>height</code>.","!type":"fn(sHeight: sap.ui.core.CSSSize) -> sap.ui.demokit.FileUploadIntrospector"},"setUploadUrl":{"!category":"function","!description":"Setter for property <code>uploadUrl</code>.","!type":"fn(sUploadUrl: String) -> sap.ui.demokit.FileUploadIntrospector"},"setWidth":{"!category":"function","!description":"Setter for property <code>width</code>.","!type":"fn(sWidth: sap.ui.core.CSSSize) -> sap.ui.demokit.FileUploadIntrospector"}},"sap.ui.demokit.HexagonButton_obj":{"!type":"fn(sId: String, mSettings: Object)","extend":{"!category":"function","!description":"Creates a new subclass of class sap.ui.demokit.HexagonButton with name <code>sClassName</code>\nand enriches it with the information contained in <code>oClassInfo</code>.\n\n<code>oClassInfo</code> might contain the same kind of information as described in {@link sap.ui.core.Control.extend}.","!type":"fn(sClassName: String, oClassInfo?: Object, FNMetaImpl?: fn())"},"prototype":"sap.ui.demokit.HexagonButton"},"sap.ui.demokit.HexagonButton":{"!category":"class","!description":"A custom button with a 'hexagon' shape","!proto":"sap.ui.core.Control","attachPress":{"!category":"function","!description":"Attach event handler <code>fnFunction</code> to the 'press' event of this <code>sap.ui.demokit.HexagonButton</code>.\n\nWhen called, the context of the event handler (its <code>this</code>) will be bound to <code>oListener</code> if specified\notherwise to this <code>sap.ui.demokit.HexagonButton</code> itself.\n\nFired when the user clicks the hex button","!type":"fn(oData?: Object, fnFunction: fn(), oListener?: Object) -> sap.ui.demokit.HexagonButton"},"detachPress":{"!category":"function","!description":"Detach event handler <code>fnFunction</code> from the 'press' event of this <code>sap.ui.demokit.HexagonButton</code>.\n\nThe passed function and listener object must match the ones used for event registration.","!type":"fn(fnFunction: fn(), oListener: Object) -> sap.ui.demokit.HexagonButton"},"firePress":{"!category":"function","!description":"Fire event press to attached listeners.","!type":"fn(mArguments?: Map) -> sap.ui.demokit.HexagonButton"},"getColor":{"!category":"function","!description":"Getter for property <code>color</code>.\n\nThe color of the hexagon\n\nDefault value is <code>blue</code>.","!type":"fn() -> String"},"getEnabled":{"!category":"function","!description":"Getter for property <code>enabled</code>.\n\nWhether the button is enabled or not.\n\nDefault value is <code>true</code>.","!type":"fn() -> Boolean"},"getIcon":{"!category":"function","!description":"Getter for property <code>icon</code>.\n\nIcon to display","!type":"fn() -> String"},"getImagePosition":{"!category":"function","!description":"Getter for property <code>imagePosition</code>.\n\nThe position of the contained image. If not set the image is rendered with a fixed relative position.","!type":"fn() -> String"},"getMetadata":{"!category":"function","!description":"Returns a metadata object for class sap.ui.demokit.HexagonButton.","!type":"fn() -> sap.ui.base.Metadata"},"getPosition":{"!category":"function","!description":"Getter for property <code>position</code>.\n\nThe position. If set, the button is rendered with an absolute position.","!type":"fn() -> String"},"setColor":{"!category":"function","!description":"Setter for property <code>color</code>.\n\nDefault value is <code>blue</code>.","!type":"fn(sColor: String) -> sap.ui.demokit.HexagonButton"},"setEnabled":{"!category":"function","!description":"Setter for property <code>enabled</code>.\n\nDefault value is <code>true</code>.","!type":"fn(bEnabled: Boolean) -> sap.ui.demokit.HexagonButton"},"setIcon":{"!category":"function","!description":"Setter for property <code>icon</code>.","!type":"fn(sIcon: String) -> sap.ui.demokit.HexagonButton"},"setImagePosition":{"!category":"function","!description":"Setter for property <code>imagePosition</code>.","!type":"fn(sImagePosition: String) -> sap.ui.demokit.HexagonButton"},"setPosition":{"!category":"function","!description":"Setter for property <code>position</code>.","!type":"fn(sPosition: String) -> sap.ui.demokit.HexagonButton"}},"sap.ui.demokit.HexagonButtonGroup_obj":{"!type":"fn(sId: String, mSettings: Object)","extend":{"!category":"function","!description":"Creates a new subclass of class sap.ui.demokit.HexagonButtonGroup with name <code>sClassName</code>\nand enriches it with the information contained in <code>oClassInfo</code>.\n\n<code>oClassInfo</code> might contain the same kind of information as described in {@link sap.ui.core.Control.extend}.","!type":"fn(sClassName: String, oClassInfo?: Object, FNMetaImpl?: fn())"},"prototype":"sap.ui.demokit.HexagonButtonGroup"},"sap.ui.demokit.HexagonButtonGroup":{"!category":"class","!description":"A group of HexagonButtons, aligned in a packed grid","!proto":"sap.ui.core.Control","addButton":{"!category":"function","!description":"Adds some button into the aggregation named <code>buttons</code>.","!type":"fn(oButton: sap.ui.demokit.HexagonButton) -> sap.ui.demokit.HexagonButtonGroup"},"destroyButtons":{"!category":"function","!description":"Destroys all the buttons in the aggregation\nnamed <code>buttons</code>.","!type":"fn() -> sap.ui.demokit.HexagonButtonGroup"},"getButtons":{"!category":"function","!description":"Getter for aggregation <code>buttons</code>.\n\nThe buttons to layout in a grid","!type":"fn() -> [sap.ui.demokit.HexagonButton]"},"getColspan":{"!category":"function","!description":"Getter for property <code>colspan</code>.\n\nHow many buttons might be placed in the same row of the grid\n\nDefault value is <code>3</code>.","!type":"fn() -> Number"},"getMetadata":{"!category":"function","!description":"Returns a metadata object for class sap.ui.demokit.HexagonButtonGroup.","!type":"fn() -> sap.ui.base.Metadata"},"indexOfButton":{"!category":"function","!description":"Checks for the provided <code>sap.ui.demokit.HexagonButton</code> in the aggregation named <code>buttons</code>.\nand returns its index if found or -1 otherwise.","!type":"fn(oButton: sap.ui.demokit.HexagonButton) -> Number"},"insertButton":{"!category":"function","!description":"Inserts a button into the aggregation named <code>buttons</code>.","!type":"fn(oButton: sap.ui.demokit.HexagonButton, iIndex: Number) -> sap.ui.demokit.HexagonButtonGroup"},"removeAllButtons":{"!category":"function","!description":"Removes all the controls in the aggregation named <code>buttons</code>.\n\nAdditionally unregisters them from the hosting UIArea.","!type":"fn() -> [sap.ui.demokit.HexagonButton]"},"removeButton":{"!category":"function","!description":"Removes a button from the aggregation named <code>buttons</code>.","!type":"fn(vButton: Number | String | sap.ui.demokit.HexagonButton) -> sap.ui.demokit.HexagonButton"},"setColspan":{"!category":"function","!description":"Setter for property <code>colspan</code>.\n\nDefault value is <code>3</code>.","!type":"fn(iColspan: Number) -> sap.ui.demokit.HexagonButtonGroup"}},"sap.ui.demokit.IndexLayout_obj":{"!type":"fn(sId: String, mSettings: Object)","extend":{"!category":"function","!description":"Creates a new subclass of class sap.ui.demokit.IndexLayout with name <code>sClassName</code>\nand enriches it with the information contained in <code>oClassInfo</code>.\n\n<code>oClassInfo</code> might contain the same kind of information as described in {@link sap.ui.core.Control.extend}.","!type":"fn(sClassName: String, oClassInfo?: Object, FNMetaImpl?: fn())"},"prototype":"sap.ui.demokit.IndexLayout"},"sap.ui.demokit.IndexLayout":{"!category":"class","!description":"<strong style=\"color: red;\">Experimental! </strong>","!proto":"sap.ui.core.Control","addContent":{"!category":"function","!description":"Adds some content into the aggregation named <code>content</code>.","!type":"fn(oContent: sap.ui.core.Control) -> sap.ui.demokit.IndexLayout"},"destroyContent":{"!category":"function","!description":"Destroys all the content in the aggregation\nnamed <code>content</code>.","!type":"fn() -> sap.ui.demokit.IndexLayout"},"getContent":{"!category":"function","!description":"Getter for aggregation <code>content</code>.\n\nThe content items","!type":"fn() -> [sap.ui.core.Control]"},"getEnableScaling":{"!category":"function","!description":"Getter for property <code>enableScaling</code>.\n\nWhether the given item width/height should be scaled according to the screen size.\n\nDefault value is <code>true</code>.","!type":"fn() -> Boolean"},"getItemHeight":{"!category":"function","!description":"Getter for property <code>itemHeight</code>.\n\nThe height of a content item. Only px values are allowed.\n\nDefault value is <code>200px</code>.","!type":"fn() -> sap.ui.core.CSSSize"},"getItemWidth":{"!category":"function","!description":"Getter for property <code>itemWidth</code>.\n\nThe width of a content item. Only px values are allowed.\n\nDefault value is <code>200px</code>.","!type":"fn() -> sap.ui.core.CSSSize"},"getMetadata":{"!category":"function","!description":"Returns a metadata object for class sap.ui.demokit.IndexLayout.","!type":"fn() -> sap.ui.base.Metadata"},"indexOfContent":{"!category":"function","!description":"Checks for the provided <code>sap.ui.core.Control</code> in the aggregation named <code>content</code>.\nand returns its index if found or -1 otherwise.","!type":"fn(oContent: sap.ui.core.Control) -> Number"},"insertContent":{"!category":"function","!description":"Inserts a content into the aggregation named <code>content</code>.","!type":"fn(oContent: sap.ui.core.Control, iIndex: Number) -> sap.ui.demokit.IndexLayout"},"removeAllContent":{"!category":"function","!description":"Removes all the controls in the aggregation named <code>content</code>.\n\nAdditionally unregisters them from the hosting UIArea.","!type":"fn() -> [sap.ui.core.Control]"},"removeContent":{"!category":"function","!description":"Removes a content from the aggregation named <code>content</code>.","!type":"fn(vContent: Number | String | sap.ui.core.Control) -> sap.ui.core.Control"},"setEnableScaling":{"!category":"function","!description":"Setter for property <code>enableScaling</code>.\n\nDefault value is <code>true</code>.","!type":"fn(bEnableScaling: Boolean) -> sap.ui.demokit.IndexLayout"},"setItemHeight":{"!category":"function","!description":"Setter for property <code>itemHeight</code>.\n\nDefault value is <code>200px</code>.","!type":"fn(sItemHeight: sap.ui.core.CSSSize) -> sap.ui.demokit.IndexLayout"},"setItemWidth":{"!category":"function","!description":"Setter for property <code>itemWidth</code>.\n\nDefault value is <code>200px</code>.","!type":"fn(sItemWidth: sap.ui.core.CSSSize) -> sap.ui.demokit.IndexLayout"}},"sap.ui.demokit.Tag_obj":{"!type":"fn(sId: String, mSettings: Object)","extend":{"!category":"function","!description":"Creates a new subclass of class sap.ui.demokit.Tag with name <code>sClassName</code>\nand enriches it with the information contained in <code>oClassInfo</code>.\n\n<code>oClassInfo</code> might contain the same kind of information as described in {@link sap.ui.core.Element.extend}.","!type":"fn(sClassName: String, oClassInfo?: Object, FNMetaImpl?: fn())"},"prototype":"sap.ui.demokit.Tag"},"sap.ui.demokit.Tag":{"!category":"class","!description":"A Tag in a TagCloud","!proto":"sap.ui.core.Element","getMetadata":{"!category":"function","!description":"Returns a metadata object for class sap.ui.demokit.Tag.","!type":"fn() -> sap.ui.base.Metadata"},"getText":{"!category":"function","!description":"Getter for property <code>text</code>.\n\nThe text to be disaplyed for this tag.","!type":"fn() -> String"},"getWeight":{"!category":"function","!description":"Getter for property <code>weight</code>.\n\nThe weight for this tag. Can be any integer value.\n\nDefault value is <code>1</code>.","!type":"fn() -> Number"},"setText":{"!category":"function","!description":"Setter for property <code>text</code>.","!type":"fn(sText: String) -> sap.ui.demokit.Tag"},"setWeight":{"!category":"function","!description":"Setter for property <code>weight</code>.\n\nDefault value is <code>1</code>.","!type":"fn(iWeight: Number) -> sap.ui.demokit.Tag"}},"sap.ui.demokit.TagCloud_obj":{"!type":"fn(sId: String, mSettings: Object)","extend":{"!category":"function","!description":"Creates a new subclass of class sap.ui.demokit.TagCloud with name <code>sClassName</code>\nand enriches it with the information contained in <code>oClassInfo</code>.\n\n<code>oClassInfo</code> might contain the same kind of information as described in {@link sap.ui.core.Control.extend}.","!type":"fn(sClassName: String, oClassInfo?: Object, FNMetaImpl?: fn())"},"prototype":"sap.ui.demokit.TagCloud"},"sap.ui.demokit.TagCloud":{"!category":"class","!description":"A simple TagCloud representing a set of weighted tags","!proto":"sap.ui.core.Control","addTag":{"!category":"function","!description":"Adds some tag into the aggregation named <code>tags</code>.","!type":"fn(oTag: sap.ui.demokit.Tag) -> sap.ui.demokit.TagCloud"},"attachPress":{"!category":"function","!description":"Attach event handler <code>fnFunction</code> to the 'press' event of this <code>sap.ui.demokit.TagCloud</code>.\n\nWhen called, the context of the event handler (its <code>this</code>) will be bound to <code>oListener</code> if specified\notherwise to this <code>sap.ui.demokit.TagCloud</code> itself.\n\nFired when a Tag is clicked.","!type":"fn(oData?: Object, fnFunction: fn(), oListener?: Object) -> sap.ui.demokit.TagCloud"},"destroyTags":{"!category":"function","!description":"Destroys all the tags in the aggregation\nnamed <code>tags</code>.","!type":"fn() -> sap.ui.demokit.TagCloud"},"detachPress":{"!category":"function","!description":"Detach event handler <code>fnFunction</code> from the 'press' event of this <code>sap.ui.demokit.TagCloud</code>.\n\nThe passed function and listener object must match the ones used for event registration.","!type":"fn(fnFunction: fn(), oListener: Object) -> sap.ui.demokit.TagCloud"},"firePress":{"!category":"function","!description":"Fire event press to attached listeners.\n\nExpects following event parameters:\n<ul>\n<li>'tagId' of type <code>string</code>Id of the selected Tag.</li>\n</ul>","!type":"fn(mArguments?: Map) -> sap.ui.demokit.TagCloud"},"getMaxFontSize":{"!category":"function","!description":"Getter for property <code>maxFontSize</code>.\n\nMaximum font size that may be chosen for a tag in this cloud\n\nDefault value is <code>30</code>.","!type":"fn() -> Number"},"getMetadata":{"!category":"function","!description":"Returns a metadata object for class sap.ui.demokit.TagCloud.","!type":"fn() -> sap.ui.base.Metadata"},"getMinFontSize":{"!category":"function","!description":"Getter for property <code>minFontSize</code>.\n\nMinimum font size that must be used for a tag in this cloud\n\nDefault value is <code>10</code>.","!type":"fn() -> Number"},"getTags":{"!category":"function","!description":"Getter for aggregation <code>tags</code>.\n\nThe tags displayed in this tag cloud","!type":"fn() -> [sap.ui.demokit.Tag]"},"indexOfTag":{"!category":"function","!description":"Checks for the provided <code>sap.ui.demokit.Tag</code> in the aggregation named <code>tags</code>.\nand returns its index if found or -1 otherwise.","!type":"fn(oTag: sap.ui.demokit.Tag) -> Number"},"insertTag":{"!category":"function","!description":"Inserts a tag into the aggregation named <code>tags</code>.","!type":"fn(oTag: sap.ui.demokit.Tag, iIndex: Number) -> sap.ui.demokit.TagCloud"},"removeAllTags":{"!category":"function","!description":"Removes all the controls in the aggregation named <code>tags</code>.\n\nAdditionally unregisters them from the hosting UIArea.","!type":"fn() -> [sap.ui.demokit.Tag]"},"removeTag":{"!category":"function","!description":"Removes a tag from the aggregation named <code>tags</code>.","!type":"fn(vTag: Number | String | sap.ui.demokit.Tag) -> sap.ui.demokit.Tag"},"setMaxFontSize":{"!category":"function","!description":"Setter for property <code>maxFontSize</code>.\n\nDefault value is <code>30</code>.","!type":"fn(iMaxFontSize: Number) -> sap.ui.demokit.TagCloud"},"setMinFontSize":{"!category":"function","!description":"Setter for property <code>minFontSize</code>.\n\nDefault value is <code>10</code>.","!type":"fn(iMinFontSize: Number) -> sap.ui.demokit.TagCloud"}},"sap.ui.demokit.UI5EntityCueCard_obj":{"!type":"fn(sId: String, mSettings: Object)","extend":{"!category":"function","!description":"Creates a new subclass of class sap.ui.demokit.UI5EntityCueCard with name <code>sClassName</code>\nand enriches it with the information contained in <code>oClassInfo</code>.\n\n<code>oClassInfo</code> might contain the same kind of information as described in {@link sap.ui.core.Control.extend}.","!type":"fn(sClassName: String, oClassInfo?: Object, FNMetaImpl?: fn())"},"prototype":"sap.ui.demokit.UI5EntityCueCard"},"sap.ui.demokit.UI5EntityCueCard":{"!category":"class","!description":"Displays documentation for a UI5 entity (control or type).\n\nThe documentation will be read from a UI5 metamodel file that by default is loaded from the same resource location\nwhere the control or type would be loaded from (using the UI5 resource loading). This control displays all properties,\naggregations, associations, events and methods that are described in the metamodel. For each part, it lists the name,\ntype (where applicable) and documentation. If the navigable property is set to true, all types are shown as links\nand when pressed, the navigate event is fired. This allows consumers to react on a user click on such a type\n(and to e.g. navigate to the underlying type of a property or aggregation)","!proto":"sap.ui.core.Control","attachNavigate":{"!category":"function","!description":"Attach event handler <code>fnFunction</code> to the 'navigate' event of this <code>sap.ui.demokit.UI5EntityCueCard</code>.\n\nWhen called, the context of the event handler (its <code>this</code>) will be bound to <code>oListener</code> if specified\notherwise to this <code>sap.ui.demokit.UI5EntityCueCard</code> itself.\n\nFired when a link for a type is activated (clicked) by the user.\n\nWhen property \"navigable\" is set to true, type links are created for the types of properties, aggregations and associations, for the types of event or method parameters and for the return types of methods (if not void).\n\nThe default behavior for this event is to set the entityName property to the clicked entityName. Applications can prevent the default by calling the corresponding method on the event object.","!type":"fn(oData?: Object, fnFunction: fn(), oListener?: Object) -> sap.ui.demokit.UI5EntityCueCard"},"detachNavigate":{"!category":"function","!description":"Detach event handler <code>fnFunction</code> from the 'navigate' event of this <code>sap.ui.demokit.UI5EntityCueCard</code>.\n\nThe passed function and listener object must match the ones used for event registration.","!type":"fn(fnFunction: fn(), oListener: Object) -> sap.ui.demokit.UI5EntityCueCard"},"fireNavigate":{"!category":"function","!description":"Fire event navigate to attached listeners.\n\nListeners may prevent the default action of this event using the preventDefault-method on the event object.\n\n\nExpects following event parameters:\n<ul>\n<li>'entityName' of type <code>string</code>Name of the entity (control or type) that has been clicked.</li>\n</ul>","!type":"fn(mArguments?: Map) -> Boolean"},"getCollapsible":{"!category":"function","!description":"Getter for property <code>collapsible</code>.\n\nWhether the cue card can be collapsed at all. When set to true, the value of property expanded determines the current collapsed/expanded state. When false, the control is always expanded.\n\nDefault value is <code>true</code>.","!type":"fn() -> Boolean"},"getEntityName":{"!category":"function","!description":"Getter for property <code>entityName</code>.\n\nQualified name of the control or type to show the documentation for. The name can be specified in the metamodel notation ('sap.ui.core/Control' or in the UI5 resource notation (sap.ui.core.Control).","!type":"fn() -> String"},"getExpanded":{"!category":"function","!description":"Getter for property <code>expanded</code>.\n\nWhether the cue card is currently expanded.\n\nDefault value is <code>false</code>.","!type":"fn() -> Boolean"},"getMetadata":{"!category":"function","!description":"Returns a metadata object for class sap.ui.demokit.UI5EntityCueCard.","!type":"fn() -> sap.ui.base.Metadata"},"getNavigable":{"!category":"function","!description":"Getter for property <code>navigable</code>.\n\nWhether type information is navigable. Also see event 'navigate'.\n\nDefault value is <code>false</code>.","!type":"fn() -> Boolean"},"getStyle":{"!category":"function","!description":"Getter for property <code>style</code>.\n\nStyle of the cue card.","!type":"fn() -> sap.ui.demokit.UI5EntityCueCardStyle"},"setCollapsible":{"!category":"function","!description":"Setter for property <code>collapsible</code>.\n\nDefault value is <code>true</code>.","!type":"fn(bCollapsible: Boolean) -> sap.ui.demokit.UI5EntityCueCard"},"setEntityName":{"!category":"function","!description":"Setter for property <code>entityName</code>.","!type":"fn(sEntityName: String) -> sap.ui.demokit.UI5EntityCueCard"},"setExpanded":{"!category":"function","!description":"Setter for property <code>expanded</code>.\n\nDefault value is <code>false</code>.","!type":"fn(bExpanded: Boolean) -> sap.ui.demokit.UI5EntityCueCard"},"setNavigable":{"!category":"function","!description":"Setter for property <code>navigable</code>.\n\nDefault value is <code>false</code>.","!type":"fn(bNavigable: Boolean) -> sap.ui.demokit.UI5EntityCueCard"},"setStyle":{"!category":"function","!description":"Setter for property <code>style</code>.","!type":"fn(sStyle: sap.ui.demokit.UI5EntityCueCardStyle) -> sap.ui.demokit.UI5EntityCueCard"}},"sap.ui.demokit.UIAreaSubstitute_obj":{"!type":"fn(sId: String, mSettings: Object)","extend":{"!category":"function","!description":"Creates a new subclass of class sap.ui.demokit.UIAreaSubstitute with name <code>sClassName</code>\nand enriches it with the information contained in <code>oClassInfo</code>.\n\n<code>oClassInfo</code> might contain the same kind of information as described in {@link sap.ui.core.Element.extend}.","!type":"fn(sClassName: String, oClassInfo?: Object, FNMetaImpl?: fn())"},"prototype":"sap.ui.demokit.UIAreaSubstitute"},"sap.ui.demokit.UIAreaSubstitute":{"!category":"class","!description":"A substitute for an UIArea that can be embedded in the control tree.","!proto":"sap.ui.core.Element","addContent":{"!category":"function","!description":"Adds some content into the aggregation named <code>content</code>.","!type":"fn(oContent: sap.ui.core.Control) -> sap.ui.demokit.UIAreaSubstitute"},"destroyContent":{"!category":"function","!description":"Destroys all the content in the aggregation\nnamed <code>content</code>.","!type":"fn() -> sap.ui.demokit.UIAreaSubstitute"},"getContent":{"!category":"function","!description":"Getter for aggregation <code>content</code>.\n\nContent Area used for the running sample code","!type":"fn() -> [sap.ui.core.Control]"},"getMetadata":{"!category":"function","!description":"Returns a metadata object for class sap.ui.demokit.UIAreaSubstitute.","!type":"fn() -> sap.ui.base.Metadata"},"indexOfContent":{"!category":"function","!description":"Checks for the provided <code>sap.ui.core.Control</code> in the aggregation named <code>content</code>.\nand returns its index if found or -1 otherwise.","!type":"fn(oContent: sap.ui.core.Control) -> Number"},"insertContent":{"!category":"function","!description":"Inserts a content into the aggregation named <code>content</code>.","!type":"fn(oContent: sap.ui.core.Control, iIndex: Number) -> sap.ui.demokit.UIAreaSubstitute"},"removeAllContent":{"!category":"function","!description":"Removes all the controls in the aggregation named <code>content</code>.\n\nAdditionally unregisters them from the hosting UIArea.","!type":"fn() -> [sap.ui.core.Control]"},"removeContent":{"!category":"function","!description":"Removes a content from the aggregation named <code>content</code>.","!type":"fn(vContent: Number | String | sap.ui.core.Control) -> sap.ui.core.Control"}},"sap.ui.demokit.UI5EntityCueCardStyle":{"!category":"static class","!description":"different styles for an entity cue card.","Demokit":{"!category":"enum","!description":"Demokit style","!type":"String"},"Standard":{"!category":"enum","!description":"default style (no special styling).","!type":"String"}},"sap.ui":{"demokit":"sap.ui.demokit","!category":"namespace"},"sap":{"ui":"sap.ui","!category":"namespace","sap":"sap"}}}