{"!name":"sap.me","!define":{"sap.me":{"!category":"namespace","!description":"SAPUI5 library with controls specialized for mobile devices (extension).","Calendar":"sap.me.Calendar_obj","CalendarLegend":"sap.me.CalendarLegend_obj","OverlapCalendar":"sap.me.OverlapCalendar_obj","OverlapCalendarEvent":"sap.me.OverlapCalendarEvent_obj","ProgressIndicator":"sap.me.ProgressIndicator_obj","TabContainer":"sap.me.TabContainer_obj","CalendarDesign":"sap.me.CalendarDesign","CalendarEventType":"sap.me.CalendarEventType","CalendarSelectionMode":"sap.me.CalendarSelectionMode","visible":{"!category":"enum","!description":"setter for visible property","!type":"Boolean"},"hideNavControls":{"!category":"enum","!description":"hides the area of navigation controls","!type":"Boolean"},"hideMonthTitles":{"!category":"enum","!description":"hides the area of month titles","!type":"Boolean"},"monthsPerRow":{"!category":"enum","!description":"months to display in a row. This sets the width of the whole control in order to contain the desired number of months per row","!type":"Number"},"dayWidth":{"!category":"enum","!description":"the width of a day","!type":"Number"},"dayHeight":{"!category":"enum","!description":"the height of a day","!type":"Number"},"weeksPerRow":{"!category":"enum","!description":"Number of weeks","!type":"Number"},"singleRow":{"!category":"enum","!description":"boolean that sets the view to week mode or month mode","!type":"Boolean"},"monthsToDisplay":{"!category":"enum","!description":"number of months in a row.","!type":"Number"},"currentDate":{"!category":"enum","!description":"the center date where the month/week will be built around","!type":"String"},"enableMultiselection":{"!category":"enum","!description":"to enable multiselection feature","!type":"Boolean"},"firstDayOffset":{"!category":"enum","!description":"Indicate how to offset the first day in regards to a Sunday (by default)","!type":"Number"},"disabledWeekDays":{"!category":"enum","!description":"Array of weekDays (as integers where 0=Sunday, 1=Monday etc) to be disabled. Interaction will be disabled for these week days.","!type":"Object"},"disabledDates":{"!category":"enum","!description":"Array of specific dates (strings or Date objects) that will be disabled/non interactive","!type":"Object"},"swipeToNavigate":{"!category":"enum","!description":"Use swipe gesture to navigate","!type":"Boolean"},"design":{"!category":"enum","!description":"design name for the legend","!type":"sap.me.CalendarDesign"},"selectionMode":{"!category":"enum","!description":"Indicates the design of the calendar (mainly colors)","!type":"sap.me.CalendarSelectionMode"},"width":{"!category":"enum","!description":"The width of the control.","!type":"sap.ui.core.CSSSize"},"days":{"!category":"enum","!description":"Array of day names, default value is sap.m.getLocaleData().getDays(\"abbreviated\")\nCheck sap.ui.core.LocaleData documentation for more info.","!type":"Object"},"months":{"!category":"enum","!description":"Array of month names, default value is sap.m.getLocaleData().getMonths(\"abbreviated\")\nCheck sap.ui.core.LocaleData documentation for more info.","!type":"Object"},"legendForType00":{"!category":"enum","!description":"legend for type 00","!type":"String"},"legendForType01":{"!category":"enum","!description":"legend for type 01","!type":"String"},"legendForType04":{"!category":"enum","!description":"legend for type 04","!type":"String"},"legendForType06":{"!category":"enum","!description":"legend for type 06","!type":"String"},"legendForType07":{"!category":"enum","!description":"legend for type 07","!type":"String"},"legendForToday":{"!category":"enum","!description":"legend for today","!type":"String"},"legendForSelected":{"!category":"enum","!description":"legend for selected","!type":"String"},"legendForSelected00":{"!category":"enum","!description":"legend for selected 00","!type":"String"},"legendForNormal":{"!category":"enum","!description":"legend for normal","!type":"String"},"expandable":{"!category":"enum","!description":"Indicates if the tab can be collapsed and expanded","!type":"Boolean"},"expanded":{"!category":"enum","!description":"Indicates if the actual tab is expanded or not","!type":"Boolean"},"legendWidth":{"!category":"enum","!description":"Indicates the legend items width","!type":"sap.ui.core.CSSSize"},"startDate":{"!category":"enum","!description":"The first date to display for the calendar","!type":"String"},"showOverlapIndicator":{"!category":"enum","!description":"Do we want to display the overlap indicator","!type":"Boolean"},"startDay":{"!category":"enum","!description":"The first day of the event","!type":"String"},"endDay":{"!category":"enum","!description":"Last day of the event","!type":"String"},"relevant":{"!category":"enum","!description":"Indicates if this elements is relevant to be consider in the overlap","!type":"Boolean"},"type":{"!category":"enum","!description":"Type of the event. Display in the second label (no overlap)","!type":"String"},"typeName":{"!category":"enum","!description":"The CSS class to use","!type":"String"},"halfDay":{"!category":"enum","!description":"Is this half a day","!type":"Boolean"},"row":{"!category":"enum","!description":"Id of the row on which to place this event","!type":"Number"},"name":{"!category":"enum","!description":"Name of the row","!type":"String"},"enabled":{"!category":"enum","!description":"Switches enabled state of the control. Disabled fields have different colors, and cannot be focused.","!type":"Boolean"},"barColor":{"!category":"enum","!description":"The color of the bar. Enumeration sap.ui.core.BarColor provides CRITICAL (yellow), NEGATIVE (red), POSITIVE (green), NEUTRAL (blue) (default value).","!type":"sap.ui.core.BarColor"},"displayValue":{"!category":"enum","!description":"The text value to be displayed in the bar.","!type":"String"},"percentValue":{"!category":"enum","!description":"The numerical value for the displayed length of the progress bar.","!type":"Number"},"showValue":{"!category":"enum","!description":"Specifies whether the current value shall be rendered inside the bar.","!type":"Boolean"},"selectedTab":{"!category":"enum","!description":"Return the index of the selected tab","!type":"Number"},"badgeInfo":{"!category":"enum","!description":"The number to display in the badge for the info tab","!type":"Number"},"badgeNotes":{"!category":"enum","!description":"The number to display in the badge for the notes tab","!type":"Number"},"badgeAttachments":{"!category":"enum","!description":"The number to display in the badge for the attachments tab","!type":"Number"},"badgePeople":{"!category":"enum","!description":"The number to display in the badge for the people tab","!type":"Number"}},"sap.me.Calendar_obj":{"!type":"fn(sId: String, mSettings: Object)","extend":{"!category":"function","!description":"Creates a new subclass of class sap.me.Calendar with name <code>sClassName</code>\nand enriches it with the information contained in <code>oClassInfo</code>.\n\n<code>oClassInfo</code> might contain the same kind of information as described in {@link sap.ui.core.Control.extend}.","!type":"fn(sClassName: String, oClassInfo?: Object, FNMetaImpl?: fn())"},"prototype":"sap.me.Calendar"},"sap.me.Calendar":{"!category":"class","!description":"<strong style=\"color: red;\">Deprecated! </strong>Since 1.26.0 This control was experimental since 1.12. Please use the sap.ui.unified.Calendar instead!<br>This is the Calendar control","!proto":"sap.ui.core.Control","attachChangeCurrentDate":{"!category":"function","!description":"Attach event handler <code>fnFunction</code> to the 'changeCurrentDate' event of this <code>sap.me.Calendar</code>.\n\nWhen called, the context of the event handler (its <code>this</code>) will be bound to <code>oListener</code> if specified\notherwise to this <code>sap.me.Calendar</code> itself.\n\nevent fired when tap to next or previous button and currentDate is updated","!type":"fn(oData?: Object, fnFunction: fn(), oListener?: Object) -> sap.me.Calendar"},"attachChangeRange":{"!category":"function","!description":"Attach event handler <code>fnFunction</code> to the 'changeRange' event of this <code>sap.me.Calendar</code>.\n\nWhen called, the context of the event handler (its <code>this</code>) will be bound to <code>oListener</code> if specified\notherwise to this <code>sap.me.Calendar</code> itself.\n\nwhen the range of selected dates changes","!type":"fn(oData?: Object, fnFunction: fn(), oListener?: Object) -> sap.me.Calendar"},"attachTapOnDate":{"!category":"function","!description":"Attach event handler <code>fnFunction</code> to the 'tapOnDate' event of this <code>sap.me.Calendar</code>.\n\nWhen called, the context of the event handler (its <code>this</code>) will be bound to <code>oListener</code> if specified\notherwise to this <code>sap.me.Calendar</code> itself.\n\nevent fired when a date is tapped","!type":"fn(oData?: Object, fnFunction: fn(), oListener?: Object) -> sap.me.Calendar"},"detachChangeCurrentDate":{"!category":"function","!description":"Detach event handler <code>fnFunction</code> from the 'changeCurrentDate' event of this <code>sap.me.Calendar</code>.\n\nThe passed function and listener object must match the ones used for event registration.","!type":"fn(fnFunction: fn(), oListener: Object) -> sap.me.Calendar"},"detachChangeRange":{"!category":"function","!description":"Detach event handler <code>fnFunction</code> from the 'changeRange' event of this <code>sap.me.Calendar</code>.\n\nThe passed function and listener object must match the ones used for event registration.","!type":"fn(fnFunction: fn(), oListener: Object) -> sap.me.Calendar"},"detachTapOnDate":{"!category":"function","!description":"Detach event handler <code>fnFunction</code> from the 'tapOnDate' event of this <code>sap.me.Calendar</code>.\n\nThe passed function and listener object must match the ones used for event registration.","!type":"fn(fnFunction: fn(), oListener: Object) -> sap.me.Calendar"},"fireChangeCurrentDate":{"!category":"function","!description":"Fire event changeCurrentDate to attached listeners.\n\nExpects following event parameters:\n<ul>\n<li>'currentDate' of type <code>string</code>new date</li>\n</ul>","!type":"fn(mArguments?: Map) -> sap.me.Calendar"},"fireChangeRange":{"!category":"function","!description":"Fire event changeRange to attached listeners.\n\nExpects following event parameters:\n<ul>\n<li>'fromDate' of type <code>string</code>from date</li>\n<li>'toDate' of type <code>string</code>to date</li>\n</ul>","!type":"fn(mArguments?: Map) -> sap.me.Calendar"},"fireTapOnDate":{"!category":"function","!description":"Fire event tapOnDate to attached listeners.\n\nExpects following event parameters:\n<ul>\n<li>'date' of type <code>string</code>date tapped</li>\n<li>'didSelect' of type <code>boolean</code>if day was selected</li>\n</ul>","!type":"fn(mArguments?: Map) -> sap.me.Calendar"},"getCurrentDate":{"!category":"function","!description":"Getter for property <code>currentDate</code>.\n\nthe center date where the month/week will be built around","!type":"fn() -> String"},"getDayHeight":{"!category":"function","!description":"Getter for property <code>dayHeight</code>.\n\nthe height of a day\n\nDefault value is <code>50</code>.","!type":"fn() -> Number"},"getDays":{"!category":"function","!description":"Getter for property <code>days</code>.\n\nArray of day names, default value is sap.m.getLocaleData().getDays(\"abbreviated\")\nCheck sap.ui.core.LocaleData documentation for more info.","!type":"fn() -> Object"},"getDayWidth":{"!category":"function","!description":"Getter for property <code>dayWidth</code>.\n\nthe width of a day\n\nDefault value is <code>45</code>.","!type":"fn() -> Number"},"getDesign":{"!category":"function","!description":"Getter for property <code>design</code>.\n\nIndicates the design of the calendar (mainly colors)\n\nDefault value is <code>Approval</code>.","!type":"fn() -> sap.me.CalendarDesign"},"getDisabledDates":{"!category":"function","!description":"Getter for property <code>disabledDates</code>.\n\nArray of specific dates (strings or Date objects) that will be disabled/non interactive","!type":"fn() -> Object"},"getDisabledWeekDays":{"!category":"function","!description":"Getter for property <code>disabledWeekDays</code>.\n\nArray of weekDays (as integers where 0=Sunday, 1=Monday etc) to be disabled. Interaction will be disabled for these week days.","!type":"fn() -> Object"},"getEnableMultiselection":{"!category":"function","!description":"Getter for property <code>enableMultiselection</code>.\n\nto enable multiselection feature\n\nDefault value is <code>false</code>.","!type":"fn() -> Boolean"},"getFirstDayOffset":{"!category":"function","!description":"Getter for property <code>firstDayOffset</code>.\n\nto offset the first day of the week (0 = sunday)\n\nDefault value is <code>0</code>.","!type":"fn() -> Number"},"getHideMonthTitles":{"!category":"function","!description":"Getter for property <code>hideMonthTitles</code>.\n\nhides the area of month titles\n\nDefault value is <code>false</code>.","!type":"fn() -> Boolean"},"getHideNavControls":{"!category":"function","!description":"Getter for property <code>hideNavControls</code>.\n\nhides the area of navigation controls\n\nDefault value is <code>false</code>.","!type":"fn() -> Boolean"},"getMetadata":{"!category":"function","!description":"Returns a metadata object for class sap.me.Calendar.","!type":"fn() -> sap.ui.base.Metadata"},"getMonths":{"!category":"function","!description":"Getter for property <code>months</code>.\n\nArray of month names, default value is sap.m.getLocaleData().getMonths(\"abbreviated\")\nCheck sap.ui.core.LocaleData documentation for more info.","!type":"fn() -> Object"},"getMonthsPerRow":{"!category":"function","!description":"Getter for property <code>monthsPerRow</code>.\n\nmonths to display in a row. This sets the width of the whole control in order to contain the desired number of months per row\n\nDefault value is <code>1</code>.","!type":"fn() -> Number"},"getMonthsToDisplay":{"!category":"function","!description":"Getter for property <code>monthsToDisplay</code>.\n\nnumber of months in a row.\n\nDefault value is <code>1</code>.","!type":"fn() -> Number"},"getSelectedDates":{"!category":"function","!description":"returns an array of the currently selected dates (dates are strings formatted as Date.toDateString())","!type":"fn() -> Object"},"getSelectionMode":{"!category":"function","!description":"Getter for property <code>selectionMode</code>.\n\nIndicates the design of the calendar (mainly colors)\n\nDefault value is <code>SINGLE</code>.","!type":"fn() -> sap.me.CalendarSelectionMode"},"getSingleRow":{"!category":"function","!description":"Getter for property <code>singleRow</code>.\n\nboolean that sets the view to week mode or month mode","!type":"fn() -> Boolean"},"getSwipeToNavigate":{"!category":"function","!description":"Getter for property <code>swipeToNavigate</code>.\n\nWhen enabled, swipe gestures will navigate and not select\n\nDefault value is <code>false</code>.","!type":"fn() -> Boolean"},"getVisible":{"!category":"function","!description":"Getter for property <code>visible</code>.\n\nvisibility of the control\n\nDefault value is <code>true</code>.","!type":"fn() -> Boolean"},"getWeeksPerRow":{"!category":"function","!description":"Getter for property <code>weeksPerRow</code>.\n\nweeks to display in a row\n\nDefault value is <code>1</code>.","!type":"fn() -> Number"},"getWidth":{"!category":"function","!description":"Getter for property <code>width</code>.\n\nThe width of the calendar\n\nDefault value is <code>100%</code>.","!type":"fn() -> sap.ui.core.CSSSize"},"parseDate":{"!category":"function","!description":"Helper function to instantiate a Date from the string(s) provided\nby the getCurrentDate, getSelectedDates methods.\n<B>IMPORTANT:</B> The only valid values for the created Date are: year, month, day.\nDisregard any other value: hours, minutes, seconds, milliseconds...","!type":"fn(strDate: String) -> Date"},"setCurrentDate":{"!category":"function","!description":"Sets the current date of the calendar.","!type":"fn(strDate: String) -> sap.me.Calendar"},"setDayHeight":{"!category":"function","!description":"Setter for property <code>dayHeight</code>.\n\nDefault value is <code>50</code>.","!type":"fn(iDayHeight: Number) -> sap.me.Calendar"},"setDays":{"!category":"function","!description":"Setter for property <code>days</code>.","!type":"fn(oDays: Object) -> sap.me.Calendar"},"setDayWidth":{"!category":"function","!description":"Setter for property <code>dayWidth</code>.\n\nDefault value is <code>45</code>.","!type":"fn(iDayWidth: Number) -> sap.me.Calendar"},"setDesign":{"!category":"function","!description":"Setter for property <code>design</code>.\n\nDefault value is <code>Approval</code>.","!type":"fn(sDesign: sap.me.CalendarDesign) -> sap.me.Calendar"},"setDisabledDates":{"!category":"function","!description":"Setter for property <code>disabledDates</code>.","!type":"fn(oDisabledDates: Object) -> sap.me.Calendar"},"setDisabledWeekDays":{"!category":"function","!description":"Setter for property <code>disabledWeekDays</code>.","!type":"fn(oDisabledWeekDays: Object) -> sap.me.Calendar"},"setEnableMultiselection":{"!category":"function","!description":"Setter for property <code>enableMultiselection</code>.\n\nDefault value is <code>false</code>.","!type":"fn(bEnableMultiselection: Boolean) -> sap.me.Calendar"},"setFirstDayOffset":{"!category":"function","!description":"Setter for property <code>firstDayOffset</code>.\n\nDefault value is <code>0</code>.","!type":"fn(iFirstDayOffset: Number) -> sap.me.Calendar"},"setHideMonthTitles":{"!category":"function","!description":"Setter for property <code>hideMonthTitles</code>.\n\nDefault value is <code>false</code>.","!type":"fn(bHideMonthTitles: Boolean) -> sap.me.Calendar"},"setHideNavControls":{"!category":"function","!description":"Setter for property <code>hideNavControls</code>.\n\nDefault value is <code>false</code>.","!type":"fn(bHideNavControls: Boolean) -> sap.me.Calendar"},"setMonths":{"!category":"function","!description":"Setter for property <code>months</code>.","!type":"fn(oMonths: Object) -> sap.me.Calendar"},"setMonthsPerRow":{"!category":"function","!description":"Setter for property <code>monthsPerRow</code>.\n\nDefault value is <code>1</code>.","!type":"fn(iMonthsPerRow: Number) -> sap.me.Calendar"},"setMonthsToDisplay":{"!category":"function","!description":"Setter for property <code>monthsToDisplay</code>.\n\nDefault value is <code>1</code>.","!type":"fn(iMonthsToDisplay: Number) -> sap.me.Calendar"},"setSelectionMode":{"!category":"function","!description":"Setter for property <code>selectionMode</code>.\n\nDefault value is <code>SINGLE</code>.","!type":"fn(sSelectionMode: sap.me.CalendarSelectionMode) -> sap.me.Calendar"},"setSingleRow":{"!category":"function","!description":"Setter for property <code>singleRow</code>.","!type":"fn(bSingleRow: Boolean) -> sap.me.Calendar"},"setSwipeToNavigate":{"!category":"function","!description":"Setter for property <code>swipeToNavigate</code>.\n\nDefault value is <code>false</code>.","!type":"fn(bSwipeToNavigate: Boolean) -> sap.me.Calendar"},"setVisible":{"!category":"function","!description":"Setter for property <code>visible</code>.\n\nDefault value is <code>true</code>.","!type":"fn(bVisible: Boolean) -> sap.me.Calendar"},"setWeeksPerRow":{"!category":"function","!description":"Setter for property <code>weeksPerRow</code>.\n\nDefault value is <code>1</code>.","!type":"fn(iWeeksPerRow: Number) -> sap.me.Calendar"},"setWidth":{"!category":"function","!description":"Setter for property <code>width</code>.\n\nDefault value is <code>100%</code>.","!type":"fn(sWidth: sap.ui.core.CSSSize) -> sap.me.Calendar"},"toggleDatesRangeSelection":{"!category":"function","!description":"it toggles the selection of the dates within the passed range to selected/unselected","!type":"fn(oODateStart: Object, oODateEnd: Object, bBSelected: Boolean)"},"toggleDatesSelection":{"!category":"function","!description":"it toggles the passed dates to selected/unselected","!type":"fn(oADates: Object, bBSelect: Boolean)"},"toggleDatesType":{"!category":"function","!description":"Change the type of the given dates","!type":"fn(oADates: Object, oSType: sap.me.CalendarEventType, bBAdd: Boolean)"},"unselectAllDates":{"!category":"function","!description":"unselect all the dates","!type":"fn()"}},"sap.me.CalendarLegend_obj":{"!type":"fn(sId: String, mSettings: Object)","extend":{"!category":"function","!description":"Creates a new subclass of class sap.me.CalendarLegend with name <code>sClassName</code>\nand enriches it with the information contained in <code>oClassInfo</code>.\n\n<code>oClassInfo</code> might contain the same kind of information as described in {@link sap.ui.core.Control.extend}.","!type":"fn(sClassName: String, oClassInfo?: Object, FNMetaImpl?: fn())"},"prototype":"sap.me.CalendarLegend"},"sap.me.CalendarLegend":{"!category":"class","!description":"<strong style=\"color: red;\">Experimental! </strong>","!proto":"sap.ui.core.Control","getDesign":{"!category":"function","!description":"Getter for property <code>design</code>.\n\ndesign name for the legend\n\nDefault value is <code>Approval</code>.","!type":"fn() -> sap.me.CalendarDesign"},"getExpandable":{"!category":"function","!description":"Getter for property <code>expandable</code>.\n\nIndicates if the legend can be collapsed and expanded\n\nDefault value is <code>true</code>.","!type":"fn() -> Boolean"},"getExpanded":{"!category":"function","!description":"Getter for property <code>expanded</code>.\n\nIndicates if the legend is expanded or not\n\nDefault value is <code>true</code>.","!type":"fn() -> Boolean"},"getLegendForNormal":{"!category":"function","!description":"Getter for property <code>legendForNormal</code>.\n\nlegend for normal","!type":"fn() -> String"},"getLegendForSelected":{"!category":"function","!description":"Getter for property <code>legendForSelected</code>.\n\nlegend for selected","!type":"fn() -> String"},"getLegendForSelected00":{"!category":"function","!description":"Getter for property <code>legendForSelected00</code>.\n\nlegend for selected 00","!type":"fn() -> String"},"getLegendForToday":{"!category":"function","!description":"Getter for property <code>legendForToday</code>.\n\nlegend for today","!type":"fn() -> String"},"getLegendForType00":{"!category":"function","!description":"Getter for property <code>legendForType00</code>.\n\nlegend for type 00","!type":"fn() -> String"},"getLegendForType01":{"!category":"function","!description":"Getter for property <code>legendForType01</code>.\n\nlegend for type 01","!type":"fn() -> String"},"getLegendForType04":{"!category":"function","!description":"Getter for property <code>legendForType04</code>.\n\nlegend for type 04","!type":"fn() -> String"},"getLegendForType06":{"!category":"function","!description":"Getter for property <code>legendForType06</code>.\n\nlegend for type 06","!type":"fn() -> String"},"getLegendForType07":{"!category":"function","!description":"Getter for property <code>legendForType07</code>.\n\nlegend for type 07","!type":"fn() -> String"},"getLegendWidth":{"!category":"function","!description":"Getter for property <code>legendWidth</code>.\n\nIndicates the legend items width\n\nDefault value is <code>12.5rem</code>.","!type":"fn() -> sap.ui.core.CSSSize"},"getMetadata":{"!category":"function","!description":"Returns a metadata object for class sap.me.CalendarLegend.","!type":"fn() -> sap.ui.base.Metadata"},"getVisible":{"!category":"function","!description":"Getter for property <code>visible</code>.\n\nIndicates if the legend is visible\n\nDefault value is <code>true</code>.","!type":"fn() -> Boolean"},"getWidth":{"!category":"function","!description":"Getter for property <code>width</code>.\n\nIndicates the whole component width\n\nDefault value is <code>auto</code>.","!type":"fn() -> sap.ui.core.CSSSize"},"setDesign":{"!category":"function","!description":"Setter for property <code>design</code>.\n\nDefault value is <code>Approval</code>.","!type":"fn(sDesign: sap.me.CalendarDesign) -> sap.me.CalendarLegend"},"setExpandable":{"!category":"function","!description":"Setter for property <code>expandable</code>.\n\nDefault value is <code>true</code>.","!type":"fn(bExpandable: Boolean) -> sap.me.CalendarLegend"},"setExpanded":{"!category":"function","!description":"Setter for property <code>expanded</code>.\n\nDefault value is <code>true</code>.","!type":"fn(bExpanded: Boolean) -> sap.me.CalendarLegend"},"setLegendForNormal":{"!category":"function","!description":"Setter for property <code>legendForNormal</code>.","!type":"fn(sLegendForNormal: String) -> sap.me.CalendarLegend"},"setLegendForSelected":{"!category":"function","!description":"Setter for property <code>legendForSelected</code>.","!type":"fn(sLegendForSelected: String) -> sap.me.CalendarLegend"},"setLegendForSelected00":{"!category":"function","!description":"Setter for property <code>legendForSelected00</code>.","!type":"fn(sLegendForSelected00: String) -> sap.me.CalendarLegend"},"setLegendForToday":{"!category":"function","!description":"Setter for property <code>legendForToday</code>.","!type":"fn(sLegendForToday: String) -> sap.me.CalendarLegend"},"setLegendForType00":{"!category":"function","!description":"Setter for property <code>legendForType00</code>.","!type":"fn(sLegendForType00: String) -> sap.me.CalendarLegend"},"setLegendForType01":{"!category":"function","!description":"Setter for property <code>legendForType01</code>.","!type":"fn(sLegendForType01: String) -> sap.me.CalendarLegend"},"setLegendForType04":{"!category":"function","!description":"Setter for property <code>legendForType04</code>.","!type":"fn(sLegendForType04: String) -> sap.me.CalendarLegend"},"setLegendForType06":{"!category":"function","!description":"Setter for property <code>legendForType06</code>.","!type":"fn(sLegendForType06: String) -> sap.me.CalendarLegend"},"setLegendForType07":{"!category":"function","!description":"Setter for property <code>legendForType07</code>.","!type":"fn(sLegendForType07: String) -> sap.me.CalendarLegend"},"setLegendWidth":{"!category":"function","!description":"Setter for property <code>legendWidth</code>.\n\nDefault value is <code>12.5rem</code>.","!type":"fn(sLegendWidth: sap.ui.core.CSSSize) -> sap.me.CalendarLegend"},"setVisible":{"!category":"function","!description":"Setter for property <code>visible</code>.\n\nDefault value is <code>true</code>.","!type":"fn(bVisible: Boolean) -> sap.me.CalendarLegend"},"setWidth":{"!category":"function","!description":"Setter for property <code>width</code>.\n\nDefault value is <code>auto</code>.","!type":"fn(sWidth: sap.ui.core.CSSSize) -> sap.me.CalendarLegend"}},"sap.me.OverlapCalendar_obj":{"!type":"fn(sId: String, mSettings: Object)","extend":{"!category":"function","!description":"Creates a new subclass of class sap.me.OverlapCalendar with name <code>sClassName</code>\nand enriches it with the information contained in <code>oClassInfo</code>.\n\n<code>oClassInfo</code> might contain the same kind of information as described in {@link sap.ui.core.Control.extend}.","!type":"fn(sClassName: String, oClassInfo?: Object, FNMetaImpl?: fn())"},"prototype":"sap.me.OverlapCalendar"},"sap.me.OverlapCalendar":{"!category":"class","!description":"<strong style=\"color: red;\">Experimental! </strong>","!proto":"sap.ui.core.Control","addCalendarEvent":{"!category":"function","!description":"Adds some calendarEvent into the aggregation named <code>calendarEvents</code>.","!type":"fn(oCalendarEvent: sap.me.OverlapCalendarEvent) -> sap.me.OverlapCalendar"},"attachChangeDate":{"!category":"function","!description":"Attach event handler <code>fnFunction</code> to the 'changeDate' event of this <code>sap.me.OverlapCalendar</code>.\n\nWhen called, the context of the event handler (its <code>this</code>) will be bound to <code>oListener</code> if specified\notherwise to this <code>sap.me.OverlapCalendar</code> itself.\n\nTriggered when the displayed dates change","!type":"fn(oData?: Object, fnFunction: fn(), oListener?: Object) -> sap.me.OverlapCalendar"},"attachEndOfData":{"!category":"function","!description":"Attach event handler <code>fnFunction</code> to the 'endOfData' event of this <code>sap.me.OverlapCalendar</code>.\n\nWhen called, the context of the event handler (its <code>this</code>) will be bound to <code>oListener</code> if specified\notherwise to this <code>sap.me.OverlapCalendar</code> itself.\n\nIndicates that we have reach the last week with data","!type":"fn(oData?: Object, fnFunction: fn(), oListener?: Object) -> sap.me.OverlapCalendar"},"destroyCalendarEvents":{"!category":"function","!description":"Destroys all the calendarEvents in the aggregation\nnamed <code>calendarEvents</code>.","!type":"fn() -> sap.me.OverlapCalendar"},"detachChangeDate":{"!category":"function","!description":"Detach event handler <code>fnFunction</code> from the 'changeDate' event of this <code>sap.me.OverlapCalendar</code>.\n\nThe passed function and listener object must match the ones used for event registration.","!type":"fn(fnFunction: fn(), oListener: Object) -> sap.me.OverlapCalendar"},"detachEndOfData":{"!category":"function","!description":"Detach event handler <code>fnFunction</code> from the 'endOfData' event of this <code>sap.me.OverlapCalendar</code>.\n\nThe passed function and listener object must match the ones used for event registration.","!type":"fn(fnFunction: fn(), oListener: Object) -> sap.me.OverlapCalendar"},"fireChangeDate":{"!category":"function","!description":"Fire event changeDate to attached listeners.\n\nExpects following event parameters:\n<ul>\n<li>'firstDate' of type <code>object</code>The first date displayed in the calendar</li>\n<li>'lastDate' of type <code>object</code>The last date that will be displayed</li>\n</ul>","!type":"fn(mArguments?: Map) -> sap.me.OverlapCalendar"},"fireEndOfData":{"!category":"function","!description":"Fire event endOfData to attached listeners.\n\nExpects following event parameters:\n<ul>\n<li>'before' of type <code>boolean</code>Indicates if the data missing are before the start date or at the end</li>\n</ul>","!type":"fn(mArguments?: Map) -> sap.me.OverlapCalendar"},"getCalendar":{"!category":"function","!type":"fn() -> sap.me.Calendar"},"getCalendarEvents":{"!category":"function","!description":"Getter for aggregation <code>calendarEvents</code>.\n\nThe list of events to display in the calendar grid","!type":"fn() -> [sap.me.OverlapCalendarEvent]"},"getFirstDayOffset":{"!category":"function","!description":"Getter for property <code>firstDayOffset</code>.\n\nIndicate how to offset the first day in regards to a Sunday (by default)\n\nDefault value is <code>0</code>.","!type":"fn() -> Number"},"getMetadata":{"!category":"function","!description":"Returns a metadata object for class sap.me.OverlapCalendar.","!type":"fn() -> sap.ui.base.Metadata"},"getShowOverlapIndicator":{"!category":"function","!description":"Getter for property <code>showOverlapIndicator</code>.\n\nDo we want to display the overlap indicator\n\nDefault value is <code>false</code>.","!type":"fn() -> Boolean"},"getStartDate":{"!category":"function","!description":"Getter for property <code>startDate</code>.\n\nThe first date to display for the calendar","!type":"fn() -> String"},"getSwipeToNavigate":{"!category":"function","!description":"Getter for property <code>swipeToNavigate</code>.\n\nUse swipe gesture to navigate\n\nDefault value is <code>true</code>.","!type":"fn() -> Boolean"},"getVisible":{"!category":"function","!description":"Getter for property <code>visible</code>.\n\nIndicates if we should render this component\n\nDefault value is <code>true</code>.","!type":"fn() -> Boolean"},"getWeeksPerRow":{"!category":"function","!description":"Getter for property <code>weeksPerRow</code>.\n\nNumber of weeks\n\nDefault value is <code>2</code>.","!type":"fn() -> Number"},"getWidth":{"!category":"function","!description":"Getter for property <code>width</code>.\n\nThe width of the calendar\n\nDefault value is <code>100%</code>.","!type":"fn() -> sap.ui.core.CSSSize"},"indexOfCalendarEvent":{"!category":"function","!description":"Checks for the provided <code>sap.me.OverlapCalendarEvent</code> in the aggregation named <code>calendarEvents</code>.\nand returns its index if found or -1 otherwise.","!type":"fn(oCalendarEvent: sap.me.OverlapCalendarEvent) -> Number"},"insertCalendarEvent":{"!category":"function","!description":"Inserts a calendarEvent into the aggregation named <code>calendarEvents</code>.","!type":"fn(oCalendarEvent: sap.me.OverlapCalendarEvent, iIndex: Number) -> sap.me.OverlapCalendar"},"onAfterRendering":{"!category":"function","!type":"fn()"},"onBeforeRendering":{"!category":"function","!type":"fn()"},"onswipeleft":{"!category":"function","!type":"fn(oEvent: event)"},"onswiperight":{"!category":"function","!type":"fn(oEvent: event)"},"removeAllCalendarEvents":{"!category":"function","!description":"Removes all the controls in the aggregation named <code>calendarEvents</code>.\n\nAdditionally unregisters them from the hosting UIArea.","!type":"fn() -> [sap.me.OverlapCalendarEvent]"},"removeCalendarEvent":{"!category":"function","!description":"Removes a calendarEvent from the aggregation named <code>calendarEvents</code>.","!type":"fn(vCalendarEvent: Number | String | sap.me.OverlapCalendarEvent) -> sap.me.OverlapCalendarEvent"},"setFirstDayOffset":{"!category":"function","!description":"Setter for property <code>firstDayOffset</code>.\n\nDefault value is <code>0</code>.","!type":"fn(iFirstDayOffset: Number) -> sap.me.OverlapCalendar"},"setShowOverlapIndicator":{"!category":"function","!description":"Setter for property <code>showOverlapIndicator</code>.\n\nDefault value is <code>false</code>.","!type":"fn(bShowOverlapIndicator: Boolean) -> sap.me.OverlapCalendar"},"setStartDate":{"!category":"function","!type":"fn(sDate: Date)"},"setSwipeToNavigate":{"!category":"function","!type":"fn(bSwipe: Boolean)"},"setVisible":{"!category":"function","!description":"Setter for property <code>visible</code>.\n\nDefault value is <code>true</code>.","!type":"fn(bVisible: Boolean) -> sap.me.OverlapCalendar"},"setWeeksPerRow":{"!category":"function","!type":"fn(iWeeksPerRow: Number)"},"setWidth":{"!category":"function","!description":"Setter for property <code>width</code>.\n\nDefault value is <code>100%</code>.","!type":"fn(sWidth: sap.ui.core.CSSSize) -> sap.me.OverlapCalendar"}},"sap.me.OverlapCalendarEvent_obj":{"!type":"fn(sId: String, mSettings: Object)","extend":{"!category":"function","!description":"Creates a new subclass of class sap.me.OverlapCalendarEvent with name <code>sClassName</code>\nand enriches it with the information contained in <code>oClassInfo</code>.\n\n<code>oClassInfo</code> might contain the same kind of information as described in {@link sap.ui.core.Element.extend}.","!type":"fn(sClassName: String, oClassInfo?: Object, FNMetaImpl?: fn())"},"prototype":"sap.me.OverlapCalendarEvent"},"sap.me.OverlapCalendarEvent":{"!category":"class","!description":"<strong style=\"color: red;\">Experimental! </strong>","!proto":"sap.ui.core.Element","bindEndDay":{"!category":"function","!description":"Binder for property <code>endDay</code>.\n\nSee {@link sap.ui.base.ManagedObject#bindProperty ManagedObject.bindProperty} for a \ndetailed description of the possible properties of <code>oBindingInfo</code>","!type":"fn(oBindingInfo: Object) -> sap.me.OverlapCalendarEvent"},"bindHalfDay":{"!category":"function","!description":"Binder for property <code>halfDay</code>.\n\nSee {@link sap.ui.base.ManagedObject#bindProperty ManagedObject.bindProperty} for a \ndetailed description of the possible properties of <code>oBindingInfo</code>","!type":"fn(oBindingInfo: Object) -> sap.me.OverlapCalendarEvent"},"bindName":{"!category":"function","!description":"Binder for property <code>name</code>.\n\nSee {@link sap.ui.base.ManagedObject#bindProperty ManagedObject.bindProperty} for a \ndetailed description of the possible properties of <code>oBindingInfo</code>","!type":"fn(oBindingInfo: Object) -> sap.me.OverlapCalendarEvent"},"bindRelevant":{"!category":"function","!description":"Binder for property <code>relevant</code>.\n\nSee {@link sap.ui.base.ManagedObject#bindProperty ManagedObject.bindProperty} for a \ndetailed description of the possible properties of <code>oBindingInfo</code>","!type":"fn(oBindingInfo: Object) -> sap.me.OverlapCalendarEvent"},"bindRow":{"!category":"function","!description":"Binder for property <code>row</code>.\n\nSee {@link sap.ui.base.ManagedObject#bindProperty ManagedObject.bindProperty} for a \ndetailed description of the possible properties of <code>oBindingInfo</code>","!type":"fn(oBindingInfo: Object) -> sap.me.OverlapCalendarEvent"},"bindStartDay":{"!category":"function","!description":"Binder for property <code>startDay</code>.\n\nSee {@link sap.ui.base.ManagedObject#bindProperty ManagedObject.bindProperty} for a \ndetailed description of the possible properties of <code>oBindingInfo</code>","!type":"fn(oBindingInfo: Object) -> sap.me.OverlapCalendarEvent"},"bindType":{"!category":"function","!description":"Binder for property <code>type</code>.\n\nSee {@link sap.ui.base.ManagedObject#bindProperty ManagedObject.bindProperty} for a \ndetailed description of the possible properties of <code>oBindingInfo</code>","!type":"fn(oBindingInfo: Object) -> sap.me.OverlapCalendarEvent"},"bindTypeName":{"!category":"function","!description":"Binder for property <code>typeName</code>.\n\nSee {@link sap.ui.base.ManagedObject#bindProperty ManagedObject.bindProperty} for a \ndetailed description of the possible properties of <code>oBindingInfo</code>","!type":"fn(oBindingInfo: Object) -> sap.me.OverlapCalendarEvent"},"getEndDay":{"!category":"function","!description":"Getter for property <code>endDay</code>.\n\nLast day of the event","!type":"fn() -> String"},"getHalfDay":{"!category":"function","!description":"Getter for property <code>halfDay</code>.\n\nIs this half a day\n\nDefault value is <code>false</code>.","!type":"fn() -> Boolean"},"getMetadata":{"!category":"function","!description":"Returns a metadata object for class sap.me.OverlapCalendarEvent.","!type":"fn() -> sap.ui.base.Metadata"},"getName":{"!category":"function","!description":"Getter for property <code>name</code>.\n\nName of the row","!type":"fn() -> String"},"getRelevant":{"!category":"function","!description":"Getter for property <code>relevant</code>.\n\nIndicates if this elements is relevant to be consider in the overlap","!type":"fn() -> Boolean"},"getRow":{"!category":"function","!description":"Getter for property <code>row</code>.\n\nId of the row on which to place this event\n\nDefault value is <code>-1</code>.","!type":"fn() -> Number"},"getStartDay":{"!category":"function","!description":"Getter for property <code>startDay</code>.\n\nThe first day of the event","!type":"fn() -> String"},"getType":{"!category":"function","!description":"Getter for property <code>type</code>.\n\nType of the event. Display in the second label (no overlap)","!type":"fn() -> String"},"getTypeName":{"!category":"function","!description":"Getter for property <code>typeName</code>.\n\nThe CSS class to use","!type":"fn() -> String"},"setEndDay":{"!category":"function","!description":"Setter for property <code>endDay</code>.","!type":"fn(sEndDay: String) -> sap.me.OverlapCalendarEvent"},"setHalfDay":{"!category":"function","!description":"Setter for property <code>halfDay</code>.\n\nDefault value is <code>false</code>.","!type":"fn(bHalfDay: Boolean) -> sap.me.OverlapCalendarEvent"},"setName":{"!category":"function","!description":"Setter for property <code>name</code>.","!type":"fn(sName: String) -> sap.me.OverlapCalendarEvent"},"setRelevant":{"!category":"function","!description":"Setter for property <code>relevant</code>.","!type":"fn(bRelevant: Boolean) -> sap.me.OverlapCalendarEvent"},"setRow":{"!category":"function","!description":"Setter for property <code>row</code>.\n\nDefault value is <code>-1</code>.","!type":"fn(iRow: Number) -> sap.me.OverlapCalendarEvent"},"setStartDay":{"!category":"function","!description":"Setter for property <code>startDay</code>.","!type":"fn(sStartDay: String) -> sap.me.OverlapCalendarEvent"},"setType":{"!category":"function","!description":"Setter for property <code>type</code>.","!type":"fn(sType: String) -> sap.me.OverlapCalendarEvent"},"setTypeName":{"!category":"function","!description":"Setter for property <code>typeName</code>.","!type":"fn(sTypeName: String) -> sap.me.OverlapCalendarEvent"},"unbindEndDay":{"!category":"function","!description":"Unbinder for property <code>endDay</code>.","!type":"fn() -> sap.me.OverlapCalendarEvent"},"unbindHalfDay":{"!category":"function","!description":"Unbinder for property <code>halfDay</code>.","!type":"fn() -> sap.me.OverlapCalendarEvent"},"unbindName":{"!category":"function","!description":"Unbinder for property <code>name</code>.","!type":"fn() -> sap.me.OverlapCalendarEvent"},"unbindRelevant":{"!category":"function","!description":"Unbinder for property <code>relevant</code>.","!type":"fn() -> sap.me.OverlapCalendarEvent"},"unbindRow":{"!category":"function","!description":"Unbinder for property <code>row</code>.","!type":"fn() -> sap.me.OverlapCalendarEvent"},"unbindStartDay":{"!category":"function","!description":"Unbinder for property <code>startDay</code>.","!type":"fn() -> sap.me.OverlapCalendarEvent"},"unbindType":{"!category":"function","!description":"Unbinder for property <code>type</code>.","!type":"fn() -> sap.me.OverlapCalendarEvent"},"unbindTypeName":{"!category":"function","!description":"Unbinder for property <code>typeName</code>.","!type":"fn() -> sap.me.OverlapCalendarEvent"}},"sap.me.ProgressIndicator_obj":{"!type":"fn(sId: String, mSettings: Object)","extend":{"!category":"function","!description":"Creates a new subclass of class sap.me.ProgressIndicator with name <code>sClassName</code>\nand enriches it with the information contained in <code>oClassInfo</code>.\n\n<code>oClassInfo</code> might contain the same kind of information as described in {@link sap.ui.core.Control.extend}.","!type":"fn(sClassName: String, oClassInfo?: Object, FNMetaImpl?: fn())"},"prototype":"sap.me.ProgressIndicator"},"sap.me.ProgressIndicator":{"!category":"class","!description":"<strong style=\"color: red;\">Deprecated! </strong>Since 1.14 This control is replaced by sap.m.ProgressIndicator<br>Shows the progress of a process in a graphical way. The indicator can be displayed with or without numerical values.\nThe filling can be displayed in color only, or additionally with the percentage rate. The indicator status can be interactive.","!proto":"sap.ui.core.Control","getBarColor":{"!category":"function","!description":"Getter for property <code>barColor</code>.\n\nThe color of the bar. Enumeration sap.ui.core.BarColor provides CRITICAL (yellow), NEGATIVE (red), POSITIVE (green), NEUTRAL (blue) (default value).\n\nDefault value is <code>NEUTRAL</code>.","!type":"fn() -> sap.ui.core.BarColor"},"getDisplayValue":{"!category":"function","!description":"Getter for property <code>displayValue</code>.\n\nThe text value to be displayed in the bar.\n\nDefault value is <code>0%</code>.","!type":"fn() -> String"},"getEnabled":{"!category":"function","!description":"Getter for property <code>enabled</code>.\n\nSwitches enabled state of the control. Disabled fields have different colors, and cannot be focused.\n\nDefault value is <code>true</code>.","!type":"fn() -> Boolean"},"getMetadata":{"!category":"function","!description":"Returns a metadata object for class sap.me.ProgressIndicator.","!type":"fn() -> sap.ui.base.Metadata"},"getPercentValue":{"!category":"function","!description":"Getter for property <code>percentValue</code>.\n\nThe numerical value for the displayed length of the progress bar.\n\nDefault value is <code>0</code>.","!type":"fn() -> Number"},"getShowValue":{"!category":"function","!description":"Getter for property <code>showValue</code>.\n\nSpecifies whether the current value shall be rendered inside the bar.\n\nDefault value is <code>true</code>.","!type":"fn() -> Boolean"},"getVisible":{"!category":"function","!description":"Getter for property <code>visible</code>.\n\nInvisible controls are not rendered\n\nDefault value is <code>true</code>.","!type":"fn() -> Boolean"},"getWidth":{"!category":"function","!description":"Getter for property <code>width</code>.\n\nThe width of the control.\n\nDefault value is <code>100%</code>.","!type":"fn() -> sap.ui.core.CSSSize"},"setBarColor":{"!category":"function","!description":"Setter for property <code>barColor</code>.\n\nDefault value is <code>NEUTRAL</code>.","!type":"fn(sBarColor: sap.ui.core.BarColor) -> sap.me.ProgressIndicator"},"setDisplayValue":{"!category":"function","!description":"Setter for property <code>displayValue</code>.\n\nDefault value is <code>0%</code>.","!type":"fn(sDisplayValue: String) -> sap.me.ProgressIndicator"},"setEnabled":{"!category":"function","!description":"Setter for property <code>enabled</code>.\n\nDefault value is <code>true</code>.","!type":"fn(bEnabled: Boolean) -> sap.me.ProgressIndicator"},"setPercentValue":{"!category":"function","!description":"Property setter for the PercentValue\nA new rendering is not necessary, only the bar has to be moved.","!type":"fn(iPercentValue: undefined) -> sap.me.ProgressIndicator"},"setShowValue":{"!category":"function","!description":"Setter for property <code>showValue</code>.\n\nDefault value is <code>true</code>.","!type":"fn(bShowValue: Boolean) -> sap.me.ProgressIndicator"},"setVisible":{"!category":"function","!description":"Setter for property <code>visible</code>.\n\nDefault value is <code>true</code>.","!type":"fn(bVisible: Boolean) -> sap.me.ProgressIndicator"},"setWidth":{"!category":"function","!description":"Setter for property <code>width</code>.\n\nDefault value is <code>100%</code>.","!type":"fn(sWidth: sap.ui.core.CSSSize) -> sap.me.ProgressIndicator"}},"sap.me.TabContainer_obj":{"!type":"fn(sId: String, mSettings: Object)","extend":{"!category":"function","!description":"Creates a new subclass of class sap.me.TabContainer with name <code>sClassName</code>\nand enriches it with the information contained in <code>oClassInfo</code>.\n\n<code>oClassInfo</code> might contain the same kind of information as described in {@link sap.ui.core.Control.extend}.","!type":"fn(sClassName: String, oClassInfo?: Object, FNMetaImpl?: fn())"},"prototype":"sap.me.TabContainer"},"sap.me.TabContainer":{"!category":"class","!description":"<strong style=\"color: red;\">Deprecated! </strong>Since 1.15.0 The functionality of this control is merged with the sap.m.IconTabBar.\nPlease use the sap.m.IconTabBar instead!\nThis control will not be supported anymore.<br>The TabContainer allow to stack 1 to 4 contents in a\nview with corresponding icons","!proto":"sap.ui.core.Control","attachCollapse":{"!category":"function","!description":"Attach event handler <code>fnFunction</code> to the 'collapse' event of this <code>sap.me.TabContainer</code>.\n\nWhen called, the context of the event handler (its <code>this</code>) will be bound to <code>oListener</code> if specified\notherwise to this <code>sap.me.TabContainer</code> itself.\n\nIndicates that the tab will collapse","!type":"fn(oData?: Object, fnFunction: fn(), oListener?: Object) -> sap.me.TabContainer"},"attachExpand":{"!category":"function","!description":"Attach event handler <code>fnFunction</code> to the 'expand' event of this <code>sap.me.TabContainer</code>.\n\nWhen called, the context of the event handler (its <code>this</code>) will be bound to <code>oListener</code> if specified\notherwise to this <code>sap.me.TabContainer</code> itself.\n\nIndicates that the tab will expand","!type":"fn(oData?: Object, fnFunction: fn(), oListener?: Object) -> sap.me.TabContainer"},"attachSelect":{"!category":"function","!description":"Attach event handler <code>fnFunction</code> to the 'select' event of this <code>sap.me.TabContainer</code>.\n\nWhen called, the context of the event handler (its <code>this</code>) will be bound to <code>oListener</code> if specified\notherwise to this <code>sap.me.TabContainer</code> itself.\n\nIndicates that the selected tab has changed","!type":"fn(oData?: Object, fnFunction: fn(), oListener?: Object) -> sap.me.TabContainer"},"destroyContentAttachments":{"!category":"function","!description":"Destroys the contentAttachments in the aggregation\nnamed <code>contentAttachments</code>.","!type":"fn() -> sap.me.TabContainer"},"destroyContentInfo":{"!category":"function","!description":"Destroys the contentInfo in the aggregation\nnamed <code>contentInfo</code>.","!type":"fn() -> sap.me.TabContainer"},"destroyContentNotes":{"!category":"function","!description":"Destroys the contentNotes in the aggregation\nnamed <code>contentNotes</code>.","!type":"fn() -> sap.me.TabContainer"},"destroyContentPeople":{"!category":"function","!description":"Destroys the contentPeople in the aggregation\nnamed <code>contentPeople</code>.","!type":"fn() -> sap.me.TabContainer"},"detachCollapse":{"!category":"function","!description":"Detach event handler <code>fnFunction</code> from the 'collapse' event of this <code>sap.me.TabContainer</code>.\n\nThe passed function and listener object must match the ones used for event registration.","!type":"fn(fnFunction: fn(), oListener: Object) -> sap.me.TabContainer"},"detachExpand":{"!category":"function","!description":"Detach event handler <code>fnFunction</code> from the 'expand' event of this <code>sap.me.TabContainer</code>.\n\nThe passed function and listener object must match the ones used for event registration.","!type":"fn(fnFunction: fn(), oListener: Object) -> sap.me.TabContainer"},"detachSelect":{"!category":"function","!description":"Detach event handler <code>fnFunction</code> from the 'select' event of this <code>sap.me.TabContainer</code>.\n\nThe passed function and listener object must match the ones used for event registration.","!type":"fn(fnFunction: fn(), oListener: Object) -> sap.me.TabContainer"},"fireCollapse":{"!category":"function","!description":"Fire event collapse to attached listeners.","!type":"fn(mArguments?: Map) -> sap.me.TabContainer"},"fireExpand":{"!category":"function","!description":"Fire event expand to attached listeners.","!type":"fn(mArguments?: Map) -> sap.me.TabContainer"},"fireSelect":{"!category":"function","!description":"Fire event select to attached listeners.\n\nListeners may prevent the default action of this event using the preventDefault-method on the event object.","!type":"fn(mArguments?: Map) -> Boolean"},"getBadgeAttachments":{"!category":"function","!description":"Getter for property <code>badgeAttachments</code>.\n\nThe number to display in the badge for the attachments tab","!type":"fn() -> Number"},"getBadgeInfo":{"!category":"function","!description":"Getter for property <code>badgeInfo</code>.\n\nThe number to display in the badge for the info tab","!type":"fn() -> Number"},"getBadgeNotes":{"!category":"function","!description":"Getter for property <code>badgeNotes</code>.\n\nThe number to display in the badge for the notes tab","!type":"fn() -> Number"},"getBadgePeople":{"!category":"function","!description":"Getter for property <code>badgePeople</code>.\n\nThe number to display in the badge for the people tab","!type":"fn() -> Number"},"getContentAttachments":{"!category":"function","!description":"Getter for aggregation <code>contentAttachments</code>.\n\nThe attachments tab","!type":"fn() -> sap.ui.core.Control"},"getContentInfo":{"!category":"function","!description":"Getter for aggregation <code>contentInfo</code>.\n\nThe info tab","!type":"fn() -> sap.ui.core.Control"},"getContentNotes":{"!category":"function","!description":"Getter for aggregation <code>contentNotes</code>.\n\nThe notes tab","!type":"fn() -> sap.ui.core.Control"},"getContentPeople":{"!category":"function","!description":"Getter for aggregation <code>contentPeople</code>.\n\nThe people tab","!type":"fn() -> sap.ui.core.Control"},"getExpandable":{"!category":"function","!description":"Getter for property <code>expandable</code>.\n\nIndicates if the tab can be collapsed and expanded\n\nDefault value is <code>true</code>.","!type":"fn() -> Boolean"},"getExpanded":{"!category":"function","!description":"Getter for property <code>expanded</code>.\n\nIndicates if the actual tab is expanded or not\n\nDefault value is <code>true</code>.","!type":"fn() -> Boolean"},"getMetadata":{"!category":"function","!description":"Returns a metadata object for class sap.me.TabContainer.","!type":"fn() -> sap.ui.base.Metadata"},"getSelectedTab":{"!category":"function","!description":"Getter for property <code>selectedTab</code>.\n\nReturn the index of the selected tab","!type":"fn() -> Number"},"getVisible":{"!category":"function","!description":"Getter for property <code>visible</code>.\n\nsetter for visible property\n\nDefault value is <code>true</code>.","!type":"fn() -> Boolean"},"setBadgeAttachments":{"!category":"function","!description":"Setter for property <code>badgeAttachments</code>.","!type":"fn(iBadgeAttachments: Number) -> sap.me.TabContainer"},"setBadgeInfo":{"!category":"function","!description":"Setter for property <code>badgeInfo</code>.","!type":"fn(iBadgeInfo: Number) -> sap.me.TabContainer"},"setBadgeNotes":{"!category":"function","!description":"Setter for property <code>badgeNotes</code>.","!type":"fn(iBadgeNotes: Number) -> sap.me.TabContainer"},"setBadgePeople":{"!category":"function","!description":"Setter for property <code>badgePeople</code>.","!type":"fn(iBadgePeople: Number) -> sap.me.TabContainer"},"setContentAttachments":{"!category":"function","!description":"Setter for the aggregated <code>contentAttachments</code>.","!type":"fn(oContentAttachments: sap.ui.core.Control) -> sap.me.TabContainer"},"setContentInfo":{"!category":"function","!description":"Setter for the aggregated <code>contentInfo</code>.","!type":"fn(oContentInfo: sap.ui.core.Control) -> sap.me.TabContainer"},"setContentNotes":{"!category":"function","!description":"Setter for the aggregated <code>contentNotes</code>.","!type":"fn(oContentNotes: sap.ui.core.Control) -> sap.me.TabContainer"},"setContentPeople":{"!category":"function","!description":"Setter for the aggregated <code>contentPeople</code>.","!type":"fn(oContentPeople: sap.ui.core.Control) -> sap.me.TabContainer"},"setExpandable":{"!category":"function","!description":"Setter for property <code>expandable</code>.\n\nDefault value is <code>true</code>.","!type":"fn(bExpandable: Boolean) -> sap.me.TabContainer"},"setExpanded":{"!category":"function","!description":"Setter for property <code>expanded</code>.\n\nDefault value is <code>true</code>.","!type":"fn(bExpanded: Boolean) -> sap.me.TabContainer"},"setSelectedTab":{"!category":"function","!description":"Setter for property <code>selectedTab</code>.","!type":"fn(iSelectedTab: Number) -> sap.me.TabContainer"},"setVisible":{"!category":"function","!description":"Setter for property <code>visible</code>.\n\nDefault value is <code>true</code>.","!type":"fn(bVisible: Boolean) -> sap.me.TabContainer"}},"sap.me.CalendarDesign":{"!category":"static class","!description":"<strong style=\"color: red;\">Experimental! </strong>","Action":{"!category":"enum","!description":"Colors match calendar design for Action","!type":"String"},"Approval":{"!category":"enum","!description":"Colors match calendar design for Approval","!type":"String"}},"sap.me.CalendarEventType":{"!category":"static class","!description":"<strong style=\"color: red;\">Experimental! </strong>","Type00":{"!category":"enum","!description":"Type 00 (non-working day (e.g. weekend))","!type":"String"},"Type01":{"!category":"enum","!description":"Type 01 (nonattendance / submitted day)","!type":"String"},"Type04":{"!category":"enum","!description":"Type 04 (open request / manager action needed)","!type":"String"},"Type06":{"!category":"enum","!description":"Type 06 (public holiday)","!type":"String"},"Type07":{"!category":"enum","!description":"Type 07 (deletion requested / your action needed)","!type":"String"},"Type10":{"!category":"enum","!description":"Type 10 (workday)","!type":"String"}},"sap.me.CalendarSelectionMode":{"!category":"static class","!description":"<strong style=\"color: red;\">Experimental! </strong>","MULTIPLE":{"!category":"enum","!description":"Can select multiple dates and ranges","!type":"String"},"RANGE":{"!category":"enum","!description":"Can select a range of dates","!type":"String"},"SINGLE":{"!category":"enum","!description":"Can only select one date","!type":"String"}},"sap":{"me":"sap.me","!category":"namespace","sap":"sap"}}}