{ 
	"!name": "sap.uxap",
	"!define": { 
	"sap.uxap": { 
	"!category": "namespace",
	"!description":"",
			"AnchorBar": "sap.uxap.AnchorBar_obj",
		"AnchorBarRenderer": "sap.uxap.AnchorBarRenderer",
		"BlockBase": "sap.uxap.BlockBase_obj",
		"BlockBaseColumnLayout": "sap.uxap.BlockBaseColumnLayout_obj",
		"HierarchicalSelect": "sap.uxap.HierarchicalSelect_obj",
		"HierarchicalSelectRenderer": "sap.uxap.HierarchicalSelectRenderer",
		"ModelMapping": "sap.uxap.ModelMapping_obj",
		"ObjectPageConfigurationMode": "sap.uxap.ObjectPageConfigurationMode",
		"ObjectPageHeader": "sap.uxap.ObjectPageHeader_obj",
		"ObjectPageHeaderActionButton": "sap.uxap.ObjectPageHeaderActionButton_obj",
		"ObjectPageHeaderDesign": "sap.uxap.ObjectPageHeaderDesign",
		"ObjectPageHeaderLayoutData": "sap.uxap.ObjectPageHeaderLayoutData_obj",
		"ObjectPageHeaderPictureShape": "sap.uxap.ObjectPageHeaderPictureShape",
		"ObjectPageHeaderRenderer": "sap.uxap.ObjectPageHeaderRenderer",
		"ObjectPageLayout": "sap.uxap.ObjectPageLayout_obj",
		"ObjectPageLayoutRenderer": "sap.uxap.ObjectPageLayoutRenderer",
		"ObjectPageSection": "sap.uxap.ObjectPageSection_obj",
		"ObjectPageSectionBase": "sap.uxap.ObjectPageSectionBase_obj",
		"ObjectPageSectionRenderer": "sap.uxap.ObjectPageSectionRenderer",
		"ObjectPageSubSection": "sap.uxap.ObjectPageSubSection_obj",
		"ObjectPageSubSectionLayout": "sap.uxap.ObjectPageSubSectionLayout",
		"ObjectPageSubSectionMode": "sap.uxap.ObjectPageSubSectionMode",
		"ObjectPageSubSectionRenderer": "sap.uxap.ObjectPageSubSectionRenderer"
},

"sap.uxap.AnchorBar":{
	"!category": "class",
	"!description": "",
	"!proto": "sap.m.Toolbar",
"getSelectedButton": {
	 "!category": "function",
	"!description": "",
	"!type": "fn() -> String"
	},
"getShowPopover": {
	 "!category": "function",
	"!description": "",
	"!type": "fn() -> Boolean"
	},
"setSelectedButton": {
	 "!category": "function",
	"!description": "",
	"!type": "fn(vSelectedButton: String | sap.m.Button) -> sap.uxap.AnchorBar"
	}},
"sap.uxap.AnchorBar_obj":{
	 "!type": "fn(sId:String,mSettings:Object)",
	 "extend": {
		 "!category": "function",
		 "!description": "",
		 "!type": "fn(sClassName:String,oClassInfo?:Object,FNMetaImpl?:fn())"
	},
	 "prototype": "sap.uxap.AnchorBar"
	},


"sap.uxap.BlockBase":{
	"!category": "class",
	"!description": "",
	"!proto": "sap.ui.core.Control",
"addMapping": {
	 "!category": "function",
	"!description": "",
	"!type": "fn(oMapping: sap.uxap.ModelMapping) -> sap.uxap.BlockBase"
	},
"destroyMappings": {
	 "!category": "function",
	"!description": "",
	"!type": "fn() -> sap.uxap.BlockBase"
	},
"getColumnLayout": {
	 "!category": "function",
	"!description": "",
	"!type": "fn() -> sap.uxap.BlockBaseColumnLayout"
	},
"getMappings": {
	 "!category": "function",
	"!description": "",
	"!type": "fn() -> sap.uxap.ModelMapping[]"
	},
"getMode": {
	 "!category": "function",
	"!description": "",
	"!type": "fn() -> String"
	},
"getSelectedView": {
	 "!category": "function",
	"!description": "",
	"!type": "fn() -> String"
	},
"getShowSubSectionMore": {
	 "!category": "function",
	"!description": "",
	"!type": "fn() -> Boolean"
	},
"getVisible": {
	 "!category": "function",
	"!description": "",
	"!type": "fn() -> Boolean"
	},
"indexOfMapping": {
	 "!category": "function",
	"!description": "",
	"!type": "fn(oMapping: sap.uxap.ModelMapping) -> Int"
	},
"insertMapping": {
	 "!category": "function",
	"!description": "",
	"!type": "fn(oMapping: sap.uxap.ModelMapping,iIndex: Int) -> sap.uxap.BlockBase"
	},
"removeAllMappings": {
	 "!category": "function",
	"!description": "",
	"!type": "fn() -> sap.uxap.ModelMapping[]"
	},
"removeMapping": {
	 "!category": "function",
	"!description": "",
	"!type": "fn(vMapping: Int | String | sap.uxap.ModelMapping) -> sap.uxap.ModelMapping"
	},
"setColumnLayout": {
	 "!category": "function",
	"!description": "",
	"!type": "fn(sColumnLayout: sap.uxap.BlockBaseColumnLayout) -> sap.uxap.BlockBase"
	},
"setMode": {
	 "!category": "function",
	"!description": "",
	"!type": "fn(sMode: ) eventReturnType"
	},
"setSelectedView": {
	 "!category": "function",
	"!description": "",
	"!type": "fn(vSelectedView: String | sap.ui.core.Control) -> sap.uxap.BlockBase"
	},
"setVisible": {
	 "!category": "function",
	"!description": "",
	"!type": "fn(bVisible: Boolean) -> sap.uxap.BlockBase"
	}},
"sap.uxap.BlockBase_obj":{
	 "!type": "fn(sId:String,mSettings:Object)",
	 "extend": {
		 "!category": "function",
		 "!description": "",
		 "!type": "fn(sClassName:String,oClassInfo?:Object,FNMetaImpl?:fn())"
	},
	 "prototype": "sap.uxap.BlockBase"
	},


"sap.uxap.BlockBaseColumnLayout":{
	"!category": "class",
	"!description": "",
	"!proto": ""},
"sap.uxap.BlockBaseColumnLayout_obj":{
	 "!type": "fn()",
	 "extend": {
		 "!category": "function",
		 "!description": "",
		 "!type": "fn()"
	},
	 "prototype": "sap.uxap.BlockBaseColumnLayout"
	},


"sap.uxap.HierarchicalSelect":{
	"!category": "class",
	"!description": "",
	"!proto": "sap.m.Select"},
"sap.uxap.HierarchicalSelect_obj":{
	 "!type": "fn(sId:String,mSettings:Object)",
	 "extend": {
		 "!category": "function",
		 "!description": "",
		 "!type": "fn(sClassName:String,oClassInfo?:Object,FNMetaImpl?:fn())"
	},
	 "prototype": "sap.uxap.HierarchicalSelect"
	},


"sap.uxap.ModelMapping":{
	"!category": "class",
	"!description": "",
	"!proto": "sap.ui.core.Element",
"getExternalModelName": {
	 "!category": "function",
	"!description": "",
	"!type": "fn() -> String"
	},
"getExternalPath": {
	 "!category": "function",
	"!description": "",
	"!type": "fn() -> String"
	},
"getInternalModelName": {
	 "!category": "function",
	"!description": "",
	"!type": "fn() -> String"
	},
"setExternalModelName": {
	 "!category": "function",
	"!description": "",
	"!type": "fn(sExternalModelName: String) -> sap.uxap.ModelMapping"
	},
"setExternalPath": {
	 "!category": "function",
	"!description": "",
	"!type": "fn(sExternalPath: String) -> sap.uxap.ModelMapping"
	},
"setInternalModelName": {
	 "!category": "function",
	"!description": "",
	"!type": "fn(sInternalModelName: String) -> sap.uxap.ModelMapping"
	}},
"sap.uxap.ModelMapping_obj":{
	 "!type": "fn(sId:String,mSettings:Object)",
	 "extend": {
		 "!category": "function",
		 "!description": "",
		 "!type": "fn(sClassName:String,oClassInfo?:Object,FNMetaImpl?:fn())"
	},
	 "prototype": "sap.uxap.ModelMapping"
	},


"sap.uxap.ObjectPageHeader":{
	"!category": "class",
	"!description": "",
	"!proto": "sap.ui.core.Control",
"addAction": {
	 "!category": "function",
	"!description": "",
	"!type": "fn(oAction: sap.ui.core.Control) -> sap.uxap.ObjectPageHeader"
	},
"destroyActions": {
	 "!category": "function",
	"!description": "",
	"!type": "fn() -> sap.uxap.ObjectPageHeader"
	},
"destroyNavigationBar": {
	 "!category": "function",
	"!description": "",
	"!type": "fn() -> sap.uxap.ObjectPageHeader"
	},
"getActions": {
	 "!category": "function",
	"!description": "",
	"!type": "fn() -> sap.ui.core.Control[]"
	},
"getHeaderDesign": {
	 "!category": "function",
	"!description": "",
	"!type": "fn() -> sap.uxap.ObjectPageHeaderDesign"
	},
"getIsActionAreaAlwaysVisible": {
	 "!category": "function",
	"!description": "",
	"!type": "fn() -> Boolean"
	},
"getIsObjectIconAlwaysVisible": {
	 "!category": "function",
	"!description": "",
	"!type": "fn() -> Boolean"
	},
"getIsObjectSubtitleAlwaysVisible": {
	 "!category": "function",
	"!description": "",
	"!type": "fn() -> Boolean"
	},
"getIsObjectTitleAlwaysVisible": {
	 "!category": "function",
	"!description": "",
	"!type": "fn() -> Boolean"
	},
"getNavigationBar": {
	 "!category": "function",
	"!description": "",
	"!type": "fn() -> sap.m.Bar"
	},
"getObjectImageAlt": {
	 "!category": "function",
	"!description": "",
	"!type": "fn() -> String"
	},
"getObjectImageDensityAware": {
	 "!category": "function",
	"!description": "",
	"!type": "fn() -> Boolean"
	},
"getObjectImageShape": {
	 "!category": "function",
	"!description": "",
	"!type": "fn() -> sap.uxap.ObjectPageHeaderPictureShape"
	},
"getObjectImageURI": {
	 "!category": "function",
	"!description": "",
	"!type": "fn() -> String"
	},
"getObjectSubtitle": {
	 "!category": "function",
	"!description": "",
	"!type": "fn() -> String"
	},
"getObjectTitle": {
	 "!category": "function",
	"!description": "",
	"!type": "fn() -> String"
	},
"indexOfAction": {
	 "!category": "function",
	"!description": "",
	"!type": "fn(oAction: sap.ui.core.Control) -> Int"
	},
"insertAction": {
	 "!category": "function",
	"!description": "",
	"!type": "fn(oAction: sap.ui.core.Control,iIndex: Int) -> sap.uxap.ObjectPageHeader"
	},
"removeAction": {
	 "!category": "function",
	"!description": "",
	"!type": "fn(vAction: Int | String | sap.ui.core.Control) -> sap.ui.core.Control"
	},
"removeAllActions": {
	 "!category": "function",
	"!description": "",
	"!type": "fn() -> sap.ui.core.Control[]"
	},
"setHeaderDesign": {
	 "!category": "function",
	"!description": "",
	"!type": "fn(oHeaderDesign: sap.uxap.ObjectPageHeaderDesign) -> sap.uxap.ObjectPageHeader"
	},
"setIsActionAreaAlwaysVisible": {
	 "!category": "function",
	"!description": "",
	"!type": "fn(bIsActionAreaAlwaysVisible: Boolean) -> sap.uxap.ObjectPageHeader"
	},
"setIsObjectIconAlwaysVisible": {
	 "!category": "function",
	"!description": "",
	"!type": "fn(bIsObjectIconAlwaysVisible: Boolean) -> sap.uxap.ObjectPageHeader"
	},
"setIsObjectSubtitleAlwaysVisible": {
	 "!category": "function",
	"!description": "",
	"!type": "fn(bIsObjectSubtitleAlwaysVisible: Boolean) -> sap.uxap.ObjectPageHeader"
	},
"setIsObjectTitleAlwaysVisible": {
	 "!category": "function",
	"!description": "",
	"!type": "fn(bIsObjectTitleAlwaysVisible: Boolean) -> sap.uxap.ObjectPageHeader"
	},
"setNavigationBar": {
	 "!category": "function",
	"!description": "",
	"!type": "fn(oNavigationBar: sap.m.Bar) -> sap.uxap.ObjectPageHeader"
	},
"setObjectImageAlt": {
	 "!category": "function",
	"!description": "",
	"!type": "fn(sObjectImageAlt: String) -> sap.uxap.ObjectPageHeader"
	},
"setObjectImageDensityAware": {
	 "!category": "function",
	"!description": "",
	"!type": "fn(bObjectImageDensityAware: Boolean) -> sap.uxap.ObjectPageHeader"
	},
"setObjectImageShape": {
	 "!category": "function",
	"!description": "",
	"!type": "fn(oObjectImageShape: sap.uxap.ObjectPageHeaderPictureShape) -> sap.uxap.ObjectPageHeader"
	},
"setObjectImageURI": {
	 "!category": "function",
	"!description": "",
	"!type": "fn(sObjectImageURI: String) -> sap.uxap.ObjectPageHeader"
	},
"setObjectSubtitle": {
	 "!category": "function",
	"!description": "",
	"!type": "fn(sObjectSubtitle: String) -> sap.uxap.ObjectPageHeader"
	},
"setObjectTitle": {
	 "!category": "function",
	"!description": "",
	"!type": "fn(sObjectTitle: String) -> sap.uxap.ObjectPageHeader"
	}},
"sap.uxap.ObjectPageHeader_obj":{
	 "!type": "fn(sId:String,mSettings:Object)",
	 "extend": {
		 "!category": "function",
		 "!description": "",
		 "!type": "fn(sClassName:String,oClassInfo?:Object,FNMetaImpl?:fn())"
	},
	 "prototype": "sap.uxap.ObjectPageHeader"
	},


"sap.uxap.ObjectPageHeaderActionButton":{
	"!category": "class",
	"!description": "",
	"!proto": "sap.m.Button",
"getHideIcon": {
	 "!category": "function",
	"!description": "",
	"!type": "fn() -> Boolean"
	},
"getHideText": {
	 "!category": "function",
	"!description": "",
	"!type": "fn() -> Boolean"
	},
"setHideIcon": {
	 "!category": "function",
	"!description": "",
	"!type": "fn(bHideIcon: Boolean) -> sap.uxap.ObjectPageHeaderActionButton"
	},
"setHideText": {
	 "!category": "function",
	"!description": "",
	"!type": "fn(bHideText: Boolean) -> sap.uxap.ObjectPageHeaderActionButton"
	}},
"sap.uxap.ObjectPageHeaderActionButton_obj":{
	 "!type": "fn(sId:String,mSettings:Object)",
	 "extend": {
		 "!category": "function",
		 "!description": "",
		 "!type": "fn(sClassName:String,oClassInfo?:Object,FNMetaImpl?:fn())"
	},
	 "prototype": "sap.uxap.ObjectPageHeaderActionButton"
	},


"sap.uxap.ObjectPageHeaderLayoutData":{
	"!category": "class",
	"!description": "",
	"!proto": "sap.ui.core.LayoutData",
"getShowSeparatorAfter": {
	 "!category": "function",
	"!description": "",
	"!type": "fn() -> Boolean"
	},
"getShowSeparatorBefore": {
	 "!category": "function",
	"!description": "",
	"!type": "fn() -> Boolean"
	},
"getVisibleL": {
	 "!category": "function",
	"!description": "",
	"!type": "fn() -> Boolean"
	},
"getVisibleM": {
	 "!category": "function",
	"!description": "",
	"!type": "fn() -> Boolean"
	},
"getVisibleS": {
	 "!category": "function",
	"!description": "",
	"!type": "fn() -> Boolean"
	},
"getWidth": {
	 "!category": "function",
	"!description": "",
	"!type": "fn() -> sap.ui.core.CSSSize"
	},
"setShowSeparatorAfter": {
	 "!category": "function",
	"!description": "",
	"!type": "fn(bShowSeparatorAfter: Boolean) -> sap.uxap.ObjectPageHeaderLayoutData"
	},
"setShowSeparatorBefore": {
	 "!category": "function",
	"!description": "",
	"!type": "fn(bShowSeparatorBefore: Boolean) -> sap.uxap.ObjectPageHeaderLayoutData"
	},
"setVisibleL": {
	 "!category": "function",
	"!description": "",
	"!type": "fn(bVisibleL: Boolean) -> sap.uxap.ObjectPageHeaderLayoutData"
	},
"setVisibleM": {
	 "!category": "function",
	"!description": "",
	"!type": "fn(bVisibleM: Boolean) -> sap.uxap.ObjectPageHeaderLayoutData"
	},
"setVisibleS": {
	 "!category": "function",
	"!description": "",
	"!type": "fn(bVisibleS: Boolean) -> sap.uxap.ObjectPageHeaderLayoutData"
	},
"setWidth": {
	 "!category": "function",
	"!description": "",
	"!type": "fn(sWidth: sap.ui.core.CSSSize) -> sap.uxap.ObjectPageHeaderLayoutData"
	}},
"sap.uxap.ObjectPageHeaderLayoutData_obj":{
	 "!type": "fn(sId:String,mSettings:Object)",
	 "extend": {
		 "!category": "function",
		 "!description": "",
		 "!type": "fn(sClassName:String,oClassInfo?:Object,FNMetaImpl?:fn())"
	},
	 "prototype": "sap.uxap.ObjectPageHeaderLayoutData"
	},


"sap.uxap.ObjectPageLayout":{
	"!category": "class",
	"!description": "",
	"!proto": "sap.ui.core.Control",
"addHeaderContent": {
	 "!category": "function",
	"!description": "",
	"!type": "fn(oHeaderContent: sap.ui.core.Control) -> sap.uxap.ObjectPageLayout"
	},
"addSection": {
	 "!category": "function",
	"!description": "",
	"!type": "fn(oSection: sap.uxap.ObjectPageSection) -> sap.uxap.ObjectPageLayout"
	},
"attachToggleAnchorBar": {
	 "!category": "function",
	"!description": "",
	"!type": "fn(oData?: Object,fnFunction: fn(),oListener?: Object) -> sap.uxap.ObjectPageLayout"
	},
"destroyHeaderContent": {
	 "!category": "function",
	"!description": "",
	"!type": "fn() -> sap.uxap.ObjectPageLayout"
	},
"destroyHeaderTitle": {
	 "!category": "function",
	"!description": "",
	"!type": "fn() -> sap.uxap.ObjectPageLayout"
	},
"destroySections": {
	 "!category": "function",
	"!description": "",
	"!type": "fn() -> sap.uxap.ObjectPageLayout"
	},
"detachToggleAnchorBar": {
	 "!category": "function",
	"!description": "",
	"!type": "fn(fnFunction: fn(),oListener: Object) -> sap.uxap.ObjectPageLayout"
	},
"getEnableLazyLoading": {
	 "!category": "function",
	"!description": "",
	"!type": "fn() -> Boolean"
	},
"getHeaderContent": {
	 "!category": "function",
	"!description": "",
	"!type": "fn() -> sap.ui.core.Control[]"
	},
"getHeaderTitle": {
	 "!category": "function",
	"!description": "",
	"!type": "fn() -> sap.uxap.ObjectPageHeader"
	},
"getHeight": {
	 "!category": "function",
	"!description": "",
	"!type": "fn() -> sap.ui.core.CSSSize"
	},
"getScrollingSectionId": {
	 "!category": "function",
	"!description": "",
	"!type": "fn() -> String"
	},
"getSections": {
	 "!category": "function",
	"!description": "",
	"!type": "fn() -> sap.uxap.ObjectPageSection[]"
	},
"getShowAnchorBar": {
	 "!category": "function",
	"!description": "",
	"!type": "fn() -> Boolean"
	},
"getShowAnchorBarPopover": {
	 "!category": "function",
	"!description": "",
	"!type": "fn() -> Boolean"
	},
"getSubSectionLayout": {
	 "!category": "function",
	"!description": "",
	"!type": "fn() -> sap.uxap.ObjectPageSubSectionLayout"
	},
"indexOfHeaderContent": {
	 "!category": "function",
	"!description": "",
	"!type": "fn(oHeaderContent: sap.ui.core.Control) -> Int"
	},
"indexOfSection": {
	 "!category": "function",
	"!description": "",
	"!type": "fn(oSection: sap.uxap.ObjectPageSection) -> Int"
	},
"insertHeaderContent": {
	 "!category": "function",
	"!description": "",
	"!type": "fn(oHeaderContent: sap.ui.core.Control,iIndex: Int) -> sap.uxap.ObjectPageLayout"
	},
"insertSection": {
	 "!category": "function",
	"!description": "",
	"!type": "fn(oSection: sap.uxap.ObjectPageSection,iIndex: Int) -> sap.uxap.ObjectPageLayout"
	},
"removeAllHeaderContent": {
	 "!category": "function",
	"!description": "",
	"!type": "fn() -> sap.ui.core.Control[]"
	},
"removeAllSections": {
	 "!category": "function",
	"!description": "",
	"!type": "fn() -> sap.uxap.ObjectPageSection[]"
	},
"removeHeaderContent": {
	 "!category": "function",
	"!description": "",
	"!type": "fn(vHeaderContent: Int | String | sap.ui.core.Control) -> sap.ui.core.Control"
	},
"removeSection": {
	 "!category": "function",
	"!description": "",
	"!type": "fn(vSection: Int | String | sap.uxap.ObjectPageSection) -> sap.uxap.ObjectPageSection"
	},
"setEnableLazyLoading": {
	 "!category": "function",
	"!description": "",
	"!type": "fn(bEnableLazyLoading: Boolean) -> sap.uxap.ObjectPageLayout"
	},
"setHeight": {
	 "!category": "function",
	"!description": "",
	"!type": "fn(sHeight: sap.ui.core.CSSSize) -> sap.uxap.ObjectPageLayout"
	},
"setShowAnchorBar": {
	 "!category": "function",
	"!description": "",
	"!type": "fn(bShowAnchorBar: Boolean) -> sap.uxap.ObjectPageLayout"
	},
"setSubSectionLayout": {
	 "!category": "function",
	"!description": "",
	"!type": "fn(oSubSectionLayout: sap.uxap.ObjectPageSubSectionLayout) -> sap.uxap.ObjectPageLayout"
	}},
"sap.uxap.ObjectPageLayout_obj":{
	 "!type": "fn(sId:String,mSettings:Object)",
	 "extend": {
		 "!category": "function",
		 "!description": "",
		 "!type": "fn(sClassName:String,oClassInfo?:Object,FNMetaImpl?:fn())"
	},
	 "prototype": "sap.uxap.ObjectPageLayout"
	},


"sap.uxap.ObjectPageSection":{
	"!category": "class",
	"!description": "",
	"!proto": "sap.uxap.ObjectPageSectionBase",
"addSubSection": {
	 "!category": "function",
	"!description": "",
	"!type": "fn(oSubSection: sap.uxap.ObjectPageSubSection) -> sap.uxap.ObjectPageSection"
	},
"destroySubSections": {
	 "!category": "function",
	"!description": "",
	"!type": "fn() -> sap.uxap.ObjectPageSection"
	},
"getShowTitle": {
	 "!category": "function",
	"!description": "",
	"!type": "fn() -> Boolean"
	},
"getSubSections": {
	 "!category": "function",
	"!description": "",
	"!type": "fn() -> sap.uxap.ObjectPageSubSection[]"
	},
"indexOfSubSection": {
	 "!category": "function",
	"!description": "",
	"!type": "fn(oSubSection: sap.uxap.ObjectPageSubSection) -> Int"
	},
"insertSubSection": {
	 "!category": "function",
	"!description": "",
	"!type": "fn(oSubSection: sap.uxap.ObjectPageSubSection,iIndex: Int) -> sap.uxap.ObjectPageSection"
	},
"removeAllSubSections": {
	 "!category": "function",
	"!description": "",
	"!type": "fn() -> sap.uxap.ObjectPageSubSection[]"
	},
"removeSubSection": {
	 "!category": "function",
	"!description": "",
	"!type": "fn(vSubSection: Int | String | sap.uxap.ObjectPageSubSection) -> sap.uxap.ObjectPageSubSection"
	},
"setShowTitle": {
	 "!category": "function",
	"!description": "",
	"!type": "fn(bShowTitle: Boolean) -> sap.uxap.ObjectPageSection"
	}},
"sap.uxap.ObjectPageSection_obj":{
	 "!type": "fn(sId:String,mSettings:Object)",
	 "extend": {
		 "!category": "function",
		 "!description": "",
		 "!type": "fn(sClassName:String,oClassInfo?:Object,FNMetaImpl?:fn())"
	},
	 "prototype": "sap.uxap.ObjectPageSection"
	},


"sap.uxap.ObjectPageSectionBase":{
	"!category": "class",
	"!description": "",
	"!proto": "sap.ui.core.Control",
"connectToModels": {
	 "!category": "function",
	"!description": "",
	"!type": "fn() -> void"
	},
"destroyCustomAnchorBarButton": {
	 "!category": "function",
	"!description": "",
	"!type": "fn() -> sap.uxap.ObjectPageSectionBase"
	},
"getCustomAnchorBarButton": {
	 "!category": "function",
	"!description": "",
	"!type": "fn() -> sap.m.Button"
	},
"getTitle": {
	 "!category": "function",
	"!description": "",
	"!type": "fn() -> String"
	},
"getVisible": {
	 "!category": "function",
	"!description": "",
	"!type": "fn() -> Boolean"
	},
"setCustomAnchorBarButton": {
	 "!category": "function",
	"!description": "",
	"!type": "fn(oCustomAnchorBarButton: sap.m.Button) -> sap.uxap.ObjectPageSectionBase"
	},
"setTitle": {
	 "!category": "function",
	"!description": "",
	"!type": "fn(sTitle: String) -> sap.uxap.ObjectPageSectionBase"
	},
"setVisible": {
	 "!category": "function",
	"!description": "",
	"!type": "fn(bVisible: Boolean) -> sap.uxap.ObjectPageSectionBase"
	}},
"sap.uxap.ObjectPageSectionBase_obj":{
	 "!type": "fn(sId:String,mSettings:Object)",
	 "extend": {
		 "!category": "function",
		 "!description": "",
		 "!type": "fn(sClassName:String,oClassInfo?:Object,FNMetaImpl?:fn())"
	},
	 "prototype": "sap.uxap.ObjectPageSectionBase"
	},


"sap.uxap.ObjectPageSubSection":{
	"!category": "class",
	"!description": "",
	"!proto": "sap.uxap.ObjectPageSectionBase",
"addAction": {
	 "!category": "function",
	"!description": "",
	"!type": "fn(oAction: sap.ui.core.Control) -> sap.uxap.ObjectPageSubSection"
	},
"addBlock": {
	 "!category": "function",
	"!description": "",
	"!type": "fn(oBlock: sap.ui.core.Control) -> sap.uxap.ObjectPageSubSection"
	},
"addMoreBlock": {
	 "!category": "function",
	"!description": "",
	"!type": "fn(oMoreBlock: sap.ui.core.Control) -> sap.uxap.ObjectPageSubSection"
	},
"destroyActions": {
	 "!category": "function",
	"!description": "",
	"!type": "fn() -> sap.uxap.ObjectPageSubSection"
	},
"destroyBlocks": {
	 "!category": "function",
	"!description": "",
	"!type": "fn() -> sap.uxap.ObjectPageSubSection"
	},
"destroyMoreBlocks": {
	 "!category": "function",
	"!description": "",
	"!type": "fn() -> sap.uxap.ObjectPageSubSection"
	},
"getActions": {
	 "!category": "function",
	"!description": "",
	"!type": "fn() -> sap.ui.core.Control[]"
	},
"getBlocks": {
	 "!category": "function",
	"!description": "",
	"!type": "fn() -> sap.ui.core.Control[]"
	},
"getMode": {
	 "!category": "function",
	"!description": "",
	"!type": "fn() -> sap.uxap.ObjectPageSubSectionMode"
	},
"getMoreBlocks": {
	 "!category": "function",
	"!description": "",
	"!type": "fn() -> sap.ui.core.Control[]"
	},
"indexOfAction": {
	 "!category": "function",
	"!description": "",
	"!type": "fn(oAction: sap.ui.core.Control) -> Int"
	},
"indexOfBlock": {
	 "!category": "function",
	"!description": "",
	"!type": "fn(oBlock: sap.ui.core.Control) -> Int"
	},
"indexOfMoreBlock": {
	 "!category": "function",
	"!description": "",
	"!type": "fn(oMoreBlock: sap.ui.core.Control) -> Int"
	},
"insertAction": {
	 "!category": "function",
	"!description": "",
	"!type": "fn(oAction: sap.ui.core.Control,iIndex: Int) -> sap.uxap.ObjectPageSubSection"
	},
"insertBlock": {
	 "!category": "function",
	"!description": "",
	"!type": "fn(oBlock: sap.ui.core.Control,iIndex: Int) -> sap.uxap.ObjectPageSubSection"
	},
"insertMoreBlock": {
	 "!category": "function",
	"!description": "",
	"!type": "fn(oMoreBlock: sap.ui.core.Control,iIndex: Int) -> sap.uxap.ObjectPageSubSection"
	},
"refreshSeeMoreVisibility": {
	 "!category": "function",
	"!description": "",
	"!type": "fn() eventReturnType"
	},
"removeAction": {
	 "!category": "function",
	"!description": "",
	"!type": "fn(vAction: Int | String | sap.ui.core.Control) -> sap.ui.core.Control"
	},
"removeAllActions": {
	 "!category": "function",
	"!description": "",
	"!type": "fn() -> sap.ui.core.Control[]"
	},
"removeAllBlocks": {
	 "!category": "function",
	"!description": "",
	"!type": "fn() -> sap.ui.core.Control[]"
	},
"removeAllMoreBlocks": {
	 "!category": "function",
	"!description": "",
	"!type": "fn() -> sap.ui.core.Control[]"
	},
"removeBlock": {
	 "!category": "function",
	"!description": "",
	"!type": "fn(vBlock: Int | String | sap.ui.core.Control) -> sap.ui.core.Control"
	},
"removeMoreBlock": {
	 "!category": "function",
	"!description": "",
	"!type": "fn(vMoreBlock: Int | String | sap.ui.core.Control) -> sap.ui.core.Control"
	},
"setMode": {
	 "!category": "function",
	"!description": "",
	"!type": "fn(oMode: sap.uxap.ObjectPageSubSectionMode) -> sap.uxap.ObjectPageSubSection"
	}},
"sap.uxap.ObjectPageSubSection_obj":{
	 "!type": "fn(sId:String,mSettings:Object)",
	 "extend": {
		 "!category": "function",
		 "!description": "",
		 "!type": "fn(sClassName:String,oClassInfo?:Object,FNMetaImpl?:fn())"
	},
	 "prototype": "sap.uxap.ObjectPageSubSection"
	},


"sap.uxap.ObjectPageConfigurationMode": { 
	"!category": "static class",
	"!description":"",
		"JsonModel": {"!category": "enum","!description": "","!type": "String"},
	"JsonURL": {"!category": "enum","!description": "","!type": "String"}

},
"sap.uxap.ObjectPageHeaderDesign": { 
	"!category": "static class",
	"!description":"",
		"Dark": {"!category": "enum","!description": "","!type": "String"},
	"Light": {"!category": "enum","!description": "","!type": "String"}

},
"sap.uxap.ObjectPageHeaderPictureShape": { 
	"!category": "static class",
	"!description":"",
		"Circle": {"!category": "enum","!description": "","!type": "String"},
	"Square": {"!category": "enum","!description": "","!type": "String"}

},
"sap.uxap.ObjectPageSubSectionLayout": { 
	"!category": "static class",
	"!description":"",
		"TitleOnLeft": {"!category": "enum","!description": "","!type": "String"},
	"TitleOnTop": {"!category": "enum","!description": "","!type": "String"}

},
"sap.uxap.ObjectPageSubSectionMode": { 
	"!category": "static class",
	"!description":"",
		"Collapsed": {"!category": "enum","!description": "","!type": "String"},
	"Expanded": {"!category": "enum","!description": "","!type": "String"}

},
"sap": {
	"uxap": "sap.uxap",
	"!category": "namespace"
}
}}
